OID_,SOURCE_ID,Red,Green,Blue,BI,GLI,NGRDI,VARI,BGI,ExG,ExR,ExB,ExGR,MGRVI,RGBVI,GRRI,VEG,X,Y,CLUSTER_ID,IS_SEED
1,1,74.218000000000004,108.390000000000001,67.859999999999999,85.365260739999997,0.208165904000000,0.187133094000000,0.297800397000000,0.626072516000000,74.701999999999998,-0.017905681000000,-0.053443953000000,74.719905679999997,0.361603277000000,0.399882536000000,1.460427390000000,1.504638377000000,-93.531098439999994,44.077668660000001,1,0
2,2,78.799999999999997,113.700000000000003,72.671999999999997,90.218899690000001,0.200405414000000,0.181298701000000,0.291250793000000,0.639155673000000,75.927999999999997,-0.012746444000000,-0.045099784000000,75.940746439999998,0.351058388000000,0.386032077000000,1.442893401000000,1.482320890000000,-93.530981440000005,44.077902659999999,1,0
3,3,52.207000000000001,79.147000000000006,45.412999999999997,60.696400300000001,0.237087459000000,0.205094630000000,0.313470870000000,0.573780434000000,60.673999999999999,-0.034266577000000,-0.088075263000000,60.708266580000000,0.393631615000000,0.450876105000000,1.516022756000000,1.588065408000000,-93.529889440000005,44.077746660000003,3,0
4,4,52.387999999999998,79.119000000000000,45.926000000000002,60.864648140000000,0.233574480000000,0.203266746000000,0.312347367000000,0.580467397000000,59.923999999999999,-0.032552006000000,-0.083539139000000,59.956552010000003,0.390403065000000,0.444719524000000,1.510250439000000,1.577929681000000,-93.529889440000005,44.077707660000002,3,0
5,5,52.335999999999999,78.947000000000003,45.683999999999997,60.714395770000003,0.233961409000000,0.202699512000000,0.310879800000000,0.578666700000000,59.874000000000002,-0.032077167000000,-0.084701668000000,59.906077170000003,0.389399721000000,0.445490834000000,1.508464537000000,1.578316974000000,-93.529889440000005,44.077668660000001,3,0
6,6,53.976999999999997,79.697999999999993,47.856000000000002,62.063098189999998,0.220354555000000,0.192414438000000,0.299712185000000,0.600466762000000,57.563000000000002,-0.022752037000000,-0.069958299000000,57.585752040000003,0.371089897000000,0.421789858000000,1.476517776000000,1.536899154000000,-93.529889440000005,44.077629659999999,3,0
7,7,54.353000000000002,81.415999999999997,47.972999999999999,62.939712940000000,0.228188476000000,0.199331217000000,0.308248667000000,0.589233075000000,60.506000000000000,-0.028963438000000,-0.077575078000000,60.534963439999999,0.383427725000000,0.435369262000000,1.497911799000000,1.561506202000000,-93.529889440000005,44.077590659999998,3,0
8,8,53.527000000000001,80.061999999999998,47.091999999999999,61.894318630000001,0.228213221000000,0.198631624000000,0.306773645000000,0.588194150000000,59.505000000000003,-0.028360481000000,-0.078221838000000,59.533360479999999,0.382184347000000,0.435494011000000,1.495731126000000,1.560906583000000,-93.529889440000005,44.077551659999997,3,0
9,9,53.179000000000002,79.962000000000003,47.502000000000002,61.855658560000002,0.227328716000000,0.201162677000000,0.312743026000000,0.594057177000000,59.243000000000002,-0.030509901000000,-0.074507177000000,59.273509900000001,0.386677884000000,0.433609803000000,1.503638654000000,1.561240814000000,-93.529889440000005,44.077512659999996,3,0
10,10,52.070999999999998,78.738000000000000,46.390000000000001,60.726418700000004,0.230584089000000,0.203862120000000,0.315888603000000,0.589169143000000,59.015000000000001,-0.032949396000000,-0.077833396000000,59.047949400000000,0.391455443000000,0.439232821000000,1.512127672000000,1.571431975000000,-93.529889440000005,44.077473660000003,3,0
11,11,53.988000000000000,81.206000000000003,48.018999999999998,62.755990259999997,0.228444249000000,0.201325503000000,0.312222541000000,0.591323301000000,60.405000000000001,-0.030689962000000,-0.076301354000000,60.435689959999998,0.386966495000000,0.435618136000000,1.504149070000000,1.563994761000000,-93.529889440000005,44.077434660000002,3,0
12,12,57.652999999999999,83.040999999999997,51.523000000000003,65.509021309999994,0.206736952000000,0.180448349000000,0.284711397000000,0.620452548000000,56.905999999999999,-0.012105069000000,-0.056752524000000,56.918105070000003,0.349515899000000,0.397856015000000,1.440358698000000,1.495298768000000,-93.529889440000005,44.077395660000001,2,0
13,13,76.341999999999999,110.489999999999995,70.671999999999997,87.617868509999994,0.200997842000000,0.182773829000000,0.293973829000000,0.639623495000000,73.965999999999994,-0.014023860000000,-0.044850565000000,73.980023860000003,0.353730829000000,0.387018643000000,1.447302926000000,1.484979022000000,-93.530981440000005,44.077863659999998,1,0
14,14,58.584000000000003,84.028999999999996,52.003000000000000,66.325635829999996,0.206251682000000,0.178419920000000,0.280818894000000,0.618869676000000,57.470999999999997,-0.010335224000000,-0.057676656000000,57.481335219999998,0.345830777000000,0.397166680000000,1.434333606000000,1.492392753000000,-93.529889440000005,44.077356660000000,2,0
15,15,55.551000000000002,81.388000000000005,49.207999999999998,63.590742010000000,0.216857607000000,0.188675250000000,0.294502513000000,0.604610016000000,58.017000000000003,-0.019428731000000,-0.067134039000000,58.036428729999997,0.364379201000000,0.415755055000000,1.465104139000000,1.525467638000000,-93.529889440000005,44.077317659999999,3,0
16,16,56.103000000000002,82.236999999999995,49.845999999999997,64.278286879999996,0.216420201000000,0.188911378000000,0.295319457000000,0.606126196000000,58.524999999999999,-0.019623139000000,-0.066171766000000,58.544623139999999,0.364803816000000,0.414921417000000,1.465821792000000,1.524693841000000,-93.529889440000005,44.077278659999998,3,0
17,17,57.017000000000003,83.772999999999996,49.896000000000001,65.213660719999993,0.220918243000000,0.190041906000000,0.294364865000000,0.595609564000000,60.633000000000003,-0.020710487000000,-0.072992249000000,60.653710490000002,0.366835219000000,0.423102990000000,1.469263553000000,1.536007265000000,-93.529889440000005,44.077239659999996,3,0
18,18,58.064000000000000,83.162999999999997,51.366000000000000,65.640380410000006,0.206327333000000,0.177720974000000,0.279309155000000,0.617654486000000,56.896000000000001,-0.009727249000000,-0.058416453000000,56.905727249999998,0.344559136000000,0.397386413000000,1.432264398000000,1.491932544000000,-93.529889440000005,44.077200660000003,2,0
19,19,58.316000000000003,83.938999999999993,51.862000000000002,66.171944260000004,0.207512156000000,0.180120207000000,0.283462215000000,0.617853441000000,57.700000000000003,-0.011831009000000,-0.058378195000000,57.711831009999997,0.348920292000000,0.399336184000000,1.439381988000000,1.496713145000000,-93.529889440000005,44.077161660000002,2,0
20,20,59.311000000000000,86.036000000000001,52.805999999999997,67.597982349999995,0.210968757000000,0.183870324000000,0.288790914000000,0.613766330000000,59.954999999999998,-0.015142844000000,-0.061102280000000,59.970142840000001,0.355714546000000,0.405368116000000,1.450590953000000,1.507806017000000,-93.529889440000005,44.077122660000001,2,0
21,21,56.244999999999997,81.872000000000000,50.417999999999999,64.313034279999997,0.211092908000000,0.185545588000000,0.292215419000000,0.615814931000000,57.081000000000003,-0.016596388000000,-0.059865807000000,57.097596390000000,0.358740749000000,0.405425225000000,1.455631612000000,1.509622690000000,-93.529889440000005,44.077083660000000,2,0
22,22,55.784999999999997,81.769999999999996,50.408999999999999,64.133627180000005,0.212602045000000,0.188906256000000,0.298177771000000,0.616473034000000,57.345999999999997,-0.019530336000000,-0.059572046000000,57.365530339999999,0.364794607000000,0.407886303000000,1.465806220000000,1.516113363000000,-93.529889440000005,44.077044659999999,3,0
23,23,54.670000000000002,80.659999999999997,48.579000000000001,62.861656940000003,0.219492836000000,0.192049065000000,0.299593088000000,0.602268783000000,58.070999999999998,-0.022413259000000,-0.068780756000000,58.093413259999998,0.370435419000000,0.420245023000000,1.475397842000000,1.534589461000000,-93.529889440000005,44.077005659999998,3,0
24,24,74.638999999999996,109.209999999999994,68.813000000000002,86.087229769999993,0.207167175000000,0.188040185000000,0.300523314000000,0.630097976000000,74.968000000000004,-0.018662878000000,-0.050944740000000,74.986662879999997,0.363236645000000,0.397978519000000,1.463176088000000,1.503314812000000,-93.530981440000005,44.077824659999997,1,0
25,25,53.646000000000001,79.152000000000001,47.490000000000002,61.639361129999998,0.220351526000000,0.192066146000000,0.298987199000000,0.599984839000000,57.167999999999999,-0.022450745000000,-0.070254260000000,57.190450749999997,0.370466020000000,0.421822572000000,1.475450173000000,1.536568625000000,-93.529889440000005,44.076966659999997,3,0
26,26,59.652999999999999,85.375000000000000,52.987000000000002,67.466024050000001,0.205053107000000,0.177358855000000,0.279462413000000,0.620638360000000,58.109999999999999,-0.009397268000000,-0.056527031000000,58.119397270000000,0.343899937000000,0.395039817000000,1.431193737000000,1.488797367000000,-93.529889440000005,44.076927660000003,2,0
27,27,59.756999999999998,84.058999999999997,53.753000000000000,67.147101050000003,0.193901175000000,0.168979808000000,0.269833339000000,0.639467517000000,54.607999999999997,-0.002020560000000,-0.044565696000000,54.610020560000002,0.328577360000000,0.374954748000000,1.406680389000000,1.457165221000000,-93.529889440000005,44.076888660000002,2,0
28,28,53.726999999999997,77.879000000000005,48.310000000000002,61.334017940000003,0.208386509000000,0.183517469000000,0.289953899000000,0.620321268000000,53.720999999999997,-0.014791347000000,-0.056943240000000,53.735791350000000,0.355076438000000,0.400613261000000,1.449531893000000,1.501749772000000,-93.529889440000005,44.076849660000001,2,0
29,29,57.329999999999998,79.805000000000007,51.634999999999998,64.087804739999996,0.188569301000000,0.163889598000000,0.262865497000000,0.647014598000000,50.645000000000003,0.002420936000000,-0.039815649000000,50.642579060000003,0.319205402000000,0.365374312000000,1.392028606000000,1.441381469000000,-93.529889440000005,44.076810660000000,2,0
30,30,52.584000000000003,77.495999999999995,46.826000000000001,60.452133539999998,0.218480987000000,0.191512915000000,0.299228866000000,0.604237638000000,55.582000000000001,-0.021923507000000,-0.067491210000000,55.603923510000001,0.369474540000000,0.418441378000000,1.473756276000000,1.531784714000000,-93.529850440000004,44.077941660000000,3,0
31,31,53.945000000000000,79.450000000000003,48.393999999999998,62.086887400000002,0.216510552000000,0.191199070000000,0.300055293000000,0.609112649000000,56.561000000000000,-0.021601967000000,-0.064351528000000,56.582601969999999,0.368911801000000,0.414851807000000,1.472796367000000,1.527027565000000,-93.529850440000004,44.077902659999999,3,0
32,32,54.173000000000002,79.768000000000001,47.859000000000002,62.150708320000000,0.219843406000000,0.191091600000000,0.297332776000000,0.599977435000000,57.503999999999998,-0.021594059000000,-0.070216722000000,57.525594060000003,0.368719055000000,0.420995629000000,1.472467835000000,1.534502613000000,-93.529850440000004,44.077863659999998,3,0
33,33,75.899000000000001,110.510000000000005,70.489000000000004,87.448684799999995,0.203131124000000,0.185672366000000,0.298576605000000,0.637851778000000,74.632000000000005,-0.016548981000000,-0.046031499000000,74.648548980000001,0.358969534000000,0.390742414000000,1.456013913000000,1.492312310000000,-93.530981440000005,44.077785660000004,1,0
34,34,51.758000000000003,76.694999999999993,45.610999999999997,59.557750429999999,0.223405740000000,0.194133263000000,0.301018807000000,0.594706304000000,56.021000000000001,-0.024323237000000,-0.073763673000000,56.045323240000002,0.374165095000000,0.427204890000000,1.481799915000000,1.545517381000000,-93.529850440000004,44.077824659999997,3,0
35,35,51.926000000000002,77.117000000000004,45.826999999999998,59.842724689999997,0.224142515000000,0.195213998000000,0.302718227000000,0.594252888000000,56.481000000000002,-0.025279350000000,-0.074107623000000,56.506279350000000,0.376095557000000,0.428434154000000,1.485132689000000,1.548228235000000,-93.529850440000004,44.077785660000004,3,1
36,36,52.340000000000003,77.619000000000000,46.012000000000000,60.225379220000001,0.224322726000000,0.194515193000000,0.301130475000000,0.592793002000000,56.886000000000003,-0.024680203000000,-0.075024862000000,56.910680200000002,0.374847593000000,0.428845113000000,1.482976691000000,1.547996139000000,-93.529850440000004,44.077746660000003,3,0
37,37,51.963999999999999,77.698999999999998,46.381000000000000,60.245578139999999,0.224845612000000,0.198476049000000,0.309010350000000,0.596931749000000,57.052999999999997,-0.028114562000000,-0.072513690000000,57.081114560000003,0.381907707000000,0.429368229000000,1.495246709000000,1.552925268000000,-93.529850440000004,44.077707660000002,3,0
38,38,49.085999999999999,73.364000000000004,43.072000000000003,56.706581260000000,0.228435321000000,0.198268681000000,0.305853007000000,0.587099940000000,54.570000000000000,-0.028054277000000,-0.078921231000000,54.598054279999999,0.381538889000000,0.435942175000000,1.494601312000000,1.561087717000000,-93.529850440000004,44.077668660000001,3,0
39,39,52.463999999999999,76.460999999999999,46.314000000000000,59.843524889999998,0.215113230000000,0.186131472000000,0.290481897000000,0.605720563000000,54.143999999999998,-0.017184531000000,-0.066317429000000,54.161184530000000,0.359797777000000,0.412811096000000,1.457399360000000,1.519183474000000,-93.529850440000004,44.077629659999999,3,0
40,40,50.570000000000000,75.483000000000004,44.843000000000004,58.497586380000001,0.225477821000000,0.197639088000000,0.306772565000000,0.594080786000000,55.552999999999997,-0.027414334000000,-0.074330587000000,55.580414330000004,0.380418567000000,0.430609316000000,1.492643860000000,1.553596488000000,-93.529850440000004,44.077590659999998,3,0
41,41,49.939000000000000,75.143000000000001,44.250000000000000,58.018493229999997,0.229459045000000,0.201499816000000,0.311807205000000,0.588877207000000,56.097000000000001,-0.030876621000000,-0.077912031000000,56.127876620000002,0.387275408000000,0.437442854000000,1.504695729000000,1.566534756000000,-93.529850440000004,44.077551659999997,3,0
42,42,49.759000000000000,75.397000000000006,44.191000000000003,58.061777939999999,0.232259013000000,0.204848349000000,0.316655345000000,0.586110853000000,56.844000000000001,-0.033861834000000,-0.079892765000000,56.877861830000001,0.393197032000000,0.442158949000000,1.515243474000000,1.576320466000000,-93.529850440000004,44.077512659999996,3,0
43,43,48.625000000000000,73.679000000000002,42.695000000000000,56.615217889999997,0.234784940000000,0.204850209000000,0.314713161000000,0.579473120000000,56.037999999999997,-0.033963842000000,-0.084279299000000,56.071963840000002,0.393200315000000,0.446730413000000,1.515249357000000,1.582314519000000,-93.529850440000004,44.077473660000003,3,0
44,44,76.126999999999995,111.049999999999997,69.870999999999995,87.577354889999995,0.206743856000000,0.186577411000000,0.297708557000000,0.629185052000000,76.102000000000004,-0.017398307000000,-0.051471321000000,76.119398309999994,0.360601863000000,0.397312588000000,1.458746568000000,1.501002281000000,-93.530981440000005,44.077746660000003,1,0
45,45,51.664999999999999,76.400000000000006,45.762000000000000,59.442949870000000,0.221291068000000,0.193144107000000,0.300535825000000,0.598979058000000,55.372999999999998,-0.023408331000000,-0.070951003000000,55.396408330000000,0.372396108000000,0.423431147000000,1.478757379000000,1.539725043000000,-93.529850440000004,44.077434660000002,3,0
46,46,56.453000000000003,80.546999999999997,50.866999999999997,63.932808760000000,0.200339774000000,0.175868613000000,0.279730185000000,0.631519486000000,53.774000000000001,-0.008052505000000,-0.049679827000000,53.782052510000000,0.341184469000000,0.386372958000000,1.426797513000000,1.477171411000000,-93.529850440000004,44.077395660000001,2,0
47,47,54.686000000000000,78.762000000000000,49.207000000000001,62.223629189999997,0.205154982000000,0.180414843000000,0.285799076000000,0.624755593000000,53.631000000000000,-0.012053325000000,-0.054048343000000,53.643053320000000,0.349455092000000,0.394914094000000,1.440258933000000,1.491792380000000,-93.529850440000004,44.077356660000000,2,0
48,48,53.119000000000000,77.462999999999994,47.841000000000001,60.857499699999998,0.210898603000000,0.186426919000000,0.294219311000000,0.617598079000000,53.966000000000001,-0.017354265000000,-0.058768208000000,53.983354259999999,0.360330552000000,0.404979910000000,1.458291760000000,1.510007667000000,-93.529850440000004,44.077317659999999,2,0
49,49,58.598999999999997,80.991000000000000,51.848999999999997,65.017186659999993,0.189164189000000,0.160412637000000,0.255205662000000,0.640182242000000,51.533999999999999,0.005472239000000,-0.043890743000000,51.528527760000003,0.312776834000000,0.366878582000000,1.382122562000000,1.439611962000000,-93.529850440000004,44.077278659999998,2,0
50,50,56.557000000000002,81.403000000000006,50.046999999999997,64.108878390000001,0.208611410000000,0.180095680000000,0.282620318000000,0.614805351000000,56.201999999999998,-0.011825092000000,-0.060302010000000,56.213825090000000,0.348875765000000,0.401391314000000,1.439309016000000,1.499129377000000,-93.529850440000004,44.077239659999996,2,0
51,51,57.726999999999997,82.616000000000000,51.920000000000002,65.456082949999995,0.202216248000000,0.177344078000000,0.281476539000000,0.628449695000000,55.585000000000001,-0.009352814000000,-0.051637601000000,55.594352809999997,0.343873033000000,0.389736097000000,1.431150068000000,1.482579290000000,-93.529850440000004,44.077200660000003,2,0
52,52,57.994999999999997,81.091999999999999,53.223999999999997,65.248567460000004,0.186409805000000,0.166061530000000,0.268998288000000,0.656340946000000,50.965000000000003,0.000525191000000,-0.034207092000000,50.964474809999999,0.323210079000000,0.361100815000000,1.398258471000000,1.438807563000000,-93.529850440000004,44.077161660000002,2,0
53,53,57.994000000000000,81.245000000000005,52.478999999999999,65.110417760000004,0.190564289000000,0.166986261000000,0.267992162000000,0.645935134000000,52.017000000000003,-0.000278534000000,-0.040551226000000,52.017278529999999,0.324912527000000,0.368851390000000,1.400920785000000,1.448321410000000,-93.529850440000004,44.077122660000001,2,0
54,54,57.042000000000002,79.584999999999994,51.417999999999999,63.852362820000003,0.189478011000000,0.164996670000000,0.264561255000000,0.646076522000000,50.710000000000001,0.001456034000000,-0.040414794000000,50.708543970000001,0.321247723000000,0.366987759000000,1.395200028000000,1.444268606000000,-93.529850440000004,44.077083660000000,2,0
55,55,74.713999999999999,109.750000000000000,68.915999999999997,86.364844989999995,0.208933440000000,0.189934079000000,0.303215980000000,0.627936219000000,75.870000000000005,-0.020326782000000,-0.052362460000000,75.890326779999995,0.366641580000000,0.401073131000000,1.468934872000000,1.508984650000000,-93.530981440000005,44.077707660000002,1,0
56,56,55.767000000000003,81.230999999999995,50.365000000000002,63.888097160000001,0.209721736000000,0.185871327000000,0.293929565000000,0.620021913000000,56.329999999999998,-0.016850712000000,-0.057215139000000,56.346850709999998,0.359328518000000,0.402859335000000,1.456614127000000,1.506882014000000,-93.529850440000004,44.077044659999999,2,0
57,57,53.171999999999997,77.861000000000004,47.468000000000004,60.944805440000003,0.214860237000000,0.188418185000000,0.295446658000000,0.609650531000000,55.082000000000001,-0.019160677000000,-0.063897681000000,55.101160680000000,0.363916809000000,0.412094296000000,1.464323328000000,1.520715274000000,-93.529850440000004,44.077005659999998,3,0
58,58,51.981999999999999,76.236999999999995,46.654000000000003,59.695907759999997,0.214400064000000,0.189168532000000,0.297370196000000,0.611960072000000,53.838000000000001,-0.019798368000000,-0.062453323000000,53.857798369999998,0.365266113000000,0.411170306000000,1.466603824000000,1.520378986000000,-93.529850440000004,44.076966659999997,3,0
59,59,58.023000000000003,82.113000000000000,51.899999999999999,65.326929870000001,0.198078417000000,0.171904436000000,0.273017816000000,0.632055826000000,54.302999999999997,-0.004586640000000,-0.049225145000000,54.307586639999997,0.333940549000000,0.382527641000000,1.415180187000000,1.468722910000000,-93.529850440000004,44.076927660000003,2,0
60,60,58.880000000000003,82.733000000000004,53.006999999999998,66.134574259999994,0.193179811000000,0.168437926000000,0.269202989000000,0.640699600000000,53.579000000000001,-0.001546604000000,-0.043794060000000,53.580546599999998,0.327581916000000,0.373647533000000,1.405112092000000,1.455148397000000,-93.529850440000004,44.076888660000002,2,0
61,61,54.085000000000001,77.379000000000005,48.274000000000001,61.218395770000001,0.203794382000000,0.177189192000000,0.280009617000000,0.623864356000000,52.399000000000001,-0.009235665000000,-0.054498214000000,52.408235670000003,0.343590999000000,0.392701764000000,1.430692429000000,1.485882064000000,-93.529850440000004,44.076849660000001,2,0
62,62,52.720999999999997,74.950000000000003,48.200000000000003,59.778051550000001,0.195274718000000,0.174111584000000,0.279712096000000,0.643095397000000,48.978999999999999,-0.006485435000000,-0.042474314000000,48.985485439999998,0.337977434000000,0.377065878000000,1.421634643000000,1.464717553000000,-93.529850440000004,44.076810660000000,2,0
63,63,45.759999999999998,70.373999999999995,40.021000000000001,53.690961119999997,0.242648844000000,0.211944822000000,0.323387595000000,0.568690141000000,54.966999999999999,-0.040408568000000,-0.091861292000000,55.007408570000003,0.405666844000000,0.460082981000000,1.537893357000000,1.608074560000000,-93.529811440000003,44.077941660000000,3,0
64,64,77.158000000000001,111.079999999999998,70.974000000000004,88.184337310000004,0.199917903000000,0.180208035000000,0.289278892000000,0.638944905000000,74.028000000000006,-0.011800380000000,-0.045200068000000,74.039800380000003,0.349079727000000,0.385212623000000,1.439643329000000,1.480255586000000,-93.530981440000005,44.077668660000001,1,0
65,65,46.880000000000003,70.600999999999999,41.067000000000000,54.371359159999997,0.232403371000000,0.201913501000000,0.310427409000000,0.581677313000000,53.255000000000003,-0.031340667000000,-0.082670232000000,53.286340670000001,0.388008269000000,0.442750109000000,1.505994027000000,1.573870371000000,-93.529811440000003,44.077902659999999,3,0
66,66,44.490000000000002,68.099999999999994,39.229999999999997,52.140716660000002,0.238632230000000,0.209698908000000,0.321837514000000,0.576064611000000,52.479999999999997,-0.038295350000000,-0.086800158000000,52.518295350000002,0.401732192000000,0.453123724000000,1.530681052000000,1.596177522000000,-93.529811440000003,44.077863659999998,3,0
67,67,43.201000000000001,66.165999999999997,37.466000000000001,50.490814720000003,0.242559824000000,0.209981073000000,0.319397505000000,0.566242481000000,51.664999999999999,-0.038714730000000,-0.093395899000000,51.703714730000002,0.402227127000000,0.460162946000000,1.531584917000000,1.605976868000000,-93.529811440000003,44.077824659999997,3,0
68,68,44.284999999999997,68.390000000000001,38.965000000000003,52.142831240000000,0.243285007000000,0.213933881000000,0.327024827000000,0.569747039000000,53.530000000000001,-0.042145872000000,-0.091262200000000,53.572145870000000,0.409142259000000,0.460993134000000,1.544315231000000,1.611553584000000,-93.529811440000003,44.077785660000004,3,0
69,69,43.173999999999999,67.149000000000001,37.646999999999998,50.958411429999998,0.248592639000000,0.217316425000000,0.329888822000000,0.560648707000000,53.476999999999997,-0.045315942000000,-0.097608975000000,53.522315939999999,0.415032355000000,0.470076214000000,1.555311067000000,1.627901298000000,-93.529811440000003,44.077746660000003,3,0
70,70,42.878000000000000,66.593999999999994,37.369000000000000,50.562587890000003,0.248042730000000,0.216639871000000,0.328918353000000,0.561146650000000,52.941000000000003,-0.044706860000000,-0.097230338000000,52.985706860000001,0.413856294000000,0.469176837000000,1.553104156000000,1.625879500000000,-93.529811440000003,44.077707660000002,3,0
71,71,43.494999999999997,66.808000000000007,37.439999999999998,50.849049450000003,0.245540687000000,0.211354179000000,0.319956631000000,0.560411927000000,52.680999999999997,-0.040035738000000,-0.097412399000000,52.721035739999998,0.404633156000000,0.465358991000000,1.535992643000000,1.614613574000000,-93.529811440000003,44.077668660000001,3,0
72,72,43.813000000000002,67.448999999999998,38.030000000000001,51.365447109999998,0.244785251000000,0.212435513000000,0.322755080000000,0.563833415000000,53.055000000000000,-0.040931865000000,-0.095162500000000,53.095931870000001,0.406525020000000,0.463860343000000,1.539474585000000,1.613779720000000,-93.529811440000003,44.077629659999999,3,0
73,73,43.892000000000003,66.956000000000003,38.390999999999998,51.262339920000002,0.238807558000000,0.208068707000000,0.318312930000000,0.573376546000000,51.628999999999998,-0.036901882000000,-0.088506356000000,51.665901880000000,0.398869328000000,0.453627416000000,1.525471612000000,1.595034423000000,-93.529811440000003,44.077590659999998,3,0
74,74,43.414000000000001,66.710999999999999,38.070999999999998,50.939617710000000,0.241671979000000,0.211550511000000,0.323326949000000,0.570685494000000,51.936999999999998,-0.040024022000000,-0.090499069000000,51.977024020000002,0.404976842000000,0.458375279000000,1.536624130000000,1.605315785000000,-93.529811440000003,44.077551659999997,3,0
75,75,75.064999999999998,110.219999999999999,69.869000000000000,86.919272480000004,0.206654004000000,0.189734733000000,0.304593817000000,0.633904917000000,75.506000000000000,-0.020101586000000,-0.048611427000000,75.526101589999996,0.366283527000000,0.396922122000000,1.468327450000000,1.503823454000000,-93.530981440000005,44.077629659999999,1,0
76,76,43.639000000000003,67.751999999999995,37.649999999999999,51.355682340000001,0.250077263000000,0.216471708000000,0.326995837000000,0.555703153000000,54.215000000000003,-0.044668246000000,-0.100925249000000,54.259668249999997,0.413563815000000,0.472832266000000,1.552556200000000,1.630781952000000,-93.529811440000003,44.077512659999996,3,0
77,77,43.432000000000002,67.218999999999994,38.052000000000000,51.162119089999997,0.245245968000000,0.214973204000000,0.327649141000000,0.566089945000000,52.954000000000001,-0.043134301000000,-0.093785599000000,52.997134299999999,0.410954759000000,0.464379796000000,1.547683735000000,1.617361825000000,-93.529811440000003,44.077473660000003,3,0
78,78,44.008000000000003,67.885000000000005,38.548999999999999,51.740064070000003,0.243730734000000,0.213391365000000,0.325548102000000,0.567857406000000,53.213000000000001,-0.041702450000000,-0.092503423000000,53.254702450000003,0.408195204000000,0.461853105000000,1.542560444000000,1.612114395000000,-93.529811440000003,44.077434660000002,3,0
79,79,48.707000000000001,71.772000000000006,42.881999999999998,55.864293179999997,0.220960052000000,0.191444152000000,0.297240873000000,0.597475339000000,51.954999999999998,-0.021928122000000,-0.071848238000000,51.976928119999997,0.369351262000000,0.423013798000000,1.473545897000000,1.537389857000000,-93.529811440000003,44.077395660000001,3,0
80,80,49.228999999999999,71.941999999999993,43.264000000000003,56.186948370000003,0.217411169000000,0.187445841000000,0.291539913000000,0.601373329000000,51.390999999999998,-0.018374434000000,-0.069160459000000,51.409374430000000,0.362166616000000,0.416920138000000,1.461374393000000,1.525600807000000,-93.529811440000003,44.077356660000000,3,0
81,81,48.816000000000003,70.620000000000005,43.659999999999997,55.606899620000000,0.208646391000000,0.182558023000000,0.287742821000000,0.618238459000000,48.764000000000003,-0.013964781000000,-0.058223378000000,48.777964779999998,0.353340126000000,0.401191468000000,1.446656834000000,1.501443001000000,-93.529811440000003,44.077317659999999,2,0
82,82,51.906999999999996,73.834999999999994,46.002000000000002,58.486830079999997,0.202627260000000,0.174388828000000,0.274993730000000,0.623037855000000,49.761000000000003,-0.006784516000000,-0.054920114000000,49.767784519999999,0.338483866000000,0.390816708000000,1.422447839000000,1.480818866000000,-93.529811440000003,44.077278659999998,2,0
83,83,51.119000000000000,73.659999999999997,45.201999999999998,57.971741870000002,0.209320270000000,0.180647385000000,0.283260239000000,0.613657345000000,50.999000000000002,-0.012315494000000,-0.061049176000000,51.011315490000001,0.349877064000000,0.402652875000000,1.440951505000000,1.501204265000000,-93.529811440000003,44.077239659999996,2,0
84,84,52.292000000000002,74.584999999999994,46.609999999999999,59.075848389999997,0.202634719000000,0.175705605000000,0.277735558000000,0.624924583000000,50.268000000000001,-0.007932583000000,-0.053785010000000,50.275932580000003,0.340887184000000,0.390686690000000,1.426317601000000,1.482011724000000,-93.529811440000003,44.077200660000003,2,0
85,85,57.082000000000001,78.875000000000000,51.006999999999998,63.459526199999999,0.186808557000000,0.160293328000000,0.256539141000000,0.646681458000000,49.661000000000001,0.005561498000000,-0.039928542000000,49.655438500000002,0.312555861000000,0.362393455000000,1.381784100000000,1.434543432000000,-93.529811440000003,44.077161660000002,2,0
86,86,74.674999999999997,108.939999999999998,68.769999999999996,85.972073230000007,0.206005674000000,0.186613294000000,0.298358657000000,0.631264916000000,74.435000000000002,-0.017413872000000,-0.050169384000000,74.452413870000001,0.360666548000000,0.395953409000000,1.458855039000000,1.499428000000000,-93.530981440000005,44.077590659999998,1,0
87,87,59.142000000000003,79.382999999999996,53.027999999999999,64.836732479999995,0.171981575000000,0.146118029000000,0.236745149000000,0.668001965000000,46.595999999999997,0.017832140000000,-0.026853142000000,46.578167860000001,0.286127108000000,0.335402785000000,1.342244090000000,1.391914706000000,-93.529811440000003,44.077122660000001,2,0
88,88,56.814999999999998,76.602999999999994,51.238000000000000,62.506790240000001,0.172828496000000,0.148315819000000,0.240788513000000,0.668877198000000,45.152999999999999,0.015910666000000,-0.026372281000000,45.137089330000002,0.290246909000000,0.336814756000000,1.348288304000000,1.395483666000000,-93.529811440000003,44.077083660000000,2,0
89,89,53.649999999999999,75.494000000000000,48.219000000000001,60.284709220000003,0.194256042000000,0.169144521000000,0.269928947000000,0.638713010000000,49.119000000000000,-0.002165051000000,-0.045034195000000,49.121165050000002,0.328879833000000,0.375607590000000,1.407157502000000,1.458067967000000,-93.529811440000003,44.077044659999999,2,0
90,90,49.529000000000003,72.238000000000000,44.398000000000003,56.694011699999997,0.212031728000000,0.186495520000000,0.293515491000000,0.614607270000000,50.548999999999999,-0.017436885000000,-0.060667409000000,50.566436889999999,0.360454233000000,0.407066332000000,1.458499061000000,1.512593998000000,-93.529811440000003,44.077005659999998,2,0
91,91,48.820000000000000,71.625000000000000,42.771000000000001,55.805888179999997,0.219974366000000,0.189339533000000,0.293598888000000,0.597151832000000,51.658999999999999,-0.020077688000000,-0.071963533000000,51.679077690000000,0.365573455000000,0.421441858000000,1.467124129000000,1.533194199000000,-93.529811440000003,44.076966659999997,3,0
92,92,52.969000000000001,74.263000000000005,46.795000000000002,59.190314960000002,0.196391317000000,0.167363556000000,0.264728918000000,0.630125365000000,48.762000000000000,-0.000611399000000,-0.050279554000000,48.762611399999997,0.325606687000000,0.379838792000000,1.402008722000000,1.461078496000000,-93.529811440000003,44.076927660000003,2,0
93,93,52.444000000000003,75.596000000000004,48.140999999999998,59.951881350000001,0.200999297000000,0.180818494000000,0.289765829000000,0.636819408000000,50.606999999999999,-0.012341853000000,-0.046535097000000,50.619341849999998,0.350187494000000,0.387167109000000,1.441461368000000,1.483146944000000,-93.529811440000003,44.076888660000002,2,0
94,94,51.686999999999998,72.609999999999999,45.481000000000002,57.770463700000001,0.198244137000000,0.168330692000000,0.265466403000000,0.626373778000000,48.052000000000000,-0.001461909000000,-0.052636973000000,48.053461910000003,0.327384861000000,0.383240200000000,1.404801981000000,1.465931580000000,-93.529811440000003,44.076849660000001,2,0
95,95,59.095999999999997,79.668000000000006,53.851999999999997,65.164830350000003,0.170366235000000,0.148251708000000,0.242274355000000,0.675955214000000,46.387999999999998,0.015919757000000,-0.022195456000000,46.372080240000003,0.290126843000000,0.332082096000000,1.348111547000000,1.390479081000000,-93.529811440000003,44.076810660000000,2,0
96,96,75.566000000000003,109.349999999999994,70.090000000000003,86.756845949999999,0.200474261000000,0.182699172000000,0.294219079000000,0.640969364000000,73.043999999999997,-0.013951044000000,-0.044014651000000,73.057951040000006,0.353595677000000,0.386059001000000,1.447079374000000,1.483787090000000,-93.530981440000005,44.077551659999997,1,0
97,97,46.581000000000003,69.046000000000006,40.052000000000000,53.358230800000001,0.228986539000000,0.194288531000000,0.297254383000000,0.580077050000000,51.459000000000003,-0.024618606000000,-0.083333012000000,51.483618610000001,0.374442591000000,0.437461558000000,1.482278182000000,1.558724595000000,-93.529772440000002,44.077941660000000,3,0
98,98,47.859000000000002,70.409000000000006,41.640000000000001,54.716849209999999,0.222818984000000,0.190668651000000,0.294278854000000,0.591401667000000,51.319000000000003,-0.021302249000000,-0.075749806000000,51.340302250000001,0.367960277000000,0.426541119000000,1.471175745000000,1.540974215000000,-93.529772440000002,44.077902659999999,3,0
99,99,46.167999999999999,69.272999999999996,40.274999999999999,53.392597420000001,0.231580211000000,0.200145529000000,0.307386318000000,0.581395349000000,52.103000000000002,-0.029783709000000,-0.082766061000000,52.132783709999998,0.384873698000000,0.441462843000000,1.500454861000000,1.570260370000000,-93.529772440000002,44.077863659999998,3,0
100,100,45.615000000000002,67.744000000000000,39.627000000000002,52.409531229999999,0.227635573000000,0.195211673000000,0.300127489000000,0.584952173000000,50.246000000000002,-0.025381407000000,-0.080178578000000,50.271381409999996,0.376091406000000,0.434850027000000,1.485125507000000,1.556377510000000,-93.529772440000002,44.077824659999997,3,0
101,101,46.451999999999998,69.715000000000003,40.758000000000003,53.787185870000002,0.230409460000000,0.200254806000000,0.308491029000000,0.584637452000000,52.219999999999999,-0.029837183000000,-0.080635973000000,52.249837180000000,0.385067634000000,0.439313390000000,1.500796521000000,1.567593310000000,-93.529772440000002,44.077785660000004,3,0
102,102,45.753999999999998,68.150000000000006,39.716000000000001,52.647290759999997,0.229201425000000,0.196621717000000,0.301881706000000,0.582773294000000,50.829999999999998,-0.026652780000000,-0.081679469000000,50.856652779999997,0.378606469000000,0.437548243000000,1.489487258000000,1.561363993000000,-93.529772440000002,44.077746660000003,3,0
103,103,45.790999999999997,68.608000000000004,39.997999999999998,52.926720879999998,0.230609179000000,0.199451044000000,0.306675986000000,0.582993237000000,51.427000000000000,-0.029149530000000,-0.081677753000000,51.456149529999998,0.383640590000000,0.439774045000000,1.498285689000000,1.567312756000000,-93.529772440000002,44.077707660000002,3,0
104,104,46.042999999999999,68.078999999999994,40.030999999999999,52.780012159999998,0.225368084000000,0.193091604000000,0.297418040000000,0.588008049000000,50.084000000000003,-0.023475378000000,-0.078075678000000,50.107475379999997,0.372302157000000,0.430942737000000,1.478596095000000,1.549119867000000,-93.529772440000002,44.077668660000001,3,0
105,105,46.747000000000000,69.613000000000000,40.621000000000002,53.793795860000003,0.228858664000000,0.196510828000000,0.301905227000000,0.583526066000000,51.857999999999997,-0.026545888000000,-0.081179251000000,51.884545889999998,0.378408830000000,0.436932908000000,1.489143688000000,1.560452843000000,-93.529772440000002,44.077629659999999,3,0
106,106,76.114999999999995,110.189999999999998,70.212000000000003,87.302260889999999,0.201940514000000,0.182899010000000,0.293514682000000,0.637190308000000,74.052999999999997,-0.014147211000000,-0.046364179000000,74.067147210000002,0.353957419000000,0.388747626000000,1.447677856000000,1.487121826000000,-93.531098439999994,44.077629659999999,1,0
107,107,74.930000000000007,109.709999999999994,69.168999999999997,86.477626319999999,0.207199624000000,0.188366551000000,0.301201167000000,0.630471242000000,75.320999999999998,-0.018943379000000,-0.050720818000000,75.339943379999994,0.363823917000000,0.398014069000000,1.464166555000000,1.503696930000000,-93.530981440000005,44.077512659999996,1,0
108,108,45.777000000000001,68.174000000000007,39.771000000000001,52.678143620000000,0.228936078000000,0.196549394000000,0.301927743000000,0.583374894000000,50.799999999999997,-0.026581751000000,-0.081280493000000,50.826581750000003,0.378477570000000,0.437070172000000,1.489263167000000,1.560671000000000,-93.529772440000002,44.077590659999998,3,0
109,109,46.533999999999999,69.206999999999994,39.823999999999998,53.357201889999999,0.231594683000000,0.195894281000000,0.298655110000000,0.575433121000000,52.055999999999997,-0.026094559000000,-0.086480892000000,52.082094560000002,0.377309474000000,0.442049765000000,1.487235140000000,1.566386501000000,-93.529772440000002,44.077551659999997,3,0
110,110,46.972000000000001,70.361999999999995,40.786000000000001,54.223849690000002,0.231816948000000,0.199345458000000,0.305559910000000,0.579659475000000,52.966000000000001,-0.029099418000000,-0.083870478000000,52.995099420000003,0.383453026000000,0.441995482000000,1.497956229000000,1.570078355000000,-93.529772440000002,44.077512659999996,3,0
111,111,45.414000000000001,68.296000000000006,39.046999999999997,52.445029069999997,0.235830321000000,0.201231202000000,0.306470407000000,0.571731873000000,52.131000000000000,-0.030875181000000,-0.089227990000000,52.161875180000003,0.386799353000000,0.449088534000000,1.503853437000000,1.581433763000000,-93.529772440000002,44.077473660000003,3,0
112,112,47.795999999999999,70.674999999999997,41.460000000000001,54.767219030000000,0.225900454000000,0.193118991000000,0.297087429000000,0.586628935000000,52.094000000000001,-0.023513890000000,-0.078977809000000,52.117513889999998,0.372351166000000,0.431921432000000,1.478680224000000,1.550390489000000,-93.529772440000002,44.077434660000002,3,0
113,113,51.204999999999998,72.108999999999995,43.838000000000001,56.989560890000000,0.205528690000000,0.169518465000000,0.263022799000000,0.607940756000000,49.174999999999997,-0.002524648000000,-0.064227769000000,49.177524650000002,0.329566344000000,0.396938655000000,1.408241383000000,1.483002311000000,-93.529772440000002,44.077395660000001,2,0
114,114,51.871000000000002,73.019000000000005,45.691000000000003,58.051823059999997,0.198998358000000,0.169333013000000,0.267023574000000,0.625741245000000,48.475999999999999,-0.002342582000000,-0.053063354000000,48.478342580000003,0.329225911000000,0.384550599000000,1.407703727000000,1.468444538000000,-93.529772440000002,44.077356660000000,2,0
115,115,55.929000000000002,75.911000000000001,48.517000000000003,61.222088200000002,0.184868965000000,0.151562500000000,0.239813737000000,0.639130034000000,47.375999999999998,0.013249278000000,-0.044285500000000,47.362750720000001,0.296318218000000,0.359718880000000,1.357274401000000,1.423076070000000,-93.529772440000002,44.077317659999999,2,0
116,116,55.344000000000001,75.859999999999999,48.207999999999998,60.941800649999998,0.188692845000000,0.156367184000000,0.247192636000000,0.635486422000000,48.167999999999999,0.009038414000000,-0.046645709000000,48.158961589999997,0.305270297000000,0.366473091000000,1.370699624000000,1.435179162000000,-93.529772440000002,44.077278659999998,2,0
117,117,56.029000000000003,77.272999999999996,49.357999999999997,62.039174539999998,0.189121812000000,0.159367451000000,0.253073478000000,0.638748334000000,49.158999999999999,0.006392204000000,-0.044737764000000,49.152607799999998,0.310840188000000,0.366920615000000,1.379160792000000,1.438627384000000,-93.529772440000002,44.077239659999996,2,0
118,118,76.542000000000002,110.530000000000001,70.781000000000006,87.722115470000006,0.200163960000000,0.181684057000000,0.292266813000000,0.640378178000000,73.736999999999995,-0.013074116000000,-0.044353178000000,73.750074119999994,0.351756936000000,0.385558023000000,1.444043793000000,1.482165637000000,-93.530981440000005,44.077473660000003,1,0
119,119,62.021999999999998,83.471999999999994,53.631000000000000,67.553898059999995,0.181498742000000,0.147428760000000,0.233499886000000,0.642502875000000,51.290999999999997,0.016867797000000,-0.042127307000000,51.274132199999997,0.288585055000000,0.353731934000000,1.345845023000000,1.412593814000000,-93.529772440000002,44.077200660000003,2,0
120,120,64.882999999999996,85.775999999999996,55.953000000000003,69.995390499999999,0.173454451000000,0.138677411000000,0.220609043000000,0.652315333000000,50.716000000000001,0.024491317000000,-0.036018237000000,50.691508679999998,0.272121536000000,0.339201910000000,1.322010388000000,1.388830612000000,-93.529772440000002,44.077161660000002,2,0
121,121,64.019999999999996,84.123999999999995,55.887000000000000,69.038068109999998,0.167760407000000,0.135705800000000,0.217913004000000,0.664340735000000,48.341000000000001,0.026976293000000,-0.028829933000000,48.314023710000001,0.266503651000000,0.328395052000000,1.314026867000000,1.374842242000000,-93.529772440000002,44.077122660000001,2,0
122,122,60.518000000000001,81.031000000000006,54.100999999999999,66.220262469999994,0.171471839000000,0.144918014000000,0.234573690000000,0.667658057000000,47.442999999999998,0.018881676000000,-0.027036034000000,47.424118319999998,0.283874318000000,0.334542963000000,1.338957005000000,1.389878478000000,-93.529772440000002,44.077083660000000,2,0
123,123,58.177000000000000,78.352999999999994,50.622000000000000,63.472678690000002,0.180437280000000,0.147777045000000,0.234855892000000,0.646076092000000,47.906999999999996,0.016536291000000,-0.039979268000000,47.890463709999999,0.289237702000000,0.351615599000000,1.346803720000000,1.410657268000000,-93.529772440000002,44.077044659999999,2,0
124,124,62.517000000000003,83.593000000000004,55.332999999999998,68.210228529999995,0.173086908000000,0.144247485000000,0.232173348000000,0.661933415000000,49.335999999999999,0.019513212000000,-0.030414559000000,49.316486789999999,0.282614514000000,0.337754573000000,1.337124302000000,1.392596871000000,-93.529772440000002,44.077005659999998,2,0
125,125,53.345999999999997,75.212999999999994,47.216000000000001,59.811207820000000,0.198670853000000,0.170093109000000,0.268824607000000,0.627763817000000,49.863999999999997,-0.003007254000000,-0.051831034000000,49.867007250000000,0.330620807000000,0.383842348000000,1.409908897000000,1.468399641000000,-93.529772440000002,44.076966659999997,2,0
126,126,57.851999999999997,78.378000000000000,50.901000000000003,63.458323829999998,0.180796131000000,0.150671658000000,0.240551278000000,0.649429687000000,48.003000000000000,0.013973099000000,-0.038030043000000,47.989026899999999,0.294654094000000,0.351941474000000,1.354801908000000,1.413799933000000,-93.529772440000002,44.076927660000003,2,0
127,127,61.819000000000003,82.658000000000001,55.186000000000000,67.575706490000002,0.171120816000000,0.144237491000000,0.233382984000000,0.667642575000000,48.311000000000000,0.019475817000000,-0.027033552000000,48.291524180000003,0.282595732000000,0.333935858000000,1.337097009000000,1.388601103000000,-93.529772440000002,44.076888660000002,2,0
128,128,57.594999999999999,78.474000000000004,50.886000000000003,63.415922549999998,0.182598736000000,0.153444208000000,0.245107592000000,0.648444071000000,48.466999999999999,0.011548234000000,-0.038691664000000,48.455451770000003,0.299828908000000,0.355089452000000,1.362514107000000,1.419880850000000,-93.529772440000002,44.076849660000001,2,0
129,129,74.153000000000006,108.120000000000005,68.468000000000004,85.394123199999996,0.205146282000000,0.186352340000000,0.298466675000000,0.633259341000000,73.619000000000000,-0.017172301000000,-0.048914218000000,73.636172299999998,0.360196080000000,0.394394360000000,1.458066430000000,1.497313679000000,-93.530981440000005,44.077434660000002,1,0
130,130,54.533999999999999,75.879999999999995,48.359000000000002,60.746260339999999,0.191896424000000,0.163678746000000,0.260142587000000,0.637308909000000,48.866999999999997,0.002615608000000,-0.045741807000000,48.864384389999998,0.318816174000000,0.371717761000000,1.391425533000000,1.448235712000000,-93.529772440000002,44.076810660000000,2,0
131,131,73.040999999999997,107.819999999999993,67.408000000000001,84.663999720000007,0.211157885000000,0.192296847000000,0.306549849000000,0.625190132000000,75.191000000000003,-0.022405536000000,-0.054170275000000,75.213405539999997,0.370879290000000,0.404962603000000,1.476157227000000,1.516140404000000,-93.530981440000005,44.077395660000001,1,0
132,132,74.308000000000007,108.909999999999997,68.603999999999999,85.809043389999999,0.207655545000000,0.188856990000000,0.301900291000000,0.629914608000000,74.908000000000001,-0.019374002000000,-0.051085290000000,74.927374000000000,0.364706024000000,0.398813413000000,1.465656457000000,1.505160000000000,-93.530981440000005,44.077356660000000,1,0
133,133,74.061999999999998,110.379999999999995,68.203000000000003,86.256542659999994,0.216224778000000,0.196907429000000,0.312442468000000,0.617892734000000,78.495000000000005,-0.026492509000000,-0.058959409000000,78.521492510000002,0.379115585000000,0.413837882000000,1.490372931000000,1.531840953000000,-93.530981440000005,44.077317659999999,1,0
134,134,76.668000000000006,112.950000000000003,70.878000000000000,88.805734810000004,0.209813467000000,0.191342594000000,0.305558363000000,0.627516600000000,78.353999999999999,-0.021554266000000,-0.052671826000000,78.375554269999995,0.369169171000000,0.402579033000000,1.473235248000000,1.512266367000000,-93.530981440000005,44.077278659999998,1,0
135,135,75.906999999999996,111.290000000000006,69.942999999999998,87.634392030000001,0.208262085000000,0.189014781000000,0.301763692000000,0.628475155000000,76.730000000000004,-0.019523217000000,-0.051994244000000,76.749523220000000,0.364989725000000,0.399912394000000,1.466136193000000,1.506635951000000,-93.530981440000005,44.077239659999996,1,0
136,136,76.311000000000007,113.109999999999999,70.216999999999999,88.595838709999995,0.213795916000000,0.194270963000000,0.308706084000000,0.620785076000000,79.691999999999993,-0.024166724000000,-0.057026321000000,79.716166720000004,0.374411195000000,0.409622082000000,1.482224057000000,1.523877655000000,-93.530981440000005,44.077200660000003,1,0
137,137,76.018000000000001,112.230000000000004,70.013000000000005,88.083538739999995,0.211689353000000,0.192363265000000,0.306271409000000,0.623834982000000,78.429000000000002,-0.022476487000000,-0.055028827000000,78.451476490000005,0.370998250000000,0.405926849000000,1.476360862000000,1.517375946000000,-93.530981440000005,44.077161660000002,1,0
138,138,75.218999999999994,109.650000000000006,69.335999999999999,86.580408399999996,0.205425238000000,0.186245395000000,0.298018748000000,0.632339261000000,74.745000000000005,-0.017086210000000,-0.049486045000000,74.762086210000007,0.360003234000000,0.394914588000000,1.457743389000000,1.497817435000000,-93.531098439999994,44.077590659999998,1,0
139,139,76.259000000000000,112.939999999999998,70.426000000000002,88.563913189999994,0.212566935000000,0.193875232000000,0.308832816000000,0.623570037000000,79.194999999999993,-0.023793548000000,-0.055247376000000,79.218793550000001,0.373703832000000,0.407414920000000,1.481005521000000,1.520773441000000,-93.530981440000005,44.077122660000001,1,0
140,140,77.173000000000002,114.159999999999997,71.578999999999994,89.650675350000000,0.211015403000000,0.193312183000000,0.308858159000000,0.627005957000000,79.567999999999998,-0.023269383000000,-0.053057297000000,79.591269380000000,0.372696835000000,0.404631846000000,1.479273839000000,1.516809136000000,-93.530981440000005,44.077083660000000,1,0
141,141,74.879000000000005,110.140000000000001,69.521000000000001,86.738791169999999,0.208072831000000,0.190580427000000,0.305295330000000,0.631205738000000,75.879999999999995,-0.020858804000000,-0.050328436000000,75.900858799999995,0.367801956000000,0.399455692000000,1.470906396000000,1.507725558000000,-93.530981440000005,44.077044659999999,1,0
142,142,76.040000000000006,113.269999999999996,70.798000000000002,88.740316469999996,0.213461961000000,0.196661560000000,0.314145403000000,0.625037521000000,79.701999999999998,-0.026196811000000,-0.054411245000000,79.728196810000000,0.378677478000000,0.408849656000000,1.489610731000000,1.525467027000000,-93.530981440000005,44.077005659999998,1,0
143,143,76.704999999999998,112.750000000000000,71.707999999999998,88.953652329999997,0.206162931000000,0.190256261000000,0.306122449000000,0.635991131000000,77.087000000000003,-0.020535068000000,-0.047322170000000,77.107535069999997,0.367220094000000,0.395993532000000,1.469917215000000,1.503263614000000,-93.530981440000005,44.076966659999997,1,0
144,144,77.435000000000002,112.340000000000003,72.388000000000005,89.174879439999998,0.199883579000000,0.183928336000000,0.297349792000000,0.644365320000000,74.856999999999999,-0.014994488000000,-0.041946423000000,74.871994490000006,0.355819432000000,0.384892419000000,1.450765158000000,1.483693753000000,-93.530981440000005,44.076927660000003,1,0
145,145,78.356999999999999,113.730000000000004,73.359999999999999,90.288467240000003,0.199756314000000,0.184150932000000,0.297935600000000,0.645036490000000,75.742999999999995,-0.015182692000000,-0.041537482000000,75.758182689999998,0.356221823000000,0.384645243000000,1.451433822000000,1.483635417000000,-93.530981440000005,44.076888660000002,1,0
146,146,71.817999999999998,106.239999999999995,66.959000000000003,83.522991649999994,0.209826423000000,0.193319031000000,0.309831772000000,0.630261672000000,73.703000000000003,-0.023242469000000,-0.051006257000000,73.726242470000003,0.372709085000000,0.402469993000000,1.479294884000000,1.514209837000000,-93.530981440000005,44.076849660000001,1,0
147,147,70.228999999999999,103.019999999999996,64.965000000000003,81.169953530000001,0.207617060000000,0.189270934000000,0.302824055000000,0.630605708000000,70.846000000000004,-0.019727640000000,-0.050664529000000,70.865727640000003,0.365450168000000,0.398713355000000,1.466915377000000,1.505472393000000,-93.530981440000005,44.076810660000000,1,0
148,148,71.128000000000000,105.829999999999998,65.753000000000000,82.830425759999997,0.214548647000000,0.196103030000000,0.312054314000000,0.621307758000000,74.778999999999996,-0.025754086000000,-0.056758037000000,74.804754090000003,0.377681779000000,0.410856184000000,1.487881003000000,1.527326307000000,-93.530942440000004,44.078019660000002,1,0
149,149,75.927000000000007,109.709999999999994,69.668999999999997,86.900255060000006,0.202248669000000,0.181984195000000,0.291313121000000,0.635028712000000,73.823999999999998,-0.013365138000000,-0.047681606000000,73.837365140000003,0.352300805000000,0.389386441000000,1.444940535000000,1.486927329000000,-93.531098439999994,44.077551659999997,1,0
150,150,72.052999999999997,106.930000000000007,66.534000000000006,83.770386299999998,0.213572537000000,0.194862082000000,0.310158383000000,0.622220144000000,75.272999999999996,-0.024665502000000,-0.056136235000000,75.297665499999994,0.375467212000000,0.409172475000000,1.484046466000000,1.523954875000000,-93.530942440000004,44.077980660000001,1,0
151,151,73.852999999999994,109.099999999999994,68.442999999999998,85.715653680000003,0.210554347000000,0.192656037000000,0.307807178000000,0.627341888000000,75.903999999999996,-0.022696463000000,-0.052824230000000,75.926696460000002,0.371522515000000,0.403837632000000,1.477258879000000,1.515160468000000,-93.530942440000004,44.077941660000000,1,0
152,152,74.965000000000003,110.489999999999995,68.638999999999996,86.677762709999996,0.212230926000000,0.191555903000000,0.304110738000000,0.621223640000000,77.376000000000005,-0.021799019000000,-0.056653837000000,77.397799019999994,0.369551604000000,0.406977954000000,1.473887814000000,1.517798776000000,-93.530942440000004,44.077902659999999,1,0
153,153,74.015000000000001,108.760000000000005,68.429000000000002,85.614418310000005,0.208565301000000,0.190097114000000,0.303858465000000,0.629174329000000,75.075999999999993,-0.020457477000000,-0.051589147000000,75.096457479999998,0.366934353000000,0.400388383000000,1.469431872000000,1.508335476000000,-93.530942440000004,44.077863659999998,1,0
154,154,73.492000000000004,109.730000000000004,67.417000000000002,85.609187300000002,0.217973799000000,0.197781926000000,0.312922585000000,0.614389866000000,78.551000000000002,-0.027295034000000,-0.061228300000000,78.578295030000007,0.380672810000000,0.416942908000000,1.493087683000000,1.536607813000000,-93.530942440000004,44.077824659999997,1,0
155,155,69.373999999999995,105.819999999999993,63.573999999999998,81.756299970000001,0.228365468000000,0.208032239000000,0.326518545000000,0.600774901000000,78.691999999999993,-0.036421966000000,-0.070429873000000,78.728421969999999,0.398805219000000,0.434865377000000,1.525355320000000,1.570353578000000,-93.530942440000004,44.077785660000004,1,0
156,156,75.097999999999999,111.099999999999994,68.872000000000000,87.036911689999997,0.213643936000000,0.193353312000000,0.306854406000000,0.619909991000000,78.230000000000004,-0.023377112000000,-0.057549692000000,78.253377110000002,0.372770415000000,0.409415551000000,1.479400250000000,1.522655719000000,-93.530942440000004,44.077746660000003,1,0
157,157,72.938000000000002,108.819999999999993,67.144000000000005,84.990315100000004,0.216810820000000,0.197416345000000,0.313068212000000,0.617018930000000,77.558000000000007,-0.026945545000000,-0.059535078000000,77.584945540000007,0.380022011000000,0.414862575000000,1.491952069000000,1.533645915000000,-93.530942440000004,44.077707660000002,1,0
158,158,72.140000000000001,106.959999999999994,66.103999999999999,83.694603599999994,0.214888518000000,0.194416527000000,0.308152501000000,0.618025430000000,75.676000000000002,-0.024322605000000,-0.058785338000000,75.700322600000007,0.374671308000000,0.411599928000000,1.482672581000000,1.526448206000000,-93.530942440000004,44.077668660000001,1,0
159,159,72.647999999999996,107.700000000000003,66.962000000000003,84.381932010000000,0.213486944000000,0.194357575000000,0.309138694000000,0.621745590000000,75.790000000000006,-0.024231936000000,-0.056419878000000,75.814231939999999,0.374565971000000,0.409053509000000,1.482490915000000,1.523276203000000,-93.530942440000004,44.077629659999999,1,0
160,160,77.298000000000002,111.629999999999995,71.480999999999995,88.592270290000002,0.200196754000000,0.181720020000000,0.292319089000000,0.640338619000000,74.480999999999995,-0.013105538000000,-0.044378651000000,74.494105540000007,0.351822113000000,0.385615981000000,1.444151207000000,1.482269665000000,-93.531098439999994,44.077512659999996,1,0
161,161,68.718000000000004,102.959999999999994,62.585000000000001,80.082889039999998,0.221269012000000,0.199454793000000,0.313878984000000,0.607857420000000,74.617000000000004,-0.028834259000000,-0.065486227000000,74.645834260000001,0.383647249000000,0.422779923000000,1.498297389000000,1.545674021000000,-93.530942440000004,44.077590659999998,1,0
162,162,71.888999999999996,106.040000000000006,66.156000000000006,83.244872229999999,0.211453052000000,0.191936109000000,0.305538905000000,0.623877782000000,74.034999999999997,-0.022104595000000,-0.054987402000000,74.057104589999994,0.370233030000000,0.405527672000000,1.475051816000000,1.516443778000000,-93.530942440000004,44.077551659999997,1,0
163,163,71.879999999999995,106.170000000000002,66.328000000000003,83.343079860000003,0.211474605000000,0.192586352000000,0.306922540000000,0.624733917000000,74.132000000000005,-0.022661614000000,-0.054468078000000,74.154661610000005,0.371397746000000,0.405518925000000,1.477045075000000,1.517117323000000,-93.530942440000004,44.077512659999996,1,0
164,164,70.009000000000000,104.879999999999995,64.188999999999993,81.693129459999994,0.219683799000000,0.199389327000000,0.315004517000000,0.612023265000000,75.561999999999998,-0.028724517000000,-0.062805444000000,75.590724519999995,0.383530957000000,0.419915153000000,1.498093102000000,1.542022325000000,-93.530942440000004,44.077473660000003,1,0
165,165,72.001000000000005,106.920000000000002,66.391000000000005,83.713390570000001,0.214199732000000,0.195164346000000,0.310308362000000,0.620940890000000,75.447999999999993,-0.024942115000000,-0.056958486000000,75.472942110000005,0.376006919000000,0.410290218000000,1.484979375000000,1.525639009000000,-93.530942440000004,44.077434660000002,1,0
166,166,69.549999999999997,104.629999999999995,64.671999999999997,81.582487880000002,0.218462685000000,0.201400850000000,0.320341893000000,0.618101883000000,75.037999999999997,-0.030395391000000,-0.058987155000000,75.068395390000006,0.387100031000000,0.417568334000000,1.504385334000000,1.541258595000000,-93.530942440000004,44.077395660000001,1,0
167,167,71.085999999999999,107.030000000000001,65.052999999999997,83.147525729999998,0.222504919000000,0.201801073000000,0.317911253000000,0.607801551000000,77.921000000000006,-0.030882226000000,-0.065616094000000,77.951882229999995,0.387809134000000,0.424823225000000,1.505641054000000,1.550770480000000,-93.530942440000004,44.077356660000000,1,0
168,168,71.406999999999996,107.629999999999995,65.537000000000006,83.622714060000007,0.222359769000000,0.202321308000000,0.319145374000000,0.608910155000000,78.316000000000003,-0.031320582000000,-0.064921864000000,78.347320580000002,0.388730362000000,0.424520962000000,1.507275197000000,1.550951479000000,-93.530942440000004,44.077317659999999,1,0
169,169,72.087999999999994,109.269999999999996,65.924000000000007,84.621877429999998,0.225852050000000,0.205019905000000,0.322106139000000,0.603312895000000,80.528000000000006,-0.033754175000000,-0.068651984000000,80.561754179999994,0.393499771000000,0.430594937000000,1.515786261000000,1.561582147000000,-93.530942440000004,44.077278659999998,1,0
170,170,74.881000000000000,111.140000000000001,69.350999999999999,87.118358119999996,0.212948007000000,0.194918853000000,0.310782549000000,0.623996761000000,78.048000000000002,-0.024695738000000,-0.055012296000000,78.072695740000000,0.375568594000000,0.408034041000000,1.484221632000000,1.522628495000000,-93.530942440000004,44.077239659999996,1,0
171,171,75.721999999999994,110.180000000000007,69.277000000000001,86.934374509999998,0.206265618000000,0.185355725000000,0.295459807000000,0.628762026000000,75.361000000000004,-0.016338335000000,-0.051697828000000,75.377338339999994,0.358398059000000,0.396529809000000,1.455059296000000,1.498806204000000,-93.531098439999994,44.077473660000003,1,0
172,172,73.683000000000007,110.739999999999995,67.239999999999995,86.049888030000005,0.222285687000000,0.200934807000000,0.316231877000000,0.607188008000000,80.557000000000002,-0.030134744000000,-0.065977120000000,80.587134739999996,0.386273885000000,0.424497082000000,1.502924691000000,1.549424805000000,-93.530942440000004,44.077200660000003,1,0
173,173,71.444999999999993,108.420000000000002,65.539000000000001,83.973497699999996,0.225694130000000,0.205570845000000,0.323417245000000,0.604491791000000,79.855999999999995,-0.034217046000000,-0.067910059000000,79.890217050000004,0.394471569000000,0.430268324000000,1.517530968000000,1.561765225000000,-93.530942440000004,44.077161660000002,1,0
174,174,75.030000000000001,113.000000000000000,69.269000000000005,87.933109540000004,0.220635216000000,0.201935861000000,0.319717752000000,0.613000000000000,81.700999999999993,-0.030928997000000,-0.062275407000000,81.731928999999994,0.388047871000000,0.421442740000000,1.506064241000000,1.546668621000000,-93.530942440000004,44.077122660000001,1,0
175,175,70.527000000000001,107.040000000000006,64.885000000000005,82.949146180000000,0.225092420000000,0.205629424000000,0.324035782000000,0.606175262000000,78.668000000000006,-0.034242654000000,-0.066821474000000,78.702242650000002,0.394574858000000,0.429184445000000,1.517716619000000,1.560446871000000,-93.530942440000004,44.077083660000000,1,0
176,176,71.799000000000007,109.189999999999998,66.590000000000003,84.679357190000005,0.224209503000000,0.206592666000000,0.326847263000000,0.609854382000000,79.991000000000000,-0.035024780000000,-0.064480428000000,80.026024780000000,0.396272223000000,0.427535467000000,1.520773270000000,1.559396999000000,-93.530942440000004,44.077044659999999,1,0
177,177,71.605000000000004,108.549999999999997,66.245999999999995,84.259343779999995,0.223267437000000,0.205073409000000,0.324337849000000,0.610280977000000,79.248999999999995,-0.033697104000000,-0.064145844000000,79.282697099999993,0.393594174000000,0.425951951000000,1.515955590000000,1.555737955000000,-93.530942440000004,44.077005659999998,1,0
178,178,72.712999999999994,108.540000000000006,67.316000000000003,84.851941299999993,0.215763254000000,0.197662935000000,0.314445702000000,0.620195320000000,77.051000000000002,-0.027122449000000,-0.057519642000000,77.078122449999995,0.380461017000000,0.412947678000000,1.492717946000000,1.531549989000000,-93.530942440000004,44.076966659999997,1,0
179,179,75.442999999999998,110.430000000000007,69.677000000000007,87.065713650000006,0.206951200000000,0.188230674000000,0.301103308000000,0.630960790000000,75.739999999999995,-0.018821366000000,-0.050409705000000,75.758821370000007,0.363579442000000,0.397568810000000,1.463754092000000,1.503025843000000,-93.530942440000004,44.076927660000003,1,0
180,180,71.337000000000003,106.640000000000001,66.994000000000000,83.564851469999994,0.213158860000000,0.198357091000000,0.318093762000000,0.628225806000000,74.948999999999998,-0.027628576000000,-0.052448657000000,74.976628579999996,0.381696143000000,0.408200137000000,1.494876432000000,1.526473184000000,-93.530942440000004,44.076888660000002,1,0
181,181,65.010999999999996,99.412999999999997,60.231999999999999,76.892280740000004,0.227059669000000,0.209227363000000,0.330178900000000,0.605876495000000,73.582999999999998,-0.037379816000000,-0.067161349000000,73.620379819999997,0.400904687000000,0.432447085000000,1.529171986000000,1.568550363000000,-93.530942440000004,44.076849660000001,1,0
182,182,76.405000000000001,110.769999999999996,70.028999999999996,87.581919299999996,0.204106812000000,0.183598237000000,0.293351886000000,0.632201860000000,75.105999999999995,-0.014785929000000,-0.049491454000000,75.120785929999997,0.355222522000000,0.392690566000000,1.449774229000000,1.492458898000000,-93.531098439999994,44.077434660000002,1,0
183,183,70.513000000000005,103.439999999999998,64.890000000000001,81.409722740000007,0.208824277000000,0.189286761000000,0.301908071000000,0.627320186000000,71.477000000000004,-0.019769472000000,-0.052729199000000,71.496769470000004,0.365478615000000,0.400921491000000,1.466963539000000,1.508126467000000,-93.530942440000004,44.076810660000000,1,0
184,184,74.430999999999997,108.909999999999997,68.808000000000007,85.898976950000005,0.206561808000000,0.188059408000000,0.301039875000000,0.631787715000000,74.581000000000003,-0.018665948000000,-0.049886377000000,74.599665950000002,0.363271242000000,0.396867738000000,1.463234405000000,1.502014663000000,-93.530903440000003,44.078019660000002,1,0
185,185,74.007999999999996,109.489999999999995,67.739999999999995,85.739823040000005,0.214100375000000,0.193364505000000,0.306518772000000,0.618686638000000,77.231999999999999,-0.023399327000000,-0.058327164000000,77.255399330000003,0.372790439000000,0.410247024000000,1.479434656000000,1.523681292000000,-93.530903440000003,44.077980660000001,1,0
186,186,76.974999999999994,112.239999999999995,71.188000000000002,88.676753000000005,0.204799231000000,0.186375287000000,0.298787566000000,0.634248040000000,76.316999999999993,-0.017184902000000,-0.048297447000000,76.334184899999997,0.360237457000000,0.393755543000000,1.458135758000000,1.496583484000000,-93.530903440000003,44.077941660000000,1,0
187,187,74.718999999999994,110.760000000000005,68.677000000000007,86.731841309999993,0.214087626000000,0.194313103000000,0.308564922000000,0.620052365000000,78.123999999999995,-0.024211114000000,-0.057493036000000,78.148211110000005,0.374486501000000,0.410149808000000,1.482353886000000,1.524566133000000,-93.530903440000003,44.077902659999999,1,0
188,188,74.807000000000002,110.859999999999999,69.045000000000002,86.896948300000005,0.213003184000000,0.194180980000000,0.309144072000000,0.622812556000000,77.867999999999995,-0.024067182000000,-0.055737460000000,77.892067179999998,0.374250380000000,0.408186469000000,1.481946877000000,1.522034046000000,-93.530903440000003,44.077863659999998,1,0
189,189,74.847999999999999,109.939999999999998,68.376000000000005,86.340998529999993,0.211113070000000,0.189904106000000,0.301446586000000,0.621939240000000,76.656000000000006,-0.020353605000000,-0.056143844000000,76.676353599999999,0.366587750000000,0.405065652000000,1.468843523000000,1.513751582000000,-93.530903440000003,44.077824659999997,1,0
190,190,73.030000000000001,109.329999999999998,66.230999999999995,84.996029629999995,0.221833868000000,0.199056811000000,0.312583420000000,0.605789811000000,79.399000000000001,-0.028512698000000,-0.066802901000000,79.427512699999994,0.382940149000000,0.423838109000000,1.497056004000000,1.546573497000000,-93.530903440000003,44.077785660000004,1,0
191,191,77.022999999999996,112.790000000000006,70.832999999999998,88.828374819999993,0.208132049000000,0.188432826000000,0.300613548000000,0.628007802000000,77.724000000000004,-0.019021201000000,-0.052269362000000,77.743021200000001,0.363943148000000,0.399717904000000,1.464367786000000,1.505796568000000,-93.530903440000003,44.077746660000003,1,0
192,192,74.085999999999999,108.730000000000004,68.055999999999997,85.523032830000005,0.209448223000000,0.189502013000000,0.301882189000000,0.625917410000000,75.317999999999998,-0.019968749000000,-0.053619376000000,75.337968750000002,0.365865428000000,0.402047662000000,1.467618713000000,1.509700712000000,-93.530903440000003,44.077707660000002,1,0
193,193,74.647000000000006,109.189999999999998,68.644000000000005,86.036096000000001,0.207616867000000,0.187900151000000,0.299870652000000,0.628665629000000,75.088999999999999,-0.018552683000000,-0.051839148000000,75.107552679999998,0.362984598000000,0.398813689000000,1.462751350000000,1.504163212000000,-93.531098439999994,44.077395660000001,1,0
194,194,72.897000000000006,108.109999999999999,66.933999999999997,84.620535459999999,0.214545107000000,0.194539438000000,0.308688296000000,0.619128665000000,76.388999999999996,-0.024417906000000,-0.058088013000000,76.413417910000007,0.374890907000000,0.410965153000000,1.483051429000000,1.525801893000000,-93.530903440000003,44.077668660000001,1,0
195,195,75.372000000000000,110.359999999999999,69.454999999999998,86.956435470000002,0.207614889000000,0.188378955000000,0.300902156000000,0.629349402000000,75.893000000000001,-0.018963348000000,-0.051425033000000,75.911963349999994,0.363846232000000,0.398774030000000,1.464204214000000,1.504614784000000,-93.530903440000003,44.077629659999999,1,0
196,196,71.358999999999995,106.680000000000007,64.951999999999998,83.049165329999994,0.220347126000000,0.198389117000000,0.312334751000000,0.608848894000000,77.049000000000007,-0.027891568000000,-0.064805692000000,77.076891570000001,0.381753103000000,0.421198157000000,1.494976107000000,1.542550444000000,-93.530903440000003,44.077590659999998,1,0
197,197,71.947000000000003,107.040000000000006,65.780000000000001,83.588158669999999,0.217030929000000,0.196064519000000,0.309989665000000,0.614536622000000,76.352999999999994,-0.025796778000000,-0.061070324000000,76.378796780000002,0.377613101000000,0.415366907000000,1.487761825000000,1.532827834000000,-93.530903440000003,44.077551659999997,1,0
198,198,74.724999999999994,109.299999999999997,69.102000000000004,86.227223140000007,0.206311892000000,0.187882081000000,0.300853615000000,0.632223239000000,74.772999999999996,-0.018508496000000,-0.049608299000000,74.791508500000006,0.362952072000000,0.396422487000000,1.462696554000000,1.501301835000000,-93.530903440000003,44.077512659999996,1,0
199,199,71.394000000000005,106.390000000000001,64.421000000000006,82.796941520000004,0.220786299000000,0.196845610000000,0.308707427000000,0.605517436000000,76.965000000000003,-0.026582440000000,-0.066887967000000,76.991582440000002,0.379005444000000,0.422133114000000,1.490181248000000,1.542063651000000,-93.530903440000003,44.077473660000003,1,0
200,200,73.087000000000003,107.510000000000005,67.170000000000002,84.482579209999997,0.210435801000000,0.190606710000000,0.303481534000000,0.624779090000000,74.763000000000005,-0.020939835000000,-0.054373666000000,74.783939829999994,0.367849124000000,0.403770103000000,1.470986632000000,1.512927442000000,-93.530903440000003,44.077434660000002,1,0
201,201,71.364000000000004,106.439999999999998,64.935000000000002,82.943451260000003,0.219317313000000,0.197273402000000,0.310767350000000,0.610062007000000,76.581000000000003,-0.026902970000000,-0.063982302000000,76.607902969999998,0.379767471000000,0.419422707000000,1.491508324000000,1.539142372000000,-93.530903440000003,44.077395660000001,1,0
202,202,70.602000000000004,106.629999999999995,64.180999999999997,82.611137389999996,0.225480760000000,0.203281574000000,0.318688026000000,0.601903779000000,78.477000000000004,-0.032256755000000,-0.069493358000000,78.509256760000000,0.390429284000000,0.430069584000000,1.510297159000000,1.559021520000000,-93.530903440000003,44.077356660000000,1,0
203,203,74.222999999999999,109.659999999999997,67.572000000000003,85.829956920000001,0.214682303000000,0.192714933000000,0.304674536000000,0.616195513000000,77.525000000000006,-0.022858165000000,-0.059888250000000,77.547858169999998,0.371627958000000,0.411363033000000,1.477439608000000,1.524357121000000,-93.530903440000003,44.077317659999999,1,0
204,204,75.728999999999999,112.060000000000002,69.366000000000000,87.757178240000002,0.214035183000000,0.193467136000000,0.306790066000000,0.619007674000000,79.025000000000006,-0.023485447000000,-0.058126811000000,79.048485450000001,0.372974028000000,0.410119964000000,1.479750162000000,1.523634792000000,-93.531098439999994,44.077356660000000,1,0
205,205,75.094999999999999,111.629999999999995,67.808000000000007,86.983601500000006,0.219456909000000,0.195662070000000,0.307231094000000,0.607435277000000,80.356999999999999,-0.025525177000000,-0.065605639000000,80.382525180000002,0.376895217000000,0.419819390000000,1.486517078000000,1.537913191000000,-93.530903440000003,44.077278659999998,1,0
206,206,76.369000000000000,113.359999999999999,69.744000000000000,88.594468030000002,0.216201356000000,0.194967559000000,0.308296870000000,0.615243472000000,80.606999999999999,-0.024832642000000,-0.060578172000000,80.631832639999999,0.375655567000000,0.413946505000000,1.484371931000000,1.529911635000000,-93.530903440000003,44.077239659999996,1,0
207,207,74.480000000000004,111.290000000000006,67.225999999999999,86.510249060000007,0.222006885000000,0.198148248000000,0.310517614000000,0.604061461000000,80.873999999999995,-0.027739569000000,-0.067880915000000,80.901739570000004,0.381324650000000,0.424234011000000,1.494226638000000,1.546093565000000,-93.530903440000003,44.077200660000003,1,0
208,208,74.634000000000000,112.209999999999994,67.677999999999997,87.066315220000007,0.223891016000000,0.201108947000000,0.315324841000000,0.603136975000000,82.108000000000004,-0.030340796000000,-0.068602321000000,82.138340799999995,0.386582633000000,0.427385454000000,1.503470268000000,1.553258534000000,-93.530903440000003,44.077161660000002,1,0
209,209,77.622000000000000,114.000000000000000,71.352999999999994,89.651966869999995,0.209629286000000,0.189842502000000,0.302471959000000,0.625903509000000,79.025000000000006,-0.020265044000000,-0.053639319000000,79.045265040000004,0.366477106000000,0.402353031000000,1.468655793000000,1.510423366000000,-93.530903440000003,44.077122660000001,1,0
210,210,73.742999999999995,110.269999999999996,67.165000000000006,85.846064119999994,0.220313849000000,0.198502280000000,0.312602698000000,0.609095856000000,79.632000000000005,-0.027987324000000,-0.064651363000000,79.659987319999999,0.381954353000000,0.421128261000000,1.495328370000000,1.542584540000000,-93.530903440000003,44.077083660000000,1,0
211,211,71.659999999999997,109.069999999999993,65.813000000000002,84.385566440000005,0.226839289000000,0.206993858000000,0.325539302000000,0.603401485000000,80.667000000000002,-0.035474542000000,-0.068676864000000,80.702474539999997,0.396978590000000,0.432212970000000,1.522048563000000,1.565805784000000,-93.530903440000003,44.077044659999999,1,0
212,212,76.126999999999995,112.450000000000003,70.162000000000006,88.247811819999995,0.211781599000000,0.192616279000000,0.306743234000000,0.623939529000000,78.611000000000004,-0.022695458000000,-0.054971226000000,78.633695459999998,0.371451330000000,0.406076311000000,1.477136890000000,1.517823189000000,-93.530903440000003,44.077005659999998,1,0
213,213,75.230999999999995,111.000000000000000,68.771000000000001,87.006041560000000,0.213108125000000,0.192067916000000,0.304520688000000,0.619558559000000,77.998000000000005,-0.022261002000000,-0.057727390000000,78.020261000000005,0.370469192000000,0.408539979000000,1.475455597000000,1.520233547000000,-93.530903440000003,44.076966659999997,1,0
214,214,74.116000000000000,109.079999999999998,68.680000000000007,85.845928380000004,0.208789991000000,0.190855696000000,0.305319781000000,0.629629630000000,75.364000000000004,-0.021111976000000,-0.051326843000000,75.385111980000005,0.368295883000000,0.400745565000000,1.471746991000000,1.509556450000000,-93.530903440000003,44.076927660000003,1,0
215,215,76.123000000000005,110.060000000000002,69.757000000000005,87.128169529999994,0.202841530000000,0.182277652000000,0.291489873000000,0.633808832000000,74.239999999999995,-0.013627413000000,-0.048449637000000,74.253627410000007,0.352832397000000,0.390459061000000,1.445817953000000,1.488482286000000,-93.531098439999994,44.077317659999999,1,0
216,216,73.224000000000004,108.659999999999997,67.501000000000005,85.098246709999998,0.213925624000000,0.194827472000000,0.309801282000000,0.621212958000000,76.594999999999999,-0.024646230000000,-0.056774064000000,76.619646230000001,0.375405403000000,0.409816711000000,1.483939692000000,1.524704040000000,-93.530903440000003,44.076888660000002,1,0
217,217,67.177000000000007,101.140000000000001,60.728000000000002,78.379289170000007,0.225252510000000,0.201779975000000,0.315673535000000,0.600435041000000,74.375000000000000,-0.030964221000000,-0.070382676000000,74.405964220000001,0.387771761000000,0.429788957000000,1.505574825000000,1.557034644000000,-93.530903440000003,44.076849660000001,1,0
218,218,71.658000000000001,104.689999999999998,65.555000000000007,82.446595020000004,0.208218285000000,0.187311452000000,0.298141579000000,0.626182061000000,72.167000000000002,-0.018060132000000,-0.053380901000000,72.185060129999997,0.361924571000000,0.399964324000000,1.460967373000000,1.504921746000000,-93.530903440000003,44.076810660000000,1,0
219,219,74.622000000000000,108.810000000000002,68.236000000000004,85.759762670000001,0.207396845000000,0.186379694000000,0.296781138000000,0.627111479000000,74.762000000000000,-0.017241763000000,-0.052766343000000,74.779241760000005,0.360245403000000,0.398529379000000,1.458149071000000,1.502242632000000,-93.530864440000002,44.078019660000002,1,0
220,220,76.370999999999995,111.260000000000005,70.161000000000001,87.813976040000000,0.205900524000000,0.185944753000000,0.297003490000000,0.630603991000000,75.988000000000000,-0.016837606000000,-0.050562469000000,76.004837609999996,0.359460981000000,0.395811059000000,1.456835710000000,1.498565982000000,-93.530864440000002,44.077980660000001,1,0
221,221,78.992000000000004,113.430000000000007,72.784000000000006,90.191669279999999,0.198301271000000,0.178971220000000,0.287851686000000,0.641664463000000,75.084000000000003,-0.010713181000000,-0.043484687000000,75.094713179999999,0.346833132000000,0.382311922000000,1.435968199000000,1.475645496000000,-93.530864440000002,44.077941660000000,1,0
222,222,78.885000000000005,114.450000000000003,72.272999999999996,90.452625269999999,0.204552989000000,0.183955311000000,0.293775090000000,0.631480996000000,77.742000000000004,-0.015101202000000,-0.049952562000000,77.757101199999994,0.355868199000000,0.393485321000000,1.450846168000000,1.493762240000000,-93.530864440000002,44.077902659999999,1,0
223,223,77.061999999999998,112.299999999999997,70.302999999999997,88.491720240000006,0.207640504000000,0.186088022000000,0.295970905000000,0.626028495000000,77.234999999999999,-0.016995745000000,-0.053437313000000,77.251995739999998,0.359719410000000,0.399002068000000,1.457268174000000,1.502501788000000,-93.530864440000002,44.077863659999998,1,0
224,224,76.983999999999995,112.090000000000003,70.602000000000004,88.459683400000003,0.206027447000000,0.185673334000000,0.296323182000000,0.629868855000000,76.593999999999994,-0.016606849000000,-0.051014341000000,76.610606849999996,0.358971282000000,0.396065797000000,1.456016835000000,1.498586071000000,-93.530864440000002,44.077824659999997,1,0
225,225,75.063000000000002,110.319999999999993,68.486999999999995,86.593736370000002,0.211675224000000,0.190184645000000,0.301609978000000,0.620803118000000,77.090000000000003,-0.020608185000000,-0.056872415000000,77.110608189999994,0.367091516000000,0.406072660000000,1.469698786000000,1.515261730000000,-93.530864440000002,44.077785660000004,1,0
226,226,74.557000000000002,108.870000000000005,68.215999999999994,85.760996969999994,0.207945345000000,0.187066244000000,0.297827464000000,0.626582162000000,74.966999999999999,-0.017843532000000,-0.053121287000000,74.984843530000006,0.361482838000000,0.399482468000000,1.460225063000000,1.504091727000000,-93.531098439999994,44.077980660000001,1,0
227,227,74.938999999999993,109.159999999999997,69.106999999999999,86.231349230000006,0.204969561000000,0.185883682000000,0.297594615000000,0.633079883000000,74.274000000000001,-0.016766585000000,-0.049012267000000,74.290766590000004,0.359350808000000,0.394104031000000,1.456651410000000,1.496485533000000,-93.531098439999994,44.077278659999998,1,0
228,228,80.149000000000001,114.469999999999999,73.524000000000001,91.164725779999998,0.196718355000000,0.176349688000000,0.283422107000000,0.642299292000000,75.266999999999996,-0.008433560000000,-0.043023312000000,75.275433559999996,0.342061532000000,0.379575103000000,1.428214950000000,1.469842314000000,-93.530864440000002,44.077746660000003,1,0
229,229,76.441000000000003,109.870000000000005,70.122000000000000,87.238634910000002,0.199771774000000,0.179425799000000,0.287712262000000,0.638226996000000,73.177000000000007,-0.011124153000000,-0.045622833000000,73.188124149999993,0.347659191000000,0.385002880000000,1.437317670000000,1.479213843000000,-93.530864440000002,44.077707660000002,1,0
230,230,76.292000000000002,110.969999999999999,69.959999999999994,87.615089580000003,0.205566661000000,0.185184394000000,0.295630083000000,0.630440660000000,75.688000000000002,-0.016177465000000,-0.050641080000000,75.704177470000005,0.358088757000000,0.395256039000000,1.454543071000000,1.497121714000000,-93.530864440000002,44.077668660000001,1,0
231,231,77.228999999999999,111.519999999999996,70.804000000000002,88.344468340000006,0.202135429000000,0.181675135000000,0.290737208000000,0.634899570000000,75.007000000000005,-0.013097132000000,-0.047752867000000,75.020097129999996,0.351740765000000,0.389201534000000,1.444017144000000,1.486394129000000,-93.530864440000002,44.077629659999999,1,0
232,232,74.436999999999998,108.120000000000005,68.721000000000004,85.544096249999996,0.203345595000000,0.184506757000000,0.295890579000000,0.635599334000000,73.081999999999994,-0.015553292000000,-0.047400091000000,73.097553289999993,0.356864855000000,0.391218348000000,1.452503459000000,1.491667655000000,-93.530864440000002,44.077590659999998,1,0
233,233,73.906999999999996,107.790000000000006,66.986000000000004,84.790040579999996,0.209516569000000,0.186480789000000,0.295377078000000,0.621449114000000,74.686999999999998,-0.017372317000000,-0.056335174000000,74.704372320000004,0.360427676000000,0.402425096000000,1.458454544000000,1.506997414000000,-93.530864440000002,44.077551659999997,1,0
234,234,77.379000000000005,111.049999999999997,70.825000000000003,88.196358140000001,0.199554960000000,0.178693301000000,0.286308289000000,0.637775777000000,73.896000000000001,-0.010489327000000,-0.045881645000000,73.906489329999999,0.346327903000000,0.384659441000000,1.435143902000000,1.478069360000000,-93.530864440000002,44.077512659999996,1,0
235,235,73.162000000000006,108.200000000000003,66.582999999999998,84.642806609999994,0.215235368000000,0.193193723000000,0.305264900000000,0.615369686000000,76.655000000000001,-0.023284196000000,-0.060431951000000,76.678284199999993,0.372484889000000,0.412332800000000,1.478909817000000,1.526050086000000,-93.530864440000002,44.077473660000003,1,0
236,236,76.287000000000006,111.920000000000002,69.453999999999994,87.881835219999999,0.211317681000000,0.189328771000000,0.300059788000000,0.620568263000000,78.099000000000004,-0.019864085000000,-0.056991163000000,78.118864079999994,0.365554115000000,0.405489046000000,1.467091379000000,1.513658852000000,-93.530864440000002,44.077434660000002,1,0
237,237,74.268000000000001,110.060000000000002,67.921999999999997,86.105240850000001,0.215092048000000,0.194175600000000,0.307475560000000,0.617136108000000,77.930000000000007,-0.024122101000000,-0.059342716000000,77.954122100000006,0.374240765000000,0.411989918000000,1.481930306000000,1.526670348000000,-93.530864440000002,44.077395660000001,1,0
238,238,74.959999999999994,109.730000000000004,68.888000000000005,86.419964980000003,0.208120933000000,0.188261411000000,0.300253882000000,0.627795498000000,75.611999999999995,-0.018873877000000,-0.052397290000000,75.630873879999996,0.363634749000000,0.399710626000000,1.463847385000000,1.505609131000000,-93.531098439999994,44.077239659999996,1,0
239,239,74.242999999999995,110.280000000000001,66.319999999999993,85.774984399999994,0.221522861000000,0.195298147000000,0.304873819000000,0.601378310000000,79.997000000000000,-0.025273976000000,-0.069493667000000,80.022273979999994,0.376245767000000,0.423627847000000,1.485392562000000,1.542275311000000,-93.530864440000002,44.077356660000000,1,0
240,240,76.968000000000004,113.079999999999998,70.448999999999998,88.833591670000004,0.210781178000000,0.190015154000000,0.301942324000000,0.623001415000000,78.742999999999995,-0.020440926000000,-0.055476263000000,78.763440930000002,0.366787179000000,0.404448567000000,1.469181998000000,1.513124196000000,-93.530864440000002,44.077317659999999,1,0
241,241,75.765000000000001,112.230000000000004,67.965000000000003,87.474090160000003,0.219261794000000,0.193967925000000,0.303799050000000,0.605586742000000,80.730000000000004,-0.024062353000000,-0.066725270000000,80.754062349999998,0.373869548000000,0.419624085000000,1.481290833000000,1.535862640000000,-93.530864440000002,44.077278659999998,1,0
242,242,76.658000000000001,112.819999999999993,69.507999999999996,88.385827350000000,0.213751257000000,0.190850653000000,0.301425356000000,0.616096437000000,79.474000000000004,-0.021232036000000,-0.059882774000000,79.495232040000005,0.368286836000000,0.409820704000000,1.471731587000000,1.520507853000000,-93.530864440000002,44.077239659999996,1,0
243,243,77.978999999999999,115.400000000000006,70.787000000000006,90.201041770000003,0.216125786000000,0.193511188000000,0.305248303000000,0.613405546000000,82.034000000000006,-0.023581384000000,-0.061696812000000,82.057581380000002,0.373052823000000,0.413931938000000,1.479885610000000,1.528347781000000,-93.530864440000002,44.077200660000003,1,0
244,244,75.293999999999997,112.849999999999994,68.275999999999996,87.684892489999996,0.222411785000000,0.199613062000000,0.313311309000000,0.605015507000000,82.129999999999995,-0.029008658000000,-0.067325482000000,82.159008659999998,0.383928356000000,0.424837418000000,1.498791404000000,1.548428405000000,-93.530864440000002,44.077161660000002,1,0
245,245,78.644000000000005,115.730000000000004,71.719999999999999,90.778246359999997,0.212391049000000,0.190797123000000,0.302362744000000,0.619718310000000,81.096000000000004,-0.021151924000000,-0.057581156000000,81.117151919999998,0.368190797000000,0.407332909000000,1.471568079000000,1.517430427000000,-93.530864440000002,44.077122660000001,1,0
246,246,76.647999999999996,113.909999999999997,68.859999999999999,88.679391830000000,0.220481721000000,0.195541515000000,0.306184161000000,0.604512334000000,82.311999999999998,-0.025452359000000,-0.067481825000000,82.337452360000000,0.376680107000000,0.421701029000000,1.486144453000000,1.540127881000000,-93.530864440000002,44.077083660000000,1,0
247,247,74.465000000000003,111.670000000000002,67.694999999999993,86.790625739999996,0.222106703000000,0.199881806000000,0.314125296000000,0.606205785000000,81.180000000000007,-0.029228224000000,-0.066568176000000,81.209228220000000,0.384405558000000,0.424261295000000,1.499630699000000,1.547993232000000,-93.530864440000002,44.077044659999999,1,0
248,248,78.236000000000004,114.719999999999999,72.097999999999999,90.332112600000002,0.208297566000000,0.189079376000000,0.301874928000000,0.628469317000000,79.105999999999995,-0.019579406000000,-0.051999970000000,79.125579410000000,0.365105848000000,0.399972569000000,1.466332635000000,1.506775255000000,-93.530864440000002,44.077005659999998,1,0
249,249,74.876000000000005,108.760000000000005,67.838999999999999,85.707414880000002,0.207656113000000,0.184517197000000,0.292615525000000,0.623749540000000,74.805000000000007,-0.015642112000000,-0.054818173000000,74.820642109999994,0.356883718000000,0.399167531000000,1.452534858000000,1.501066761000000,-93.531098439999994,44.077200660000003,1,0
250,250,73.584000000000003,108.870000000000005,67.498000000000005,85.290214289999994,0.213637960000000,0.193396692000000,0.306952225000000,0.619987141000000,76.658000000000001,-0.023414096000000,-0.057502240000000,76.681414099999998,0.372848017000000,0.409401269000000,1.479533594000000,1.522684157000000,-93.530864440000002,44.076966659999997,1,0
251,251,75.177999999999997,110.250000000000000,69.349000000000004,86.825645179999995,0.208129810000000,0.189140799000000,0.302139060000000,0.629015873000000,75.972999999999999,-0.019628145000000,-0.051658509000000,75.992628150000002,0.365216262000000,0.399660924000000,1.466519460000000,1.506467159000000,-93.530864440000002,44.076927660000003,1,0
252,252,75.334000000000003,110.430000000000007,69.364999999999995,86.951135089999994,0.208341198000000,0.188927887000000,0.301514618000000,0.628135470000000,76.161000000000001,-0.019450552000000,-0.052204963000000,76.180450550000003,0.364833500000000,0.400063768000000,1.465871983000000,1.506726084000000,-93.530864440000002,44.076888660000002,1,0
253,253,67.634000000000000,101.069999999999993,61.417999999999999,78.658912569999998,0.220681659000000,0.198193285000000,0.311652965000000,0.607677847000000,73.087999999999994,-0.027734854000000,-0.065551316000000,73.115734849999996,0.381404771000000,0.421822114000000,1.494366739000000,1.543120013000000,-93.530864440000002,44.076849660000001,1,0
254,254,73.046999999999997,103.590000000000003,66.302999999999997,82.589022909999997,0.195740629000000,0.172913942000000,0.276823101000000,0.640052129000000,67.829999999999998,-0.005450729000000,-0.044314646000000,67.835450730000005,0.335788079000000,0.378040724000000,1.418128055000000,1.464618427000000,-93.530864440000002,44.076810660000000,2,0
255,255,72.450000000000003,108.099999999999994,66.259000000000000,84.310670700000003,0.218340476000000,0.197452229000000,0.311923074000000,0.612941721000000,77.491000000000000,-0.027024946000000,-0.062142791000000,77.518024949999997,0.380085904000000,0.417634012000000,1.492063492000000,1.537112109000000,-93.530825440000001,44.078019660000002,1,0
256,256,73.938000000000002,109.590000000000003,67.843000000000004,85.789409980000002,0.214424827000000,0.194259187000000,0.308181700000000,0.619061958000000,77.399000000000001,-0.024174626000000,-0.058120467000000,77.423174630000005,0.374390150000000,0.410767842000000,1.482187779000000,1.525263902000000,-93.530825440000001,44.077980660000001,1,0
257,257,73.692999999999998,109.810000000000002,67.707999999999998,85.777362229999994,0.216660527000000,0.196819671000000,0.311904659000000,0.616592296000000,78.218999999999994,-0.026431167000000,-0.059785599000000,78.245431170000003,0.378959225000000,0.414634918000000,1.490100824000000,1.532729360000000,-93.530825440000001,44.077941660000000,1,0
258,258,73.382000000000005,109.760000000000005,66.102999999999994,85.248229960000003,0.222935614000000,0.198632755000000,0.310819470000000,0.602250364000000,80.034999999999997,-0.028185921000000,-0.069071797000000,80.063185919999995,0.382186358000000,0.425877344000000,1.495734649000000,1.548681901000000,-93.530825440000001,44.077902659999999,1,0
259,259,75.653000000000006,111.489999999999995,69.436999999999998,87.511701079999995,0.211617355000000,0.191495274000000,0.304461965000000,0.622809221000000,77.890000000000001,-0.021731234000000,-0.055648141000000,77.911731230000001,0.369442913000000,0.405861389000000,1.473702299000000,1.516383619000000,-93.530825440000001,44.077863659999998,1,0
260,260,73.819999999999993,108.340000000000003,67.167000000000002,85.045779609999997,0.211629812000000,0.189503733000000,0.300192186000000,0.619964925000000,75.692999999999998,-0.020021899000000,-0.057379265000000,75.713021900000001,0.365868518000000,0.406046916000000,1.467623950000000,1.514515821000000,-93.531098439999994,44.077161660000002,1,0
261,261,73.147000000000006,109.099999999999994,66.769999999999996,85.071590459999996,0.218596157000000,0.197276224000000,0.311343384000000,0.612007333000000,78.283000000000001,-0.026882502000000,-0.062734673000000,78.309882500000001,0.379772497000000,0.418112451000000,1.491517082000000,1.537517523000000,-93.530825440000001,44.077824659999997,1,0
262,262,74.275000000000006,109.480000000000004,67.638000000000005,85.785672989999995,0.213501703000000,0.191586623000000,0.303185580000000,0.617811472000000,77.046999999999997,-0.021858206000000,-0.058819458000000,77.068858210000002,0.369606674000000,0.409299692000000,1.473981824000000,1.520649810000000,-93.530825440000001,44.077785660000004,1,0
263,263,73.332999999999998,108.189999999999998,67.269999999999996,84.868639459999997,0.212270612000000,0.192025253000000,0.305086081000000,0.621776504000000,75.777000000000001,-0.022202393000000,-0.056319913000000,75.799202390000005,0.370392755000000,0.407013408000000,1.475324888000000,1.518335865000000,-93.530825440000001,44.077746660000003,1,0
264,264,71.718000000000004,107.040000000000006,65.254999999999995,83.385146860000006,0.219644897000000,0.197596751000000,0.311198823000000,0.609631913000000,77.106999999999999,-0.027190355000000,-0.064271166000000,77.134190349999997,0.380343201000000,0.419990410000000,1.492512340000000,1.540195030000000,-93.530825440000001,44.077707660000002,1,0
265,265,75.507000000000005,110.310000000000002,68.840000000000003,86.811191190000002,0.208986018000000,0.187297179000000,0.297520025000000,0.624059469000000,76.272999999999996,-0.018064298000000,-0.054716737000000,76.291064300000002,0.361898862000000,0.401377102000000,1.460924153000000,1.506594595000000,-93.530825440000001,44.077668660000001,1,0
266,266,73.170000000000002,107.939999999999998,67.114000000000004,84.674241449999997,0.212250536000000,0.191982773000000,0.305010702000000,0.621771354000000,75.596000000000004,-0.022165463000000,-0.056321709000000,75.618165460000000,0.370316643000000,0.406980063000000,1.475194752000000,1.518250720000000,-93.530825440000001,44.077629659999999,1,0
267,267,74.135000000000005,109.670000000000002,67.863000000000000,85.885376899999997,0.214043361000000,0.193329888000000,0.306489452000000,0.618792742000000,77.341999999999999,-0.023368088000000,-0.058258499000000,77.365368090000004,0.372728509000000,0.410145799000000,1.479328253000000,1.523521196000000,-93.530825440000001,44.077590659999998,1,0
268,268,73.075000000000003,108.060000000000002,66.882999999999996,84.636979530000005,0.213891338000000,0.193143236000000,0.306209082000000,0.618943180000000,76.162000000000006,-0.023203961000000,-0.058156263000000,76.185203959999996,0.372394550000000,0.409883392000000,1.478754704000000,1.523003897000000,-93.530825440000001,44.077551659999997,1,0
269,269,72.855000000000004,108.640000000000001,66.525000000000006,84.727162609999993,0.218415297000000,0.197167966000000,0.311255110000000,0.612343520000000,77.900000000000006,-0.026784130000000,-0.062515120000000,77.926784130000001,0.379579693000000,0.417792870000000,1.491181113000000,1.537005410000000,-93.530825440000001,44.077512659999996,1,0
270,270,75.066000000000003,110.709999999999994,68.305000000000007,86.712516359999995,0.213955388000000,0.191865472000000,0.303428080000000,0.616972270000000,78.049000000000007,-0.022109485000000,-0.059362959000000,78.071109480000004,0.370106453000000,0.410106143000000,1.474835478000000,1.521925892000000,-93.530825440000001,44.077473660000003,1,0
271,271,76.081999999999994,110.180000000000007,69.109999999999999,86.994818280000004,0.205628748000000,0.183064715000000,0.291057771000000,0.627246324000000,75.168000000000006,-0.014352396000000,-0.052574284000000,75.182352399999999,0.354257315000000,0.395547770000000,1.448174338000000,1.495273407000000,-93.531098439999994,44.077122660000001,1,0
272,272,75.433999999999997,111.980000000000004,68.605000000000004,87.438463659999996,0.217177221000000,0.195001441000000,0.307602959000000,0.612654045000000,79.921000000000006,-0.024890340000000,-0.062233662000000,79.945890340000005,0.375716067000000,0.415721594000000,1.484476496000000,1.532133863000000,-93.530825440000001,44.077434660000002,1,0
273,273,71.290999999999997,109.939999999999998,64.703999999999994,84.371831589999999,0.235714787000000,0.213258217000000,0.331674204000000,0.588539203000000,83.885000000000005,-0.041200317000000,-0.078697217000000,83.926200320000007,0.407962673000000,0.447554634000000,1.542130143000000,1.592727641000000,-93.530825440000001,44.077395660000001,1,0
274,274,73.778999999999996,110.430000000000007,66.980999999999995,85.877005269999998,0.221503235000000,0.198964220000000,0.312647149000000,0.606547134000000,80.099999999999994,-0.028422310000000,-0.066310761000000,80.128422310000005,0.382775594000000,0.423246374000000,1.496767373000000,1.545731390000000,-93.530825440000001,44.077356660000000,1,0
275,275,72.688999999999993,109.859999999999999,65.528999999999996,84.945002130000006,0.227698652000000,0.203622041000000,0.317646556000000,0.596477335000000,81.501999999999995,-0.032632478000000,-0.073039125000000,81.534632479999999,0.391031173000000,0.434041334000000,1.511370359000000,1.564471322000000,-93.530825440000001,44.077317659999999,1,0
276,276,75.540000000000006,113.420000000000002,68.120999999999995,87.959950430000006,0.224504117000000,0.200465707000000,0.313474954000000,0.600608358000000,83.179000000000002,-0.029811616000000,-0.070213668000000,83.208811620000006,0.385441855000000,0.428553837000000,1.501456182000000,1.554042956000000,-93.530825440000001,44.077278659999998,1,0
277,277,77.161000000000001,113.930000000000007,70.159000000000006,89.174267779999994,0.214670292000000,0.192416179000000,0.304046902000000,0.615807952000000,80.540000000000006,-0.022601340000000,-0.060124019000000,80.562601340000001,0.371093015000000,0.411366621000000,1.476523114000000,1.524045610000000,-93.530825440000001,44.077239659999996,1,0
278,278,74.796000000000006,111.969999999999999,67.090000000000003,86.857720090000001,0.224297890000000,0.199040511000000,0.310622013000000,0.599178351000000,82.054000000000002,-0.028581558000000,-0.071079667000000,82.082581559999994,0.382911181000000,0.428314992000000,1.497005187000000,1.552200285000000,-93.530825440000001,44.077200660000003,1,0
279,279,75.617000000000004,113.079999999999998,68.131000000000000,87.838583490000005,0.222790532000000,0.198535218000000,0.310726075000000,0.602502653000000,82.412000000000006,-0.028097404000000,-0.068904481000000,82.440097399999999,0.382012925000000,0.425622755000000,1.495430922000000,1.548256190000000,-93.530825440000001,44.077161660000002,1,0
280,280,79.218000000000004,117.519999999999996,72.963999999999999,92.032941960000002,0.213980611000000,0.194685318000000,0.309451096000000,0.620864534000000,82.858000000000004,-0.024526329000000,-0.056990308000000,82.882526330000005,0.375151503000000,0.409927166000000,1.483501224000000,1.524688356000000,-93.530825440000001,44.077122660000001,1,0
281,281,72.784999999999997,110.769999999999996,65.515000000000001,85.361709509999997,0.231325033000000,0.206940699000000,0.321797696000000,0.591450754000000,83.239999999999995,-0.035616493000000,-0.076480507000000,83.275616490000004,0.396885014000000,0.440266612000000,1.521879508000000,1.576154366000000,-93.530825440000001,44.077083660000000,1,0
282,282,73.674999999999997,107.540000000000006,67.427000000000007,84.733420310000000,0.207697189000000,0.186877466000000,0.297614863000000,0.626994607000000,73.977999999999994,-0.017676016000000,-0.052855913000000,73.995676020000005,0.361142679000000,0.399041469000000,1.459653885000000,1.503369821000000,-93.531098439999994,44.077083660000000,1,0
283,283,74.578000000000003,112.870000000000005,67.834999999999994,87.374867109999997,0.226337963000000,0.204280654000000,0.320132427000000,0.601001152000000,83.326999999999998,-0.033142826000000,-0.070122178000000,83.360142830000001,0.392194789000000,0.431529611000000,1.513449006000000,1.561971270000000,-93.530825440000001,44.077044659999999,1,0
284,284,74.111999999999995,112.189999999999998,67.751000000000005,86.927906230000005,0.225306695000000,0.204388573000000,0.321195097000000,0.603895178000000,82.516999999999996,-0.033194648000000,-0.068247964000000,82.550194649999995,0.392385370000000,0.429664804000000,1.513789940000000,1.559708952000000,-93.530825440000001,44.077005659999998,1,0
285,285,75.144000000000005,112.310000000000002,69.034999999999997,87.608957040000007,0.218116101000000,0.198267308000000,0.313851662000000,0.614682575000000,80.441000000000003,-0.027714249000000,-0.061059149000000,80.468714250000005,0.381536447000000,0.417163499000000,1.494597040000000,1.537399857000000,-93.530825440000001,44.076966659999997,1,0
286,286,74.750000000000000,111.379999999999995,68.763000000000005,87.027614520000000,0.216360474000000,0.196797937000000,0.312097949000000,0.617372957000000,79.247000000000000,-0.026403236000000,-0.059286838000000,79.273403239999993,0.378920500000000,0.414092169000000,1.490033445000000,1.532037485000000,-93.530825440000001,44.076927660000003,1,0
287,287,72.302999999999997,107.939999999999998,66.194000000000003,84.183159529999998,0.218363494000000,0.197716416000000,0.312470955000000,0.613248101000000,77.382999999999996,-0.027251590000000,-0.061956606000000,77.410251590000001,0.380556212000000,0.417654697000000,1.492884113000000,1.537420075000000,-93.530825440000001,44.076888660000002,1,0
288,288,68.403000000000006,101.310000000000002,62.243000000000002,79.197806279999995,0.215965625000000,0.193897934000000,0.306197078000000,0.614381601000000,71.974000000000004,-0.023908845000000,-0.061088310000000,71.997908839999994,0.373744419000000,0.413606098000000,1.481075391000000,1.528357839000000,-93.530825440000001,44.076849660000001,1,0
289,289,64.686000000000007,95.391999999999996,58.442999999999998,74.608972890000004,0.215521498000000,0.191818988000000,0.302120333000000,0.612661439000000,67.655000000000001,-0.022110461000000,-0.062107532000000,67.677110459999994,0.370023151000000,0.412978085000000,1.474693133000000,1.525385324000000,-93.530825440000001,44.076810660000000,1,0
290,290,74.164000000000001,111.129999999999995,68.057000000000002,86.567759670000001,0.219597181000000,0.199499174000000,0.315310013000000,0.612408890000000,80.039000000000001,-0.028815359000000,-0.062562216000000,80.067815359999997,0.383726081000000,0.419749956000000,1.498435899000000,1.541934209000000,-93.530786440000000,44.078019660000002,1,0
291,291,75.549000000000007,111.569999999999993,69.427000000000007,87.513093549999994,0.212335242000000,0.192503166000000,0.306061584000000,0.622273012000000,78.164000000000001,-0.022613488000000,-0.056021922000000,78.186613489999999,0.371248792000000,0.407094462000000,1.476789898000000,1.518937554000000,-93.530786440000000,44.077980660000001,1,0
292,292,78.216999999999999,114.780000000000001,72.097999999999999,90.352032059999999,0.208608095000000,0.189448541000000,0.302425992000000,0.628140791000000,79.245000000000005,-0.019903054000000,-0.052218261000000,79.264903050000001,0.365769345000000,0.400513671000000,1.467455924000000,1.507807568000000,-93.530786440000000,44.077941660000000,1,0
293,293,73.006000000000000,108.849999999999994,67.293999999999997,85.062096870000005,0.216201117000000,0.197101003000000,0.312878616000000,0.618226918000000,77.400000000000006,-0.026657034000000,-0.058753361000000,77.426657030000001,0.379460422000000,0.413780731000000,1.490973345000000,1.531976683000000,-93.531098439999994,44.077044659999999,1,0
294,294,74.926000000000002,110.079999999999998,68.061999999999998,86.340310630000005,0.212508399000000,0.190015459000000,0.300605418000000,0.618295785000000,77.171999999999997,-0.020483032000000,-0.058455435000000,77.192483030000005,0.366787726000000,0.407614764000000,1.469182927000000,1.516949922000000,-93.530786440000000,44.077902659999999,1,0
295,295,76.634000000000000,110.659999999999997,70.388000000000005,87.698111150000003,0.201709281000000,0.181671597000000,0.291054351000000,0.636074462000000,74.298000000000002,-0.013087449000000,-0.047022299000000,74.311087450000002,0.351734352000000,0.388413768000000,1.444006577000000,1.485472057000000,-93.530786440000000,44.077863659999998,1,0
296,296,73.747000000000000,109.140000000000001,67.328999999999994,85.407559870000000,0.214839880000000,0.193523870000000,0.306279098000000,0.616904893000000,77.203999999999994,-0.023556447000000,-0.059466221000000,77.227556449999994,0.373075507000000,0.411583161000000,1.479924607000000,1.525482191000000,-93.530786440000000,44.077824659999997,1,0
297,297,74.191000000000003,108.950000000000003,67.222999999999999,85.427042380000003,0.212866741000000,0.189793656000000,0.299858521000000,0.617007802000000,76.486000000000004,-0.020300842000000,-0.059264910000000,76.506300839999994,0.366389369000000,0.408292080000000,1.468506962000000,1.517537774000000,-93.530786440000000,44.077785660000004,1,0
298,298,74.462000000000003,109.430000000000007,68.116000000000000,85.944369219999999,0.211051411000000,0.190155091000000,0.302031509000000,0.622461848000000,76.281999999999996,-0.020567601000000,-0.055822037000000,76.302567600000003,0.367038454000000,0.404932247000000,1.469608659000000,1.513854004000000,-93.530786440000000,44.077746660000003,1,0
299,299,73.718999999999994,108.549999999999997,67.007999999999996,85.064025939999993,0.213435543000000,0.191096676000000,0.302192415000000,0.617300783000000,76.373000000000005,-0.021435592000000,-0.059126193000000,76.394435590000001,0.368728159000000,0.409220528000000,1.472483349000000,1.520037030000000,-93.530786440000000,44.077707660000002,1,0
300,300,77.191999999999993,111.890000000000001,70.674000000000007,88.454868419999997,0.204264273000000,0.183507684000000,0.293037633000000,0.631638216000000,75.914000000000001,-0.014710729000000,-0.049840620000000,75.928710730000006,0.355058741000000,0.392988471000000,1.449502539000000,1.492715640000000,-93.530786440000000,44.077668660000001,1,0
301,301,73.537000000000006,108.769999999999996,67.543999999999997,85.246300419999997,0.213202796000000,0.193261915000000,0.307006614000000,0.620980050000000,76.459000000000003,-0.023286679000000,-0.056867493000000,76.482286680000001,0.372606900000000,0.408618422000000,1.479119355000000,1.521588759000000,-93.530786440000000,44.077629659999999,1,0
302,302,74.424000000000007,109.510000000000005,68.305999999999997,86.017598030000002,0.210891500000000,0.190753205000000,0.303438613000000,0.623742124000000,76.290000000000006,-0.021076752000000,-0.055033302000000,76.311076749999998,0.368111998000000,0.404592165000000,1.471433946000000,1.514071569000000,-93.530786440000000,44.077590659999998,1,0
303,303,75.623000000000005,111.379999999999995,69.486999999999995,87.469586519999993,0.211080001000000,0.191210836000000,0.304273461000000,0.623873227000000,77.650000000000006,-0.021473742000000,-0.054965886000000,77.671473739999996,0.368932901000000,0.404901445000000,1.472832339000000,1.514925147000000,-93.530786440000000,44.077551659999997,1,0
304,304,77.917000000000002,112.450000000000003,72.281999999999996,89.332242989999997,0.199150091000000,0.181402239000000,0.292441885000000,0.642792352000000,74.700999999999993,-0.012816344000000,-0.042852628000000,74.713816339999994,0.351246102000000,0.383706640000000,1.443202382000000,1.479734242000000,-93.531098439999994,44.077005659999998,1,0
305,305,76.885999999999996,112.040000000000006,70.132999999999996,88.285627910000002,0.207656178000000,0.186072854000000,0.295926528000000,0.625963941000000,77.061000000000007,-0.016983004000000,-0.053477393000000,77.077983000000003,0.359692051000000,0.399032209000000,1.457222381000000,1.502521891000000,-93.530786440000000,44.077512659999996,1,0
306,306,78.034999999999997,114.989999999999995,71.403000000000006,90.204489420000002,0.212277752000000,0.191451884000000,0.303851277000000,0.620949648000000,80.542000000000002,-0.021711014000000,-0.056823786000000,80.563711010000006,0.369365125000000,0.407071897000000,1.473569552000000,1.517803116000000,-93.530786440000000,44.077473660000003,1,0
307,307,74.668999999999997,112.579999999999998,67.462000000000003,87.179579810000007,0.226057812000000,0.202463031000000,0.316486764000000,0.599236099000000,83.028999999999996,-0.031578534000000,-0.071191272000000,83.060578530000001,0.388981223000000,0.431183319000000,1.507720741000000,1.559552227000000,-93.530786440000000,44.077434660000002,1,0
308,308,73.869000000000000,112.590000000000003,67.105999999999995,86.864554519999999,0.229970914000000,0.207664956000000,0.324424187000000,0.596020961000000,84.204999999999998,-0.036177706000000,-0.073518033000000,84.241177710000002,0.398159394000000,0.437770618000000,1.524184705000000,1.573707404000000,-93.530786440000000,44.077395660000001,1,0
309,309,76.674999999999997,113.859999999999999,69.643000000000001,88.869384819999993,0.217630294000000,0.195160994000000,0.307588591000000,0.611654664000000,81.402000000000001,-0.025040549000000,-0.062879260000000,81.427040550000001,0.376000935000000,0.416533671000000,1.484969025000000,1.533306255000000,-93.530786440000000,44.077356660000000,1,0
310,310,75.927000000000007,114.469999999999999,69.176000000000002,88.794912030000006,0.224137332000000,0.202434912000000,0.317956460000000,0.604315541000000,83.837000000000003,-0.031483244000000,-0.067894581000000,83.868483240000003,0.388931455000000,0.427717370000000,1.507632331000000,1.555113985000000,-93.530786440000000,44.077317659999999,1,0
311,311,76.402000000000001,114.049999999999997,69.075999999999993,88.724596140000003,0.221163987000000,0.197677105000000,0.310176641000000,0.605664182000000,82.622000000000000,-0.027308036000000,-0.066827471000000,82.649308039999994,0.380486239000000,0.422744344000000,1.492761970000000,1.543719838000000,-93.530786440000000,44.077278659999998,1,0
312,312,80.075000000000003,117.870000000000005,73.200999999999993,92.490952579999998,0.211980998000000,0.190936876000000,0.302980504000000,0.621031645000000,82.463999999999999,-0.021261608000000,-0.056753926000000,82.485261609999995,0.368441521000000,0.406570724000000,1.471995005000000,1.516654486000000,-93.530786440000000,44.077239659999996,1,0
313,313,74.143000000000001,112.920000000000002,66.477999999999994,86.924172569999996,0.232545892000000,0.207293799000000,0.321573993000000,0.588717676000000,85.218999999999994,-0.035969725000000,-0.078294240000000,85.254969720000005,0.397506460000000,0.442428418000000,1.523002846000000,1.579364313000000,-93.530786440000000,44.077200660000003,1,0
314,314,76.974999999999994,113.590000000000003,70.483000000000004,89.061199959999996,0.212797420000000,0.192139165000000,0.304916640000000,0.620503565000000,79.721999999999994,-0.022313904000000,-0.057130489000000,79.744313899999995,0.370596837000000,0.407966578000000,1.475673920000000,1.519612133000000,-93.530786440000000,44.077161660000002,1,0
315,315,73.867999999999995,109.230000000000004,67.921000000000006,85.636706630000006,0.212827794000000,0.193131547000000,0.307023104000000,0.621816351000000,76.671000000000006,-0.023164780000000,-0.056332788000000,76.694164779999994,0.372373634000000,0.407944826000000,1.478718796000000,1.520632257000000,-93.531098439999994,44.076966659999997,1,0
316,316,77.393000000000001,115.030000000000001,71.238000000000000,89.993388629999998,0.215027555000000,0.195595121000000,0.310574741000000,0.619299313000000,81.429000000000002,-0.025334805000000,-0.058016923000000,81.454334799999998,0.376775762000000,0.411762409000000,1.486310131000000,1.527897063000000,-93.530786440000000,44.077122660000001,1,0
317,317,74.626000000000005,113.340000000000003,68.033000000000001,87.642235950000000,0.227490192000000,0.205962781000000,0.322796895000000,0.600255867000000,84.021000000000001,-0.034623573000000,-0.070679182000000,84.055623569999995,0.395162504000000,0.433461524000000,1.518773618000000,1.566281560000000,-93.530786440000000,44.077083660000000,1,0
318,318,75.495999999999995,113.310000000000002,68.796999999999997,88.075402019999999,0.221957710000000,0.200279652000000,0.315093035000000,0.607157356000000,82.326999999999998,-0.029563320000000,-0.065970505000000,82.356563320000006,0.385111726000000,0.423958006000000,1.500874219000000,1.548040528000000,-93.530786440000000,44.077044659999999,1,0
319,319,75.299999999999997,113.590000000000003,68.614999999999995,88.092368800000003,0.224376507000000,0.202710572000000,0.318353773000000,0.604058456000000,83.265000000000001,-0.031727539000000,-0.068072465000000,83.296727540000006,0.389419292000000,0.428125982000000,1.508499336000000,1.555930883000000,-93.530786440000000,44.077005659999998,1,0
320,320,76.899000000000001,113.620000000000005,71.054000000000002,89.203197840000001,0.211323239000000,0.192741931000000,0.307378730000000,0.625365253000000,79.287000000000006,-0.022790579000000,-0.054074388000000,79.309790579999998,0.371676292000000,0.405231913000000,1.477522465000000,1.516934058000000,-93.530786440000000,44.076966659999997,1,0
321,321,76.988000000000000,112.909999999999997,71.373000000000005,89.012967919999994,0.207009442000000,0.189164709000000,0.303075301000000,0.632122930000000,77.459000000000003,-0.019622538000000,-0.049710071000000,77.478622540000003,0.365259243000000,0.397609593000000,1.466592196000000,1.504047096000000,-93.530786440000000,44.076927660000003,1,0
322,322,74.772999999999996,110.159999999999997,68.608000000000004,86.474051590000002,0.211544648000000,0.191350381000000,0.304208038000000,0.622803195000000,76.938999999999993,-0.021605184000000,-0.055647016000000,76.960605180000002,0.369183133000000,0.405739794000000,1.473259064000000,1.516084289000000,-93.530786440000000,44.076888660000002,1,0
323,323,72.308000000000007,105.920000000000002,66.152000000000001,83.313825120000004,0.209477591000000,0.188589896000000,0.299903637000000,0.624546828000000,73.379999999999995,-0.019186513000000,-0.054452901000000,73.399186510000007,0.364225687000000,0.402173522000000,1.464844830000000,1.508897938000000,-93.530786440000000,44.076849660000001,1,0
324,324,63.524000000000001,94.225999999999999,57.384999999999998,73.500285430000005,0.218330688000000,0.194624406000000,0.305903452000000,0.609014497000000,67.543000000000006,-0.024600367000000,-0.064550166000000,67.567600369999994,0.375042697000000,0.417859409000000,1.483313393000000,1.534374440000000,-93.530786440000000,44.076810660000000,1,0
325,325,74.578000000000003,109.569999999999993,68.492999999999995,86.137011079999994,0.210012948000000,0.190021070000000,0.302555013000000,0.625107237000000,76.069000000000003,-0.020427405000000,-0.054147189000000,76.089427400000005,0.366797802000000,0.403041525000000,1.469200032000000,1.511437253000000,-93.530747439999999,44.078019660000002,1,0
326,326,74.819000000000003,109.260000000000005,68.495000000000005,86.075926530000004,0.207846692000000,0.187099017000000,0.297973768000000,0.626899140000000,75.206000000000003,-0.017869614000000,-0.052923104000000,75.223869609999994,0.361541884000000,0.399298472000000,1.460324249000000,1.503906567000000,-93.531098439999994,44.076927660000003,1,0
327,327,76.051000000000002,111.049999999999997,70.676000000000002,87.770446960000001,0.204358683000000,0.187059396000000,0.300614129000000,0.636434039000000,75.373000000000005,-0.017761864000000,-0.046953762000000,75.390761859999998,0.361470499000000,0.392900515000000,1.460204337000000,1.496283931000000,-93.530747439999999,44.077980660000001,1,0
328,328,75.781999999999996,111.090000000000003,70.403000000000006,87.636525930000005,0.206303530000000,0.188942164000000,0.303153629000000,0.633747412000000,75.995000000000005,-0.019415800000000,-0.048686425000000,76.014415799999995,0.364859168000000,0.396334105000000,1.465915389000000,1.502299576000000,-93.530747439999999,44.077941660000000,1,0
329,329,75.037000000000006,110.269999999999996,69.513999999999996,86.837435220000003,0.208137149000000,0.190133130000000,0.304275733000000,0.630398114000000,75.989000000000004,-0.020477904000000,-0.050821557000000,76.009477899999993,0.366999023000000,0.399603635000000,1.469541693000000,1.507434921000000,-93.530747439999999,44.077902659999999,1,0
330,330,74.869000000000000,109.000000000000000,68.947000000000003,86.100824560000007,0.205032392000000,0.185626723000000,0.296992743000000,0.632541284000000,74.183999999999997,-0.016547212000000,-0.049341023000000,74.200547209999996,0.358887171000000,0.394238681000000,1.455876264000000,1.496378373000000,-93.530747439999999,44.077863659999998,1,0
331,331,74.537000000000006,109.209999999999994,68.540999999999997,85.985380829999997,0.208416091000000,0.188699679000000,0.300965228000000,0.627607362000000,75.341999999999999,-0.019256564000000,-0.052529649000000,75.361256560000001,0.364423137000000,0.400218233000000,1.465178368000000,1.506672454000000,-93.530747439999999,44.077824659999997,1,0
332,332,74.274000000000001,109.590000000000003,68.149000000000001,85.966817969999994,0.212268704000000,0.192076752000000,0.305198116000000,0.621854184000000,76.757000000000005,-0.022246471000000,-0.056272494000000,76.779246470000004,0.370485023000000,0.407005907000000,1.475482672000000,1.518381009000000,-93.530747439999999,44.077785660000004,1,0
333,333,74.373999999999995,109.060000000000002,68.555999999999997,85.878791739999997,0.208253704000000,0.189092535000000,0.301937708000000,0.628608106000000,75.189999999999998,-0.019589666000000,-0.051913171000000,75.209589670000000,0.365129504000000,0.399891286000000,1.466372657000000,1.506691894000000,-93.530747439999999,44.077746660000003,1,0
334,334,74.305999999999997,109.430000000000007,68.372000000000000,85.967119530000005,0.210716439000000,0.191165585000000,0.304462397000000,0.624801243000000,76.182000000000002,-0.021425738000000,-0.054378282000000,76.203425740000000,0.368851749000000,0.404240609000000,1.472693995000000,1.514080620000000,-93.530747439999999,44.077707660000002,1,0
335,335,76.694000000000003,111.260000000000005,70.448999999999998,87.984504009999995,0.203907343000000,0.183906701000000,0.294166206000000,0.633192522000000,75.376999999999995,-0.015047813000000,-0.048882559000000,75.392047809999994,0.355780315000000,0.392298346000000,1.450700185000000,1.492316324000000,-93.530747439999999,44.077668660000001,1,0
336,336,75.879999999999995,110.819999999999993,70.000000000000000,87.443022970000001,0.206138441000000,0.187145153000000,0.299400171000000,0.631654936000000,75.760000000000005,-0.017873004000000,-0.049941566000000,75.777873000000000,0.361625001000000,0.396157687000000,1.460463890000000,1.500222154000000,-93.530747439999999,44.077629659999999,1,0
337,337,78.997000000000000,113.099999999999994,73.087999999999994,90.136917620000006,0.195923708000000,0.177530102000000,0.286558159000000,0.646224580000000,74.114999999999995,-0.009443219000000,-0.040638799000000,74.124443220000003,0.344211705000000,0.378009572000000,1.431699938000000,1.469249635000000,-93.531098439999994,44.077941660000000,1,0
338,338,75.807000000000002,109.329999999999998,70.328000000000003,86.882636800000000,0.198810291000000,0.181071315000000,0.291989304000000,0.643263514000000,72.525000000000006,-0.012526961000000,-0.042552992000000,72.537526959999994,0.350646060000000,0.383102267000000,1.442215099000000,1.478698136000000,-93.531098439999994,44.076888660000002,1,0
339,339,75.322999999999993,111.530000000000001,69.494000000000000,87.448863660000001,0.212687936000000,0.193772645000000,0.308514899000000,0.623096925000000,78.242999999999995,-0.023709269000000,-0.055543463000000,78.266709270000007,0.373520406000000,0.407642506000000,1.480689829000000,1.520941580000000,-93.530747439999999,44.077590659999998,1,0
340,340,76.887000000000000,113.420000000000002,71.072999999999993,89.119916399999994,0.210458911000000,0.191968766000000,0.306397504000000,0.626635514000000,78.879999999999995,-0.022106512000000,-0.053247379000000,78.902106509999996,0.370291546000000,0.403711788000000,1.475151846000000,1.514286674000000,-93.530747439999999,44.077551659999997,1,0
341,341,78.468000000000004,113.870000000000005,72.024000000000001,90.020480079999999,0.204234438000000,0.184061392000000,0.294246721000000,0.632510758000000,77.248000000000005,-0.015186751000000,-0.049312685000000,77.263186750000003,0.356059972000000,0.392889403000000,1.451164806000000,1.493170660000000,-93.530747439999999,44.077512659999996,1,0
342,342,76.953000000000003,113.040000000000006,70.228999999999999,88.754189100000005,0.211374316000000,0.189938577000000,0.301317591000000,0.621275655000000,78.897999999999996,-0.020389514000000,-0.056564779000000,78.918389509999997,0.366649657000000,0.405541621000000,1.468948579000000,1.514362037000000,-93.530747439999999,44.077473660000003,1,0
343,343,76.918999999999997,114.969999999999999,70.713999999999999,89.694115850000003,0.217989634000000,0.198296932000000,0.314016918000000,0.615064800000000,82.307000000000002,-0.027735403000000,-0.060815756000000,82.334735400000000,0.381589141000000,0.416932217000000,1.494689219000000,1.537144873000000,-93.530747439999999,44.077434660000002,1,0
344,344,74.111999999999995,112.349999999999994,67.623999999999995,86.963817039999995,0.226407886000000,0.205071275000000,0.321765765000000,0.601904762000000,82.963999999999999,-0.033820045000000,-0.069568571000000,82.997820050000001,0.393590409000000,0.431589829000000,1.515948834000000,1.562909532000000,-93.530747439999999,44.077395660000001,1,0
345,345,78.027000000000001,116.129999999999995,71.370999999999995,90.679305380000002,0.217110607000000,0.196248397000000,0.310320395000000,0.614578490000000,82.861999999999995,-0.025956585000000,-0.061050435000000,82.887956579999994,0.377940989000000,0.415496954000000,1.488330962000000,1.533184140000000,-93.530747439999999,44.077356660000000,1,0
346,346,75.837999999999994,113.750000000000000,69.436999999999998,88.528642660000003,0.220575414000000,0.199970462000000,0.315536284000000,0.610435165000000,82.224999999999994,-0.029251231000000,-0.063847891000000,82.254251229999994,0.384562950000000,0.421482475000000,1.499907698000000,1.544603719000000,-93.530747439999999,44.077317659999999,1,0
347,347,75.724000000000004,113.180000000000007,68.777000000000001,88.079722039999993,0.220726903000000,0.198280608000000,0.311803341000000,0.607678035000000,81.858999999999995,-0.027811131000000,-0.065554697000000,81.886811129999998,0.381560105000000,0.421896706000000,1.494638424000000,1.543306974000000,-93.530747439999999,44.077278659999998,1,0
348,348,78.134000000000000,115.430000000000007,71.965000000000003,90.568515649999995,0.211993942000000,0.192680457000000,0.306713049000000,0.623451442000000,80.760999999999996,-0.022756083000000,-0.055282097000000,80.783756080000003,0.371566236000000,0.406458665000000,1.477333811000000,1.518353777000000,-93.530747439999999,44.077239659999996,1,0
349,349,66.513999999999996,99.585999999999999,60.706000000000003,77.517099250000001,0.220446580000000,0.199108970000000,0.313793954000000,0.609583676000000,71.951999999999998,-0.028510710000000,-0.064361613000000,71.980510710000004,0.383032841000000,0.421318579000000,1.497218631000000,1.543473385000000,-93.531098439999994,44.076849660000001,1,0
350,350,74.486999999999995,111.459999999999994,67.510999999999996,86.659063560000007,0.221753928000000,0.198836228000000,0.312177041000000,0.605697111000000,80.921999999999997,-0.028321063000000,-0.066853680000000,80.950321059999993,0.382548093000000,0.423712457000000,1.496368494000000,1.546178515000000,-93.530747439999999,44.077200660000003,1,0
351,351,75.012000000000000,112.049999999999997,69.387000000000000,87.552952379999994,0.216285526000000,0.197998525000000,0.314748247000000,0.619250335000000,79.700999999999993,-0.027425336000000,-0.058133196000000,79.728425340000001,0.381058264000000,0.413869367000000,1.493760998000000,1.533041964000000,-93.530747439999999,44.077161660000002,1,0
352,352,76.597999999999999,113.069999999999993,70.497000000000000,88.735384740000001,0.211783461000000,0.192293903000000,0.306047612000000,0.623481029000000,79.045000000000002,-0.022419618000000,-0.055250322000000,79.067419619999995,0.370874018000000,0.406103687000000,1.476148202000000,1.517516928000000,-93.530747439999999,44.077122660000001,1,0
353,353,75.138999999999996,112.450000000000003,68.322000000000003,87.480983660000007,0.221084751000000,0.198897590000000,0.312835906000000,0.607576701000000,81.438999999999993,-0.028351263000000,-0.065644697000000,81.467351260000001,0.382657166000000,0.422493050000000,1.496559709000000,1.544715700000000,-93.530747439999999,44.077083660000000,1,0
354,354,76.015000000000001,113.980000000000004,69.796999999999997,88.771883380000006,0.219781043000000,0.199821048000000,0.315853841000000,0.612361818000000,82.147999999999996,-0.029096354000000,-0.062604699000000,82.177096349999999,0.384297685000000,0.420057742000000,1.499440900000000,1.542663414000000,-93.530747439999999,44.077044659999999,1,0
355,355,73.686999999999998,110.709999999999994,67.103999999999999,86.002761359999994,0.222602295000000,0.200778755000000,0.315645435000000,0.606124108000000,80.629000000000005,-0.030012604000000,-0.066657389000000,80.659012599999997,0.385997150000000,0.425082442000000,1.502435979000000,1.549993642000000,-93.530747439999999,44.077005659999998,1,0
356,356,74.224999999999994,109.200000000000003,68.950999999999993,86.000447719999997,0.208044782000000,0.190677389000000,0.305527893000000,0.631419414000000,75.224000000000004,-0.020940977000000,-0.050197325000000,75.244940979999996,0.367975956000000,0.399398026000000,1.471202425000000,1.507757999000000,-93.530747439999999,44.076966659999997,1,0
357,357,77.465000000000003,113.129999999999995,71.941999999999993,89.395888209999995,0.204577458000000,0.187124531000000,0.300582370000000,0.635923274000000,76.852999999999994,-0.017822250000000,-0.047274099000000,76.870822250000003,0.361587850000000,0.393296983000000,1.460401472000000,1.496818792000000,-93.530747439999999,44.076927660000003,1,1
358,358,73.715999999999994,107.549999999999997,67.799000000000007,84.848405130000003,0.206342975000000,0.186653868000000,0.298183613000000,0.630395165000000,73.584999999999994,-0.017455684000000,-0.050715275000000,73.602455680000006,0.360739685000000,0.396569970000000,1.458977698000000,1.500200704000000,-93.530747439999999,44.076888660000002,1,0
359,359,73.099000000000004,105.209999999999994,66.950999999999993,83.456664009999997,0.200787514000000,0.180086255000000,0.288358268000000,0.636355860000000,70.370000000000005,-0.011707576000000,-0.046801761000000,70.381707579999997,0.348858654000000,0.386833141000000,1.439280975000000,1.482009506000000,-93.530747439999999,44.076849660000001,1,0
360,360,71.552000000000007,103.549999999999997,65.572999999999993,81.939224499999995,0.203282737000000,0.182739203000000,0.292141807000000,0.633249638000000,69.974999999999994,-0.014032201000000,-0.048811883000000,69.989032199999997,0.353668148000000,0.391237492000000,1.447199240000000,1.489868489000000,-93.531098439999994,44.076810660000000,1,0
361,361,65.611000000000004,96.902000000000001,59.353999999999999,75.757724010000004,0.215952618000000,0.192544596000000,0.303327873000000,0.612515738000000,68.838999999999999,-0.022746060000000,-0.062228272000000,68.861746060000002,0.371322979000000,0.413701401000000,1.476916980000000,1.527040175000000,-93.530747439999999,44.076810660000000,1,0
362,362,71.123999999999995,107.519999999999996,64.890000000000001,83.326438130000000,0.225110667000000,0.203734802000000,0.319953584000000,0.603515625000000,79.025999999999996,-0.032629530000000,-0.068466826000000,79.058629530000005,0.391230461000000,0.429364837000000,1.511726000000000,1.558616499000000,-93.530708439999998,44.078019660000002,1,0
363,363,71.718999999999994,107.659999999999997,65.492000000000004,83.712788000000003,0.221566330000000,0.200363476000000,0.315584746000000,0.608322497000000,78.108999999999995,-0.029621311000000,-0.065222913000000,78.138621310000005,0.385260470000000,0.423243085000000,1.501136379000000,1.547232783000000,-93.530708439999998,44.077980660000001,1,0
364,364,74.206000000000003,110.609999999999999,67.825000000000003,86.296645670000004,0.218000776000000,0.196974288000000,0.311169235000000,0.613190489000000,79.188999999999993,-0.026605341000000,-0.061965398000000,79.215605339999996,0.379234698000000,0.417055794000000,1.490580277000000,1.535885217000000,-93.530708439999998,44.077941660000000,1,0
365,365,72.513999999999996,108.409999999999997,65.242000000000004,84.197242349999996,0.222981815000000,0.198403750000000,0.310298923000000,0.601807951000000,79.063999999999993,-0.027990868000000,-0.069348326000000,79.091990870000004,0.381779127000000,0.425982969000000,1.495021651000000,1.548568364000000,-93.530708439999998,44.077902659999999,1,0
366,366,73.911000000000001,109.439999999999998,67.689999999999998,85.677468099999999,0.214377457000000,0.193775873000000,0.307182196000000,0.618512427000000,77.278999999999996,-0.023759466000000,-0.058452603000000,77.302759469999998,0.373526177000000,0.410719478000000,1.480699761000000,1.524693209000000,-93.530708439999998,44.077863659999998,1,0
367,367,73.100999999999999,108.189999999999998,66.403999999999996,84.574077029999998,0.216010790000000,0.193550700000000,0.305421849000000,0.613772068000000,76.875000000000000,-0.023612104000000,-0.061464301000000,76.898612099999994,0.373123495000000,0.413718435000000,1.480007113000000,1.528127479000000,-93.530708439999998,44.077824659999997,1,0
368,368,71.052000000000007,106.829999999999998,64.075000000000003,82.798231119999997,0.225160341000000,0.201133336000000,0.314374335000000,0.599784705000000,78.533000000000001,-0.030407056000000,-0.070777039000000,78.563407060000003,0.386625869000000,0.429681215000000,1.503546698000000,1.556196817000000,-93.530708439999998,44.077785660000004,1,0
369,369,72.129000000000005,108.310000000000002,65.480000000000004,84.105646149999998,0.223050625000000,0.200516518000000,0.314729599000000,0.604560982000000,79.010999999999996,-0.029804122000000,-0.067656423000000,79.040804120000004,0.385532000000000,0.425916029000000,1.501615162000000,1.550761669000000,-93.530708439999998,44.077746660000003,1,0
370,370,71.376000000000005,107.579999999999998,65.099000000000004,83.478279760000007,0.223768965000000,0.202306712000000,0.317977814000000,0.605121770000000,78.685000000000002,-0.031360144000000,-0.067367602000000,78.716360140000006,0.388704524000000,0.427063264000000,1.507229321000000,1.554146558000000,-93.530708439999998,44.077707660000002,1,0
371,371,72.069999999999993,106.209999999999994,65.528000000000006,83.203701409999994,0.213766149000000,0.191496522000000,0.302788421000000,0.616966387000000,74.822000000000003,-0.021787636000000,-0.059353262000000,74.843787640000002,0.369445152000000,0.409791457000000,1.473706119000000,1.521153288000000,-93.531059440000007,44.078019660000002,1,0
372,372,72.676000000000002,109.359999999999999,66.412999999999997,84.955080570000007,0.222551697000000,0.201520578000000,0.317272515000000,0.607287857000000,79.631000000000000,-0.030644519000000,-0.065936269000000,79.661644519999996,0.387312198000000,0.424930066000000,1.504760856000000,1.550602257000000,-93.530708439999998,44.077668660000001,1,0
373,373,72.013000000000005,108.560000000000002,65.811999999999998,84.266175720000007,0.223400809000000,0.202394599000000,0.318461847000000,0.606226971000000,79.295000000000002,-0.031421556000000,-0.066656655000000,79.326421560000000,0.388860099000000,0.426391983000000,1.507505589000000,1.553392369000000,-93.530708439999998,44.077629659999999,1,0
374,374,71.400000000000006,108.920000000000002,63.999000000000002,83.780264979999998,0.233385895000000,0.208074534000000,0.322555686000000,0.587578039000000,82.441000000000003,-0.036673366000000,-0.079082675000000,82.477673370000005,0.398879573000000,0.443862693000000,1.525490196000000,1.582104820000000,-93.530708439999998,44.077590659999998,1,0
375,375,74.347999999999999,111.500000000000000,67.441999999999993,86.618509320000001,0.222621234000000,0.199905299000000,0.313767883000000,0.604860987000000,81.209999999999994,-0.029266059000000,-0.067437325000000,81.239266060000006,0.384447267000000,0.425191464000000,1.499704094000000,1.549189033000000,-93.530708439999998,44.077551659999997,1,0
376,376,73.700999999999993,110.890000000000001,66.174000000000007,85.843710270000003,0.226472743000000,0.201467027000000,0.314051192000000,0.596753540000000,81.905000000000001,-0.030740335000000,-0.072762945000000,81.935740330000002,0.387217305000000,0.432027453000000,1.504592882000000,1.559547974000000,-93.530708439999998,44.077512659999996,1,0
377,377,71.811999999999998,109.090000000000003,64.686000000000007,84.146439889999996,0.230299032000000,0.206067373000000,0.320764783000000,0.592959941000000,81.682000000000002,-0.034827435000000,-0.075449941000000,81.716827429999995,0.395346833000000,0.438502287000000,1.519105442000000,1.572902125000000,-93.530708439999998,44.077473660000003,1,0
378,378,73.750000000000000,112.819999999999993,66.165000000000006,86.689526709999996,0.234506435000000,0.209412017000000,0.324488186000000,0.586465166000000,85.724999999999994,-0.037865749000000,-0.079882090000000,85.762865750000003,0.401228790000000,0.445744788000000,1.529762712000000,1.586059938000000,-93.530708439999998,44.077434660000002,1,0
379,379,73.492999999999995,112.319999999999993,65.938000000000002,86.342000769999999,0.234045008000000,0.208957393000000,0.323895725000000,0.587054843000000,85.209000000000003,-0.037456852000000,-0.079470588000000,85.246456850000001,0.400430703000000,0.444960832000000,1.528308819000000,1.584523985000000,-93.530708439999998,44.077395660000001,1,0
380,380,74.512000000000000,113.140000000000001,66.893000000000001,87.230291359999995,0.230836178000000,0.205849125000000,0.319876779000000,0.591240940000000,84.875000000000000,-0.034662633000000,-0.076567208000000,84.909662630000000,0.394962177000000,0.439490156000000,1.518413142000000,1.573944887000000,-93.530708439999998,44.077356660000000,1,0
381,381,73.578000000000003,112.150000000000006,66.406999999999996,86.412256520000000,0.231453395000000,0.207680048000000,0.323262460000000,0.592126616000000,84.314999999999998,-0.036253594000000,-0.076071152000000,84.351253589999999,0.398185938000000,0.440429054000000,1.524232787000000,1.577179634000000,-93.530708439999998,44.077317659999999,1,0
382,382,74.060000000000002,107.760000000000005,67.780000000000001,85.031816789999993,0.206178643000000,0.185348147000000,0.295510347000000,0.628990349000000,73.680000000000007,-0.016330128000000,-0.051554487000000,73.696330130000007,0.358384379000000,0.396370193000000,1.455036457000000,1.498609318000000,-93.531059440000007,44.077980660000001,1,0
383,383,73.396000000000001,111.560000000000002,65.778999999999996,85.944717229999995,0.231703446000000,0.206340968000000,0.320229574000000,0.589628899000000,83.944999999999993,-0.035119150000000,-0.077649311000000,83.980119149999993,0.395828889000000,0.441004803000000,1.519973841000000,1.576456387000000,-93.530708439999998,44.077278659999998,1,0
384,384,76.474000000000004,114.060000000000002,69.411000000000001,88.836635079999994,0.219876740000000,0.197266630000000,0.310312657000000,0.608548133000000,82.234999999999999,-0.026914924000000,-0.064954510000000,82.261914919999995,0.379755410000000,0.420440129000000,1.491487303000000,1.540401858000000,-93.530708439999998,44.077239659999996,1,0
385,385,71.661000000000001,109.120000000000005,64.072999999999993,83.959956030000001,0.233084916000000,0.207206510000000,0.320963430000000,0.587179252000000,82.506000000000000,-0.035917731000000,-0.079303585000000,82.541917729999994,0.397352858000000,0.443406745000000,1.522725053000000,1.580548738000000,-93.530708439999998,44.077200660000003,1,0
386,386,72.503000000000000,109.950000000000003,65.248000000000005,84.858684519999997,0.229690397000000,0.205241898000000,0.319500021000000,0.593433379000000,82.149000000000001,-0.034096754000000,-0.075101836000000,82.183096750000004,0.393891420000000,0.437483206000000,1.516488973000000,1.570677122000000,-93.530708439999998,44.077161660000002,1,0
387,387,74.977999999999994,111.670000000000002,67.974999999999994,87.010516620000004,0.219460923000000,0.196583944000000,0.309185746000000,0.608713173000000,80.387000000000000,-0.026316554000000,-0.064821324000000,80.413316550000005,0.378539149000000,0.419743585000000,1.489370215000000,1.538804147000000,-93.530708439999998,44.077122660000001,1,0
388,388,71.512000000000000,109.379999999999995,63.350000000000001,83.847426999999996,0.237253338000000,0.209340380000000,0.322165694000000,0.579173523000000,83.897999999999996,-0.037926319000000,-0.084711065000000,83.935926319999993,0.401103062000000,0.450683745000000,1.529533505000000,1.592522410000000,-93.530708439999998,44.077083660000000,1,0
389,389,72.263999999999996,109.780000000000001,65.786000000000001,84.855822610000004,0.227929868000000,0.206082046000000,0.322696073000000,0.599253052000000,81.510000000000005,-0.034743171000000,-0.071337610000000,81.544743170000004,0.395372689000000,0.434241292000000,1.519151998000000,1.567414302000000,-93.530708439999998,44.077044659999999,1,0
390,390,72.567999999999998,109.980000000000004,65.825000000000003,85.038512159999996,0.227616345000000,0.204943357000000,0.320519521000000,0.598517912000000,81.566999999999993,-0.033758903000000,-0.071767060000000,81.600758900000002,0.393364697000000,0.433774482000000,1.515544041000000,1.565570173000000,-93.530708439999998,44.077005659999998,1,0
391,391,70.784999999999997,108.099999999999994,65.119000000000000,83.539632080000004,0.228046259000000,0.208597702000000,0.327997820000000,0.602395930000000,80.296000000000006,-0.036888740000000,-0.069398043000000,80.332888740000001,0.399798952000000,0.434251993000000,1.527159709000000,1.570182807000000,-93.530708439999998,44.076966659999997,1,0
392,392,74.518000000000001,109.840000000000003,67.777000000000001,86.045491170000005,0.213785482000000,0.191594615000000,0.302982476000000,0.617052076000000,77.385000000000005,-0.021872410000000,-0.059302358000000,77.406872410000005,0.369620999000000,0.409818407000000,1.474006280000000,1.521289580000000,-93.530708439999998,44.076927660000003,1,0
393,393,73.885999999999996,108.609999999999999,67.498999999999995,85.267008270000005,0.211472233000000,0.190272664000000,0.301955703000000,0.621480527000000,75.834999999999994,-0.020678814000000,-0.056446729000000,75.855678810000001,0.367249540000000,0.405693477000000,1.469967247000000,1.514896081000000,-93.531059440000007,44.077941660000000,1,0
394,394,68.381000000000000,101.980000000000004,61.884999999999998,79.384370390000001,0.220491524000000,0.197222369000000,0.309736716000000,0.606834673000000,73.694000000000003,-0.026896480000000,-0.066054959000000,73.720896479999993,0.379676586000000,0.421562173000000,1.491349936000000,1.541754155000000,-93.530708439999998,44.076888660000002,1,0
395,395,66.596000000000004,99.757999999999996,60.198000000000000,77.482223730000001,0.222861696000000,0.199345973000000,0.312389314000000,0.603440326000000,72.721999999999994,-0.028795155000000,-0.068332215000000,72.750795159999996,0.383453940000000,0.425677307000000,1.497957835000000,1.549198238000000,-93.530708439999998,44.076849660000001,1,0
396,396,69.183999999999997,101.959999999999994,63.478999999999999,80.024685559999995,0.211707068000000,0.191511242000000,0.304425765000000,0.622587289000000,71.257000000000005,-0.021747229000000,-0.055789074000000,71.278747229999993,0.369471540000000,0.406024070000000,1.473751156000000,1.516597133000000,-93.530708439999998,44.076810660000000,1,0
397,397,75.239000000000004,111.000000000000000,68.594999999999999,86.962024560000003,0.213665214000000,0.192016710000000,0.303976403000000,0.617972973000000,78.165999999999997,-0.022231727000000,-0.058732351000000,78.188231729999998,0.370377449000000,0.409562575000000,1.475298715000000,1.521423425000000,-93.530669439999997,44.078019660000002,1,0
398,398,75.117999999999995,110.299999999999997,68.174000000000007,86.518780620000001,0.212447649000000,0.189744254000000,0.300075057000000,0.618077969000000,77.308000000000007,-0.020248273000000,-0.058583867000000,77.328248270000003,0.366300629000000,0.407527059000000,1.468356453000000,1.516558617000000,-93.530669439999997,44.077980660000001,1,0
399,399,75.445999999999998,111.640000000000001,68.837999999999994,87.357996700000001,0.214917674000000,0.193461830000000,0.306085515000000,0.616606951000000,78.995999999999995,-0.023505416000000,-0.059653647000000,79.019505420000002,0.372964538000000,0.411730239000000,1.479733849000000,1.525596432000000,-93.530669439999997,44.077941660000000,1,0
400,400,73.906000000000006,109.629999999999995,66.614000000000004,85.475647080000002,0.218855968000000,0.194643013000000,0.305537025000000,0.607625650000000,78.739999999999995,-0.024631621000000,-0.065442335000000,78.764631620000003,0.375075935000000,0.418817130000000,1.483370768000000,1.535581036000000,-93.530669439999997,44.077902659999999,1,0
401,401,77.802999999999997,112.709999999999994,71.094999999999999,89.090496939999994,0.204430458000000,0.183226342000000,0.292309367000000,0.630778103000000,76.522000000000006,-0.014471270000000,-0.050369255000000,76.536471270000007,0.354549776000000,0.393318350000000,1.448658792000000,1.492813254000000,-93.530669439999997,44.077863659999998,1,0
402,402,74.968999999999994,110.489999999999995,68.355999999999995,86.604337450000003,0.213159303000000,0.191530203000000,0.303331255000000,0.618662322000000,77.655000000000001,-0.021800918000000,-0.058277092000000,77.676800920000005,0.369505533000000,0.408677898000000,1.473809174000000,1.519834316000000,-93.530669439999997,44.077824659999997,1,0
403,403,75.447999999999993,111.010000000000005,68.533000000000001,87.010330600000003,0.213220729000000,0.190723916000000,0.301564554000000,0.617358797000000,78.039000000000001,-0.021109765000000,-0.059075811000000,78.060109760000003,0.368059445000000,0.408859270000000,1.471344502000000,1.519205245000000,-93.530669439999997,44.077785660000004,1,0
404,404,74.100999999999999,108.560000000000002,67.212999999999994,85.232660350000003,0.211492213000000,0.188650013000000,0.298480701000000,0.619132277000000,75.805999999999997,-0.019284119000000,-0.057876370000000,75.825284120000006,0.364333813000000,0.405868691000000,1.465027463000000,1.513405258000000,-93.531059440000007,44.077902659999999,1,0
405,405,75.322000000000003,111.040000000000006,68.444000000000003,86.963337910000007,0.214062748000000,0.191659244000000,0.302905409000000,0.616390490000000,78.313999999999993,-0.021935119000000,-0.059725438000000,78.335935120000002,0.369736846000000,0.410320396000000,1.474204084000000,1.521969332000000,-93.530669439999997,44.077746660000003,1,0
406,406,75.915000000000006,111.359999999999999,69.171000000000006,87.461923270000000,0.211073229000000,0.189267121000000,0.300116846000000,0.621147629000000,77.634000000000000,-0.019805339000000,-0.056622447000000,77.653805340000005,0.365443315000000,0.405045653000000,1.466903774000000,1.513059496000000,-93.530669439999997,44.077707660000002,1,0
407,407,75.079999999999998,110.299999999999997,68.281999999999996,86.536173410000004,0.212214462000000,0.189988132000000,0.300773711000000,0.619057117000000,77.238000000000000,-0.020452413000000,-0.057971632000000,77.258452410000004,0.366738653000000,0.407077923000000,1.469099627000000,1.516271084000000,-93.530669439999997,44.077668660000001,1,0
408,408,77.301000000000002,113.150000000000006,70.623999999999995,89.005835910000002,0.209432828000000,0.188232144000000,0.299172974000000,0.624162616000000,78.375000000000000,-0.018878100000000,-0.054683137000000,78.393878099999995,0.363582087000000,0.402120516000000,1.463758554000000,1.508460592000000,-93.530669439999997,44.077629659999999,1,0
409,409,74.275000000000006,110.989999999999995,66.528000000000006,86.142383120000005,0.223761863000000,0.198175586000000,0.309212798000000,0.599405352000000,81.177000000000007,-0.027820472000000,-0.070894743000000,81.204820470000001,0.381373285000000,0.427424678000000,1.494311680000000,1.550141378000000,-93.530669439999997,44.077590659999998,1,0
410,410,76.673000000000002,113.189999999999998,69.253000000000000,88.481077139999996,0.216096437000000,0.192333419000000,0.302769256000000,0.611829667000000,80.453999999999994,-0.022568271000000,-0.062658423000000,80.476568270000001,0.370944795000000,0.413984048000000,1.476269352000000,1.527163342000000,-93.530669439999997,44.077551659999997,1,0
411,411,74.159999999999997,111.400000000000006,66.869000000000000,86.373469619999995,0.224751188000000,0.200689804000000,0.313755887000000,0.600260323000000,81.771000000000001,-0.030012400000000,-0.070449116000000,81.801012400000005,0.385839387000000,0.428980941000000,1.502157497000000,1.554827162000000,-93.530669439999997,44.077512659999996,1,0
412,412,74.632000000000005,112.379999999999995,66.944999999999993,86.949856909999994,0.227066881000000,0.201848010000000,0.314391132000000,0.595702082000000,83.183000000000007,-0.031088728000000,-0.073465193000000,83.214088730000000,0.387892272000000,0.433067067000000,1.505788402000000,1.561291002000000,-93.530669439999997,44.077473660000003,1,0
413,413,76.980999999999995,114.189999999999998,69.234999999999999,88.992351139999997,0.219340303000000,0.194637262000000,0.305151883000000,0.606314038000000,82.164000000000001,-0.024640753000000,-0.066284955000000,82.188640750000005,0.375065662000000,0.419702740000000,1.483353035000000,1.536674163000000,-93.530669439999997,44.077434660000002,1,0
414,414,73.796000000000006,110.680000000000007,65.921000000000006,85.715596120000001,0.226109666000000,0.199939287000000,0.311112986000000,0.595599928000000,81.643000000000001,-0.029415688000000,-0.073445768000000,81.672415689999994,0.384507607000000,0.431519496000000,1.499810288000000,1.557242820000000,-93.530669439999997,44.077395660000001,1,0
415,415,74.900999999999996,110.060000000000002,68.614999999999995,86.470383420000005,0.210661211000000,0.190088721000000,0.302193457000000,0.623432673000000,76.603999999999999,-0.020501152000000,-0.055206329000000,76.624501150000000,0.366919283000000,0.404222985000000,1.469406283000000,1.512929597000000,-93.531059440000007,44.077863659999998,1,0
416,416,76.367999999999995,113.129999999999995,68.640000000000001,88.207932229999997,0.218849995000000,0.193996770000000,0.304175148000000,0.606735614000000,81.251999999999995,-0.024075495000000,-0.065987960000000,81.276075489999997,0.373921114000000,0.418867695000000,1.481379635000000,1.534954970000000,-93.530669439999997,44.077356660000000,1,0
417,417,75.075000000000003,111.680000000000007,67.474999999999994,86.912894420000001,0.220846656000000,0.196005462000000,0.306882964000000,0.604181590000000,80.810000000000002,-0.025862408000000,-0.067714274000000,80.835862410000004,0.377507776000000,0.422322451000000,1.487579088000000,1.541400266000000,-93.530669439999997,44.077317659999999,1,0
418,418,74.340000000000003,111.760000000000005,66.405000000000001,86.460698629999996,0.227238412000000,0.201074691000000,0.312627929000000,0.594175018000000,82.775000000000006,-0.030431081000000,-0.074426249000000,82.805431080000005,0.386521903000000,0.433454809000000,1.503362927000000,1.560946749000000,-93.530669439999997,44.077278659999998,1,0
419,419,76.248999999999995,112.659999999999997,68.816999999999993,88.018871250000004,0.216676656000000,0.192743596000000,0.303192552000000,0.610837919000000,80.254000000000005,-0.022936762000000,-0.063308320000000,80.276936759999998,0.371679272000000,0.415008607000000,1.477527574000000,1.528857074000000,-93.530669439999997,44.077239659999996,1,0
420,420,74.171999999999997,111.879999999999995,66.268000000000001,86.429292500000003,0.228775398000000,0.202674521000000,0.314799973000000,0.592313193000000,83.319999999999993,-0.031861129000000,-0.075716550000000,83.351861130000003,0.389355501000000,0.436079931000000,1.508385914000000,1.566059282000000,-93.530669439999997,44.077200660000003,1,0
421,421,74.183999999999997,111.099999999999994,66.468000000000004,86.148071909999999,0.224741768000000,0.199240085000000,0.310698896000000,0.598271827000000,81.548000000000002,-0.028767994000000,-0.071676888000000,81.576767989999993,0.383265817000000,0.429102521000000,1.497627521000000,1.553413678000000,-93.530669439999997,44.077161660000002,1,0
422,422,77.864999999999995,114.709999999999994,71.111000000000004,89.959466140000004,0.212592099000000,0.191328054000000,0.303340908000000,0.619919798000000,80.444000000000003,-0.021612827000000,-0.057472145000000,80.465612829999998,0.369143099000000,0.407656906000000,1.473190779000000,1.518381921000000,-93.530669439999997,44.077122660000001,1,0
423,423,70.712000000000003,108.730000000000004,63.655000000000001,83.415344050000002,0.236175734000000,0.211867902000000,0.328344287000000,0.585441001000000,83.093000000000004,-0.040038339000000,-0.080679729000000,83.133038339999999,0.405532268000000,0.448500138000000,1.537645661000000,1.592433284000000,-93.530669439999997,44.077083660000000,1,0
424,424,74.120000000000005,111.760000000000005,66.554000000000002,86.435924080000007,0.227477663000000,0.202496234000000,0.315438379000000,0.595508232000000,82.846000000000004,-0.031659761000000,-0.073620828000000,82.877659760000000,0.389039990000000,0.433748128000000,1.507825148000000,1.562868645000000,-93.530669439999997,44.077044659999999,1,0
425,425,75.847999999999999,112.680000000000007,68.950999999999993,87.946843610000002,0.217638907000000,0.195366206000000,0.308019101000000,0.611918708000000,80.561000000000007,-0.025216814000000,-0.062718125000000,80.586216809999996,0.376367243000000,0.416531645000000,1.485602785000000,1.533522286000000,-93.530669439999997,44.077005659999998,1,0
426,426,75.167000000000002,110.780000000000001,68.665000000000006,86.866120199999997,0.212724964000000,0.191522315000000,0.303652734000000,0.619832100000000,77.727999999999994,-0.021782948000000,-0.057534602000000,77.749782949999997,0.369491392000000,0.407884003000000,1.473785039000000,1.518861978000000,-93.531059440000007,44.077824659999997,1,0
427,427,72.688999999999993,110.180000000000007,65.189999999999998,84.996194470000006,0.230240147000000,0.205015612000000,0.318587004000000,0.591668179000000,82.480999999999995,-0.033924994000000,-0.076247989000000,82.514924989999997,0.393492196000000,0.438496053000000,1.515772675000000,1.571740639000000,-93.530669439999997,44.076966659999997,1,0
428,428,80.132999999999996,114.219999999999999,73.015000000000001,90.918821510000001,0.197312284000000,0.175387053000000,0.280926008000000,0.639248818000000,75.292000000000002,-0.007606744000000,-0.044878220000000,75.299606740000002,0.340306081000000,0.380761599000000,1.425380305000000,1.470224734000000,-93.530669439999997,44.076927660000003,1,0
429,429,71.789000000000001,105.430000000000007,64.578999999999994,82.542095649999993,0.214533390000000,0.189827276000000,0.298659446000000,0.612529641000000,74.492000000000004,-0.020369896000000,-0.062115485000000,74.512369899999996,0.366449757000000,0.411351544000000,1.468609397000000,1.521294085000000,-93.530669439999997,44.076888660000002,1,0
430,430,70.802999999999997,104.510000000000005,64.233000000000004,81.774656219999997,0.215034762000000,0.192267544000000,0.303447965000000,0.614611042000000,73.983999999999995,-0.022483364000000,-0.060881000000000,74.006483360000004,0.370826805000000,0.412046319000000,1.476067398000000,1.524719337000000,-93.530669439999997,44.076849660000001,1,0
431,431,72.204999999999998,104.689999999999998,65.668000000000006,82.635432980000004,0.205921907000000,0.183640012000000,0.292060381000000,0.627261439000000,71.507000000000005,-0.014853873000000,-0.052583453000000,71.521853870000001,0.355298075000000,0.396039662000000,1.449899591000000,1.496449334000000,-93.530669439999997,44.076810660000000,1,0
432,432,76.334999999999994,111.450000000000003,69.593999999999994,87.733421149999998,0.208690206000000,0.186995766000000,0.297103840000000,0.624441454000000,76.971000000000004,-0.017798655000000,-0.054465982000000,76.988798650000007,0.361355852000000,0.400858277000000,1.460011790000000,1.505660126000000,-93.530630439999996,44.078019660000002,1,0
433,433,77.308000000000007,112.010000000000005,70.530000000000001,88.500937590000007,0.204868525000000,0.183300056000000,0.292133886000000,0.629675922000000,76.182000000000002,-0.014542348000000,-0.051060620000000,76.196542350000001,0.354683145000000,0.394121684000000,1.448879805000000,1.493834873000000,-93.530630439999996,44.077980660000001,1,0
434,434,77.018000000000001,113.170000000000002,69.444999999999993,88.622475039999998,0.214260615000000,0.190085600000000,0.299412802000000,0.613634355000000,79.876999999999995,-0.020585981000000,-0.061421314000000,79.897585980000002,0.366913678000000,0.410825552000000,1.469396764000000,1.520925169000000,-93.530630439999996,44.077941660000000,1,0
435,435,75.379000000000005,110.599999999999994,68.099000000000004,86.702224970000003,0.213125003000000,0.189381597000000,0.298786902000000,0.615723327000000,77.721999999999994,-0.019952141000000,-0.060065807000000,77.741952139999995,0.365649048000000,0.408804056000000,1.467252152000000,1.517725617000000,-93.530630439999996,44.077902659999999,1,0
436,436,77.290999999999997,112.489999999999995,70.635999999999996,88.726815329999994,0.206627926000000,0.185471675000000,0.295429938000000,0.627931372000000,77.052999999999997,-0.016445163000000,-0.052222397000000,77.069445160000001,0.358607350000000,0.397187856000000,1.455408780000000,1.499706357000000,-93.530630439999996,44.077863659999998,1,0
437,437,75.144999999999996,109.629999999999995,68.623000000000005,86.360917189999995,0.207950902000000,0.186632391000000,0.296895447000000,0.625950926000000,75.492000000000004,-0.017470540000000,-0.053503974000000,75.509470539999995,0.360700972000000,0.399528202000000,1.458912769000000,1.503694616000000,-93.531059440000007,44.077785660000004,1,0
438,438,77.992999999999995,113.599999999999994,70.349999999999994,89.325230759999997,0.209981280000000,0.185847082000000,0.293682934000000,0.619278169000000,78.856999999999999,-0.016834960000000,-0.057684305000000,78.873834959999996,0.359284778000000,0.403340920000000,1.456540972000000,1.507433919000000,-93.530630439999996,44.077824659999997,1,0
439,439,74.459999999999994,109.269999999999996,67.328999999999994,85.668778329999995,0.213002562000000,0.189462799000000,0.299052414000000,0.616170953000000,76.751000000000005,-0.020019199000000,-0.059784353000000,76.771019199999998,0.365794966000000,0.408571540000000,1.467499328000000,1.517528864000000,-93.530630439999996,44.077785660000004,1,0
440,440,77.644999999999996,112.959999999999994,70.376999999999995,88.959971809999999,0.208315728000000,0.185278455000000,0.293733573000000,0.623025850000000,77.897999999999996,-0.016311470000000,-0.055299599000000,77.914311470000001,0.358258573000000,0.400317483000000,1.454826454000000,1.503226916000000,-93.530630439999996,44.077746660000003,1,0
441,441,74.355000000000004,109.030000000000001,67.088999999999999,85.473467319999997,0.213115849000000,0.189083077000000,0.298161588000000,0.615326057000000,76.616000000000000,-0.019694659000000,-0.060307257000000,76.635694659999999,0.365112501000000,0.408814968000000,1.466343891000000,1.517424998000000,-93.530630439999996,44.077707660000002,1,0
442,442,76.382999999999996,111.900000000000006,69.337999999999994,87.870607399999997,0.211297869000000,0.188636255000000,0.298600193000000,0.619642538000000,78.078999999999994,-0.019267839000000,-0.057552762000000,78.098267840000005,0.364309068000000,0.405512659000000,1.464985664000000,1.512961349000000,-93.530630439999996,44.077668660000001,1,0
443,443,75.164000000000001,109.989999999999995,68.281999999999996,86.428888920000006,0.210590327000000,0.188092075000000,0.297984119000000,0.620801891000000,76.534000000000006,-0.018783440000000,-0.056800139000000,76.552783439999999,0.363330031000000,0.404259540000000,1.463333511000000,1.510882301000000,-93.530630439999996,44.077629659999999,1,0
444,444,76.275000000000006,111.849999999999994,68.409999999999997,87.575160530000005,0.214490275000000,0.189102990000000,0.297164098000000,0.611622709000000,79.015000000000001,-0.019743895000000,-0.062665913000000,79.034743890000001,0.365148299000000,0.411342913000000,1.466404458000000,1.520520314000000,-93.530630439999996,44.077590659999998,1,0
445,445,78.626999999999995,114.079999999999998,69.998000000000005,89.621745000000004,0.211088552000000,0.183973597000000,0.288919313000000,0.613586957000000,79.534999999999997,-0.015234579000000,-0.061220000000000,79.550234579999994,0.355901259000000,0.405579550000000,1.450901090000000,1.508167819000000,-93.530630439999996,44.077551659999997,1,0
446,446,79.619000000000000,115.849999999999994,71.433000000000007,91.036771229999999,0.210705627000000,0.185354199000000,0.292100680000000,0.616599050000000,80.647999999999996,-0.016423256000000,-0.059361863000000,80.664423260000007,0.358395305000000,0.404727696000000,1.455054698000000,1.508584206000000,-93.530630439999996,44.077512659999996,1,0
447,447,75.834000000000003,112.159999999999997,67.783000000000001,87.417001099999993,0.219339180000000,0.193229571000000,0.302185324000000,0.604342011000000,80.703000000000003,-0.023428221000000,-0.067495514000000,80.726428220000003,0.372549031000000,0.419839645000000,1.479019965000000,1.535343358000000,-93.530630439999996,44.077473660000003,1,0
448,448,75.900999999999996,109.000000000000000,69.191999999999993,86.466746330000007,0.200794287000000,0.179009308000000,0.286053807000000,0.634788991000000,72.906999999999996,-0.010777944000000,-0.047743149000000,72.917777939999993,0.346902361000000,0.386935028000000,1.436081211000000,1.481026425000000,-93.531098439999994,44.077902659999999,1,0
449,449,76.283000000000001,110.780000000000001,69.456000000000003,87.398398970000002,0.206428550000000,0.184413807000000,0.293324377000000,0.626972378000000,75.820999999999998,-0.015530234000000,-0.052789852000000,75.836530229999994,0.356696905000000,0.396908923000000,1.452223956000000,1.498278988000000,-93.531059440000007,44.077746660000003,1,0
450,450,78.489000000000004,115.790000000000006,70.841999999999999,90.528883390000004,0.215927080000000,0.191997076000000,0.302186541000000,0.611814492000000,82.248999999999995,-0.022274358000000,-0.062655165000000,82.271274360000007,0.370342271000000,0.413704900000000,1.475238568000000,1.526464632000000,-93.530630439999996,44.077434660000002,1,0
451,451,73.927999999999997,110.090000000000003,65.983999999999995,85.516169110000007,0.222909701000000,0.196513385000000,0.306369351000000,0.599364157000000,80.268000000000001,-0.026362989000000,-0.070849033000000,80.294362989999996,0.378413386000000,0.426038178000000,1.489151607000000,1.546604361000000,-93.530630439999996,44.077395660000001,1,0
452,452,77.117999999999995,114.159999999999997,68.620000000000005,88.860182170000002,0.220773249000000,0.193655308000000,0.301994163000000,0.601086195000000,82.581999999999994,-0.023835505000000,-0.069611925000000,82.605835499999998,0.373310581000000,0.422425434000000,1.480328847000000,1.539015458000000,-93.530630439999996,44.077356660000000,1,0
453,453,76.536000000000001,112.629999999999995,68.313999999999993,87.958472760000006,0.217259734000000,0.190805959000000,0.298662827000000,0.606534671000000,80.409999999999997,-0.021281653000000,-0.065987261000000,80.431281650000003,0.368206650000000,0.416268715000000,1.471595066000000,1.528353748000000,-93.530630439999996,44.077317659999999,1,0
454,454,74.900999999999996,112.340000000000003,67.122000000000000,87.055151649999999,0.225405846000000,0.199950865000000,0.311682581000000,0.597489763000000,82.656999999999996,-0.029401289000000,-0.072216478000000,82.686401290000006,0.384528161000000,0.430239410000000,1.499846464000000,1.555625924000000,-93.530630439999996,44.077278659999998,1,0
455,455,79.629999999999995,116.079999999999998,72.015000000000001,91.290130030000000,0.209781009000000,0.186244954000000,0.294676422000000,0.620391110000000,80.515000000000001,-0.017174339000000,-0.056995051000000,80.532174339999997,0.360002438000000,0.402934211000000,1.457742057000000,1.507361375000000,-93.530630439999996,44.077239659999996,1,0
456,456,75.811000000000007,111.819999999999993,67.978999999999999,87.315833920000003,0.217320306000000,0.191913916000000,0.300947748000000,0.607932391000000,79.849999999999994,-0.022239349000000,-0.065135949000000,79.872239350000001,0.370193262000000,0.416268036000000,1.474983841000000,1.529527517000000,-93.530630439999996,44.077200660000003,1,0
457,457,73.027000000000001,109.269999999999996,65.578000000000003,84.800451480000007,0.223816657000000,0.198812926000000,0.310514998000000,0.600146426000000,79.935000000000002,-0.028369945000000,-0.070441957000000,79.963369940000007,0.382506672000000,0.427462018000000,1.496295891000000,1.550875751000000,-93.530630439999996,44.077161660000002,1,0
458,458,77.132999999999996,112.750000000000000,70.519999999999996,88.760224930000007,0.208619521000000,0.187573400000000,0.298392299000000,0.625454545000000,77.846999999999994,-0.018293952000000,-0.053847306000000,77.865293949999995,0.362396328000000,0.400680404000000,1.461760855000000,1.506049772000000,-93.530630439999996,44.077122660000001,1,0
459,459,73.179000000000002,110.079999999999998,65.593000000000004,85.196271609999997,0.226750471000000,0.201359824000000,0.313608009000000,0.595866642000000,81.388000000000005,-0.030658383000000,-0.073335959000000,81.418658379999997,0.387027324000000,0.432541285000000,1.504256686000000,1.560088011000000,-93.530630439999996,44.077083660000000,1,0
460,460,70.558000000000007,105.030000000000001,64.572999999999993,82.015048600000000,0.217065335000000,0.196323211000000,0.310516597000000,0.614805294000000,74.929000000000002,-0.026019212000000,-0.060908307000000,74.955019210000003,0.378074376000000,0.415408693000000,1.488562601000000,1.533154909000000,-93.531059440000007,44.077707660000002,1,0
461,461,75.914000000000001,112.230000000000004,68.244000000000000,87.589481550000002,0.217846117000000,0.193022366000000,0.302885738000000,0.608072708000000,80.302000000000007,-0.023208575000000,-0.065090410000000,80.325208570000001,0.372178251000000,0.417123901000000,1.478383434000000,1.531760274000000,-93.530630439999996,44.077044659999999,1,0
462,462,74.938999999999993,111.099999999999994,67.593999999999994,86.656433800000002,0.218425533000000,0.194373223000000,0.305297818000000,0.608406841000000,79.667000000000002,-0.024387205000000,-0.064930037000000,79.691387210000002,0.374593931000000,0.418055896000000,1.482539132000000,1.534350153000000,-93.530630439999996,44.077005659999998,1,0
463,463,75.653000000000006,111.719999999999999,68.457999999999998,87.352222970000000,0.215831272000000,0.192487712000000,0.303300677000000,0.612764053000000,79.328999999999994,-0.022693888000000,-0.062067537000000,79.351693890000007,0.371221117000000,0.413484439000000,1.476742495000000,1.526713764000000,-93.530630439999996,44.076966659999997,1,0
464,464,79.677000000000007,114.219999999999999,71.718000000000004,90.439858939999993,0.202838074000000,0.178151287000000,0.282724527000000,0.627893539000000,77.045000000000002,-0.010060426000000,-0.052010617000000,77.055060429999997,0.345342145000000,0.390817930000000,1.433537909000000,1.484666406000000,-93.530630439999996,44.076927660000003,1,0
465,465,72.632999999999996,107.400000000000006,65.114000000000004,83.765835690000003,0.218560929000000,0.193114596000000,0.302534829000000,0.606275605000000,77.052999999999997,-0.023307648000000,-0.066247598000000,77.076307650000004,0.372343301000000,0.418424580000000,1.478666722000000,1.533466695000000,-93.530630439999996,44.076888660000002,1,0
466,466,68.341999999999999,101.420000000000002,61.674999999999997,79.078971050000007,0.218781639000000,0.194849260000000,0.306031253000000,0.608114770000000,72.822999999999993,-0.024806751000000,-0.065136517000000,72.847806750000004,0.375444313000000,0.418662139000000,1.484006906000000,1.535608726000000,-93.530630439999996,44.076849660000001,1,0
467,467,73.921000000000006,105.849999999999994,67.090000000000003,84.003184149999996,0.200416205000000,0.177609292000000,0.283357443000000,0.633821445000000,70.688999999999993,-0.009562466000000,-0.048302486000000,70.698562469999999,0.344355857000000,0.386353870000000,1.431934092000000,1.478923374000000,-93.530630439999996,44.076810660000000,1,0
468,468,73.751000000000005,110.049999999999997,67.066999999999993,85.728631910000004,0.219667625000000,0.197490764000000,0.310954820000000,0.609422990000000,79.281999999999996,-0.027100308000000,-0.064401199000000,79.309100310000005,0.380154514000000,0.420040724000000,1.492183157000000,1.540144224000000,-93.530591439999995,44.078019660000002,1,0
469,469,73.658000000000001,109.799999999999997,67.328999999999994,85.663557409999996,0.218013961000000,0.197004219000000,0.311222864000000,0.613196721000000,78.613000000000000,-0.026631364000000,-0.061962542000000,78.639631359999996,0.379288019000000,0.417077319000000,1.490673111000000,1.535943821000000,-93.530591439999995,44.077980660000001,1,0
470,470,75.209999999999994,110.879999999999995,67.912000000000006,86.723618939999994,0.215516249000000,0.191681444000000,0.301832828000000,0.612481962000000,78.638000000000005,-0.021991953000000,-0.062216833000000,78.659991950000006,0.369776638000000,0.412981154000000,1.474272038000000,1.525243589000000,-93.530591439999995,44.077941660000000,1,0
471,471,74.301000000000002,109.810000000000002,67.945999999999998,86.014598789999994,0.213816126000000,0.192867346000000,0.305677269000000,0.618759676000000,77.373000000000005,-0.022965440000000,-0.058263012000000,77.395965439999998,0.371900796000000,0.409768319000000,1.477907431000000,1.522572134000000,-93.531059440000007,44.077668660000001,1,0
472,472,74.530000000000001,110.180000000000007,66.694000000000003,85.911665749999997,0.218859242000000,0.193005251000000,0.302077684000000,0.605318570000000,79.135999999999996,-0.023221588000000,-0.066858125000000,79.159221590000001,0.372147622000000,0.418982333000000,1.478330873000000,1.534041178000000,-93.530591439999995,44.077902659999999,1,0
473,473,75.040999999999997,110.170000000000002,68.004000000000005,86.396613740000006,0.212708285000000,0.189670160000000,0.299717594000000,0.617264228000000,77.295000000000002,-0.020190747000000,-0.059097605000000,77.315190749999999,0.366167528000000,0.408012167000000,1.468130755000000,1.517068532000000,-93.530591439999995,44.077863659999998,1,0
474,474,74.364000000000004,109.379999999999995,66.664000000000001,85.514283000000006,0.216049451000000,0.190569488000000,0.299077554000000,0.609471567000000,77.731999999999999,-0.021047251000000,-0.064096994000000,77.753047249999995,0.367782325000000,0.414066712000000,1.470873003000000,1.525397900000000,-93.530591439999995,44.077824659999997,1,0
475,475,72.831999999999994,108.659999999999997,64.893000000000001,84.306182600000000,0.224182850000000,0.197408150000000,0.307275363000000,0.597211485000000,79.594999999999999,-0.027173732000000,-0.072284433000000,79.622173730000000,0.380007420000000,0.428269982000000,1.491926626000000,1.550382596000000,-93.530591439999995,44.077785660000004,1,0
476,476,74.048000000000002,109.780000000000001,66.322999999999993,85.505350770000007,0.220011613000000,0.194377353000000,0.304089188000000,0.604144653000000,79.188999999999993,-0.024436440000000,-0.067670327000000,79.213436439999995,0.374601311000000,0.420955899000000,1.482551858000000,1.537955138000000,-93.530591439999995,44.077746660000003,1,0
477,477,74.373000000000005,110.359999999999999,66.936999999999998,86.006268570000003,0.219346463000000,0.194805476000000,0.305502734000000,0.606533164000000,79.409999999999997,-0.024785632000000,-0.066150912000000,79.434785629999993,0.375366118000000,0.419697940000000,1.483871835000000,1.536847685000000,-93.530591439999995,44.077707660000002,1,0
478,478,73.688999999999993,110.879999999999995,66.248999999999995,85.855252449999995,0.226216346000000,0.201501877000000,0.314325558000000,0.597483766000000,81.822000000000003,-0.030760950000000,-0.072289070000000,81.852760950000004,0.387279060000000,0.431559550000000,1.504702194000000,1.558988549000000,-93.530591439999995,44.077668660000001,1,0
479,479,76.340999999999994,112.920000000000002,68.864999999999995,88.168896450000005,0.217315373000000,0.193272782000000,0.303822386000000,0.609856536000000,80.634000000000000,-0.023409498000000,-0.063957137000000,80.657409500000000,0.372626342000000,0.416128458000000,1.479152749000000,1.530797941000000,-93.530591439999995,44.077629659999999,1,0
480,480,74.798000000000002,112.150000000000006,66.587999999999994,86.806921860000003,0.226735505000000,0.199798875000000,0.310335660000000,0.593740526000000,82.914000000000001,-0.029316547000000,-0.074651332000000,82.943316550000006,0.384258315000000,0.432672042000000,1.499371641000000,1.558560981000000,-93.530591439999995,44.077590659999998,1,0
481,481,76.067999999999998,112.670000000000002,67.858000000000004,87.722246679999998,0.220475213000000,0.193930210000000,0.302796161000000,0.602272122000000,81.414000000000001,-0.024064288000000,-0.068858439000000,81.438064290000000,0.373802124000000,0.421850268000000,1.481174738000000,1.538591789000000,-93.530591439999995,44.077551659999997,1,0
482,482,75.719999999999999,111.219999999999999,69.120000000000005,87.332661320000000,0.211282945000000,0.189900503000000,0.301307079000000,0.621470958000000,77.599999999999994,-0.020354604000000,-0.056439897000000,77.620354599999999,0.366581278000000,0.405377297000000,1.468832541000000,1.514123762000000,-93.531059440000007,44.077629659999999,1,0
483,483,76.262000000000000,112.549999999999997,68.370999999999995,87.859715429999994,0.217635429000000,0.192191174000000,0.301292749000000,0.607472235000000,80.466999999999999,-0.022486712000000,-0.065442117000000,80.489486709999994,0.370690006000000,0.416818876000000,1.475833311000000,1.530500877000000,-93.530591439999995,44.077512659999996,1,0
484,484,75.421000000000006,112.620000000000005,67.649000000000001,87.460426940000005,0.223100106000000,0.197823879000000,0.308982324000000,0.600683715000000,82.170000000000002,-0.027496578000000,-0.070051234000000,82.197496580000006,0.380747477000000,0.426254164000000,1.493218069000000,1.548285791000000,-93.530591439999995,44.077473660000003,1,0
485,485,77.058000000000007,113.409999999999997,68.858999999999995,88.583906260000006,0.217051165000000,0.190856207000000,0.298925244000000,0.607168680000000,80.903000000000006,-0.021319801000000,-0.065582836000000,80.924319800000006,0.368296801000000,0.415879891000000,1.471748553000000,1.527928408000000,-93.530591439999995,44.077434660000002,1,0
486,486,74.953000000000003,112.159999999999997,66.897999999999996,86.935148650000002,0.225219911000000,0.198847755000000,0.309503806000000,0.596451498000000,82.468999999999994,-0.028446800000000,-0.072842515000000,82.497446800000006,0.382568584000000,0.430011885000000,1.496404413000000,1.554143622000000,-93.530591439999995,44.077395660000001,1,0
487,487,74.293000000000006,111.530000000000001,65.799999999999997,86.193640040000005,0.228462934000000,0.200389618000000,0.310248869000000,0.589975791000000,82.966999999999999,-0.029885185000000,-0.077139212000000,82.996885190000000,0.385306854000000,0.435752199000000,1.501218150000000,1.563148482000000,-93.530591439999995,44.077356660000000,1,0
488,488,75.096000000000004,111.519999999999996,67.280000000000001,86.799996190000002,0.220745671000000,0.195181549000000,0.305222230000000,0.603299857000000,80.664000000000001,-0.025150455000000,-0.068248417000000,80.689150459999993,0.376037630000000,0.422218540000000,1.485032492000000,1.540388684000000,-93.530591439999995,44.077317659999999,1,0
489,489,72.617000000000004,109.480000000000004,65.045000000000002,84.636381290000003,0.227966867000000,0.202436064000000,0.314928408000000,0.594126781000000,81.298000000000002,-0.031626352000000,-0.074519912000000,81.329626349999998,0.388933494000000,0.434639532000000,1.507635953000000,1.563946908000000,-93.530591439999995,44.077278659999998,1,0
490,490,75.534000000000006,111.549999999999997,66.813999999999993,86.819541290000004,0.220967142000000,0.192512454000000,0.299459549000000,0.598960108000000,80.751999999999995,-0.022853272000000,-0.070935573000000,80.774853269999994,0.371265424000000,0.422905566000000,1.476818386000000,1.538394326000000,-93.530591439999995,44.077239659999996,1,0
491,491,74.701999999999998,110.989999999999995,66.442999999999998,86.243533389999996,0.222609294000000,0.195420374000000,0.304304439000000,0.598639517000000,80.834999999999994,-0.025411783000000,-0.071270550000000,80.860411780000007,0.376463920000000,0.425602814000000,1.485770127000000,1.544883233000000,-93.530591439999995,44.077200660000003,1,0
492,492,69.414000000000001,106.040000000000006,61.911000000000001,81.436594799999995,0.235159651000000,0.208749872000000,0.322573827000000,0.583845719000000,80.754999999999995,-0.037328165000000,-0.081581531000000,80.792328170000005,0.400066253000000,0.446982632000000,1.527645720000000,1.586959483000000,-93.530591439999995,44.077161660000002,1,0
493,493,72.498999999999995,108.409999999999997,66.756000000000000,84.587620520000002,0.217833322000000,0.198503115000000,0.314586564000000,0.615773453000000,77.564999999999998,-0.027906244000000,-0.060370258000000,77.592906240000005,0.381955838000000,0.416633828000000,1.495330970000000,1.536995577000000,-93.531059440000007,44.077590659999998,1,0
494,494,76.971999999999994,113.659999999999997,69.569000000000003,88.850305090000006,0.216066934000000,0.192454572000000,0.303048826000000,0.612079887000000,80.778999999999996,-0.022671704000000,-0.062503219000000,80.801671700000000,0.371161772000000,0.413918889000000,1.476640856000000,1.527211709000000,-93.530591439999995,44.077122660000001,1,0
495,495,71.760000000000005,108.400000000000006,63.569000000000003,83.548539509999998,0.231366914000000,0.203374778000000,0.314260964000000,0.586429889000000,81.471000000000004,-0.032560754000000,-0.079610551000000,81.503560750000005,0.390594077000000,0.440701872000000,1.510590858000000,1.572805394000000,-93.530591439999995,44.077083660000000,1,0
496,496,73.316000000000003,109.900000000000006,65.397999999999996,85.108057320000000,0.226172479000000,0.199676884000000,0.310512825000000,0.595068244000000,81.085999999999999,-0.029192242000000,-0.073780238000000,81.115192239999999,0.384041696000000,0.431660456000000,1.498990671000000,1.557138169000000,-93.530591439999995,44.077044659999999,1,0
497,497,74.072999999999993,110.640000000000001,66.424999999999997,85.907507539999997,0.223291632000000,0.197966575000000,0.309135331000000,0.600370571000000,80.781999999999996,-0.027625449000000,-0.070260176000000,80.809625449999999,0.381001414000000,0.426588987000000,1.493661658000000,1.548861485000000,-93.530591439999995,44.077005659999998,1,0
498,498,71.391000000000005,108.590000000000003,64.459999999999994,83.752720519999997,0.230373537000000,0.206682928000000,0.322010717000000,0.593608988000000,81.328999999999994,-0.035356589000000,-0.075052876000000,81.364356590000000,0.396431175000000,0.438579778000000,1.521060078000000,1.573678355000000,-93.530591439999995,44.076966659999997,1,0
499,499,76.079999999999998,112.579999999999998,68.804000000000002,87.932574959999997,0.216936364000000,0.193469734000000,0.304532105000000,0.611156511000000,80.275999999999996,-0.023568344000000,-0.063132710000000,80.299568339999993,0.372978675000000,0.415417068000000,1.479758149000000,1.530130459000000,-93.530591439999995,44.076927660000003,1,0
500,500,73.003000000000000,108.040000000000006,65.155000000000001,84.157102359999996,0.219970754000000,0.193528609000000,0.302335013000000,0.603063680000000,77.921999999999997,-0.023703686000000,-0.068331181000000,77.945703690000002,0.373083984000000,0.420967017000000,1.479939181000000,1.537063194000000,-93.530591439999995,44.076888660000002,1,0
501,501,70.852000000000004,105.230000000000004,63.284999999999997,81.850168049999994,0.221484807000000,0.195238582000000,0.304777609000000,0.601396940000000,76.322999999999993,-0.025221522000000,-0.069479084000000,76.348221519999996,0.376139442000000,0.423564323000000,1.485208604000000,1.542132000000000,-93.530591439999995,44.076849660000001,1,0
502,502,71.600999999999999,105.379999999999995,64.825999999999993,82.530919209999993,0.214100758000000,0.190862296000000,0.301181401000000,0.615164168000000,74.332999999999998,-0.021250832000000,-0.060476330000000,74.354250829999998,0.368307725000000,0.410460554000000,1.471767154000000,1.521299319000000,-93.530591439999995,44.076810660000000,1,0
503,503,76.427000000000007,111.689999999999998,69.366000000000000,87.801640809999995,0.210164340000000,0.187452490000000,0.296949078000000,0.621058286000000,77.587000000000003,-0.018223339000000,-0.056615777000000,77.605223339999995,0.362178590000000,0.403531950000000,1.461394533000000,1.509339132000000,-93.530552439999994,44.078019660000002,1,0
504,504,74.135000000000005,108.480000000000004,68.457999999999998,85.538307970000005,0.206831816000000,0.188073269000000,0.300857591000000,0.631065634000000,74.367000000000004,-0.018683809000000,-0.050339144000000,74.385683810000003,0.363296187000000,0.397361455000000,1.463276455000000,1.502615553000000,-93.531059440000007,44.077551659999997,1,0
505,505,75.403000000000006,112.480000000000004,68.890000000000001,87.717719439999996,0.218459972000000,0.197340898000000,0.311589757000000,0.612464438000000,80.667000000000002,-0.026933517000000,-0.062444260000000,80.693933520000002,0.379887668000000,0.417859902000000,1.491717836000000,1.537273303000000,-93.530552439999994,44.077980660000001,1,0
506,506,76.266999999999996,111.540000000000006,69.738000000000000,87.789930200000001,0.208827235000000,0.187815151000000,0.298749037000000,0.625228618000000,77.075000000000003,-0.018506280000000,-0.053997554000000,77.093506280000000,0.362831587000000,0.401042332000000,1.462493608000000,1.506734547000000,-93.530552439999994,44.077941660000000,1,0
507,507,76.003000000000000,111.400000000000006,69.012000000000000,87.462510359999996,0.211478597000000,0.188881715000000,0.298983875000000,0.619497307000000,77.784999999999997,-0.019483260000000,-0.057653413000000,77.804483259999998,0.364750481000000,0.405823217000000,1.465731616000000,1.513593291000000,-93.530552439999994,44.077902659999999,1,0
508,508,77.263000000000005,112.590000000000003,70.084999999999994,88.615247920000002,0.208929262000000,0.186075543000000,0.294961926000000,0.622479794000000,77.831999999999994,-0.017010980000000,-0.055670968000000,77.849010980000003,0.359696901000000,0.401378359000000,1.457230498000000,1.505322777000000,-93.530552439999994,44.077863659999998,1,0
509,509,75.424999999999997,110.629999999999995,68.445999999999998,86.819318969999998,0.211948588000000,0.189218242000000,0.299339336000000,0.618692940000000,77.388999999999996,-0.019783812000000,-0.058175017000000,77.408783810000003,0.365355464000000,0.406657043000000,1.466755055000000,1.514953443000000,-93.530552439999994,44.077824659999997,1,0
510,510,74.405000000000001,109.709999999999994,66.355000000000004,85.586942440000001,0.218390805000000,0.191755153000000,0.299804688000000,0.604821803000000,78.659999999999997,-0.022130395000000,-0.067125803000000,78.682130389999998,0.369908747000000,0.418250243000000,1.474497682000000,1.531805673000000,-93.530552439999994,44.077785660000004,1,0
511,511,75.884000000000000,111.650000000000006,68.551000000000002,87.413468750000007,0.214461501000000,0.190717417000000,0.300597564000000,0.613981191000000,78.864999999999995,-0.021135170000000,-0.061224203000000,78.886135170000003,0.368047782000000,0.411135596000000,1.471324653000000,1.521969468000000,-93.530552439999994,44.077746660000003,1,0
512,512,75.933999999999997,111.370000000000005,68.695999999999998,87.346798590000006,0.212619430000000,0.189189766000000,0.298765682000000,0.616826794000000,78.109999999999999,-0.019775000000000,-0.059357813000000,78.129774999999995,0.365304281000000,0.407892287000000,1.466668423000000,1.516418414000000,-93.530552439999994,44.077707660000002,1,0
513,513,76.051000000000002,111.900000000000006,69.073999999999998,87.705153929999994,0.213254727000000,0.190735883000000,0.301563801000000,0.617283289000000,78.674999999999997,-0.021120903000000,-0.059124210000000,78.696120899999997,0.368080918000000,0.408920545000000,1.471381047000000,1.519292294000000,-93.530552439999994,44.077668660000001,1,0
514,514,78.066999999999993,113.480000000000004,70.700000000000003,89.388024720000004,0.208111208000000,0.184878907000000,0.293039960000000,0.623017272000000,78.192999999999998,-0.015962814000000,-0.055291386000000,78.208962810000003,0.357537120000000,0.399975789000000,1.453623170000000,1.502404398000000,-93.530552439999994,44.077629659999999,1,0
515,515,74.775000000000006,109.340000000000003,68.769999999999996,86.170082059999999,0.207426323000000,0.187735926000000,0.299666219000000,0.628955551000000,75.135000000000005,-0.018407577000000,-0.051651937000000,75.153407580000007,0.362688960000000,0.398476615000000,1.462253427000000,1.503590805000000,-93.531059440000007,44.077512659999996,1,0
516,516,76.234999999999999,112.450000000000003,68.503000000000000,87.843494800000002,0.216866231000000,0.191933646000000,0.301334642000000,0.609186305000000,80.162000000000006,-0.022244428000000,-0.064333484000000,80.184244430000007,0.370228616000000,0.415432906000000,1.475044271000000,1.528520184000000,-93.530552439999994,44.077590659999998,1,0
517,517,76.510999999999996,113.379999999999995,68.831999999999994,88.405885450000000,0.218802321000000,0.194158754000000,0.304553978000000,0.607091198000000,81.417000000000002,-0.024213541000000,-0.065766090000000,81.441213540000007,0.374210657000000,0.418764934000000,1.481878423000000,1.535000165000000,-93.530552439999994,44.077551659999997,1,0
518,518,78.406000000000006,114.170000000000002,71.447999999999993,89.976119870000005,0.207528411000000,0.185713692000000,0.295257909000000,0.625803626000000,78.486000000000004,-0.016671212000000,-0.053566342000000,78.502671210000003,0.359044106000000,0.398827086000000,1.456138561000000,1.501904518000000,-93.530552439999994,44.077512659999996,1,0
519,519,77.480000000000004,114.920000000000002,69.947999999999993,89.633474969999995,0.218444183000000,0.194594595000000,0.305752458000000,0.608666899000000,82.412000000000006,-0.024578041000000,-0.064771982000000,82.436578040000001,0.374989443000000,0.418069429000000,1.483221477000000,1.534602745000000,-93.530552439999994,44.077473660000003,1,0
520,520,78.891999999999996,114.760000000000005,70.870999999999995,90.215489989999995,0.210283614000000,0.185218846000000,0.292129890000000,0.617558383000000,79.757000000000005,-0.016298016000000,-0.058749523000000,79.773298019999999,0.358150958000000,0.403960216000000,1.454646859000000,1.507521520000000,-93.530552439999994,44.077434660000002,1,0
521,521,76.506000000000000,113.120000000000005,68.775999999999996,88.278801930000000,0.217909034000000,0.193085336000000,0.302970625000000,0.607991513000000,80.957999999999998,-0.023264526000000,-0.065145007000000,80.981264530000004,0.372290942000000,0.417233074000000,1.478576844000000,1.531962054000000,-93.530552439999994,44.077395660000001,1,0
522,522,76.120000000000005,112.129999999999995,68.608000000000004,87.701100269999998,0.215540885000000,0.191288181000000,0.300981261000000,0.611861232000000,79.531999999999996,-0.021653988000000,-0.062598011000000,79.553653990000001,0.369071600000000,0.413063065000000,1.473068839000000,1.524928009000000,-93.530552439999994,44.077356660000000,1,0
523,523,74.870000000000005,111.049999999999997,67.653999999999996,86.630793440000005,0.218241257000000,0.194599828000000,0.305920552000000,0.609221072000000,79.575999999999993,-0.024576652000000,-0.064416699000000,79.600576649999994,0.374998792000000,0.417698350000000,1.483237612000000,1.534148888000000,-93.530552439999994,44.077317659999999,1,0
524,524,73.731999999999999,110.409999999999997,65.840000000000003,85.560274120000003,0.225443406000000,0.199183239000000,0.310037024000000,0.596322797000000,81.248000000000005,-0.028742869000000,-0.072941252000000,81.276742870000007,0.383164812000000,0.430384487000000,1.497450225000000,1.554979749000000,-93.530552439999994,44.077278659999998,1,0
525,525,76.272000000000006,112.109999999999999,68.361999999999995,87.672559609999993,0.215765587000000,0.190241106000000,0.298600233000000,0.609776113000000,79.585999999999999,-0.020756863000000,-0.063889322000000,79.606756860000004,0.367192885000000,0.413577320000000,1.469870988000000,1.524451081000000,-93.530552439999994,44.077239659999996,1,0
526,526,74.680999999999997,109.260000000000005,68.614999999999995,86.067836779999993,0.207906781000000,0.187989627000000,0.299836984000000,0.627997437000000,75.224000000000004,-0.018635867000000,-0.052261677000000,75.242635870000001,0.363145651000000,0.399338706000000,1.463022723000000,1.504882159000000,-93.531059440000007,44.077473660000003,1,0
527,527,74.688000000000002,110.900000000000006,66.709999999999994,86.269599600000006,0.221372364000000,0.195120374000000,0.304614815000000,0.601532913000000,80.402000000000001,-0.025116331000000,-0.069386202000000,80.427116330000004,0.375928417000000,0.423370706000000,1.484843616000000,1.541763143000000,-93.530552439999994,44.077200660000003,1,0
528,528,74.629999999999995,110.920000000000002,66.643000000000001,86.244174200000003,0.221878589000000,0.195580706000000,0.305196498000000,0.600820411000000,80.566999999999993,-0.025528068000000,-0.069866333000000,80.592528070000000,0.376750040000000,0.424249490000000,1.486265577000000,1.543356779000000,-93.530552439999994,44.077161660000002,1,0
529,529,79.034000000000006,114.030000000000001,71.902000000000001,90.220307509999998,0.203495551000000,0.181266316000000,0.288836434000000,0.630553363000000,77.123999999999995,-0.012765411000000,-0.050448737000000,77.136765409999995,0.350999668000000,0.391754096000000,1.442796771000000,1.488958070000000,-93.530552439999994,44.077122660000001,1,0
530,530,73.290999999999997,109.829999999999998,65.710999999999999,85.151110979999999,0.224885826000000,0.199534734000000,0.311208585000000,0.598297369000000,80.658000000000001,-0.029026010000000,-0.071673257000000,80.687026009999997,0.383789241000000,0.429335425000000,1.498546888000000,1.554027581000000,-93.530552439999994,44.077083660000000,1,0
531,531,74.513999999999996,111.060000000000002,66.436999999999998,86.217814799999999,0.223562334000000,0.196934915000000,0.306756088000000,0.598208176000000,81.168999999999997,-0.026746452000000,-0.071616715000000,81.195746450000001,0.379164555000000,0.427186465000000,1.490458169000000,1.548504495000000,-93.530552439999994,44.077044659999999,1,0
532,532,77.328000000000003,113.659999999999997,69.462999999999994,88.925668500000000,0.215254296000000,0.190231847000000,0.298967291000000,0.611147281000000,80.528999999999996,-0.020736338000000,-0.063013004000000,80.549736339999995,0.367176262000000,0.412637953000000,1.469842748000000,1.523291762000000,-93.530552439999994,44.077005659999998,1,0
533,533,73.140000000000001,110.349999999999994,66.143000000000001,85.442921589999997,0.226169014000000,0.202790343000000,0.317093748000000,0.599392841000000,81.417000000000002,-0.031862775000000,-0.071103580000000,81.448862770000005,0.389560432000000,0.431354715000000,1.508750342000000,1.560126619000000,-93.530552439999994,44.076966659999997,1,0
534,534,75.668999999999997,112.329999999999998,69.132000000000005,87.793431580000004,0.216150013000000,0.195006356000000,0.308420335000000,0.615436660000000,79.858999999999995,-0.024864369000000,-0.060456343000000,79.883864369999998,0.375724844000000,0.413849843000000,1.484491668000000,1.529834001000000,-93.530552439999994,44.076927660000003,1,0
535,535,74.087999999999994,109.939999999999998,66.927000000000007,85.741974690000006,0.218526164000000,0.194818180000000,0.306163056000000,0.608759323000000,78.864999999999995,-0.024772569000000,-0.064721564000000,78.889772570000005,0.375388807000000,0.418198548000000,1.483911025000000,1.535000956000000,-93.530552439999994,44.076888660000002,1,0
536,536,73.096000000000004,108.129999999999995,65.831999999999994,84.397816599999999,0.217721319000000,0.193316632000000,0.303603307000000,0.608822713000000,77.331999999999994,-0.023458459000000,-0.064621263000000,77.355458459999994,0.372704794000000,0.416867265000000,1.479287512000000,1.531756128000000,-93.530552439999994,44.076849660000001,1,0
537,537,73.224999999999994,108.019999999999996,66.914000000000001,84.671334029999997,0.213097909000000,0.191977710000000,0.304335657000000,0.619459359000000,75.900999999999996,-0.022183358000000,-0.057787145000000,75.923183359999996,0.370307571000000,0.408528651000000,1.475179242000000,1.520124672000000,-93.531059440000007,44.077434660000002,1,0
538,538,70.025000000000006,103.560000000000002,63.063000000000002,80.839586409999995,0.217608052000000,0.193190656000000,0.303423753000000,0.608951333000000,74.031999999999996,-0.023346912000000,-0.064533822000000,74.055346909999997,0.372479401000000,0.416671859000000,1.478900393000000,1.531381025000000,-93.530552439999994,44.076810660000000,1,0
539,539,74.885000000000005,110.099999999999994,68.349999999999994,86.412760870000000,0.211771018000000,0.190366786000000,0.301924808000000,0.620799273000000,76.965000000000003,-0.020766969000000,-0.056881205000000,76.985766970000000,0.367418505000000,0.406233054000000,1.470254390000000,1.515646908000000,-93.530513439999993,44.078019660000002,1,0
540,540,72.879999999999995,109.109999999999999,66.468000000000004,84.920514839999996,0.220579023000000,0.199076872000000,0.313619917000000,0.609183393000000,78.872000000000000,-0.028487712000000,-0.064617762000000,78.900487709999993,0.382975801000000,0.421561192000000,1.497118551000000,1.543742204000000,-93.530513439999993,44.077980660000001,1,0
541,541,74.352999999999994,110.579999999999998,68.021000000000001,86.377391810000006,0.216722507000000,0.195892566000000,0.309865540000000,0.615129318000000,78.786000000000001,-0.025640235000000,-0.060685342000000,78.811640229999995,0.377306415000000,0.414819949000000,1.487229836000000,1.531970370000000,-93.530513439999993,44.077941660000000,1,0
542,542,75.557000000000002,111.829999999999998,69.179000000000002,87.560537519999997,0.214236854000000,0.193572660000000,0.306857404000000,0.618608602000000,78.924000000000007,-0.023581457000000,-0.058384197000000,78.947581459999995,0.373162771000000,0.410479306000000,1.480074646000000,1.524184921000000,-93.530513439999993,44.077902659999999,1,0
543,543,76.072999999999993,111.409999999999997,69.805999999999997,87.696763649999994,0.208682421000000,0.188481089000000,0.300288077000000,0.626568531000000,76.941000000000003,-0.019075048000000,-0.053176001000000,76.960075050000000,0.364029969000000,0.400723389000000,1.464514348000000,1.507048105000000,-93.530513439999993,44.077863659999998,1,0
544,544,76.159000000000006,111.819999999999993,69.462000000000003,87.804470510000002,0.211284159000000,0.189707361000000,0.300893543000000,0.621194777000000,78.019000000000005,-0.020188703000000,-0.056607922000000,78.039188699999997,0.366234357000000,0.405395589000000,1.468244068000000,1.513943195000000,-93.530513439999993,44.077824659999997,1,0
545,545,72.186000000000007,108.250000000000000,64.754999999999995,83.908861509999994,0.225098390000000,0.199871423000000,0.311753875000000,0.598198614000000,79.558999999999997,-0.029322447000000,-0.071752226000000,79.588322450000007,0.384387123000000,0.429688716000000,1.499598260000000,1.554840190000000,-93.530513439999993,44.077785660000004,1,0
546,546,74.162999999999997,110.120000000000005,67.245000000000005,85.923328209999994,0.217979914000000,0.195118378000000,0.307225004000000,0.610652016000000,78.831999999999994,-0.025014313000000,-0.063519767000000,78.857014309999997,0.375924852000000,0.417174818000000,1.484837453000000,1.534053484000000,-93.530513439999993,44.077746660000003,1,0
547,547,74.382000000000005,109.480000000000004,67.471000000000004,85.772738799999999,0.213703497000000,0.190893170000000,0.301552526000000,0.616286080000000,77.106999999999999,-0.021267402000000,-0.059763740000000,77.128267399999999,0.368363113000000,0.409729375000000,1.471861472000000,1.520441524000000,-93.530513439999993,44.077707660000002,1,0
548,548,73.343999999999994,109.219999999999999,68.006000000000000,85.504710930000002,0.214263876000000,0.196511908000000,0.313168875000000,0.622651529000000,77.090000000000003,-0.026094105000000,-0.055918905000000,77.116094110000006,0.378410755000000,0.410311627000000,1.489147033000000,1.527093968000000,-93.531059440000007,44.077395660000001,1,0
549,549,74.620000000000005,111.010000000000005,67.656000000000006,86.542280300000002,0.218898917000000,0.196035124000000,0.308457796000000,0.609458607000000,79.744000000000000,-0.025828510000000,-0.064320965000000,79.769828509999996,0.377560677000000,0.418768736000000,1.487670866000000,1.537006311000000,-93.530513439999993,44.077668660000001,1,0
550,550,74.619000000000000,109.849999999999994,67.489999999999995,86.003716510000004,0.214452930000000,0.190986019000000,0.301173715000000,0.614383250000000,77.590999999999994,-0.021366175000000,-0.060978175000000,77.612366170000001,0.368529676000000,0.411095247000000,1.472145164000000,1.522203673000000,-93.530513439999993,44.077629659999999,1,0
551,551,77.694999999999993,114.569999999999993,70.126999999999995,89.592771389999996,0.215719356000000,0.191792578000000,0.301912591000000,0.612088679000000,81.317999999999998,-0.022092899000000,-0.062472179000000,81.340092900000002,0.369975820000000,0.413343171000000,1.474612266000000,1.525804681000000,-93.530513439999993,44.077590659999998,1,0
552,552,75.274000000000001,111.859999999999999,68.518000000000001,87.318480289999997,0.217484055000000,0.195506963000000,0.308440683000000,0.612533524000000,79.927999999999997,-0.025332874000000,-0.062330042000000,79.953332869999997,0.376618449000000,0.416237558000000,1.486037676000000,1.533308862000000,-93.530513439999993,44.077551659999997,1,0
553,553,76.245000000000005,112.260000000000005,69.784999999999997,88.101369360000007,0.211820267000000,0.191055940000000,0.303360849000000,0.621637271000000,78.489999999999995,-0.021359712000000,-0.056374618000000,78.511359709999994,0.368655095000000,0.406267026000000,1.472358843000000,1.516412240000000,-93.530513439999993,44.077512659999996,1,0
554,554,74.956999999999994,111.319999999999993,68.468000000000004,86.983832350000000,0.216395995000000,0.195209285000000,0.308660629000000,0.615055695000000,79.215000000000003,-0.025045438000000,-0.060706981000000,79.240045440000003,0.376087143000000,0.414281155000000,1.485118134000000,1.530580154000000,-93.530513439999993,44.077473660000003,1,0
555,555,73.808999999999997,110.010000000000005,66.894999999999996,85.683350399999995,0.219880019000000,0.196938293000000,0.309611371000000,0.608081084000000,79.316000000000003,-0.026633535000000,-0.065241670000000,79.342633530000001,0.379170572000000,0.420474935000000,1.490468642000000,1.540093753000000,-93.530513439999993,44.077434660000002,1,0
556,556,74.730000000000004,111.200000000000003,66.810000000000002,86.436082360000000,0.222179480000000,0.196149088000000,0.306161854000000,0.600809353000000,80.859999999999999,-0.026026747000000,-0.069897919000000,80.886026749999999,0.377763912000000,0.424741585000000,1.488023551000000,1.544583617000000,-93.530513439999993,44.077395660000001,1,0
557,557,77.307000000000002,113.500000000000000,69.346999999999994,88.821222419999998,0.215027806000000,0.189683817000000,0.297982875000000,0.610986784000000,80.346000000000004,-0.020258001000000,-0.063094167000000,80.366258000000002,0.366192061000000,0.412275113000000,1.468172352000000,1.522270011000000,-93.530513439999993,44.077356660000000,1,0
558,558,75.870000000000005,111.980000000000004,68.390000000000001,87.508036579999995,0.216446689000000,0.192227841000000,0.302276913000000,0.610734060000000,79.700000000000003,-0.022486731000000,-0.063354667000000,79.722486730000000,0.370755688000000,0.414635564000000,1.475945697000000,1.527851624000000,-93.530513439999993,44.077317659999999,1,0
559,559,76.390000000000001,110.719999999999999,69.683999999999997,87.464679259999997,0.205069739000000,0.183474961000000,0.292354334000000,0.629371387000000,75.366000000000000,-0.014696605000000,-0.051256649000000,75.380696610000001,0.354999551000000,0.394478809000000,1.449404372000000,1.494436313000000,-93.531098439999994,44.077863659999998,1,0
560,560,74.506000000000000,109.319999999999993,68.563999999999993,86.029120129999995,0.208924276000000,0.189385615000000,0.302042304000000,0.627186242000000,75.569999999999993,-0.019856571000000,-0.052816673000000,75.589856569999995,0.365656268000000,0.401097132000000,1.467264381000000,1.508440012000000,-93.531059440000007,44.077356660000000,1,0
561,561,72.606999999999999,109.189999999999998,65.280000000000001,84.568928389999996,0.225934482000000,0.201229943000000,0.313971352000000,0.597856947000000,80.492999999999995,-0.030517612000000,-0.072034224000000,80.523517609999999,0.386797121000000,0.431074734000000,1.503849491000000,1.558075228000000,-93.530513439999993,44.077278659999998,1,0
562,562,74.123999999999995,111.209999999999994,66.287000000000006,86.131677960000005,0.226025340000000,0.200103597000000,0.311524020000000,0.596052513000000,82.009000000000000,-0.029553972000000,-0.073158441000000,82.038553969999995,0.384799273000000,0.431349692000000,1.500323782000000,1.557204479000000,-93.530513439999993,44.077239659999996,1,0
563,563,74.628000000000000,111.569999999999993,66.638999999999996,86.521595770000005,0.224674608000000,0.198401701000000,0.308985522000000,0.597284216000000,81.873000000000005,-0.028044946000000,-0.072281351000000,81.901044949999999,0.381775485000000,0.429064320000000,1.495015276000000,1.552459751000000,-93.530513439999993,44.077200660000003,1,0
564,564,73.438999999999993,110.349999999999994,66.061999999999998,85.507498819999995,0.225426914000000,0.200833565000000,0.313530456000000,0.598658813000000,81.198999999999998,-0.030159575000000,-0.071495411000000,81.229159580000001,0.386094353000000,0.430192376000000,1.502607606000000,1.556522024000000,-93.530513439999993,44.077161660000002,1,0
565,565,77.113000000000000,113.180000000000007,70.060000000000002,88.815409270000004,0.211994656000000,0.189534034000000,0.299975880000000,0.619013960000000,79.186999999999998,-0.020056615000000,-0.057982816000000,79.207056620000003,0.365922963000000,0.406713940000000,1.467716209000000,1.515353745000000,-93.530513439999993,44.077122660000001,1,0
566,566,74.930999999999997,111.569999999999993,67.138999999999996,86.737467839999994,0.221981873000000,0.196454711000000,0.306956988000000,0.601765708000000,81.069999999999993,-0.026283709000000,-0.069292698000000,81.096283709999994,0.378308800000000,0.424350244000000,1.488969852000000,1.544420517000000,-93.530513439999993,44.077083660000000,1,0
567,567,73.478999999999999,110.519999999999996,65.864999999999995,85.541475449999993,0.226691529000000,0.201310877000000,0.313550714000000,0.595955483000000,81.695999999999998,-0.030614254000000,-0.073275862000000,81.726614249999997,0.386940573000000,0.432439213000000,1.504103213000000,1.559904400000000,-93.530513439999993,44.077044659999999,1,0
568,568,74.724000000000004,111.159999999999997,67.873999999999995,86.693140159999999,0.218465518000000,0.196014719000000,0.308753495000000,0.610597337000000,79.721999999999994,-0.025797807000000,-0.063589719000000,79.747797809999994,0.377524286000000,0.417981258000000,1.487607730000000,1.536007714000000,-93.530513439999993,44.077005659999998,1,0
569,569,74.557000000000002,111.120000000000005,67.866000000000000,86.626005730000003,0.218878800000000,0.196917227000000,0.310353023000000,0.610745140000000,79.816999999999993,-0.026584051000000,-0.063530052000000,79.843584050000004,0.379133042000000,0.418655889000000,1.490403316000000,1.537808487000000,-93.530513439999993,44.076966659999997,1,0
570,570,73.629000000000005,109.370000000000005,67.111999999999995,85.414766650000004,0.216976697000000,0.195307078000000,0.308412505000000,0.613623480000000,77.998999999999995,-0.025146435000000,-0.061625438000000,78.024146430000002,0.376261708000000,0.415330418000000,1.485420147000000,1.531976608000000,-93.530513439999993,44.076927660000003,1,0
571,571,73.314999999999998,108.209999999999994,67.158000000000001,84.842383839999997,0.212800475000000,0.192232475000000,0.305114237000000,0.620626559000000,75.947000000000003,-0.022393971000000,-0.057055770000000,75.969393969999999,0.370763988000000,0.407964735000000,1.475959899000000,1.519708251000000,-93.531059440000007,44.077317659999999,1,0
572,572,73.706999999999994,110.049999999999997,67.209999999999994,85.753344830000003,0.219333162000000,0.197777500000000,0.311831278000000,0.610722399000000,79.183000000000007,-0.027335068000000,-0.063578080000000,79.210335069999999,0.380664933000000,0.419409197000000,1.493073928000000,1.539664986000000,-93.530513439999993,44.076888660000002,1,0
573,573,69.158000000000001,103.359999999999999,62.630000000000003,80.392030000000005,0.221359613000000,0.198251777000000,0.311244176000000,0.605940402000000,74.932000000000002,-0.027807168000000,-0.066672904000000,74.959807170000005,0.381508820000000,0.423048282000000,1.494548715000000,1.544717476000000,-93.530513439999993,44.076849660000001,1,0
574,574,69.887000000000000,103.280000000000001,63.747999999999998,80.859463829999996,0.214362351000000,0.192836972000000,0.305184657000000,0.617234702000000,72.924999999999997,-0.022954224000000,-0.059231370000000,72.947954220000000,0.371846427000000,0.410768211000000,1.477814186000000,1.523759639000000,-93.530513439999993,44.076810660000000,1,0
575,575,72.549999999999997,107.090000000000003,66.021000000000001,83.846174710000000,0.214340994000000,0.192273436000000,0.303998451000000,0.616500140000000,75.608999999999995,-0.022469989000000,-0.059678174000000,75.631469989999999,0.370837358000000,0.410776658000000,1.476085458000000,1.523174368000000,-93.530474440000006,44.078019660000002,1,0
576,576,71.778000000000006,107.769999999999996,64.944000000000003,83.634477180000005,0.223748233000000,0.200458930000000,0.314055356000000,0.602616684000000,78.817999999999998,-0.029779297000000,-0.068911866000000,78.847779299999999,0.385429832000000,0.427184518000000,1.501434980000000,1.552301768000000,-93.530474440000006,44.077980660000001,1,0
577,577,71.120000000000005,106.650000000000006,64.388000000000005,82.821276339999997,0.223022408000000,0.199864994000000,0.313365437000000,0.603731833000000,77.792000000000002,-0.029245369000000,-0.068165413000000,77.821245370000000,0.384375710000000,0.425922161000000,1.499578178000000,1.550066464000000,-93.530474440000006,44.077941660000000,1,0
578,578,75.837000000000003,112.099999999999994,68.750000000000000,87.643640329999997,0.215878000000000,0.192952958000000,0.304252981000000,0.613291704000000,79.613000000000000,-0.023095054000000,-0.061748355000000,79.636095049999994,0.372054030000000,0.413528234000000,1.478170286000000,1.527260358000000,-93.530474440000006,44.077902659999999,1,0
579,579,74.241000000000000,109.829999999999998,66.835999999999999,85.715432050000004,0.217840144000000,0.193343873000000,0.303569753000000,0.608540472000000,78.582999999999998,-0.023485196000000,-0.064803294000000,78.606485199999995,0.372753528000000,0.417082179000000,1.479371237000000,1.532050498000000,-93.530474440000006,44.077863659999998,1,0
580,580,74.006000000000000,109.439999999999998,66.435000000000002,85.376833039999994,0.218297845000000,0.193157659000000,0.302826230000000,0.607044956000000,78.438999999999993,-0.023337509000000,-0.065755300000000,78.462337509999998,0.372420360000000,0.417938289000000,1.478799016000000,1.532910716000000,-93.530474440000006,44.077824659999997,1,0
581,581,73.460999999999999,109.510000000000005,66.263999999999996,85.205391689999999,0.221034440000000,0.197020293000000,0.308884643000000,0.605095425000000,79.295000000000002,-0.026740225000000,-0.067167131000000,79.321740230000003,0.379316653000000,0.422568838000000,1.490722969000000,1.542795674000000,-93.530474440000006,44.077785660000004,1,0
582,582,74.225999999999999,109.280000000000001,68.322999999999993,85.867436209999994,0.210493231000000,0.191023727000000,0.304333105000000,0.625210469000000,76.010999999999996,-0.021298580000000,-0.054115293000000,76.032298580000003,0.368597314000000,0.403843477000000,1.472260394000000,1.513453246000000,-93.531059440000007,44.077278659999998,1,0
583,583,71.328999999999994,107.439999999999998,62.921999999999997,82.845957299999995,0.230941967000000,0.201998109000000,0.311712863000000,0.585647803000000,80.629000000000005,-0.031359877000000,-0.080057594000000,80.660359880000001,0.388158111000000,0.440082513000000,1.506259726000000,1.570493881000000,-93.530474440000006,44.077746660000003,1,0
584,584,74.266000000000005,109.579999999999998,66.989000000000004,85.655786489999997,0.216153601000000,0.192084680000000,0.302198413000000,0.611325059000000,77.905000000000001,-0.022355732000000,-0.062971276000000,77.927355730000002,0.370499226000000,0.414111866000000,1.475506961000000,1.527056761000000,-93.530474440000006,44.077707660000002,1,0
585,585,72.769999999999996,109.090000000000003,65.539000000000001,84.639355539999997,0.224048989000000,0.199714066000000,0.312239406000000,0.600779173000000,79.870999999999995,-0.029151290000000,-0.070070615000000,79.900151289999997,0.384107723000000,0.427798282000000,1.499106775000000,1.552273598000000,-93.530474440000006,44.077668660000001,1,0
586,586,73.099999999999994,108.659999999999997,65.742999999999995,84.602497299999996,0.220340125000000,0.195642606000000,0.306506805000000,0.605034051000000,78.477000000000004,-0.025535044000000,-0.067149893000000,78.502535039999998,0.376860488000000,0.421432784000000,1.486456908000000,1.539901425000000,-93.530474440000006,44.077629659999999,1,0
587,587,73.959000000000003,110.569999999999993,66.435000000000002,85.847282629999995,0.223342756000000,0.198402419000000,0.310015750000000,0.600841096000000,80.745999999999995,-0.028001626000000,-0.069974180000000,80.774001630000001,0.381776761000000,0.426639665000000,1.495017510000000,1.549394862000000,-93.530474440000006,44.077590659999998,1,0
588,588,71.498999999999995,107.329999999999998,64.241000000000000,83.184016860000000,0.225228311000000,0.200364594000000,0.312694174000000,0.598537222000000,78.920000000000002,-0.029750278000000,-0.071553873000000,78.949750280000003,0.385262453000000,0.429876887000000,1.501139876000000,1.555612977000000,-93.530474440000006,44.077551659999997,1,0
589,589,73.869000000000000,109.219999999999999,66.673000000000002,85.305190330000002,0.216996952000000,0.193080961000000,0.303661009000000,0.610446805000000,77.897999999999996,-0.023235720000000,-0.063571720000000,77.921235719999999,0.372283111000000,0.415563598000000,1.478563403000000,1.529898161000000,-93.530474440000006,44.077512659999996,1,0
590,590,75.760000000000005,112.379999999999995,68.254999999999995,87.611998850000006,0.218954647000000,0.194642288000000,0.305459399000000,0.607358961000000,80.745000000000005,-0.024633866000000,-0.065613604000000,80.769633870000007,0.375074640000000,0.418997490000000,1.483368532000000,1.535803990000000,-93.530474440000006,44.077473660000003,1,0
591,591,71.236999999999995,108.209999999999994,63.865000000000002,83.392350759999999,0.231331183000000,0.206038552000000,0.319885449000000,0.590194991000000,81.317999999999998,-0.034844973000000,-0.077262938000000,81.352844970000007,0.395296042000000,0.440363667000000,1.519013996000000,1.575288839000000,-93.530474440000006,44.077434660000002,1,0
592,592,72.421000000000006,107.670000000000002,64.665999999999997,83.704483550000006,0.222040309000000,0.195728826000000,0.305384449000000,0.600594409000000,78.253000000000000,-0.025660553000000,-0.070018835000000,78.278660549999998,0.377014319000000,0.424529999000000,1.486723464000000,1.543867314000000,-93.530474440000006,44.077395660000001,1,0
593,593,73.837000000000003,108.909999999999997,67.725999999999999,85.440235930000000,0.212188668000000,0.191921071000000,0.304926926000000,0.621852906000000,76.257000000000005,-0.022110966000000,-0.056267941000000,76.279110970000005,0.370206083000000,0.406871891000000,1.475005756000000,1.518054678000000,-93.531059440000007,44.077239659999996,1,0
594,594,74.810000000000002,111.829999999999998,66.412999999999997,86.627885370000001,0.225927215000000,0.198349764000000,0.307917523000000,0.593874631000000,82.436999999999998,-0.028041557000000,-0.074497437000000,82.465041560000003,0.381683111000000,0.431352903000000,1.494853629000000,1.555309961000000,-93.530474440000006,44.077356660000000,1,0
595,595,73.159000000000006,108.489999999999995,64.430999999999997,84.209407909999996,0.223905012000000,0.194501484000000,0.301412752000000,0.593888838000000,79.390000000000001,-0.024656209000000,-0.074311606000000,79.414656210000004,0.374823099000000,0.428079561000000,1.482934430000000,1.547014985000000,-93.530474440000006,44.077317659999999,1,0
596,596,76.932000000000002,113.569999999999993,69.703000000000003,88.835401599999997,0.215383586000000,0.192323440000000,0.303297213000000,0.613744827000000,80.504999999999995,-0.022540689000000,-0.061435407000000,80.527540689999995,0.370926922000000,0.412679763000000,1.476238756000000,1.525553708000000,-93.530474440000006,44.077278659999998,1,0
597,597,72.075999999999993,109.390000000000001,64.075000000000003,84.195660020000005,0.232802996000000,0.205625296000000,0.317860824000000,0.585748240000000,82.629000000000005,-0.034550645000000,-0.080169911000000,82.663550650000005,0.394567580000000,0.443059977000000,1.517703535000000,1.578352245000000,-93.530474440000006,44.077239659999996,1,0
598,598,75.147000000000006,112.390000000000001,67.024000000000001,87.122137039999998,0.225122700000000,0.198590145000000,0.309037199000000,0.596351989000000,82.608999999999995,-0.028221919000000,-0.072895691000000,82.637221920000002,0.382110595000000,0.429861264000000,1.495601954000000,1.553674000000000,-93.530474440000006,44.077200660000003,1,0
599,599,74.385999999999996,111.299999999999997,66.691999999999993,86.349657129999997,0.224159834000000,0.198797971000000,0.310217322000000,0.599209344000000,81.522000000000006,-0.028368558000000,-0.071048982000000,81.550368559999995,0.382480086000000,0.428087643000000,1.496249294000000,1.551650745000000,-93.530474440000006,44.077161660000002,1,0
600,600,72.840999999999994,110.359999999999999,65.295000000000002,85.144148180000002,0.230131306000000,0.204796917000000,0.318211117000000,0.591654585000000,82.584000000000003,-0.033733340000000,-0.076246700000000,82.617733340000001,0.393106259000000,0.438320929000000,1.515080792000000,1.571274099000000,-93.530474440000006,44.077122660000001,1,0
601,601,76.777000000000001,113.489999999999995,69.531000000000006,88.711607259999994,0.216111956000000,0.192955163000000,0.304076663000000,0.612661909000000,80.671999999999997,-0.023103334000000,-0.062150594000000,80.695103329999995,0.372057977000000,0.413955911000000,1.478177058000000,1.527787648000000,-93.530474440000006,44.077083660000000,1,0
602,602,72.637000000000000,109.609999999999999,64.352999999999994,84.521781169999997,0.230846972000000,0.202873024000000,0.313612228000000,0.587108840000000,82.230000000000004,-0.032109489000000,-0.079139497000000,82.262109490000000,0.389706708000000,0.439813552000000,1.509010559000000,1.571102246000000,-93.530474440000006,44.077044659999999,1,0
603,603,72.265000000000001,108.629999999999995,64.326999999999998,83.985455200000004,0.227971016000000,0.201028221000000,0.311963832000000,0.592166068000000,80.668000000000006,-0.030417336000000,-0.075736272000000,80.698417340000006,0.386439514000000,0.434789767000000,1.503217325000000,1.562607235000000,-93.530474440000006,44.077005659999998,1,0
604,604,73.656999999999996,108.459999999999994,66.707999999999998,84.929151869999998,0.214268721000000,0.191102423000000,0.301562270000000,0.615047022000000,76.555000000000007,-0.021461670000000,-0.060559831000000,76.576461670000000,0.368738467000000,0.410746924000000,1.472500916000000,1.521901682000000,-93.531059440000007,44.077200660000003,1,0
605,605,75.239999999999995,111.799999999999997,68.447000000000003,87.264520110000007,0.217576446000000,0.195466210000000,0.308281264000000,0.612227191000000,79.912999999999997,-0.025300700000000,-0.062524512000000,79.938300699999999,0.376545724000000,0.416409295000000,1.485911749000000,1.533477618000000,-93.530474440000006,44.076966659999997,1,0
606,606,71.933999999999997,108.040000000000006,64.876000000000005,83.777557320000000,0.224630905000000,0.200617867000000,0.313697892000000,0.600481303000000,79.269999999999996,-0.029946498000000,-0.070302634000000,79.299946500000004,0.385711788000000,0.428769587000000,1.501932327000000,1.554481162000000,-93.530474440000006,44.076927660000003,1,0
607,607,71.906999999999996,107.390000000000001,65.248000000000005,83.587340060000002,0.220566298000000,0.197900690000000,0.311120659000000,0.607579849000000,77.625000000000000,-0.027480423000000,-0.065602650000000,77.652480420000003,0.380884172000000,0.421638036000000,1.493456826000000,1.542576081000000,-93.530474440000006,44.076888660000002,1,0
608,608,72.831000000000003,108.060000000000002,65.206999999999994,84.129406290000006,0.220472219000000,0.194752641000000,0.304527852000000,0.603433278000000,78.081999999999994,-0.024773058000000,-0.068144398000000,78.106773059999995,0.375271753000000,0.421761205000000,1.483708860000000,1.539359421000000,-93.530474440000006,44.076849660000001,1,0
609,609,71.465999999999994,105.670000000000002,64.572999999999993,82.549400129999995,0.216769004000000,0.193094571000000,0.303865391000000,0.611081669000000,75.301000000000002,-0.023241170000000,-0.063166039000000,75.324241169999993,0.372307468000000,0.415145230000000,1.478605211000000,1.529397538000000,-93.530474440000006,44.076810660000000,1,0
610,610,78.061000000000007,113.420000000000002,70.935000000000002,89.422946990000000,0.207122255000000,0.184660619000000,0.293323710000000,0.625418797000000,77.843999999999994,-0.015755899000000,-0.053773398000000,77.859755899999996,0.357142830000000,0.398168504000000,1.452966270000000,1.500028534000000,-93.530435440000005,44.078019660000002,1,0
611,611,77.299000000000007,111.579999999999998,70.067999999999998,88.194399720000007,0.204554594000000,0.181497149000000,0.288533890000000,0.627962000000000,75.793000000000006,-0.012981035000000,-0.052075521000000,75.805981029999998,0.351418157000000,0.393697456000000,1.443485685000000,1.491476156000000,-93.530435440000005,44.077980660000001,1,0
612,612,75.052999999999997,110.439999999999998,67.605999999999995,86.410874399999997,0.215165361000000,0.190772698000000,0.300177288000000,0.612151394000000,78.221000000000004,-0.021200400000000,-0.062392977000000,78.242200400000002,0.368146973000000,0.412422527000000,1.471493478000000,1.523599492000000,-93.530435440000005,44.077941660000000,1,0
613,613,79.890000000000001,114.019999999999996,72.460999999999999,90.615614949999994,0.198976842000000,0.176009489000000,0.281023310000000,0.635511314000000,75.688999999999993,-0.008161549000000,-0.047207091000000,75.697161550000004,0.341441350000000,0.383813446000000,1.427212417000000,1.474361060000000,-93.530435440000005,44.077902659999999,1,0
614,614,77.164000000000001,111.909999999999997,69.691000000000003,88.194796670000002,0.207634720000000,0.183769318000000,0.291046464000000,0.622741489000000,76.965000000000003,-0.014995846000000,-0.055427125000000,76.979995849999995,0.355531910000000,0.399196603000000,1.450287699000000,1.500325288000000,-93.530435440000005,44.077863659999998,1,0
615,615,74.358000000000004,108.760000000000005,67.584000000000003,85.489661790000000,0.210253100000000,0.187867932000000,0.297765160000000,0.621404928000000,75.578000000000003,-0.018583019000000,-0.056411197000000,75.596583019999997,0.362926602000000,0.403658865000000,1.462653649000000,1.509925803000000,-93.531059440000007,44.077161660000002,1,0
616,616,78.655000000000001,113.010000000000005,70.629999999999995,89.342908739999999,0.204460372000000,0.179245037000000,0.283843516000000,0.624988939000000,76.734999999999999,-0.011029566000000,-0.053863017000000,76.746029570000005,0.347330759000000,0.393735485000000,1.436780879000000,1.489203347000000,-93.530435440000005,44.077824659999997,1,0
617,617,78.248999999999995,112.629999999999995,70.676000000000002,89.075847600000003,0.204003367000000,0.180119343000000,0.286024475000000,0.627505993000000,76.334999999999994,-0.011781079000000,-0.052316339000000,76.346781080000000,0.348918723000000,0.392800404000000,1.439379417000000,1.489005026000000,-93.530435440000005,44.077785660000004,1,0
618,618,73.793000000000006,109.329999999999998,66.275000000000006,85.226817720000000,0.219085212000000,0.194060823000000,0.304130152000000,0.606192262000000,78.591999999999999,-0.024137323000000,-0.066339746000000,78.616137320000007,0.374035612000000,0.419291855000000,1.481576843000000,1.535549319000000,-93.530435440000005,44.077746660000003,1,0
619,619,78.466999999999999,112.269999999999996,71.155000000000001,89.115387769999998,0.200228778000000,0.177223087000000,0.282676323000000,0.633784626000000,74.918000000000006,-0.009225940000000,-0.048313809000000,74.927225940000000,0.343652722000000,0.386039302000000,1.430792562000000,1.478165478000000,-93.530435440000005,44.077707660000002,1,0
620,620,76.241000000000000,110.219999999999999,69.293999999999997,87.106825060000006,0.204672450000000,0.182231137000000,0.290004865000000,0.628688078000000,74.905000000000001,-0.013616938000000,-0.051644738000000,74.918616940000007,0.352748147000000,0.393850650000000,1.445678834000000,1.492412836000000,-93.530435440000005,44.077668660000001,1,0
621,621,75.495999999999995,109.959999999999994,69.067999999999998,86.720309499999999,0.206747073000000,0.185833837000000,0.296113001000000,0.628119316000000,75.355999999999995,-0.016759127000000,-0.052116107000000,75.372759130000006,0.359260881000000,0.397377729000000,1.456501007000000,1.500307432000000,-93.530435440000005,44.077629659999999,1,0
622,622,78.033000000000001,112.579999999999998,71.051000000000002,89.091058459999999,0.203279144000000,0.181241573000000,0.288946321000000,0.631115651000000,76.075999999999993,-0.012740767000000,-0.050097071000000,76.088740770000001,0.350954805000000,0.391355093000000,1.442722951000000,1.488465390000000,-93.530435440000005,44.077590659999998,1,0
623,623,73.119000000000000,107.340000000000003,66.272999999999996,84.183082799999994,0.212634718000000,0.189633102000000,0.299695234000000,0.617411962000000,75.287999999999997,-0.020157094000000,-0.059002480000000,75.308157089999995,0.366100953000000,0.407880383000000,1.468017889000000,1.516869856000000,-93.530435440000005,44.077551659999997,1,0
624,624,75.272000000000006,109.510000000000005,68.314999999999998,86.265584700000005,0.208029630000000,0.185288610000000,0.293971683000000,0.623824308000000,75.433000000000007,-0.016314694000000,-0.054797173000000,75.449314689999994,0.358276905000000,0.399788423000000,1.454857052000000,1.502607015000000,-93.530435440000005,44.077512659999996,1,0
625,625,77.164000000000001,111.310000000000002,69.968000000000004,88.014620039999997,0.204158463000000,0.181170878000000,0.288137310000000,0.628586830000000,75.488000000000000,-0.012692983000000,-0.051674263000000,75.500692979999997,0.350826613000000,0.392991967000000,1.442512052000000,1.490311443000000,-93.530435440000005,44.077473660000003,1,0
626,626,75.109999999999999,109.849999999999994,68.728999999999999,86.471980130000006,0.208673622000000,0.187824394000000,0.298887560000000,0.625662267000000,75.861000000000004,-0.018510854000000,-0.053724836000000,75.879510850000003,0.362848228000000,0.400759419000000,1.462521635000000,1.506405961000000,-93.531059440000007,44.077122660000001,1,0
627,627,72.850999999999999,108.680000000000007,64.891999999999996,84.319990250000004,0.224208187000000,0.197371248000000,0.307178559000000,0.597092381000000,79.617000000000004,-0.027142759000000,-0.072360129000000,79.644142759999994,0.379941711000000,0.428320060000000,1.491812055000000,1.550406154000000,-93.530435440000005,44.077434660000002,1,0
628,628,77.024000000000001,112.319999999999993,69.459000000000003,88.266701269999999,0.210595948000000,0.186412033000000,0.294415482000000,0.618402778000000,78.156999999999996,-0.017335193000000,-0.058258212000000,78.174335189999994,0.360303712000000,0.404422595000000,1.458246780000000,1.509322018000000,-93.530435440000005,44.077395660000001,1,0
629,629,77.337000000000003,112.859999999999999,69.064999999999998,88.484208370000005,0.213150526000000,0.186769507000000,0.293258594000000,0.611952862000000,79.317999999999998,-0.017697156000000,-0.062365484000000,79.335697159999995,0.360948116000000,0.409106643000000,1.459327359000000,1.515349407000000,-93.530435440000005,44.077356660000000,1,0
630,630,74.828000000000003,110.120000000000005,67.000000000000000,86.051620139999997,0.216567054000000,0.190821204000000,0.299216604000000,0.608427170000000,78.412000000000006,-0.021277406000000,-0.064775271000000,78.433277410000002,0.368234002000000,0.414993225000000,1.471641631000000,1.526801274000000,-93.530435440000005,44.077317659999999,1,0
631,631,76.352000000000004,111.790000000000006,69.587999999999994,87.880831709999995,0.210110414000000,0.188357730000000,0.298918636000000,0.622488595000000,77.640000000000001,-0.019001280000000,-0.055743608000000,77.659001279999998,0.363808047000000,0.403354613000000,1.464139774000000,1.510072496000000,-93.530435440000005,44.077278659999998,1,0
632,632,73.700999999999993,110.790000000000006,65.522999999999996,85.633959439999998,0.228256893000000,0.201034197000000,0.311756102000000,0.591416193000000,82.355999999999995,-0.030432696000000,-0.076226931000000,82.386432700000000,0.386450110000000,0.435308467000000,1.503236048000000,1.563279709000000,-93.530435440000005,44.077239659999996,1,0
633,633,75.363000000000000,111.420000000000002,67.233000000000004,86.822183140000007,0.219584277000000,0.193042193000000,0.301606023000000,0.603419494000000,80.244000000000000,-0.023273337000000,-0.068081538000000,80.267273340000003,0.372213735000000,0.420308392000000,1.478444329000000,1.535725798000000,-93.530435440000005,44.077200660000003,1,0
634,634,77.709000000000003,114.900000000000006,70.138000000000005,89.740436310000007,0.217009535000000,0.193090666000000,0.303671890000000,0.610426458000000,81.953000000000003,-0.023244414000000,-0.063585122000000,81.976244410000007,0.372300478000000,0.415585725000000,1.478593213000000,1.529935716000000,-93.530435440000005,44.077161660000002,1,0
635,635,74.756000000000000,111.530000000000001,66.638999999999996,86.541236330000004,0.224074303000000,0.197406139000000,0.307354133000000,0.597498431000000,81.665000000000006,-0.027168528000000,-0.072098053000000,81.692168530000004,0.380003839000000,0.428072125000000,1.491920381000000,1.550130289000000,-93.530435440000005,44.077122660000001,1,0
636,636,78.472999999999999,114.900000000000006,70.177999999999997,89.972168679999996,0.214424060000000,0.188376868000000,0.295685702000000,0.610774587000000,81.149000000000001,-0.019115086000000,-0.063178664000000,81.168115090000001,0.363842478000000,0.411293791000000,1.464197877000000,1.519695891000000,-93.530435440000005,44.077083660000000,1,0
637,637,72.759000000000000,107.730000000000004,66.358999999999995,84.267712009999997,0.215303826000000,0.193756960000000,0.306413739000000,0.615975123000000,76.341999999999999,-0.023769283000000,-0.060066924000000,76.365769279999995,0.373492360000000,0.412410361000000,1.480641570000000,1.526741716000000,-93.531059440000007,44.077083660000000,1,0
638,638,76.033000000000001,111.060000000000002,67.617999999999995,86.962701989999999,0.214530403000000,0.187217052000000,0.293174304000000,0.608842067000000,78.468999999999994,-0.018113862000000,-0.064366282000000,78.487113859999994,0.361754527000000,0.411611384000000,1.460681546000000,1.518862633000000,-93.530435440000005,44.077044659999999,1,0
639,639,74.837000000000003,110.790000000000006,66.834999999999994,86.297774970000006,0.219979518000000,0.193684108000000,0.302655061000000,0.603258417000000,79.908000000000001,-0.023838043000000,-0.068212246000000,79.931838040000002,0.373362086000000,0.420967120000000,1.480417441000000,1.537229208000000,-93.530435440000005,44.077005659999998,1,0
640,640,77.655000000000001,113.359999999999999,70.525000000000006,89.171303769999994,0.209495866000000,0.186922493000000,0.296331646000000,0.622133028000000,78.540000000000006,-0.017752543000000,-0.055918789000000,78.557752539999996,0.361223819000000,0.402347743000000,1.459790097000000,1.507365534000000,-93.530435440000005,44.076966659999997,1,0
641,641,75.611999999999995,111.099999999999994,68.075999999999993,86.976484020000001,0.214579325000000,0.190068126000000,0.299133484000000,0.612745275000000,78.512000000000000,-0.020578677000000,-0.061987221000000,78.532578680000000,0.366882302000000,0.411412919000000,1.469343490000000,1.521622891000000,-93.530435440000005,44.076927660000003,1,0
642,642,75.350999999999999,110.170000000000002,68.116000000000000,86.515878229999998,0.211301597000000,0.187682257000000,0.296571696000000,0.618280839000000,76.873000000000005,-0.018446047000000,-0.058381072000000,76.891446049999999,0.362592333000000,0.405605381000000,1.462090749000000,1.512073877000000,-93.530435440000005,44.076888660000002,1,0
643,643,74.308999999999997,108.989999999999995,67.168000000000006,85.463808720000003,0.212829351000000,0.189204524000000,0.298636884000000,0.616276723000000,76.503000000000000,-0.019792627000000,-0.059707666000000,76.522792629999998,0.365330807000000,0.408276842000000,1.466713319000000,1.516899970000000,-93.530435440000005,44.076849660000001,1,0
644,644,73.668999999999997,107.310000000000002,66.994000000000000,84.519728850000007,0.208163633000000,0.185883445000000,0.295135325000000,0.624303420000000,73.956999999999994,-0.016830058000000,-0.054515613000000,73.973830059999997,0.359350380000000,0.399983483000000,1.456650694000000,1.503457973000000,-93.530435440000005,44.076810660000000,1,0
645,645,79.311999999999998,114.239999999999995,71.492000000000004,90.281554060000005,0.204796406000000,0.180457965000000,0.286154350000000,0.625805322000000,77.676000000000002,-0.012085541000000,-0.053391890000000,77.688085540000003,0.349533349000000,0.394243009000000,1.440387331000000,1.491047289000000,-93.530396440000004,44.078019660000002,1,0
646,646,75.730999999999995,112.030000000000001,67.950000000000003,87.374877699999999,0.218575030000000,0.193325557000000,0.302968843000000,0.606533964000000,80.379000000000005,-0.023489799000000,-0.066090235000000,80.402489799999998,0.372720762000000,0.418429627000000,1.479314944000000,1.533697442000000,-93.530396440000004,44.077980660000001,1,0
647,647,76.971999999999994,113.879999999999995,69.346999999999994,88.886349899999999,0.217710697000000,0.193385451000000,0.303757047000000,0.608948015000000,81.441000000000003,-0.023517385000000,-0.064543676000000,81.464517380000004,0.372827908000000,0.416841318000000,1.479499039000000,1.531797242000000,-93.530396440000004,44.077941660000000,1,0
648,648,72.688999999999993,107.969999999999999,66.763999999999996,84.456385819999994,0.215218083000000,0.195290575000000,0.309767769000000,0.618356951000000,76.486999999999995,-0.025080126000000,-0.058605708000000,76.512080130000001,0.376232251000000,0.412131700000000,1.485369176000000,1.528026480000000,-93.531059440000007,44.077044659999999,1,0
649,649,79.004000000000005,114.870000000000005,71.688999999999993,90.509781489999995,0.207781659000000,0.184996441000000,0.293538487000000,0.624088100000000,79.046999999999997,-0.016057960000000,-0.054621314000000,79.063057959999995,0.357749381000000,0.399356550000000,1.453977014000000,1.501789261000000,-93.530396440000004,44.077902659999999,1,0
650,650,76.991000000000000,112.150000000000006,69.900000000000006,88.301088289999996,0.208542233000000,0.185887777000000,0.294856635000000,0.623272403000000,77.409000000000006,-0.016841349000000,-0.055165012000000,77.425841349999999,0.359358195000000,0.400681221000000,1.456663766000000,1.504294698000000,-93.530396440000004,44.077863659999998,1,0
651,651,75.424999999999997,109.799999999999997,67.813999999999993,86.301234489999999,0.210454223000000,0.185585099000000,0.292774953000000,0.617613843000000,76.361000000000004,-0.016617992000000,-0.058727706000000,76.377617990000005,0.358812055000000,0.404240000000000,1.455750746000000,1.508239376000000,-93.530396440000004,44.077824659999997,1,0
652,652,76.176000000000002,111.299999999999997,69.233000000000004,87.528435880000004,0.209753022000000,0.187351981000000,0.297049297000000,0.622039533000000,77.191000000000003,-0.018127919000000,-0.055992583000000,77.209127920000000,0.361997571000000,0.402783657000000,1.461090107000000,1.508336254000000,-93.530396440000004,44.077785660000004,1,0
653,653,71.269999999999996,106.290000000000006,64.430999999999997,82.721079059999994,0.220738427000000,0.197229106000000,0.309558115000000,0.606181202000000,76.879000000000005,-0.026910092000000,-0.066476026000000,76.905910090000006,0.379688584000000,0.422010811000000,1.491370843000000,1.542321833000000,-93.530396440000004,44.077746660000003,1,0
654,654,69.682000000000002,103.079999999999998,64.102000000000004,80.808691629999998,0.212905655000000,0.193317975000000,0.307362415000000,0.621866511000000,72.376000000000005,-0.023326466000000,-0.056307417000000,72.399326470000005,0.372707197000000,0.408072628000000,1.479291639000000,1.520984292000000,-93.530396440000004,44.077707660000002,1,0
655,655,62.215000000000003,93.736999999999995,58.491000000000000,73.208670880000000,0.216652606000000,0.202126295000000,0.323431937000000,0.623990527000000,66.768000000000001,-0.030945286000000,-0.055257574000000,66.798945290000006,0.388385102000000,0.414272945000000,1.506662380000000,1.537950516000000,-93.530396440000004,44.077668660000001,1,0
656,656,60.957000000000001,90.111999999999995,57.979999999999997,71.174922530000003,0.204862933000000,0.192991282000000,0.313194900000000,0.643421520000000,61.286999999999999,-0.022828141000000,-0.042765093000000,61.309828140000000,0.372122621000000,0.393487636000000,1.478287973000000,1.503142843000000,-93.530396440000004,44.077629659999999,1,0
657,657,61.893999999999998,92.069000000000003,58.662999999999997,72.454389250000006,0.208670966000000,0.195988647000000,0.316631689000000,0.637163432000000,63.581000000000003,-0.025478540000000,-0.046752514000000,63.606478539999998,0.377477787000000,0.400229414000000,1.487527062000000,1.514323079000000,-93.530396440000004,44.077590659999998,1,0
658,658,62.917999999999999,94.287000000000006,58.365000000000002,73.609750980000001,0.217167919000000,0.199541999000000,0.317371510000000,0.619014286000000,67.290999999999997,-0.028769309000000,-0.058338359000000,67.319769309999998,0.383802145000000,0.415357946000000,1.498569567000000,1.536526922000000,-93.530396440000004,44.077551659999997,1,0
659,659,73.753000000000000,109.530000000000001,67.935000000000002,85.735037829999996,0.214476588000000,0.195200864000000,0.310165759000000,0.620241030000000,77.372000000000000,-0.024981490000000,-0.057404326000000,77.396981490000002,0.376072111000000,0.410790614000000,1.485092132000000,1.526289344000000,-93.531059440000007,44.077005659999998,1,0
660,660,66.219999999999999,98.409000000000006,61.524999999999999,77.146495500000000,0.212818467000000,0.195524482000000,0.312199333000000,0.625196882000000,69.072999999999993,-0.025208486000000,-0.054272752000000,69.098208490000005,0.376649713000000,0.407758036000000,1.486091815000000,1.522933177000000,-93.530396440000004,44.077512659999996,1,0
661,661,69.832999999999998,103.010000000000005,64.203000000000003,80.849104710000006,0.211682782000000,0.191948763000000,0.305384757000000,0.623269585000000,71.983999999999995,-0.022121445000000,-0.055372375000000,72.006121440000001,0.370255703000000,0.405946036000000,1.475090573000000,1.516962966000000,-93.530396440000004,44.077473660000003,1,0
662,662,68.718000000000004,102.689999999999998,62.517000000000003,79.949515140000003,0.220266477000000,0.198193783000000,0.311981706000000,0.608793456000000,74.144999999999996,-0.027721706000000,-0.064833601000000,74.172721710000005,0.381405656000000,0.421068344000000,1.494368288000000,1.542178861000000,-93.530396440000004,44.077434660000002,1,0
663,663,70.722999999999999,105.040000000000006,64.620000000000005,82.079004069999996,0.216363705000000,0.195245871000000,0.308764385000000,0.615194212000000,74.736999999999995,-0.025075817000000,-0.060619927000000,74.762075820000007,0.376152453000000,0.414219392000000,1.485231113000000,1.530543042000000,-93.530396440000004,44.077395660000001,1,0
664,664,69.399000000000001,103.379999999999995,63.384000000000000,80.666343780000005,0.217872258000000,0.196673207000000,0.310626628000000,0.613116657000000,73.977000000000004,-0.026343669000000,-0.062001245000000,74.003343670000007,0.378698233000000,0.416846771000000,1.489646825000000,1.535305176000000,-93.530396440000004,44.077356660000000,1,0
665,665,69.447999999999993,102.980000000000004,64.174000000000007,80.718042960000005,0.213020714000000,0.194469576000000,0.309752988000000,0.623169547000000,72.337999999999994,-0.024314249000000,-0.055521086000000,72.362314249999997,0.374766092000000,0.408197642000000,1.482836079000000,1.522352607000000,-93.530396440000004,44.077317659999999,1,0
666,666,72.194000000000003,106.510000000000005,66.239999999999995,83.554555699999995,0.212221230000000,0.192027039000000,0.305128752000000,0.621913435000000,74.585999999999999,-0.022202626000000,-0.056233261000000,74.608202629999994,0.370395956000000,0.406923089000000,1.475330360000000,1.518228290000000,-93.530396440000004,44.077278659999998,1,0
667,667,70.745999999999995,106.189999999999998,64.275000000000006,82.487551060000001,0.222679267000000,0.200321020000000,0.314607539000000,0.605282983000000,77.358999999999995,-0.029623856000000,-0.067181845000000,77.388623859999996,0.385185134000000,0.425260560000000,1.501003590000000,1.549724311000000,-93.530396440000004,44.077239659999996,1,0
668,668,73.150999999999996,109.510000000000005,66.570999999999998,85.196257630000005,0.221044650000000,0.199051795000000,0.313196658000000,0.607898822000000,79.298000000000002,-0.028481896000000,-0.065443442000000,79.326481900000005,0.382931236000000,0.422407237000000,1.497040369000000,1.544773920000000,-93.530396440000004,44.077200660000003,1,0
669,669,76.427000000000007,112.849999999999994,69.164000000000001,88.241841410000006,0.215757990000000,0.192432255000000,0.303239450000000,0.612884360000000,80.108999999999995,-0.022644240000000,-0.061988616000000,80.131644240000000,0.371121806000000,0.413355311000000,1.476572416000000,1.526496685000000,-93.530396440000004,44.077161660000002,1,0
670,670,77.981999999999999,112.019999999999996,71.219999999999999,88.885621490000005,0.200507981000000,0.179145483000000,0.286558569000000,0.635779325000000,74.837999999999994,-0.010891885000000,-0.047132324000000,74.848891890000004,0.347149849000000,0.386391772000000,1.436485343000000,1.480535646000000,-93.531098439999994,44.077824659999997,1,0
671,671,72.450999999999993,107.939999999999998,66.528000000000006,84.313236970000005,0.216708608000000,0.196733762000000,0.311681582000000,0.616342412000000,76.900999999999996,-0.026359251000000,-0.059941924000000,76.927359249999995,0.378806145000000,0.414728738000000,1.489834509000000,1.532753519000000,-93.531059440000007,44.076966659999997,1,1
672,672,73.186999999999998,109.359999999999999,65.515000000000001,84.868843510000005,0.223875419000000,0.198157187000000,0.309086404000000,0.599076445000000,80.018000000000001,-0.027808370000000,-0.071107223000000,80.045808370000003,0.381340552000000,0.427633302000000,1.494254444000000,1.550385121000000,-93.530396440000004,44.077122660000001,1,0
673,673,77.045000000000002,114.250000000000000,69.659999999999997,89.146901470000003,0.218000826000000,0.194490185000000,0.305874132000000,0.609715536000000,81.795000000000002,-0.024475484000000,-0.064095342000000,81.819475479999994,0.374802914000000,0.417269306000000,1.482899604000000,1.533501336000000,-93.530396440000004,44.077083660000000,1,0
674,674,75.457999999999998,111.239999999999995,68.204999999999998,87.025225059999997,0.215262889000000,0.191657115000000,0.301975644000000,0.613133765000000,78.816999999999993,-0.021964434000000,-0.061799979000000,78.838964430000004,0.369733030000000,0.412518985000000,1.474197567000000,1.524652087000000,-93.530396440000004,44.077044659999999,1,0
675,675,72.629000000000005,108.599999999999994,65.403999999999996,84.353650099999996,0.222859363000000,0.198483686000000,0.310563350000000,0.602246777000000,79.167000000000002,-0.028055451000000,-0.069067805000000,79.195055449999998,0.381921288000000,0.425752733000000,1.495270484000000,1.548364398000000,-93.530396440000004,44.077005659999998,1,0
676,676,71.992999999999995,105.700000000000003,65.364999999999995,82.921780960000007,0.212301940000000,0.189692335000000,0.300076561000000,0.618401135000000,74.042000000000002,-0.020200117000000,-0.058377013000000,74.062200120000000,0.366207363000000,0.407264158000000,1.468198297000000,1.516185723000000,-93.530396440000004,44.076966659999997,1,0
677,677,70.183000000000007,103.840000000000003,65.028000000000006,81.521039970000004,0.211347046000000,0.193405469000000,0.308793981000000,0.626232666000000,72.468999999999994,-0.023358196000000,-0.053548406000000,72.492358199999998,0.372863719000000,0.405228725000000,1.479560577000000,1.517628770000000,-93.530396440000004,44.076927660000003,1,0
678,678,72.278000000000006,106.340000000000003,65.799999999999997,83.390536800000007,0.212687950000000,0.190697466000000,0.301919906000000,0.618769983000000,74.602000000000004,-0.021073734000000,-0.058179021000000,74.623073730000002,0.368011984000000,0.407885166000000,1.471263732000000,1.517995020000000,-93.530396440000004,44.076888660000002,1,0
679,679,71.584000000000003,105.620000000000005,64.433000000000007,82.525682759999995,0.216620543000000,0.192072414000000,0.301815183000000,0.610045446000000,75.222999999999999,-0.022357503000000,-0.063789072000000,75.245357499999997,0.370477250000000,0.414968967000000,1.475469379000000,1.528096689000000,-93.530396440000004,44.076849660000001,1,0
680,680,72.691000000000003,106.299999999999997,65.388000000000005,83.385174590000005,0.212504883000000,0.187769217000000,0.295846060000000,0.615126999000000,74.521000000000001,-0.018547420000000,-0.060384894000000,74.539547420000005,0.362748896000000,0.407814660000000,1.462354349000000,1.514833230000000,-93.530396440000004,44.076810660000000,1,0
681,681,78.049999999999997,114.430000000000007,71.268000000000001,89.935449489999996,0.210329527000000,0.189006650000000,0.300135300000000,0.622808704000000,79.542000000000002,-0.019564129000000,-0.055563644000000,79.561564129999994,0.364975107000000,0.403702724000000,1.466111467000000,1.511169837000000,-93.530357440000003,44.078019660000002,1,0
682,682,73.114999999999995,108.780000000000001,67.471999999999994,85.110442780000000,0.214920131000000,0.196074658000000,0.311694327000000,0.620261077000000,76.972999999999999,-0.025741177000000,-0.057422193000000,76.998741179999996,0.377631183000000,0.411532157000000,1.487793202000000,1.528123928000000,-93.531059440000007,44.076927660000003,1,0
683,683,75.179000000000002,112.269999999999996,67.754999999999995,87.268121260000001,0.222072854000000,0.197872488000000,0.309881865000000,0.603500490000000,81.605999999999995,-0.027505055000000,-0.068231689000000,81.633505049999997,0.380833984000000,0.424379584000000,1.493369159000000,1.545979953000000,-93.530357440000003,44.077980660000001,1,0
684,684,74.347999999999999,112.390000000000001,66.623000000000005,86.790478230000005,0.229142231000000,0.203718579000000,0.316713150000000,0.592784056000000,83.808999999999997,-0.032770632000000,-0.075456759000000,83.841770629999999,0.391201791000000,0.436639926000000,1.511674826000000,1.567921087000000,-93.530357440000003,44.077941660000000,1,0
685,685,77.596000000000004,115.060000000000002,69.629999999999995,89.644259370000000,0.219676371000000,0.194460593000000,0.304520996000000,0.605162524000000,82.894000000000005,-0.024498448000000,-0.067018446000000,82.918498450000001,0.374750042000000,0.420334336000000,1.482808392000000,1.537270645000000,-93.530357440000003,44.077902659999999,1,0
686,686,74.849999999999994,111.519999999999996,68.084000000000003,86.938031490000000,0.218884402000000,0.196759135000000,0.310011328000000,0.610509326000000,80.105999999999995,-0.026448788000000,-0.063675163000000,80.132448789999998,0.378851359000000,0.418679499000000,1.489913160000000,1.537668866000000,-93.530357440000003,44.077863659999998,1,0
687,687,71.320999999999998,108.030000000000001,64.254999999999995,83.438342440000000,0.228884415000000,0.204676863000000,0.318942448000000,0.594788485000000,80.483999999999995,-0.033581275000000,-0.074189470000000,80.517581269999994,0.392894352000000,0.436083043000000,1.514701140000000,1.568250185000000,-93.530357440000003,44.077824659999997,1,0
688,688,75.322999999999993,112.180000000000007,68.488000000000000,87.461444599999993,0.218781490000000,0.196567522000000,0.309683653000000,0.610518809000000,80.549000000000007,-0.026281393000000,-0.063661613000000,80.575281390000001,0.378509879000000,0.418508696000000,1.489319331000000,1.537252108000000,-93.530357440000003,44.077785660000004,1,0
689,689,71.272000000000006,105.859999999999999,65.242999999999995,82.749998250000004,0.215960486000000,0.195266807000000,0.309127796000000,0.616314000000000,75.204999999999998,-0.025081795000000,-0.059906343000000,75.230081790000000,0.376189824000000,0.413483884000000,1.485295768000000,1.529660868000000,-93.530357440000003,44.077746660000003,1,0
690,690,55.761000000000003,86.915999999999997,52.003000000000000,66.753257559999994,0.234619810000000,0.218360352000000,0.343593533000000,0.598313314000000,66.067999999999998,-0.045462297000000,-0.072487158000000,66.113462299999995,0.416845016000000,0.445245240000000,1.558723839000000,1.595364028000000,-93.530357440000003,44.077707660000002,3,0
691,691,44.518999999999998,73.594999999999999,44.280000000000001,55.853629499999997,0.247431024000000,0.246168955000000,0.393802313000000,0.601671309000000,58.390999999999998,-0.069389263000000,-0.071449684000000,58.460389259999999,0.464207339000000,0.466316194000000,1.653114401000000,1.656080306000000,-93.530357440000003,44.077668660000001,3,0
692,692,40.798999999999999,68.700999999999993,42.558999999999997,52.267434999999999,0.244808842000000,0.254812785000000,0.416814807000000,0.619481521000000,54.043999999999997,-0.076170434000000,-0.059966197000000,54.120170430000002,0.478553317000000,0.462108738000000,1.683889311000000,1.660373100000000,-93.530357440000003,44.077629659999999,3,0
693,693,73.991000000000000,109.090000000000003,68.727999999999994,85.827024039999998,0.209091740000000,0.191712958000000,0.306935542000000,0.630011917000000,75.460999999999999,-0.021852277000000,-0.051113344000000,75.482852280000003,0.369833121000000,0.401237618000000,1.474368504000000,1.511043940000000,-93.531059440000007,44.076888660000002,1,0
694,694,43.829000000000001,70.706999999999994,44.045000000000002,54.345877229999999,0.233505460000000,0.234668576000000,0.381296903000000,0.622922766000000,53.539999999999999,-0.058937704000000,-0.057030792000000,53.598937700000000,0.444840101000000,0.442866286000000,1.613246937000000,1.610608092000000,-93.530357440000003,44.077590659999998,3,0
695,695,47.774000000000001,77.183000000000007,46.990000000000002,59.013079519999998,0.239240557000000,0.235352961000000,0.377198045000000,0.608812821000000,59.601999999999997,-0.059898690000000,-0.066282052000000,59.661898690000001,0.446001449000000,0.452604589000000,1.615585884000000,1.624512439000000,-93.530357440000003,44.077551659999997,3,0
696,696,52.723999999999997,83.995999999999995,50.688000000000002,64.302466350000003,0.237947856000000,0.228730252000000,0.363492654000000,0.603457307000000,64.579999999999998,-0.054332793000000,-0.069542389000000,64.634332790000002,0.434717175000000,0.450549245000000,1.593126470000000,1.614156420000000,-93.530357440000003,44.077512659999996,3,0
697,697,56.868000000000002,89.251999999999995,54.667999999999999,68.771309790000004,0.230892291000000,0.221626061000000,0.354109260000000,0.612512885000000,66.968000000000004,-0.047994900000000,-0.063334462000000,67.015994899999995,0.422499733000000,0.438569432000000,1.569459098000000,1.590215126000000,-93.530357440000003,44.077473660000003,3,0
698,698,58.637999999999998,93.295000000000002,55.793999999999997,71.309986460000005,0.239710054000000,0.228107126000000,0.360488459000000,0.598038480000000,72.158000000000001,-0.053925585000000,-0.073093050000000,72.211925590000007,0.433650192000000,0.453614509000000,1.591033118000000,1.617592929000000,-93.530357440000003,44.077434660000002,3,0
699,699,60.280000000000001,94.575000000000003,57.042999999999999,72.645286319999997,0.234366486000000,0.221465242000000,0.350621601000000,0.603150938000000,71.826999999999998,-0.048056140000000,-0.069442845000000,71.875056139999998,0.422221831000000,0.444632665000000,1.568928334000000,1.598031778000000,-93.530357440000003,44.077395660000001,3,0
700,700,59.656999999999996,93.299000000000007,55.734999999999999,71.577583259999997,0.235789265000000,0.219945605000000,0.346036350000000,0.597380465000000,71.206000000000003,-0.046859711000000,-0.073170381000000,71.252859709999996,0.419592953000000,0.447203724000000,1.563923764000000,1.599742941000000,-93.530357440000003,44.077356660000000,3,0
701,701,59.350000000000001,93.207999999999998,56.981999999999999,71.779992770000007,0.231492859000000,0.221935264000000,0.354252114000000,0.611342374000000,70.084000000000003,-0.048286723000000,-0.064108046000000,70.132286719999996,0.423033883000000,0.439603952000000,1.570480202000000,1.591918818000000,-93.530357440000003,44.077317659999999,3,0
702,702,63.658000000000001,98.311999999999998,59.765000000000001,75.915403650000002,0.228719532000000,0.213953201000000,0.339063647000000,0.607911547000000,73.200999999999993,-0.041449478000000,-0.066029269000000,73.242449480000005,0.409175974000000,0.435102388000000,1.544377769000000,1.577174553000000,-93.530357440000003,44.077278659999998,3,0
703,703,67.754000000000005,103.590000000000003,62.469999999999999,80.049970880000004,0.228082655000000,0.209146512000000,0.329151129000000,0.603050487000000,76.956000000000003,-0.037356189000000,-0.068995013000000,76.993356190000000,0.400762755000000,0.434277021000000,1.528913422000000,1.570817087000000,-93.530357440000003,44.077239659999996,1,0
704,704,69.695999999999998,103.510000000000005,63.718000000000004,80.894655860000000,0.216212247000000,0.195224184000000,0.308837498000000,0.615573375000000,73.605999999999995,-0.025052760000000,-0.060377167000000,73.631052760000003,0.376113740000000,0.413945465000000,1.485164141000000,1.530183022000000,-93.531059440000007,44.076849660000001,1,0
705,705,70.406999999999996,105.900000000000006,64.328999999999994,82.280366009999995,0.222383822000000,0.201313618000000,0.316964047000000,0.607450425000000,77.063999999999993,-0.030461776000000,-0.065823069000000,77.094461780000003,0.386945431000000,0.424643597000000,1.504111807000000,1.550017961000000,-93.530357440000003,44.077200660000003,1,0
706,706,73.227999999999994,109.459999999999994,66.635000000000005,85.213564669999997,0.220347675000000,0.198327203000000,0.312202183000000,0.608761191000000,79.057000000000002,-0.027838587000000,-0.064859640000000,79.084838590000004,0.381642983000000,0.421204391000000,1.494783416000000,1.542491820000000,-93.530357440000003,44.077161660000002,1,0
707,707,75.022000000000006,111.849999999999994,68.671000000000006,87.281974509999998,0.217769527000000,0.197076073000000,0.311570968000000,0.613956191000000,80.007000000000005,-0.026685137000000,-0.061479281000000,80.033685140000003,0.379416016000000,0.416627740000000,1.490896004000000,1.535463985000000,-93.530357440000003,44.077122660000001,1,0
708,708,74.242999999999995,111.909999999999997,67.016000000000005,86.654515950000004,0.226145574000000,0.202344308000000,0.316165423000000,0.598838352000000,82.561000000000007,-0.031480158000000,-0.071444766000000,82.592480159999994,0.388771077000000,0.431352790000000,1.507347494000000,1.559639507000000,-93.530357440000003,44.077083660000000,1,0
709,709,71.204999999999998,106.980000000000004,63.883000000000003,82.857126260000001,0.225963191000000,0.200774476000000,0.312986649000000,0.597149000000000,78.872000000000000,-0.030127898000000,-0.072474677000000,78.902127899999996,0.385989562000000,0.431170621000000,1.502422583000000,1.557703481000000,-93.530357440000003,44.077044659999999,1,0
710,710,67.671000000000006,103.859999999999999,62.040999999999997,80.031971780000006,0.231181394000000,0.210976442000000,0.330523335000000,0.597352205000000,78.007999999999996,-0.039048345000000,-0.072793828000000,78.047048340000003,0.403971676000000,0.439666446000000,1.534778561000000,1.579820522000000,-93.530357440000003,44.077005659999998,1,0
711,711,61.807000000000002,96.918999999999997,57.817999999999998,74.288444440000006,0.236752025000000,0.221211396000000,0.347960518000000,0.596560014000000,74.212999999999994,-0.047977316000000,-0.073766994000000,74.260977319999995,0.421783056000000,0.448816449000000,1.568090993000000,1.603318493000000,-93.530357440000003,44.076966659999997,3,0
712,712,61.140999999999998,94.962999999999994,58.131000000000000,73.338044719999999,0.228507300000000,0.216663250000000,0.345217560000000,0.612143677000000,70.653999999999996,-0.043716480000000,-0.063386468000000,70.697716479999997,0.413896951000000,0.434593928000000,1.553180354000000,1.579511630000000,-93.530357440000003,44.076927660000003,3,0
713,713,67.186000000000007,100.849999999999994,61.799999999999997,78.536448219999997,0.219888353000000,0.200338023000000,0.316879401000000,0.612791274000000,72.713999999999999,-0.029541064000000,-0.062348805000000,72.743541059999998,0.385215305000000,0.420212558000000,1.501056768000000,1.543411708000000,-93.530357440000003,44.076888660000002,1,0
714,714,69.194000000000003,104.599999999999994,62.677000000000000,80.947258480000002,0.226724055000000,0.203723949000000,0.318637112000000,0.599206501000000,77.328999999999994,-0.032682232000000,-0.071265398000000,77.361682230000000,0.391211281000000,0.432273444000000,1.511691765000000,1.562316451000000,-93.530357440000003,44.076849660000001,1,0
715,715,69.894000000000005,102.760000000000005,63.872999999999998,80.673310259999994,0.211481725000000,0.190357594000000,0.302129968000000,0.621574543000000,71.753000000000000,-0.020751965000000,-0.056390180000000,71.773751959999998,0.367402004000000,0.405703911000000,1.470226343000000,1.514997860000000,-93.531059440000007,44.076810660000000,1,0
716,716,71.129999999999995,105.180000000000007,64.188000000000002,82.142982340000003,0.217086421000000,0.193125744000000,0.303687055000000,0.610268112000000,75.042000000000002,-0.023276701000000,-0.063687848000000,75.065276699999998,0.372363251000000,0.415723175000000,1.478700970000000,1.530142271000000,-93.530357440000003,44.076810660000000,1,0
717,717,78.641999999999996,114.459999999999994,71.948999999999998,90.300081879999993,0.206394545000000,0.185487463000000,0.295642700000000,0.628595142000000,78.328999999999994,-0.016454192000000,-0.051806633000000,78.345454189999998,0.358635844000000,0.396756617000000,1.455456372000000,1.499211521000000,-93.530318440000002,44.078019660000002,1,0
718,718,77.899000000000001,113.989999999999995,70.948999999999998,89.620933010000002,0.209995011000000,0.188082694000000,0.298420704000000,0.622414247000000,79.132000000000005,-0.018762127000000,-0.055781128000000,79.150762130000004,0.363313148000000,0.403165854000000,1.463305049000000,1.509558254000000,-93.530318440000002,44.077980660000001,1,0
719,719,77.106999999999999,114.709999999999994,69.914000000000001,89.427514310000007,0.218889547000000,0.196035805000000,0.308466568000000,0.609484788000000,82.399000000000001,-0.025828809000000,-0.064304190000000,82.424828809999994,0.377561892000000,0.418751609000000,1.487672974000000,1.536985778000000,-93.530318440000002,44.077941660000000,1,0
720,720,78.632000000000005,115.319999999999993,71.707999999999998,90.597518519999994,0.210772219000000,0.189160205000000,0.300121069000000,0.621817551000000,80.299999999999997,-0.019706392000000,-0.056195137000000,80.319706389999993,0.365251145000000,0.404502270000000,1.466578492000000,1.512292756000000,-93.530318440000002,44.077902659999999,1,0
721,721,75.218000000000004,111.400000000000006,68.323999999999998,87.055301389999997,0.216349750000000,0.193882691000000,0.305865048000000,0.613321364000000,79.257999999999996,-0.023906614000000,-0.061764637000000,79.281906609999993,0.373717167000000,0.414308582000000,1.481028477000000,1.529204822000000,-93.530318440000002,44.077863659999998,1,0
722,722,73.111000000000004,109.599999999999994,66.311000000000007,85.155792599999998,0.222457072000000,0.199708830000000,0.313479381000000,0.605027372000000,79.778000000000006,-0.029092209000000,-0.067321763000000,79.807092209999993,0.384098425000000,0.424911121000000,1.499090424000000,1.548624337000000,-93.530318440000002,44.077824659999997,1,0
723,723,74.369000000000000,110.329999999999998,68.037000000000006,86.279565809999994,0.215536569000000,0.194700567000000,0.308249473000000,0.616668177000000,78.254000000000005,-0.024584547000000,-0.059659882000000,78.278584550000005,0.375178741000000,0.412757496000000,1.483548253000000,1.528167841000000,-93.530318440000002,44.077785660000004,1,0
724,724,71.525999999999996,106.560000000000002,65.596000000000004,83.214256579999997,0.216987112000000,0.196725178000000,0.311441017000000,0.615578078000000,75.998000000000005,-0.026360585000000,-0.060429576000000,76.024360580000007,0.378790848000000,0.415234941000000,1.489807902000000,1.533368739000000,-93.530318440000002,44.077746660000003,1,0
725,725,58.537999999999997,91.113000000000000,55.676000000000002,70.304322270000000,0.229429227000000,0.217673119000000,0.346634743000000,0.611065380000000,68.012000000000000,-0.044610792000000,-0.064125030000000,68.056610789999993,0.415651988000000,0.436167311000000,1.556476135000000,1.582675311000000,-93.530318440000002,44.077707660000002,3,0
726,726,72.436999999999998,107.790000000000006,66.438999999999993,84.221817819999998,0.216399215000000,0.196158178000000,0.310691813000000,0.616374432000000,76.703999999999994,-0.025857637000000,-0.059900432000000,76.729857640000006,0.377780121000000,0.414211384000000,1.488051686000000,1.531503382000000,-93.531020440000006,44.078019660000002,1,0
727,727,46.085000000000001,75.593000000000004,46.872000000000000,57.836301339999999,0.238503664000000,0.242508917000000,0.394460337000000,0.620057413000000,58.228999999999999,-0.065701572000000,-0.059164640000000,58.294701570000001,0.458078003000000,0.451362204000000,1.640295107000000,1.631072040000000,-93.530318440000002,44.077668660000001,3,0
728,728,41.835999999999999,69.647000000000006,44.284999999999997,53.423205729999999,0.235889360000000,0.249464044000000,0.413866484000000,0.635849355000000,53.173000000000002,-0.071109599000000,-0.049098660000000,53.244109600000002,0.469697714000000,0.447234544000000,1.664762406000000,1.633522035000000,-93.530318440000002,44.077629659999999,3,0
729,729,42.253999999999998,70.510999999999996,44.520000000000003,53.972931600000003,0.238142900000000,0.250583071000000,0.414052312000000,0.631390847000000,54.247999999999998,-0.072196332000000,-0.052026576000000,54.320196330000002,0.471556241000000,0.450996053000000,1.668741421000000,1.639963438000000,-93.530318440000002,44.077590659999998,3,0
730,730,45.725999999999999,75.182000000000002,46.293999999999997,57.405965530000003,0.240708958000000,0.243623251000000,0.394778460000000,0.615759091000000,58.344000000000001,-0.066779106000000,-0.062023182000000,58.410779110000000,0.459947561000000,0.455066952000000,1.644184928000000,1.637439583000000,-93.530318440000002,44.077551659999997,3,0
731,731,50.835999999999999,82.531999999999996,50.921999999999997,63.216242649999998,0.237259296000000,0.237658209000000,0.384445576000000,0.616997044000000,63.305999999999997,-0.061650659000000,-0.060997341000000,63.367650660000002,0.449905135000000,0.449230805000000,1.623495161000000,1.622581609000000,-93.530318440000002,44.077512659999996,3,0
732,732,54.841000000000001,87.933000000000007,53.874000000000002,67.434302959999997,0.235964453000000,0.231778895000000,0.372238470000000,0.612671011000000,67.150999999999996,-0.056728774000000,-0.063613157000000,67.207728770000003,0.439924411000000,0.447069822000000,1.603417151000000,1.612944153000000,-93.530318440000002,44.077473660000003,3,0
733,733,58.005000000000003,90.959999999999994,55.881000000000000,70.145058710000001,0.229995335000000,0.221226463000000,0.354035065000000,0.614346966000000,68.034000000000006,-0.047611376000000,-0.062127647000000,68.081611379999998,0.421809104000000,0.437021357000000,1.568140678000000,1.587742393000000,-93.530318440000002,44.077434660000002,3,0
734,734,59.167999999999999,92.704999999999998,56.747999999999998,71.450226860000001,0.230627294000000,0.220822661000000,0.352557162000000,0.612135268000000,69.494000000000000,-0.047309715000000,-0.063549691000000,69.541309709999993,0.421110842000000,0.438136108000000,1.566809762000000,1.588750376000000,-93.530318440000002,44.077395660000001,3,0
735,735,59.915999999999997,93.290999999999997,57.631000000000000,72.144461320000005,0.226992493000000,0.217842527000000,0.349198544000000,0.617755196000000,69.034999999999997,-0.044624783000000,-0.059797570000000,69.079624780000003,0.415946175000000,0.431893097000000,1.557029842000000,1.577321390000000,-93.530318440000002,44.077356660000000,3,0
736,736,58.905999999999999,92.010999999999996,56.860999999999997,71.108167080000001,0.227676799000000,0.219358985000000,0.351971166000000,0.617980459000000,68.254999999999995,-0.045926903000000,-0.059706032000000,68.300926899999993,0.418576743000000,0.433039609000000,1.561997080000000,1.580484045000000,-93.530318440000002,44.077317659999999,3,0
737,737,77.459999999999994,111.349999999999994,71.332999999999998,88.482146950000001,0.198945875000000,0.179492612000000,0.288482001000000,0.640619668000000,73.906999999999996,-0.011170779000000,-0.044144182000000,73.918170779999997,0.347780569000000,0.383466984000000,1.437516137000000,1.477507863000000,-93.531020440000006,44.077980660000001,1,0
738,738,62.176000000000002,96.582999999999998,58.825000000000003,74.508414490000007,0.229702674000000,0.216724721000000,0.344297236000000,0.609061636000000,72.165000000000006,-0.043829510000000,-0.065390838000000,72.208829510000001,0.414003845000000,0.436690987000000,1.553380726000000,1.582304900000000,-93.530318440000002,44.077278659999998,3,0
739,739,68.631000000000000,104.069999999999993,63.715000000000003,80.829821820000006,0.222605335000000,0.205204371000000,0.325170205000000,0.612232151000000,75.793999999999997,-0.033781978000000,-0.062893374000000,75.827781979999997,0.393825220000000,0.424756658000000,1.516370153000000,1.554368601000000,-93.530318440000002,44.077239659999996,1,0
740,740,70.989999999999995,106.030000000000001,65.694000000000003,82.860611140000003,0.216135618000000,0.197943735000000,0.314751271000000,0.619579364000000,75.376000000000005,-0.027373781000000,-0.057921669000000,75.403373779999995,0.380960771000000,0.413601971000000,1.493590647000000,1.532654218000000,-93.530318440000002,44.077200660000003,1,0
741,741,73.602000000000004,108.540000000000006,67.756000000000000,85.223356620000004,0.211255503000000,0.191817373000000,0.305439477000000,0.624249125000000,75.721999999999994,-0.021997775000000,-0.054748737000000,75.743997780000001,0.370020256000000,0.405176018000000,1.474688188000000,1.515894020000000,-93.530318440000002,44.077161660000002,1,0
742,742,74.426000000000002,109.489999999999995,68.742000000000004,86.125397219999996,0.209339828000000,0.190652254000000,0.304443711000000,0.627838159000000,75.811999999999998,-0.020951642000000,-0.052447182000000,75.832951640000005,0.367930854000000,0.401763721000000,1.471125682000000,1.510563946000000,-93.530318440000002,44.077122660000001,1,0
743,743,73.468000000000004,110.590000000000003,66.826999999999998,85.816748660000002,0.223763746000000,0.201686425000000,0.316656857000000,0.604277059000000,80.885000000000005,-0.030830062000000,-0.067888475000000,80.915830060000005,0.387606039000000,0.427105600000000,1.505281211000000,1.553528921000000,-93.530318440000002,44.077083660000000,1,0
744,744,72.548000000000002,110.659999999999997,66.444000000000003,85.486164650000006,0.228490863000000,0.208025850000000,0.326401973000000,0.600433761000000,82.328000000000003,-0.036421899000000,-0.070651948000000,82.364421899999996,0.398793989000000,0.435090226000000,1.525334951000000,1.570636635000000,-93.530318440000002,44.077044659999999,1,0
745,745,69.215000000000003,105.400000000000006,64.079999999999998,81.662154889999996,0.225243029000000,0.207227329000000,0.327362374000000,0.607969639000000,77.504999999999995,-0.035606108000000,-0.065724041000000,77.540606109999999,0.397389494000000,0.429340357000000,1.522791302000000,1.562386467000000,-93.530318440000002,44.077005659999998,1,0
746,746,60.456000000000003,94.751999999999995,57.012999999999998,72.762975040000001,0.234662332000000,0.220967991000000,0.349264219000000,0.601707616000000,72.034999999999997,-0.047655981000000,-0.070369096000000,72.082655979999998,0.421362193000000,0.445174123000000,1.567288607000000,1.598192150000000,-93.530318440000002,44.076966659999997,3,0
747,747,63.304000000000002,97.200999999999993,59.945999999999998,75.385572740000001,0.223993553000000,0.211189683000000,0.337085691000000,0.616722050000000,71.152000000000001,-0.038899347000000,-0.060224721000000,71.190899349999995,0.404345135000000,0.426887737000000,1.535463794000000,1.563586832000000,-93.530318440000002,44.076927660000003,3,0
748,748,76.173000000000002,111.209999999999994,69.747000000000000,87.625403539999994,0.207688549000000,0.186980676000000,0.297842497000000,0.627164823000000,76.500000000000000,-0.017764555000000,-0.052752304000000,76.517764549999995,0.361328661000000,0.399017275000000,1.459966130000000,1.503448414000000,-93.531020440000006,44.077941660000000,1,0
749,749,66.317999999999998,100.430000000000007,61.576000000000001,78.050978639999997,0.221947109000000,0.204572169000000,0.324344883000000,0.613123569000000,72.965999999999994,-0.033219460000000,-0.062295685000000,72.999219460000006,0.392709533000000,0.423618917000000,1.514370156000000,1.552248628000000,-93.530318440000002,44.076888660000002,1,0
750,750,69.933000000000007,104.959999999999994,63.901000000000003,81.630394440000003,0.221338515000000,0.200276741000000,0.315581303000000,0.608812881000000,76.085999999999999,-0.029539268000000,-0.064903641000000,76.115539269999999,0.385106560000000,0.422838099000000,1.500865114000000,1.546631222000000,-93.530318440000002,44.076849660000001,1,0
751,751,73.025999999999996,106.329999999999998,65.641000000000005,83.561567040000000,0.210610058000000,0.185686567000000,0.292872532000000,0.617332832000000,73.992999999999995,-0.016708776000000,-0.058909293000000,74.009708779999997,0.358995161000000,0.404518246000000,1.456056747000000,1.508679451000000,-93.530318440000002,44.076810660000000,1,0
752,752,75.644999999999996,110.739999999999995,69.262000000000000,87.144971679999998,0.208994861000000,0.188293049000000,0.299642256000000,0.625446993000000,76.572999999999993,-0.018920621000000,-0.053875852000000,76.591920619999996,0.363691675000000,0.401311513000000,1.463943420000000,1.507555340000000,-93.530279440000001,44.078019660000002,1,0
753,753,73.656000000000006,110.969999999999999,66.375000000000000,85.916990679999998,0.226286084000000,0.202105879000000,0.315549129000000,0.598134631000000,81.909000000000006,-0.031281150000000,-0.071892144000000,81.940281150000004,0.388348951000000,0.431628936000000,1.506598240000000,1.559732973000000,-93.530279440000001,44.077980660000001,1,0
754,754,73.433000000000007,109.609999999999999,66.328999999999994,85.257050210000003,0.221342574000000,0.197642084000000,0.309962815000000,0.605136393000000,79.457999999999998,-0.027283737000000,-0.067166322000000,79.485283740000000,0.380423900000000,0.423072357000000,1.492653167000000,1.544092989000000,-93.530279440000001,44.077941660000000,1,0
755,755,75.864000000000004,112.189999999999998,68.885999999999996,87.725373739999995,0.215723458000000,0.193167920000000,0.304830156000000,0.614011944000000,79.629999999999995,-0.023275473000000,-0.061296801000000,79.653275469999997,0.372438719000000,0.413226797000000,1.478830539000000,1.527118361000000,-93.530279440000001,44.077902659999999,1,0
756,756,73.626999999999995,110.620000000000005,66.742000000000004,85.853002459999999,0.223642111000000,0.200779389000000,0.314820646000000,0.603344784000000,80.870999999999995,-0.030049923000000,-0.068453996000000,80.901049920000005,0.385998275000000,0.426963884000000,1.502437964000000,1.552369016000000,-93.530279440000001,44.077863659999998,1,0
757,757,73.605999999999995,110.530000000000001,66.626999999999995,85.778554560000003,0.223715931000000,0.200525698000000,0.314222740000000,0.602795621000000,80.826999999999998,-0.029835343000000,-0.068798826000000,80.856835340000003,0.385548286000000,0.427120030000000,1.501643888000000,1.552292352000000,-93.530279440000001,44.077824659999997,1,0
758,758,72.638999999999996,109.590000000000003,66.611000000000004,85.094883789999997,0.223000307000000,0.202772336000000,0.319595565000000,0.607820057000000,79.930000000000007,-0.031728822000000,-0.065642983000000,79.961728820000005,0.389528573000000,0.425640338000000,1.508693677000000,1.552851157000000,-93.530279440000001,44.077785660000004,1,0
759,759,74.212000000000003,108.920000000000002,67.597999999999999,85.518958810000001,0.211399972000000,0.189524496000000,0.300413731000000,0.620620639000000,76.030000000000001,-0.020034300000000,-0.056964863000000,76.050034299999993,0.365905825000000,0.405623407000000,1.467687166000000,1.514026278000000,-93.531020440000006,44.077902659999999,1,0
760,760,69.634000000000000,106.189999999999998,63.311999999999998,81.921953509999994,0.230026120000000,0.207912458000000,0.324907565000000,0.596214333000000,79.433999999999997,-0.036391008000000,-0.073402583000000,79.470391010000000,0.398594630000000,0.437848603000000,1.524973433000000,1.574080490000000,-93.530279440000001,44.077746660000003,1,0
761,761,65.183999999999997,99.760999999999996,60.073000000000000,77.049716210000000,0.228663183000000,0.209627452000000,0.329706690000000,0.602169184000000,74.265000000000001,-0.037789866000000,-0.069589100000000,74.302789869999998,0.401606826000000,0.435277943000000,1.530452258000000,1.572637141000000,-93.530279440000001,44.077707660000002,3,0
762,762,56.981999999999999,88.111000000000004,54.061999999999998,68.149826340000004,0.226890756000000,0.214545154000000,0.341960431000000,0.613566978000000,65.177999999999997,-0.041857849000000,-0.062384575000000,65.219857849999997,0.410208562000000,0.431846208000000,1.546295321000000,1.573620556000000,-93.530279440000001,44.077668660000001,3,0
763,763,55.212000000000003,84.805000000000007,52.738999999999997,65.882863450000002,0.222145763000000,0.211352907000000,0.339065973000000,0.621885502000000,61.658999999999999,-0.038951835000000,-0.056913403000000,61.697951840000002,0.404630930000000,0.423612791000000,1.535988553000000,1.559607116000000,-93.530279440000001,44.077629659999999,3,0
764,764,55.822000000000003,86.241000000000000,53.234000000000002,66.801857560000002,0.225283976000000,0.214123311000000,0.342444472000000,0.617270208000000,63.426000000000002,-0.041425111000000,-0.059977368000000,63.467425110000001,0.409472790000000,0.429034714000000,1.544928523000000,1.569544439000000,-93.530279440000001,44.077590659999998,3,0
765,765,56.026000000000003,87.212999999999994,53.811999999999998,67.430832190000004,0.227211325000000,0.217727016000000,0.348742550000000,0.617018105000000,64.587999999999994,-0.044539738000000,-0.060269676000000,64.632539739999999,0.415745590000000,0.432279970000000,1.556652269000000,1.577693368000000,-93.530279440000001,44.077551659999997,3,0
766,766,58.036999999999999,90.206000000000003,55.841999999999999,69.818203859999997,0.226078949000000,0.217001815000000,0.348145583000000,0.619049731000000,66.533000000000001,-0.043874856000000,-0.058932308000000,66.576874860000004,0.414485591000000,0.430322526000000,1.554284336000000,1.574367874000000,-93.530279440000001,44.077512659999996,3,0
767,767,60.399999999999999,93.674000000000007,58.366999999999997,72.639945310000002,0.224036718000000,0.215961162000000,0.347665270000000,0.623086449000000,68.581000000000003,-0.042901323000000,-0.056298925000000,68.623901320000002,0.412675460000000,0.426778251000000,1.550894040000000,1.568677592000000,-93.530279440000001,44.077473660000003,3,0
768,768,61.670000000000002,95.606999999999999,59.100000000000001,74.019586029999999,0.225793630000000,0.215778531000000,0.345671593000000,0.618155574000000,70.444000000000003,-0.042837270000000,-0.059465655000000,70.486837269999995,0.412357540000000,0.429865581000000,1.550299984000000,1.572431503000000,-93.530279440000001,44.077434660000002,3,0
769,769,61.908000000000001,96.180000000000007,58.518999999999998,74.179211429999995,0.229974392000000,0.216790648000000,0.344203517000000,0.608432106000000,71.933000000000007,-0.043898858000000,-0.065803044000000,71.976898860000006,0.414118480000000,0.437165316000000,1.553595658000000,1.582995966000000,-93.530279440000001,44.077395660000001,3,0
770,770,74.701999999999998,109.609999999999999,68.941999999999993,86.309018969999997,0.208276379000000,0.189396241000000,0.302574326000000,0.628975458000000,75.575999999999993,-0.019850427000000,-0.051691977000000,75.595850429999999,0.365675365000000,0.399910505000000,1.467296726000000,1.507031914000000,-93.531020440000006,44.077863659999998,1,0
771,771,62.067999999999998,95.566000000000003,58.234999999999999,73.884171069999994,0.227427874000000,0.212504916000000,0.337005402000000,0.609369441000000,70.828999999999994,-0.040166953000000,-0.065025548000000,70.869166949999993,0.406646359000000,0.432898831000000,1.539698395000000,1.572730539000000,-93.530279440000001,44.077356660000000,3,0
772,772,62.026000000000003,95.100999999999999,58.926000000000002,73.855034480000000,0.222558604000000,0.210498514000000,0.336809197000000,0.619614936000000,69.250000000000000,-0.038252651000000,-0.058340315000000,69.288252650000004,0.403134299000000,0.424379471000000,1.533244123000000,1.559646438000000,-93.530279440000001,44.077317659999999,3,0
773,773,64.772000000000006,99.406999999999996,61.091999999999999,77.048461149999994,0.224684149000000,0.210958771000000,0.335978348000000,0.614564367000000,72.950000000000003,-0.038736455000000,-0.061606687000000,72.988736459999998,0.403940724000000,0.428122343000000,1.534721793000000,1.564908132000000,-93.530279440000001,44.077278659999998,1,0
774,774,66.506000000000000,101.879999999999995,61.686000000000000,78.756470699999994,0.227647371000000,0.210076847000000,0.331527648000000,0.605477032000000,75.567999999999998,-0.038125456000000,-0.067455405000000,75.606125460000001,0.402395081000000,0.433437032000000,1.531891859000000,1.570755623000000,-93.530279440000001,44.077239659999996,1,0
775,775,68.117000000000004,103.390000000000001,62.756000000000000,80.140986859999998,0.224807717000000,0.205665075000000,0.324346443000000,0.606983267000000,75.906999999999996,-0.034261492000000,-0.066299842000000,75.941261490000002,0.394637715000000,0.428671323000000,1.517829617000000,1.559832298000000,-93.530279440000001,44.077200660000003,1,0
776,776,70.808999999999997,105.299999999999997,65.870999999999995,82.544923370000006,0.212854181000000,0.195850297000000,0.312877592000000,0.625555556000000,73.920000000000002,-0.025487230000000,-0.054056534000000,73.945487229999998,0.377231017000000,0.407801408000000,1.487099098000000,1.523330649000000,-93.530279440000001,44.077161660000002,1,0
777,777,70.200999999999993,105.769999999999996,65.716999999999999,82.531200949999999,0.217643571000000,0.202129896000000,0.322609611000000,0.621319845000000,75.622000000000000,-0.030984575000000,-0.056958558000000,75.652984579999995,0.388391478000000,0.416051004000000,1.506673694000000,1.540156455000000,-93.530279440000001,44.077122660000001,1,0
778,778,69.292000000000002,105.420000000000002,63.860999999999997,81.635337500000006,0.225838898000000,0.206786025000000,0.325914967000000,0.605776892000000,77.686999999999998,-0.035256295000000,-0.067126624000000,77.722256290000004,0.396612708000000,0.430437231000000,1.521387750000000,1.563305635000000,-93.530279440000001,44.077083660000000,1,0
779,779,69.546000000000006,107.290000000000006,64.174999999999997,82.595845010000005,0.232152650000000,0.213440702000000,0.335022767000000,0.598145214000000,80.858999999999995,-0.041183183000000,-0.072382588000000,80.900183179999999,0.408281358000000,0.441211683000000,1.542719926000000,1.584567995000000,-93.530279440000001,44.077044659999999,1,0
780,780,68.085999999999999,105.060000000000002,63.372000000000000,81.012997679999998,0.230290007000000,0.213542328000000,0.336819283000000,0.603198172000000,78.662000000000006,-0.041179107000000,-0.069082269000000,78.703179109999994,0.408458802000000,0.437904151000000,1.543048497000000,1.580359864000000,-93.530279440000001,44.077005659999998,1,0
781,781,75.072000000000003,108.879999999999995,68.971000000000004,86.115539490000003,0.203749002000000,0.183787075000000,0.294031188000000,0.633458854000000,73.716999999999999,-0.014942097000000,-0.048712849000000,73.731942099999998,0.355564019000000,0.392015648000000,1.450341006000000,1.491860940000000,-93.531098439999994,44.077785660000004,1,0
782,782,73.069999999999993,109.019999999999996,67.314999999999998,85.158468999999997,0.216656204000000,0.197429842000000,0.313221520000000,0.617455513000000,77.655000000000001,-0.026952146000000,-0.059257032000000,77.681952150000001,0.380046044000000,0.414581373000000,1.491993978000000,1.533313456000000,-93.531020440000006,44.077824659999997,1,0
783,783,65.584000000000003,101.349999999999994,60.616000000000000,77.990134019999999,0.232593493000000,0.214252339000000,0.336405877000000,0.598085841000000,76.500000000000000,-0.041891452000000,-0.072457042000000,76.541891449999994,0.409697880000000,0.441936328000000,1.545346426000000,1.586419322000000,-93.530279440000001,44.076966659999997,3,0
784,784,65.219999999999999,100.680000000000007,60.567999999999998,77.585637469999995,0.231002482000000,0.213743219000000,0.336649831000000,0.601589193000000,75.572000000000003,-0.041383330000000,-0.070141477000000,75.613383330000005,0.408809500000000,0.439152833000000,1.543698252000000,1.582210347000000,-93.530279440000001,44.076927660000003,3,0
785,785,69.665000000000006,105.180000000000007,63.710999999999999,81.598889180000000,0.223962576000000,0.203122766000000,0.319569169000000,0.605733029000000,76.983999999999995,-0.032063750000000,-0.067005651000000,77.016063750000001,0.390148452000000,0.427346288000000,1.509796885000000,1.555388910000000,-93.530279440000001,44.076888660000002,1,0
786,786,69.403999999999996,105.230000000000004,63.405000000000001,81.466684689999994,0.226210348000000,0.205149055000000,0.322092260000000,0.602537299000000,77.650999999999996,-0.033878482000000,-0.069160936000000,77.684878479999995,0.393727635000000,0.431228485000000,1.516195032000000,1.562532216000000,-93.530279440000001,44.076849660000001,1,0
787,787,70.891999999999996,105.239999999999995,63.908999999999999,82.027421320000002,0.219180899000000,0.195012831000000,0.306069166000000,0.607269099000000,75.679000000000002,-0.024959069000000,-0.065686279000000,75.703959069999996,0.375736405000000,0.419375956000000,1.484511652000000,1.536669015000000,-93.530279440000001,44.076810660000000,1,0
788,788,74.706000000000003,109.950000000000003,68.456999999999994,86.325642740000006,0.211360012000000,0.190863010000000,0.303307257000000,0.622619372000000,76.736999999999995,-0.021182634000000,-0.055746643000000,76.758182629999993,0.368309006000000,0.405440480000000,1.471769336000000,1.515210523000000,-93.530240440000000,44.078019660000002,1,0
789,789,72.338999999999999,108.769999999999996,65.975999999999999,84.491964899999999,0.222632814000000,0.201155105000000,0.316425352000000,0.606564310000000,79.224999999999994,-0.030335310000000,-0.066388490000000,79.255335310000007,0.386664461000000,0.425106360000000,1.503614924000000,1.550429912000000,-93.530240440000000,44.077980660000001,1,0
790,790,72.174000000000007,109.129999999999995,64.585999999999999,84.241309290000004,0.229564532000000,0.203834444000000,0.316626399000000,0.591826262000000,81.500000000000000,-0.032886250000000,-0.076089308000000,81.532886250000004,0.391406541000000,0.437391839000000,1.512040347000000,1.569018610000000,-93.530240440000000,44.077941660000000,1,0
791,791,76.144999999999996,112.150000000000006,68.456000000000003,87.677263229999994,0.216044413000000,0.191215911000000,0.300444763000000,0.610396790000000,79.698999999999998,-0.021604590000000,-0.063530814000000,79.720604589999994,0.368942002000000,0.413994135000000,1.472847856000000,1.525992624000000,-93.530240440000000,44.077902659999999,1,0
792,792,75.483000000000004,112.109999999999999,68.228999999999999,87.410014360000005,0.218812172000000,0.195247157000000,0.306851312000000,0.608589778000000,80.507999999999996,-0.025149518000000,-0.064847433000000,80.533149519999995,0.376154749000000,0.418681296000000,1.485235086000000,1.536056848000000,-93.530240440000000,44.077863659999998,1,0
793,793,74.427000000000007,110.079999999999998,68.849999999999994,86.404682030000004,0.211544229000000,0.193233861000000,0.308264956000000,0.625454215000000,76.882999999999996,-0.023217042000000,-0.054034426000000,76.906217040000001,0.372556706000000,0.405599457000000,1.479033147000000,1.517896483000000,-93.531020440000006,44.077785660000004,1,0
794,794,74.412000000000006,110.719999999999999,66.503000000000000,86.059501030000007,0.222226822000000,0.196119526000000,0.306063441000000,0.600641257000000,80.525000000000006,-0.026002742000000,-0.070005365000000,80.551002740000001,0.377711195000000,0.424831052000000,1.487932054000000,1.544664193000000,-93.530240440000000,44.077824659999997,1,0
795,795,70.840999999999994,107.140000000000001,63.646999999999998,82.761439269999997,0.228782457000000,0.203948736000000,0.317482114000000,0.594054508000000,79.792000000000002,-0.032953962000000,-0.074636218000000,79.824953960000002,0.391608483000000,0.435967669000000,1.512401011000000,1.567305671000000,-93.530240440000000,44.077785660000004,1,0
796,796,71.305000000000007,108.540000000000006,63.347999999999999,83.423225639999998,0.234345370000000,0.207039395000000,0.319621965000000,0.583637369000000,82.427000000000007,-0.035827511000000,-0.081633929000000,82.462827509999997,0.397058744000000,0.445693948000000,1.522193395000000,1.583367511000000,-93.530240440000000,44.077746660000003,1,0
797,797,73.632999999999996,109.159999999999997,65.968999999999994,85.028687809999994,0.219930599000000,0.194356458000000,0.304107033000000,0.604333089000000,78.718000000000004,-0.024416109000000,-0.067548098000000,78.742416109999994,0.374563974000000,0.420809723000000,1.482487472000000,1.537750885000000,-93.530240440000000,44.077707660000002,1,0
798,798,73.144000000000005,108.170000000000002,66.045000000000002,84.484191150000001,0.217003395000000,0.193178684000000,0.303863138000000,0.610566701000000,77.150999999999996,-0.023319952000000,-0.063498801000000,77.174319949999997,0.372457981000000,0.415566342000000,1.478863612000000,1.530005284000000,-93.530240440000000,44.077668660000001,1,0
799,799,72.664000000000001,106.659999999999997,66.037000000000006,83.700453730000007,0.211973149000000,0.189578640000000,0.300087389000000,0.619135571000000,74.619000000000000,-0.020094473000000,-0.057907328000000,74.639094470000003,0.366003106000000,0.406670581000000,1.467852031000000,1.515348149000000,-93.530240440000000,44.077629659999999,1,0
800,800,71.602999999999994,104.569999999999993,65.890000000000001,82.468916590000006,0.206694112000000,0.187128561000000,0.298930932000000,0.630104236000000,71.647000000000006,-0.017870554000000,-0.050912366000000,71.664870550000003,0.361595111000000,0.397178819000000,1.460413670000000,1.501416171000000,-93.530240440000000,44.077590659999998,1,0
801,801,71.436999999999998,105.879999999999995,65.816999999999993,82.957211580000006,0.213475677000000,0.194245335000000,0.308905830000000,0.621618814000000,74.506000000000000,-0.024135662000000,-0.056496418000000,74.530135659999999,0.374365395000000,0.409041283000000,1.482145107000000,1.523142622000000,-93.530240440000000,44.077551659999997,1,0
802,802,70.424999999999997,103.969999999999999,64.594999999999999,81.531089260000002,0.212619547000000,0.192350698000000,0.305510018000000,0.621284986000000,72.920000000000002,-0.022490481000000,-0.056642537000000,72.942490480000004,0.370975742000000,0.407625077000000,1.476322329000000,1.519420553000000,-93.530240440000000,44.077512659999996,1,0
803,803,70.289000000000001,103.459999999999994,64.811999999999998,81.332876630000001,0.209984182000000,0.190913329000000,0.304497095000000,0.626445003000000,71.819000000000003,-0.021191226000000,-0.053333110000000,71.840191230000002,0.368399278000000,0.402921714000000,1.471923061000000,1.512228247000000,-93.530240440000000,44.077473660000003,1,0
804,804,77.557000000000002,111.780000000000001,71.319999999999993,88.687464439999999,0.200525189000000,0.180751781000000,0.289983646000000,0.638039005000000,74.683000000000007,-0.012277437000000,-0.045776634000000,74.695277439999998,0.350066469000000,0.386294882000000,1.441262555000000,1.482065927000000,-93.531020440000006,44.077746660000003,1,0
805,805,69.846999999999994,104.849999999999994,64.489000000000004,81.712824429999998,0.219058471000000,0.200364059000000,0.317608522000000,0.615059609000000,75.364000000000004,-0.029534337000000,-0.060895705000000,75.393534340000002,0.385261503000000,0.418712555000000,1.501138202000000,1.541569686000000,-93.530240440000000,44.077434660000002,1,0
806,806,66.649000000000001,101.349999999999994,61.292999999999999,78.466008669999994,0.226099528000000,0.206554801000000,0.325201957000000,0.604765664000000,74.757999999999996,-0.035070565000000,-0.067772971000000,74.793070569999998,0.396205538000000,0.430920899000000,1.520652973000000,1.563671693000000,-93.530240440000000,44.077395660000001,1,0
807,807,69.629000000000005,103.620000000000005,64.837000000000003,81.218098580000003,0.212972555000000,0.196197381000000,0.313535402000000,0.625718973000000,72.774000000000001,-0.025786481000000,-0.053964534000000,72.799786479999995,0.377850025000000,0.407993434000000,1.488173031000000,1.523931770000000,-93.530240440000000,44.077356660000000,1,0
808,808,67.587000000000003,101.340000000000003,63.185000000000002,79.225716349999999,0.215647230000000,0.199808201000000,0.319201453000000,0.623495165000000,71.908000000000001,-0.028943786000000,-0.055494761000000,71.936943790000001,0.384274875000000,0.412599408000000,1.499400772000000,1.533407938000000,-93.530240440000000,44.077317659999999,1,0
809,809,66.936000000000007,101.709999999999994,63.094000000000001,79.175343450000000,0.220092967000000,0.206195226000000,0.329448992000000,0.620332317000000,73.390000000000001,-0.034519720000000,-0.057730215000000,73.424519720000006,0.395572120000000,0.420207768000000,1.519511175000000,1.549717626000000,-93.530240440000000,44.077278659999998,1,0
810,810,67.332999999999998,103.090000000000003,62.658000000000001,79.764875210000000,0.226637634000000,0.209813229000000,0.331805317000000,0.607799011000000,76.188999999999993,-0.037857226000000,-0.065937593000000,76.226857229999993,0.401932740000000,0.431657113000000,1.531047183000000,1.568177806000000,-93.530240440000000,44.077239659999996,1,0
811,811,64.203999999999994,99.173000000000002,59.792000000000002,76.447194870000004,0.230655639000000,0.214038696000000,0.337587489000000,0.602906033000000,74.349999999999994,-0.041615995000000,-0.069293674000000,74.391615999999999,0.409325157000000,0.438520114000000,1.544654539000000,1.581711942000000,-93.530240440000000,44.077200660000003,3,0
812,812,65.682000000000002,101.819999999999993,60.869000000000000,78.286807499999995,0.233467902000000,0.215746678000000,0.338900716000000,0.597809861000000,77.088999999999999,-0.043198129000000,-0.072703627000000,77.132198130000006,0.412302083000000,0.443381641000000,1.550196401000000,1.589982855000000,-93.530240440000000,44.077161660000002,3,0
813,813,70.010000000000005,106.879999999999995,65.188999999999993,82.813727170000007,0.225129600000000,0.208434620000000,0.330077618000000,0.609927021000000,78.561000000000007,-0.036624408000000,-0.064505389000000,78.597624409999995,0.399512427000000,0.429058592000000,1.526639052000000,1.563344266000000,-93.530240440000000,44.077122660000001,1,0
814,814,68.906999999999996,105.849999999999994,64.180000000000007,81.795414600000001,0.228004536000000,0.211396396000000,0.334092985000000,0.606329712000000,78.613000000000000,-0.039258047000000,-0.066954888000000,78.652258050000000,0.404707066000000,0.433986870000000,1.536128405000000,1.572914473000000,-93.530240440000000,44.077083660000000,1,0
815,815,74.027000000000001,109.799999999999997,68.128000000000000,85.979573369999997,0.214081353000000,0.194601446000000,0.309190226000000,0.620473588000000,77.444999999999993,-0.024457542000000,-0.057235617000000,77.469457539999993,0.375001682000000,0.410116639000000,1.483242601000000,1.524830858000000,-93.531020440000006,44.077707660000002,1,0
816,816,71.441000000000003,108.900000000000006,65.192999999999998,84.089543010000000,0.229001732000000,0.207712057000000,0.325311773000000,0.598650138000000,81.165999999999997,-0.036176660000000,-0.071801869000000,81.202176660000006,0.398242232000000,0.436029774000000,1.524334766000000,1.571505693000000,-93.530240440000000,44.077044659999999,1,0
817,817,70.893000000000001,108.400000000000006,65.191000000000003,83.718265489999993,0.228732388000000,0.209193889000000,0.328714659000000,0.601392989000000,80.715999999999994,-0.037424944000000,-0.070076569000000,80.753424940000002,0.400845926000000,0.435433121000000,1.529064929000000,1.572361348000000,-93.530240440000000,44.077005659999998,1,0
818,818,71.209000000000003,108.459999999999994,65.653000000000006,83.953577830000000,0.226291897000000,0.207331259000000,0.326717303000000,0.605319934000000,80.058000000000007,-0.035738336000000,-0.067445235000000,80.093738340000002,0.397572372000000,0.431208433000000,1.523122077000000,1.564887267000000,-93.530240440000000,44.076966659999997,1,0
819,819,70.796999999999997,107.219999999999999,65.537000000000006,83.273529159999995,0.222667587000000,0.204604055000000,0.323817568000000,0.611238575000000,78.105999999999995,-0.033274756000000,-0.063510351000000,78.139274760000006,0.392765825000000,0.424908656000000,1.514470952000000,1.553910034000000,-93.530240440000000,44.076927660000003,1,0
820,820,71.528999999999996,107.870000000000005,65.230000000000004,83.680518719999995,0.224060210000000,0.202570806000000,0.318308823000000,0.604709372000000,78.980999999999995,-0.031596417000000,-0.067645291000000,79.012596419999994,0.389171967000000,0.427566988000000,1.508059668000000,1.555070581000000,-93.530240440000000,44.076888660000002,1,0
821,821,71.015000000000001,106.209999999999994,64.046999999999997,82.514064529999999,0.222624481000000,0.198589364000000,0.310970330000000,0.603022314000000,77.358000000000004,-0.028138367000000,-0.068570742000000,77.386138369999998,0.382109206000000,0.425315887000000,1.495599521000000,1.547928157000000,-93.530240440000000,44.076849660000001,1,0
822,822,72.109999999999999,106.040000000000006,65.382000000000005,83.104632089999996,0.213369492000000,0.190457480000000,0.300883229000000,0.616578650000000,74.587999999999994,-0.020884319000000,-0.059561782000000,74.608884320000001,0.367581296000000,0.409155518000000,1.470531133000000,1.519284624000000,-93.530240440000000,44.076810660000000,1,0
823,823,77.989999999999995,112.670000000000002,71.168999999999997,89.147809019999997,0.203421104000000,0.181894472000000,0.290231063000000,0.631658827000000,76.180999999999997,-0.013306395000000,-0.049778290000000,76.194306389999994,0.352138239000000,0.391562560000000,1.444672394000000,1.489379860000000,-93.530201439999999,44.078019660000002,1,0
824,824,76.519000000000005,110.859999999999999,69.497000000000000,87.511770580000004,0.205865077000000,0.183270270000000,0.291316740000000,0.626889771000000,75.703999999999994,-0.014533861000000,-0.052804466000000,75.718533859999994,0.354629256000000,0.395966922000000,1.448790496000000,1.495980951000000,-93.530201439999999,44.077980660000001,1,0
825,825,73.652000000000001,109.219999999999999,66.426000000000002,85.178320760000005,0.218572010000000,0.194496697000000,0.305446301000000,0.608185314000000,78.361999999999995,-0.024497589000000,-0.065077137000000,78.386497590000005,0.374814548000000,0.418312025000000,1.482919676000000,1.534798950000000,-93.530201439999999,44.077941660000000,1,0
826,826,75.466999999999999,110.560000000000002,69.481999999999999,87.075695060000001,0.208078258000000,0.188644659000000,0.301111159000000,0.628455137000000,76.171000000000006,-0.019201672000000,-0.051995037000000,76.190201669999993,0.364324184000000,0.399603302000000,1.465011197000000,1.505880724000000,-93.531020440000006,44.077668660000001,1,0
827,827,79.087999999999994,114.560000000000002,71.215000000000003,90.278239479999996,0.207728577000000,0.183177725000000,0.289725809000000,0.621639316000000,78.816999999999993,-0.014485980000000,-0.056100701000000,78.831485979999997,0.354461810000000,0.399426510000000,1.448513049000000,1.499985072000000,-93.530201439999999,44.077902659999999,1,0
828,828,78.537000000000006,114.879999999999995,70.914000000000001,90.174405390000004,0.211779194000000,0.187899719000000,0.296670286000000,0.617287604000000,80.308999999999997,-0.018644049000000,-0.059018428000000,80.327644050000004,0.362983821000000,0.406464969000000,1.462750041000000,1.513338613000000,-93.530201439999999,44.077863659999998,1,0
829,829,77.305000000000007,113.719999999999999,70.177999999999997,89.131463040000000,0.213262457000000,0.190629499000000,0.301331436000000,0.617112205000000,79.956999999999994,-0.021029621000000,-0.059229029000000,79.978029620000001,0.367890019000000,0.408944028000000,1.471056206000000,1.519208786000000,-93.530201439999999,44.077824659999997,1,0
830,830,76.494000000000000,113.069999999999993,69.468999999999994,88.434719610000002,0.215469910000000,0.192948028000000,0.304558891000000,0.614389316000000,80.177000000000007,-0.023079685000000,-0.061047820000000,80.200079680000002,0.372045207000000,0.412782546000000,1.478155149000000,1.526340812000000,-93.530201439999999,44.077785660000004,1,0
831,831,76.067999999999998,112.780000000000001,68.822999999999993,88.019456849999997,0.217758894000000,0.194399729000000,0.305869610000000,0.610241178000000,80.668999999999997,-0.024390793000000,-0.063754943000000,80.693390789999995,0.374641293000000,0.416835720000000,1.482620813000000,1.532869098000000,-93.530201439999999,44.077746660000003,1,0
832,832,77.519000000000005,113.079999999999998,69.863000000000000,88.839031460000001,0.210894625000000,0.186574956000000,0.294535184000000,0.617819243000000,78.778000000000006,-0.017482013000000,-0.058633505000000,78.795482010000001,0.360597438000000,0.404958468000000,1.458739148000000,1.510136582000000,-93.530201439999999,44.077707660000002,1,0
833,833,75.879000000000005,111.409999999999997,68.096999999999994,87.191383650000006,0.214953271000000,0.189712156000000,0.298098866000000,0.611228795000000,78.843999999999994,-0.020280673000000,-0.062940803000000,78.864280669999999,0.366242970000000,0.412135150000000,1.468258675000000,1.522128966000000,-93.530201439999999,44.077668660000001,1,0
834,834,75.525000000000006,111.159999999999997,68.325000000000003,87.041899580000006,0.214299369000000,0.190883038000000,0.301072998000000,0.614654552000000,78.469999999999999,-0.021273676000000,-0.060801537000000,78.491273680000006,0.368344937000000,0.410822957000000,1.471830520000000,1.521762922000000,-93.530201439999999,44.077629659999999,1,0
835,835,76.611999999999995,111.650000000000006,69.100999999999999,87.768766740000004,0.210255465000000,0.186112970000000,0.294039157000000,0.618907300000000,77.587000000000003,-0.017070053000000,-0.057928296000000,77.604070050000004,0.359764407000000,0.403822216000000,1.457343497000000,1.508288706000000,-93.530201439999999,44.077590659999998,1,0
836,836,75.352000000000004,110.180000000000007,68.665999999999997,86.665209970000006,0.209513198000000,0.187719639000000,0.298016532000000,0.623216555000000,76.341999999999999,-0.018439169000000,-0.055262433000000,76.360439170000006,0.362659637000000,0.402310928000000,1.462204056000000,1.508153494000000,-93.530201439999999,44.077551659999997,1,0
837,837,72.616000000000000,107.579999999999998,66.688000000000002,84.249291189999994,0.214001986000000,0.194033164000000,0.308031152000000,0.619892173000000,75.855999999999995,-0.023969152000000,-0.057584939000000,75.879969149999994,0.373986172000000,0.410015289000000,1.481491682000000,1.524105742000000,-93.531020440000006,44.077629659999999,1,0
838,838,73.768000000000001,106.950000000000003,66.965000000000003,84.388647640000002,0.206317517000000,0.183612036000000,0.291702197000000,0.626133707000000,73.167000000000002,-0.014836707000000,-0.053289891000000,73.181836709999999,0.355247480000000,0.396773617000000,1.449815638000000,1.497288487000000,-93.530201439999999,44.077512659999996,1,0
839,839,73.763000000000005,108.129999999999995,67.412000000000006,85.004813220000003,0.210066166000000,0.188940751000000,0.300198286000000,0.623434754000000,75.084999999999994,-0.019501414000000,-0.055166162000000,75.104501409999997,0.364856628000000,0.403224933000000,1.465911094000000,1.510526623000000,-93.530201439999999,44.077473660000003,1,0
840,840,73.228999999999999,108.140000000000001,67.816999999999993,84.962524149999993,0.210547231000000,0.192486037000000,0.307445047000000,0.627122249000000,75.233999999999995,-0.022551026000000,-0.052957229000000,75.256551029999997,0.371218118000000,0.403836409000000,1.476737358000000,1.514980316000000,-93.530201439999999,44.077434660000002,1,0
841,841,69.971000000000004,105.400000000000006,64.108000000000004,81.883935149999999,0.222457732000000,0.202023140000000,0.318425712000000,0.608235294000000,76.721000000000004,-0.031069948000000,-0.065345187000000,76.752069950000006,0.388202438000000,0.424720630000000,1.506338340000000,1.550881013000000,-93.530201439999999,44.077395660000001,1,0
842,842,68.882000000000005,102.349999999999994,63.359999999999999,80.072346499999995,0.215045913000000,0.195454121000000,0.310256600000000,0.619052272000000,72.457999999999998,-0.025214841000000,-0.058169077000000,72.483214840000002,0.376524148000000,0.411806329000000,1.485874394000000,1.527801252000000,-93.530201439999999,44.077356660000000,1,0
843,843,67.635000000000005,101.900000000000006,62.719000000000001,79.355269070000006,0.219796860000000,0.202111658000000,0.320785276000000,0.615495584000000,73.445999999999998,-0.031047904000000,-0.060680979000000,73.477047900000002,0.388359185000000,0.419921673000000,1.506616397000000,1.544955193000000,-93.530201439999999,44.077317659999999,1,0
844,844,68.350999999999999,103.439999999999998,64.278999999999996,80.629776640000003,0.218697535000000,0.204254006000000,0.326372870000000,0.621413380000000,74.250000000000000,-0.032823315000000,-0.056972085000000,74.282823320000006,0.392147727000000,0.417819261000000,1.513364837000000,1.544637832000000,-93.530201439999999,44.077278659999998,1,0
845,845,67.974999999999994,102.719999999999999,62.993000000000002,79.875146479999998,0.221374046000000,0.203550192000000,0.322603109000000,0.613249611000000,74.471999999999994,-0.032329431000000,-0.062176064000000,74.504329429999999,0.390904176000000,0.422659093000000,1.511143803000000,1.549935945000000,-93.530201439999999,44.077239659999996,1,0
846,846,66.149000000000001,101.260000000000005,61.731999999999999,78.400930320000001,0.225904280000000,0.209731854000000,0.332248266000000,0.609638554000000,74.638999999999996,-0.037755792000000,-0.064742669000000,74.676755790000001,0.401789991000000,0.430357502000000,1.530786558000000,1.566422625000000,-93.530201439999999,44.077200660000003,1,0
847,847,65.994000000000000,100.780000000000001,61.725999999999999,78.149249330000004,0.224246842000000,0.208581673000000,0.331143858000000,0.612482635000000,73.840000000000003,-0.036710722000000,-0.062860394000000,73.876710720000005,0.399770793000000,0.427476943000000,1.527108525000000,1.561489238000000,-93.530201439999999,44.077161660000002,1,0
848,848,74.168000000000006,109.620000000000005,67.902000000000001,85.883871650000003,0.213583903000000,0.192896163000000,0.305921336000000,0.619430761000000,77.170000000000002,-0.022983829000000,-0.057837816000000,77.192983830000003,0.371952376000000,0.409342151000000,1.477995901000000,1.522083410000000,-93.531020440000006,44.077590659999998,1,0
849,849,68.272999999999996,103.730000000000004,63.250000000000000,80.460503619999997,0.224014184000000,0.206141753000000,0.326032385000000,0.609756098000000,75.936999999999998,-0.034634202000000,-0.064526276000000,75.971634199999997,0.395477902000000,0.427216387000000,1.519341467000000,1.558501223000000,-93.530201439999999,44.077122660000001,1,0
850,850,71.203999999999994,107.280000000000001,66.671999999999997,83.714123860000001,0.217582767000000,0.202124560000000,0.322648732000000,0.621476510000000,76.683999999999997,-0.030977826000000,-0.056858490000000,76.714977829999995,0.388382030000000,0.415942160000000,1.506656929000000,1.540015726000000,-93.530201439999999,44.077083660000000,1,0
851,851,72.015000000000001,108.579999999999998,66.712999999999994,84.511145209999995,0.220383941000000,0.202469614000000,0.321077958000000,0.614413336000000,78.432000000000002,-0.031373833000000,-0.061388228000000,78.463373829999995,0.388992876000000,0.420953323000000,1.507741443000000,1.546630723000000,-93.530201439999999,44.077044659999999,1,0
852,852,70.343999999999994,106.950000000000003,64.939999999999998,82.872963900000002,0.225142045000000,0.206470608000000,0.325809495000000,0.607199626000000,78.616000000000000,-0.034959585000000,-0.066192194000000,78.650959580000006,0.396057251000000,0.429212388000000,1.520385534000000,1.561398469000000,-93.530201439999999,44.077005659999998,1,0
853,853,74.087999999999994,110.489999999999995,67.709000000000003,86.181166779999998,0.218269074000000,0.197217437000000,0.311476953000000,0.612806589000000,79.183000000000007,-0.026821834000000,-0.062220408000000,79.209821829999996,0.379667801000000,0.417523326000000,1.491334629000000,1.536724065000000,-93.530201439999999,44.076966659999997,1,0
854,854,73.341999999999999,109.049999999999997,67.268000000000001,85.236798170000000,0.216024086000000,0.195776131000000,0.310169904000000,0.616854654000000,77.489999999999995,-0.025519507000000,-0.059580229000000,77.515519510000004,0.377098711000000,0.413559440000000,1.486869734000000,1.530294970000000,-93.530201439999999,44.076927660000003,1,0
855,855,72.843999999999994,107.579999999999998,66.105000000000004,84.161701030000003,0.215219043000000,0.192524276000000,0.303851503000000,0.614472950000000,76.210999999999999,-0.022708890000000,-0.060978627000000,76.233708890000003,0.371286593000000,0.412360884000000,1.476854648000000,1.525375827000000,-93.530201439999999,44.076888660000002,1,0
856,856,71.212999999999994,105.549999999999997,64.159000000000006,82.317416440000002,0.218568889000000,0.194254454000000,0.304935881000000,0.607854098000000,75.727999999999994,-0.024289189000000,-0.065280049000000,75.752289189999999,0.374381692000000,0.418329035000000,1.482173199000000,1.534561932000000,-93.530201439999999,44.076849660000001,1,0
857,857,72.881000000000000,106.590000000000003,66.760000000000005,83.924501509999999,0.208431471000000,0.187824217000000,0.299074624000000,0.626325171000000,73.539000000000001,-0.018505387000000,-0.053307666000000,73.557505390000003,0.362847908000000,0.400314728000000,1.462521096000000,1.505874474000000,-93.530201439999999,44.076810660000000,1,0
858,858,76.534999999999997,111.280000000000001,68.975999999999999,87.556711530000001,0.209331895000000,0.184995874000000,0.292370350000000,0.619841840000000,77.049000000000007,-0.016087012000000,-0.057297958000000,77.065087009999999,0.357748356000000,0.402221318000000,1.453975305000000,1.505206217000000,-93.530162439999998,44.078019660000002,1,0
859,859,74.670000000000002,109.579999999999998,68.995999999999995,86.301474139999996,0.208072189000000,0.189470828000000,0.302896212000000,0.629640445000000,75.494000000000000,-0.019909495000000,-0.051276624000000,75.513909499999997,0.365809393000000,0.399531577000000,1.467523771000000,1.506657195000000,-93.531020440000006,44.077551659999997,1,0
860,860,77.123999999999995,112.290000000000006,69.971999999999994,88.418015249999996,0.208471895000000,0.185656815000000,0.294419049000000,0.623136522000000,77.483999999999995,-0.016640836000000,-0.055242766000000,77.500640840000003,0.358941473000000,0.400571919000000,1.455967014000000,1.503923920000000,-93.530162439999998,44.077980660000001,1,0
861,861,70.986000000000004,106.420000000000002,63.258000000000003,82.392967260000006,0.226446624000000,0.199733944000000,0.310421558000000,0.594418342000000,78.596000000000004,-0.029250740000000,-0.074206362000000,78.625250739999998,0.384143021000000,0.432153249000000,1.499168850000000,1.557828387000000,-93.530162439999998,44.077941660000000,1,0
862,862,76.144000000000005,112.930000000000007,68.884000000000000,88.121316170000000,0.217941805000000,0.194558744000000,0.306065396000000,0.609970778000000,80.831999999999994,-0.024532676000000,-0.063934439000000,80.856532680000001,0.374925398000000,0.417155316000000,1.483110948000000,1.533433375000000,-93.530162439999998,44.077902659999999,1,0
863,863,77.087999999999994,113.599999999999994,70.013000000000005,88.974415640000004,0.213996222000000,0.191475080000000,0.302564740000000,0.616311620000000,80.099000000000004,-0.021775137000000,-0.059768854000000,80.120775140000006,0.369406710000000,0.410214608000000,1.473640515000000,1.521646066000000,-93.530162439999998,44.077863659999998,1,0
864,864,75.893000000000001,112.079999999999998,68.688999999999993,87.635328819999998,0.215809428000000,0.192511691000000,0.303368432000000,0.612856888000000,79.578000000000003,-0.022713919000000,-0.062009179000000,79.600713920000004,0.371264056000000,0.413442287000000,1.476816044000000,1.526687463000000,-93.530162439999998,44.077824659999997,1,0
865,865,75.094999999999999,111.930000000000007,67.245999999999995,86.966676460000002,0.222607257000000,0.196952279000000,0.307524691000000,0.600786206000000,81.519000000000005,-0.026731322000000,-0.069947418000000,81.545731320000002,0.379195489000000,0.425441863000000,1.490512018000000,1.546325873000000,-93.530162439999998,44.077785660000004,1,0
866,866,74.435000000000002,110.909999999999997,66.566999999999993,86.164112430000003,0.222748345000000,0.196795166000000,0.307085487000000,0.600189343000000,80.817999999999998,-0.026600559000000,-0.070326940000000,80.844600560000003,0.378915562000000,0.425714988000000,1.490024854000000,1.546500539000000,-93.530162439999998,44.077746660000003,1,0
867,867,75.082999999999998,111.540000000000006,67.891000000000005,86.963241990000000,0.218836565000000,0.195351055000000,0.307052859000000,0.608669536000000,80.105999999999995,-0.025239476000000,-0.064800365000000,80.131239480000005,0.376340203000000,0.418716342000000,1.485555985000000,1.536211165000000,-93.530162439999998,44.077707660000002,1,0
868,868,74.884000000000000,111.290000000000006,66.784999999999997,86.512646050000001,0.222131015000000,0.195548251000000,0.304935966000000,0.600098841000000,80.911000000000001,-0.025507691000000,-0.070331556000000,80.936507689999999,0.376692126000000,0.424714409000000,1.486165269000000,1.543904996000000,-93.530162439999998,44.077668660000001,1,0
869,869,74.816000000000003,111.420000000000002,67.632000000000005,86.767769900000005,0.220078404000000,0.196546318000000,0.308623655000000,0.607000539000000,80.391999999999996,-0.026303433000000,-0.065920872000000,80.418303429999995,0.378472086000000,0.420871242000000,1.489253636000000,1.540168156000000,-93.530162439999998,44.077629659999999,1,0
870,870,73.524000000000001,108.469999999999999,67.355000000000004,85.065103500000006,0.212568366000000,0.192017319000000,0.304835178000000,0.620955103000000,76.061000000000007,-0.022203418000000,-0.056840011000000,76.083203420000004,0.370378541000000,0.407557859000000,1.475300582000000,1.518987696000000,-93.531020440000006,44.077512659999996,1,0
871,871,75.316999999999993,111.099999999999994,67.894000000000005,86.843644409999996,0.216164812000000,0.191951378000000,0.301907647000000,0.611107111000000,78.989000000000004,-0.022241272000000,-0.063105410000000,79.011241269999999,0.370260389000000,0.414144912000000,1.475098583000000,1.526956146000000,-93.530162439999998,44.077590659999998,1,0
872,872,74.644000000000005,110.670000000000002,67.578000000000003,86.383566569999999,0.217619003000000,0.194405172000000,0.305989672000000,0.610626186000000,79.117999999999995,-0.024391440000000,-0.063508533000000,79.142391439999997,0.374651019000000,0.416579798000000,1.482637586000000,1.532558752000000,-93.530162439999998,44.077551659999997,1,0
873,873,74.975999999999999,109.099999999999994,67.896000000000001,85.895435250000006,0.208623211000000,0.185379952000000,0.293716647000000,0.622328139000000,75.328000000000003,-0.016404997000000,-0.055742702000000,75.344404999999995,0.358441791000000,0.400876065000000,1.455132309000000,1.503998779000000,-93.530162439999998,44.077512659999996,1,0
874,874,75.334000000000003,110.269999999999996,68.716999999999999,86.711611189999999,0.209793988000000,0.188228702000000,0.298886959000000,0.623170400000000,76.489000000000004,-0.018883222000000,-0.055308842000000,76.507883219999997,0.363575894000000,0.402784155000000,1.463748108000000,1.509252776000000,-93.530162439999998,44.077473660000003,1,0
875,875,72.191000000000003,107.709999999999994,66.177999999999997,84.048621370000006,0.217788004000000,0.197436368000000,0.312329080000000,0.614409061000000,77.051000000000002,-0.026993770000000,-0.061203110000000,77.077993770000006,0.380057662000000,0.416632867000000,1.492014240000000,1.535854890000000,-93.530162439999998,44.077434660000002,1,0
876,876,71.298000000000002,106.680000000000007,65.045000000000002,83.055963520000006,0.220235457000000,0.198799852000000,0.313300807000000,0.609720660000000,77.016999999999996,-0.028239302000000,-0.064261407000000,77.045239300000006,0.382483430000000,0.420961384000000,1.496255154000000,1.542695389000000,-93.530162439999998,44.077395660000001,1,0
877,877,73.689999999999998,108.219999999999999,66.695999999999998,84.833446460000005,0.213140298000000,0.189819141000000,0.299703161000000,0.616300129000000,76.054000000000002,-0.020329356000000,-0.059715373000000,76.074329359999993,0.366435146000000,0.408792134000000,1.468584611000000,1.518171355000000,-93.530162439999998,44.077356660000000,1,0
878,878,70.929000000000002,106.890000000000001,64.920000000000002,83.008034830000000,0.222896270000000,0.202233732000000,0.318523636000000,0.607353354000000,77.930999999999997,-0.031265680000000,-0.065922658000000,77.962265680000002,0.388575323000000,0.425494925000000,1.506999958000000,1.552085114000000,-93.530162439999998,44.077317659999999,1,0
879,879,74.156999999999996,109.879999999999995,69.262000000000000,86.352185250000005,0.210202132000000,0.194107707000000,0.311243738000000,0.630342191000000,76.340999999999994,-0.023925085000000,-0.050980067000000,76.364925080000006,0.374119416000000,0.403102965000000,1.481721213000000,1.515801459000000,-93.530162439999998,44.077278659999998,1,0
880,880,70.510999999999996,105.069999999999993,64.792000000000002,82.076202980000005,0.216640661000000,0.196826536000000,0.311935300000000,0.616655563000000,74.837000000000003,-0.026436413000000,-0.059745479000000,74.863436410000006,0.378971458000000,0.414598350000000,1.490122109000000,1.532691595000000,-93.530162439999998,44.077239659999996,1,0
881,881,74.349000000000004,109.090000000000003,68.805999999999997,85.950892060000001,0.207632806000000,0.189387208000000,0.303062818000000,0.630726923000000,75.025000000000006,-0.019827549000000,-0.050592083000000,75.044827549999994,0.365659131000000,0.398733957000000,1.467269230000000,1.505618240000000,-93.531020440000006,44.077473660000003,1,0
882,882,68.759000000000000,104.409999999999997,63.521000000000001,80.961236860000000,0.224391674000000,0.205874031000000,0.325140449000000,0.608380423000000,76.540000000000006,-0.034422240000000,-0.065404538000000,76.574422240000004,0.395006078000000,0.427910785000000,1.518492125000000,1.559092258000000,-93.530162439999998,44.077200660000003,1,0
883,883,72.241000000000000,107.719999999999999,67.311999999999998,84.366790120000005,0.213770412000000,0.197148271000000,0.314951753000000,0.624879317000000,75.887000000000000,-0.026620779000000,-0.054527587000000,75.913620780000002,0.379544614000000,0.409376637000000,1.491120001000000,1.526626453000000,-93.530162439999998,44.077161660000002,1,0
884,884,68.959000000000003,104.629999999999995,63.265999999999998,81.046010260000003,0.225588240000000,0.205491131000000,0.323332397000000,0.604664054000000,77.034999999999997,-0.034144941000000,-0.067795064000000,77.069144940000001,0.394331003000000,0.430084395000000,1.517278383000000,1.561443675000000,-93.530162439999998,44.077122660000001,1,0
885,885,73.593000000000004,109.980000000000004,67.578000000000003,85.787171020000002,0.218172907000000,0.198215424000000,0.313694556000000,0.614457174000000,78.789000000000001,-0.027671799000000,-0.061201429000000,78.816671799999995,0.381444153000000,0.417270353000000,1.494435612000000,1.537476862000000,-93.530162439999998,44.077083660000000,1,0
886,886,75.322999999999993,110.989999999999995,69.634000000000000,87.256763609999993,0.209907968000000,0.191435917000000,0.305684828000000,0.627389855000000,77.022999999999996,-0.021636511000000,-0.052754672000000,77.044636510000004,0.369336497000000,0.402744822000000,1.473520704000000,1.512563545000000,-93.530162439999998,44.077044659999999,1,0
887,887,71.483000000000004,108.680000000000007,65.616000000000000,84.116231380000002,0.226432394000000,0.206463036000000,0.324731333000000,0.603754141000000,80.260999999999996,-0.035006245000000,-0.068425700000000,80.296006250000005,0.396043914000000,0.431524223000000,1.520361485000000,1.564343544000000,-93.530162439999998,44.077005659999998,1,0
888,888,76.563999999999993,111.939999999999998,70.617999999999995,88.278935989999994,0.206698611000000,0.187667105000000,0.300086524000000,0.630855816000000,76.697999999999993,-0.018332677000000,-0.050458085000000,76.716332679999994,0.362565053000000,0.397146904000000,1.462044825000000,1.501938161000000,-93.530162439999998,44.076966659999997,1,0
889,889,74.754000000000005,110.430000000000007,68.126000000000005,86.456342149999998,0.214383901000000,0.192651633000000,0.304771993000000,0.616915693000000,77.980000000000004,-0.022795784000000,-0.059427579000000,78.002795780000000,0.371514630000000,0.410823068000000,1.477245365000000,1.523630686000000,-93.530162439999998,44.076927660000003,1,0
890,890,71.346000000000004,106.709999999999994,64.680000000000007,82.987505519999999,0.221476280000000,0.198611673000000,0.311917866000000,0.606128760000000,77.394000000000005,-0.028119438000000,-0.066566146000000,77.422119440000003,0.382148873000000,0.423228273000000,1.495668993000000,1.545329742000000,-93.530162439999998,44.076888660000002,1,0
891,891,69.688999999999993,103.920000000000002,62.954000000000001,80.868471889999995,0.220853905000000,0.197172958000000,0.309348877000000,0.605792918000000,75.197000000000003,-0.026865571000000,-0.066723875000000,75.223865570000001,0.379588583000000,0.422226089000000,1.491196602000000,1.542530735000000,-93.530162439999998,44.076849660000001,1,0
892,892,79.072999999999993,113.519999999999996,72.707999999999998,90.232630819999997,0.198666389000000,0.178859045000000,0.287333695000000,0.640486258000000,75.259000000000000,-0.010621144000000,-0.044209407000000,75.269621139999998,0.346629227000000,0.382997381000000,1.435635425000000,1.476320635000000,-93.531098439999994,44.077746660000003,1,0
893,893,73.576999999999998,107.909999999999997,67.534000000000006,84.890094009999999,0.209309362000000,0.189176084000000,0.301290883000000,0.625836345000000,74.709000000000003,-0.019685890000000,-0.053659732000000,74.728685889999994,0.365279688000000,0.401818525000000,1.466626799000000,1.509085145000000,-93.531020440000006,44.077434660000002,1,0
894,894,68.215000000000003,99.994000000000000,61.319000000000003,78.341359920000002,0.213806665000000,0.188925682000000,0.297305641000000,0.613226794000000,70.453999999999994,-0.019574954000000,-0.061636924000000,70.473574950000000,0.364829535000000,0.410101359000000,1.465865279000000,1.518822083000000,-93.530162439999998,44.076810660000000,1,0
895,895,77.069000000000003,113.140000000000001,70.090999999999994,88.793841080000007,0.211868038000000,0.189638766000000,0.300296375000000,0.619506806000000,79.120000000000005,-0.020143680000000,-0.057674222000000,79.140143679999994,0.366111128000000,0.406472471000000,1.468035137000000,1.515171760000000,-93.530123439999997,44.078019660000002,1,0
896,896,75.554000000000002,111.000000000000000,68.060000000000002,86.912926760000005,0.214395510000000,0.190003967000000,0.299137509000000,0.613153153000000,78.385999999999996,-0.020518903000000,-0.061724807000000,78.406518899999995,0.366767089000000,0.411081165000000,1.469147894000000,1.521150674000000,-93.530123439999997,44.077980660000001,1,0
897,897,73.775999999999996,109.599999999999994,66.162999999999997,85.308461370000003,0.220697279000000,0.195358171000000,0.305631628000000,0.603677007000000,79.260999999999996,-0.025301055000000,-0.068012615000000,79.286301060000000,0.376352903000000,0.422112653000000,1.485577966000000,1.540445441000000,-93.530123439999997,44.077941660000000,1,0
898,898,78.850999999999999,115.209999999999994,71.903000000000006,90.665807060000006,0.209001663000000,0.187358614000000,0.297639123000000,0.624103810000000,79.665999999999997,-0.018117490000000,-0.054690860000000,79.684117490000006,0.362009517000000,0.401400711000000,1.461110195000000,1.506686913000000,-93.530123439999997,44.077902659999999,1,0
899,899,77.066000000000003,113.709999999999994,69.983999999999995,89.007289420000006,0.214623334000000,0.192078668000000,0.303364461000000,0.615460382000000,80.370000000000005,-0.022310170000000,-0.060332873000000,80.392310170000002,0.370488456000000,0.411309980000000,1.475488542000000,1.523619675000000,-93.530123439999997,44.077863659999998,1,0
900,900,75.790999999999997,112.250000000000000,69.326999999999998,87.845643240000001,0.214767679000000,0.193888567000000,0.307116263000000,0.617612472000000,79.382000000000005,-0.023866992000000,-0.059029095000000,79.405866990000007,0.373727673000000,0.411421806000000,1.481046562000000,1.525670975000000,-93.530123439999997,44.077824659999997,1,0
901,901,77.117000000000004,113.659999999999997,70.081000000000003,89.026164410000007,0.213933643000000,0.191548247000000,0.302768940000000,0.616584550000000,80.122000000000000,-0.021836401000000,-0.059597942000000,80.143836399999998,0.369537880000000,0.410093651000000,1.473864388000000,1.521575900000000,-93.530123439999997,44.077785660000004,1,0
902,902,75.412999999999997,111.959999999999994,67.855999999999995,87.228815780000005,0.219644379000000,0.195049447000000,0.305789135000000,0.606073598000000,80.650999999999996,-0.025004212000000,-0.066456398000000,80.676004210000002,0.375801783000000,0.420218969000000,1.484624667000000,1.537755799000000,-93.530123439999997,44.077746660000003,1,0
903,903,74.671999999999997,110.620000000000005,67.694999999999993,86.400819839999997,0.216918266000000,0.194007297000000,0.305688070000000,0.611959863000000,78.873000000000005,-0.024029693000000,-0.062639582000000,78.897029689999997,0.373939931000000,0.415335745000000,1.481412042000000,1.530601262000000,-93.530123439999997,44.077707660000002,1,0
904,904,72.180000000000007,107.519999999999996,65.819000000000003,83.870224280000002,0.218222349000000,0.196661102000000,0.310323935000000,0.612155878000000,77.040999999999997,-0.026344193000000,-0.062615928000000,77.067344190000000,0.378676661000000,0.417484045000000,1.489609310000000,1.536081371000000,-93.531020440000006,44.077395660000001,1,0
905,905,75.078000000000003,112.060000000000002,68.076999999999998,87.232691910000000,0.220447893000000,0.197618869000000,0.310613887000000,0.607504908000000,80.965000000000003,-0.027235076000000,-0.065639559000000,80.992235080000000,0.380382576000000,0.421447578000000,1.492581049000000,1.542036006000000,-93.530123439999997,44.077668660000001,1,0
906,906,75.269000000000005,112.310000000000002,68.760000000000005,87.572629019999994,0.218611742000000,0.197468800000000,0.311743071000000,0.612233995000000,80.590999999999994,-0.027047777000000,-0.062596796000000,80.618047779999998,0.380115407000000,0.418125024000000,1.492114948000000,1.537738946000000,-93.530123439999997,44.077629659999999,1,0
907,907,76.546999999999997,112.269999999999996,69.218000000000004,88.043791440000007,0.212730047000000,0.189193770000000,0.298689788000000,0.616531576000000,78.775000000000006,-0.019781037000000,-0.059545411000000,78.794781040000004,0.365311477000000,0.408095265000000,1.466680601000000,1.516668572000000,-93.530123439999997,44.077590659999998,1,0
908,908,74.394999999999996,110.709999999999994,67.438999999999993,86.292793919999994,0.219091875000000,0.196185949000000,0.308627811000000,0.609150032000000,79.585999999999999,-0.025963792000000,-0.064524994000000,79.611963790000004,0.377829640000000,0.419106841000000,1.488137644000000,1.537587243000000,-93.530123439999997,44.077551659999997,1,0
909,909,76.396000000000001,112.760000000000005,69.646000000000001,88.320876600000005,0.213902390000000,0.192243439000000,0.304275793000000,0.617648102000000,79.477999999999994,-0.022432593000000,-0.058946994000000,79.500432590000003,0.370783628000000,0.409977238000000,1.475993508000000,1.522167820000000,-93.530123439999997,44.077512659999996,1,0
910,910,78.441000000000003,112.400000000000006,71.549000000000007,89.267407050000003,0.199605112000000,0.177943943000000,0.284671227000000,0.636556940000000,74.810000000000002,-0.009842601000000,-0.046615344000000,74.819842600000001,0.344964901000000,0.384814913000000,1.432924109000000,1.477484933000000,-93.530123439999997,44.077473660000003,1,0
911,911,75.210999999999999,111.010000000000005,69.046999999999997,87.077365659999998,0.212303223000000,0.192239329000000,0.305519996000000,0.621989010000000,77.762000000000000,-0.022386668000000,-0.056192707000000,77.784386670000004,0.370776264000000,0.407056312000000,1.475980907000000,1.518613340000000,-93.530123439999997,44.077434660000002,1,0
912,912,76.019000000000005,112.129999999999995,68.989999999999995,87.771759619999997,0.214615903000000,0.191927674000000,0.303048867000000,0.615267993000000,79.251000000000005,-0.022180222000000,-0.060449796000000,79.273180220000000,0.370217916000000,0.411309605000000,1.475025980000000,1.523459665000000,-93.530123439999997,44.077395660000001,1,0
913,913,80.361000000000004,116.079999999999998,72.546000000000006,91.643110010000001,0.205816131000000,0.181830677000000,0.288300577000000,0.624965541000000,79.253000000000000,-0.013289118000000,-0.053963946000000,79.266289119999996,0.352022642000000,0.396007295000000,1.444481776000000,1.494541148000000,-93.530123439999997,44.077356660000000,1,0
914,914,76.739999999999995,113.609999999999999,69.938999999999993,88.858920810000001,0.215408439000000,0.193695823000000,0.306201261000000,0.615606021000000,80.540999999999997,-0.023719788000000,-0.060299897000000,80.564719789999998,0.373383035000000,0.412606350000000,1.480453479000000,1.526917091000000,-93.530123439999997,44.077317659999999,1,0
915,915,77.040000000000006,111.629999999999995,71.269000000000005,88.460327950000007,0.201714890000000,0.183335983000000,0.294631221000000,0.638439488000000,74.950999999999993,-0.014518791000000,-0.045600699000000,74.965518790000004,0.354748143000000,0.388300066000000,1.448987539000000,1.487048894000000,-93.531020440000006,44.077356660000000,1,0
916,916,78.689999999999998,115.109999999999999,72.706000000000003,90.790217229999996,0.206553184000000,0.187925697000000,0.300758089000000,0.631621927000000,78.823999999999998,-0.018551177000000,-0.049986117000000,78.842551180000001,0.363030581000000,0.396861514000000,1.462828822000000,1.501868205000000,-93.530123439999997,44.077278659999998,1,0
917,917,73.156000000000006,108.879999999999995,66.671999999999997,84.954517870000004,0.217937962000000,0.196246896000000,0.309663327000000,0.612343865000000,77.932000000000002,-0.025980668000000,-0.062479695000000,77.957980669999998,0.377938313000000,0.417001421000000,1.488326316000000,1.535041831000000,-93.530123439999997,44.077239659999996,1,0
918,918,72.727000000000004,109.109999999999999,66.305000000000007,84.834273049999993,0.221658661000000,0.200085791000000,0.314917079000000,0.607689488000000,79.188000000000002,-0.029387206000000,-0.065619686000000,79.217387209999998,0.384767669000000,0.423432916000000,1.500268126000000,1.547172120000000,-93.530123439999997,44.077200660000003,1,0
919,919,77.147000000000006,113.260000000000005,71.140000000000001,89.144801319999999,0.208728759000000,0.189662145000000,0.302791216000000,0.628112308000000,78.233000000000004,-0.020088932000000,-0.052243000000000,78.253088930000004,0.366153128000000,0.400718710000000,1.468106342000000,1.508276069000000,-93.530123439999997,44.077161660000002,1,0
920,920,74.144999999999996,110.260000000000005,67.241000000000000,85.976936260000002,0.218658989000000,0.195846100000000,0.308243146000000,0.609840377000000,79.134000000000000,-0.025659061000000,-0.064068573000000,79.159659059999996,0.377223529000000,0.418348350000000,1.487086115000000,1.536282929000000,-93.530123439999997,44.077122660000001,1,0
921,921,80.516000000000005,117.129999999999995,73.614000000000004,92.414436379999998,0.206313242000000,0.185250397000000,0.295198013000000,0.628481175000000,80.129999999999995,-0.016248618000000,-0.051870530000000,80.146248619999994,0.358207919000000,0.396626143000000,1.454741915000000,1.498811108000000,-93.530123439999997,44.077083660000000,1,0
922,922,76.513999999999996,112.700000000000003,70.227000000000004,88.482604179999996,0.211368809000000,0.191243777000000,0.304117257000000,0.623132209000000,78.659000000000006,-0.021509322000000,-0.055435340000000,78.680509319999999,0.368991974000000,0.405426712000000,1.472933058000000,1.515593942000000,-93.530123439999997,44.077044659999999,1,0
923,923,73.778999999999996,111.290000000000006,67.590999999999994,86.404761100000002,0.223135046000000,0.202686566000000,0.319302337000000,0.607341181000000,81.209999999999994,-0.031660730000000,-0.065948706000000,81.241660730000007,0.389376814000000,0.425889752000000,1.508423806000000,1.553073445000000,-93.530123439999997,44.077005659999998,1,0
924,924,77.313000000000002,114.870000000000005,70.432000000000002,89.690362719999996,0.217213929000000,0.195423112000000,0.308473852000000,0.613145295000000,81.995000000000005,-0.025252937000000,-0.061935533000000,82.020252940000006,0.376468808000000,0.415752711000000,1.485778588000000,1.532620991000000,-93.530123439999997,44.076966659999997,1,0
925,925,78.361999999999995,115.560000000000002,72.331000000000003,90.786361319999997,0.210645002000000,0.191819391000000,0.305927248000000,0.625917272000000,80.427000000000007,-0.021983602000000,-0.053695545000000,80.448983600000005,0.370023873000000,0.404061883000000,1.474694367000000,1.514551720000000,-93.530123439999997,44.076927660000003,1,0
926,926,74.171000000000006,110.060000000000002,67.906000000000006,86.073158179999993,0.215471139000000,0.194804349000000,0.308523533000000,0.616990732000000,78.043000000000006,-0.024671508000000,-0.059458152000000,78.067671509999997,0.375364105000000,0.412630066000000,1.483868358000000,1.528121645000000,-93.531020440000006,44.077317659999999,1,0
927,927,75.430999999999997,110.000000000000000,68.623000000000005,86.600523269999997,0.208611909000000,0.186425139000000,0.295947195000000,0.623845455000000,75.945999999999998,-0.017305770000000,-0.054822203000000,75.963305770000005,0.360327342000000,0.400762772000000,1.458286381000000,1.504951537000000,-93.530123439999997,44.076888660000002,1,0
928,928,73.981999999999999,107.810000000000002,67.733999999999995,85.018090580000006,0.206819352000000,0.186080796000000,0.296585948000000,0.628271960000000,73.903999999999996,-0.016972981000000,-0.052028246000000,73.920972980000002,0.359706376000000,0.397490825000000,1.457246357000000,1.500698056000000,-93.530123439999997,44.076849660000001,1,0
929,929,65.477000000000004,98.200999999999993,59.847000000000001,76.403179120000004,0.220927124000000,0.199929129000000,0.315165991000000,0.609433712000000,71.078000000000003,-0.029228051000000,-0.064490325000000,71.107228050000003,0.384489573000000,0.422121971000000,1.499778548000000,1.545359707000000,-93.530123439999997,44.076810660000000,1,0
930,930,76.596000000000004,111.109999999999999,69.444999999999993,87.626075540000002,0.206861438000000,0.183872652000000,0.291846002000000,0.625011250000000,76.179000000000002,-0.015071301000000,-0.054003290000000,76.194071300000004,0.355718754000000,0.397756329000000,1.450597942000000,1.498722537000000,-93.530084439999996,44.078019660000002,1,0
931,931,76.498000000000005,112.180000000000007,69.406999999999996,88.040952689999997,0.211888782000000,0.189115848000000,0.299167442000000,0.618711000000000,78.454999999999998,-0.019694287000000,-0.058159909000000,78.474694290000002,0.365171412000000,0.406556224000000,1.466443567000000,1.514724122000000,-93.530084439999996,44.077980660000001,1,0
932,932,74.715000000000003,111.260000000000005,67.156000000000006,86.546802679999999,0.221325444000000,0.196504907000000,0.307568655000000,0.603595182000000,80.649000000000001,-0.026306537000000,-0.068113348000000,80.675306539999994,0.378398275000000,0.423147835000000,1.489125343000000,1.542967602000000,-93.530084439999996,44.077941660000000,1,0
933,933,77.387000000000000,114.200000000000003,70.382000000000005,89.412925410000000,0.214347806000000,0.192147693000000,0.303725094000000,0.616304729000000,80.631000000000000,-0.022362188000000,-0.059797915000000,80.653362189999996,0.370612113000000,0.410799885000000,1.475700053000000,1.523069869000000,-93.530084439999996,44.077902659999999,1,0
934,934,76.394000000000005,113.040000000000006,69.918999999999997,88.511301340000003,0.214201126000000,0.193449961000000,0.306622600000000,0.618533263000000,79.766999999999996,-0.023475341000000,-0.058427703000000,79.790475340000000,0.372943307000000,0.410423948000000,1.479697358000000,1.523987569000000,-93.530084439999996,44.077863659999998,1,0
935,935,76.021000000000001,113.040000000000006,69.734999999999999,88.355728479999996,0.216019966000000,0.195804529000000,0.310234148000000,0.616905520000000,80.323999999999998,-0.025543671000000,-0.059548834000000,80.349543670000003,0.377149372000000,0.413549742000000,1.486957551000000,1.530313234000000,-93.530084439999996,44.077824659999997,1,0
936,936,78.394999999999996,115.650000000000006,71.683999999999997,90.662918520000005,0.212966629000000,0.191991548000000,0.304467927000000,0.619835711000000,81.221000000000004,-0.022191782000000,-0.057548856000000,81.243191780000004,0.370332366000000,0.408287594000000,1.475221634000000,1.519846386000000,-93.530084439999996,44.077785660000004,1,0
937,937,74.463999999999999,110.359999999999999,68.301000000000002,86.389126430000005,0.214465521000000,0.194217201000000,0.308059353000000,0.618892715000000,77.954999999999998,-0.024139852000000,-0.058226568000000,77.979139849999996,0.374315116000000,0.410845214000000,1.482058444000000,1.525314002000000,-93.531020440000006,44.077278659999998,1,0
938,938,76.198999999999998,112.319999999999993,68.887000000000000,87.877734700000005,0.215170153000000,0.191604029000000,0.301934265000000,0.613310185000000,79.554000000000002,-0.021916350000000,-0.061685431000000,79.575916350000000,0.369637874000000,0.412353872000000,1.474035092000000,1.524393959000000,-93.530084439999996,44.077746660000003,1,0
939,939,76.488000000000000,113.590000000000003,70.265000000000001,88.863701759999998,0.215083986000000,0.195193552000000,0.309665896000000,0.618584382000000,80.427000000000007,-0.024993182000000,-0.058457496000000,80.451993180000002,0.376059058000000,0.411895301000000,1.485069553000000,1.527633808000000,-93.530084439999996,44.077707660000002,1,0
940,940,77.522999999999996,114.200000000000003,70.980999999999995,89.609816969999997,0.211979708000000,0.191302035000000,0.303763396000000,0.621549912000000,79.896000000000001,-0.021574852000000,-0.056438425000000,79.917574849999994,0.369096443000000,0.406538932000000,1.473111206000000,1.517000030000000,-93.530084439999996,44.077668660000001,1,0
941,941,77.241000000000000,113.840000000000003,71.304000000000002,89.461310249999997,0.210339557000000,0.191536573000000,0.305559498000000,0.626352776000000,79.135000000000005,-0.021733712000000,-0.053411590000000,79.156733709999997,0.369516952000000,0.403525083000000,1.473828666000000,1.513608017000000,-93.530084439999996,44.077629659999999,1,0
942,942,78.310000000000002,114.219999999999999,71.799000000000007,90.062498489999996,0.206924335000000,0.186516387000000,0.297438106000000,0.628602697000000,78.331000000000003,-0.017349591000000,-0.051834645000000,78.348349589999998,0.360491853000000,0.397649203000000,1.458562125000000,1.501338569000000,-93.530084439999996,44.077590659999998,1,0
943,943,76.055000000000007,112.920000000000002,69.472999999999999,88.245466649999997,0.216259882000000,0.195078714000000,0.308488561000000,0.615240878000000,80.311999999999998,-0.024929580000000,-0.060583947000000,80.336929580000003,0.375854038000000,0.414043998000000,1.484715009000000,1.530149627000000,-93.530084439999996,44.077551659999997,1,0
944,944,75.671999999999997,113.090000000000003,69.692999999999998,88.266101329999998,0.217510665000000,0.198228457000000,0.314254760000000,0.616261385000000,80.814999999999998,-0.027661295000000,-0.060048364000000,80.842661300000003,0.381467338000000,0.416070097000000,1.494476160000000,1.536004285000000,-93.530084439999996,44.077512659999996,1,0
945,945,77.491000000000000,113.099999999999994,70.989999999999995,89.136683770000005,0.207427118000000,0.186834635000000,0.297731624000000,0.627674624000000,77.718999999999994,-0.017633544000000,-0.052427355000000,77.736633540000000,0.361065492000000,0.398548354000000,1.459524332000000,1.502738286000000,-93.530084439999996,44.077473660000003,1,0
946,946,77.411000000000001,113.030000000000001,71.269000000000005,89.158125790000000,0.206489833000000,0.187034305000000,0.298887323000000,0.630531717000000,77.379999999999995,-0.017785335000000,-0.050641550000000,77.397785330000005,0.361425291000000,0.396810882000000,1.460128406000000,1.500881554000000,-93.530084439999996,44.077434660000002,1,0
947,947,79.429000000000002,114.840000000000003,72.789000000000001,90.912834009999997,0.202834265000000,0.182278181000000,0.291496543000000,0.633829676000000,77.462000000000003,-0.013627751000000,-0.048436669000000,77.475627750000001,0.352833356000000,0.390445589000000,1.445819537000000,1.488467073000000,-93.530084439999996,44.077395660000001,1,0
948,948,76.138999999999996,112.129999999999995,69.617000000000004,87.971228080000003,0.212163798000000,0.191167956000000,0.303332434000000,0.620859716000000,78.504000000000005,-0.021464523000000,-0.056870865000000,78.525464520000000,0.368856001000000,0.406886422000000,1.472701244000000,1.517279690000000,-93.531020440000006,44.077239659999996,1,0
949,949,85.090000000000003,121.049999999999997,78.825999999999993,96.793506800000003,0.192563840000000,0.174444552000000,0.282451262000000,0.651185461000000,78.183999999999997,-0.006751683000000,-0.037525880000000,78.190751680000005,0.338585638000000,0.371987211000000,1.422611353000000,1.459300995000000,-93.530084439999996,44.077356660000000,1,0
950,950,75.965000000000003,112.739999999999995,70.433000000000007,88.396448480000004,0.212655763000000,0.194880899000000,0.310935809000000,0.624738336000000,79.081999999999994,-0.024654817000000,-0.054541596000000,79.106654820000003,0.375500815000000,0.407506032000000,1.484104522000000,1.521946294000000,-93.530084439999996,44.077317659999999,1,0
951,951,78.698999999999998,114.829999999999998,72.813999999999993,90.703436350000004,0.205017144000000,0.186695534000000,0.299308288000000,0.634102586000000,78.147000000000006,-0.017463947000000,-0.048397743000000,78.164463949999998,0.360814788000000,0.394132725000000,1.459103673000000,1.497360392000000,-93.530084439999996,44.077278659999998,1,0
952,952,75.912000000000006,111.340000000000003,69.805000000000007,87.620327489999994,0.208913210000000,0.189199581000000,0.301650957000000,0.626953476000000,76.962999999999994,-0.019696799000000,-0.052957126000000,76.982696799999999,0.365321923000000,0.401090966000000,1.466698282000000,1.508238223000000,-93.530084439999996,44.077239659999996,1,0
953,953,77.070999999999998,114.390000000000001,70.584999999999994,89.456233929999996,0.215505425000000,0.194916980000000,0.308737880000000,0.617055687000000,81.123999999999995,-0.024768934000000,-0.059420865000000,81.148768930000003,0.375565250000000,0.412683535000000,1.484215853000000,1.528306751000000,-93.530084439999996,44.077200660000003,1,0
954,954,76.921000000000006,113.299999999999997,70.516000000000005,88.931127840000002,0.211644837000000,0.191245972000000,0.303905434000000,0.622383054000000,79.162999999999997,-0.021518235000000,-0.055909211000000,79.184518229999995,0.368995910000000,0.405931108000000,1.472939769000000,1.516205799000000,-93.530084439999996,44.077161660000002,1,0
955,955,76.477000000000004,113.609999999999999,69.897000000000006,88.772282160000003,0.216400692000000,0.195347394000000,0.308952492000000,0.615236335000000,80.846000000000004,-0.025163856000000,-0.060596806000000,80.871163859999996,0.376333667000000,0.414278468000000,1.485544674000000,1.530723659000000,-93.530084439999996,44.077122660000001,1,0
956,956,79.587000000000003,115.859999999999999,73.989999999999995,91.709959960000006,0.202812376000000,0.185589955000000,0.298648905000000,0.638615571000000,78.143000000000001,-0.016472125000000,-0.045554248000000,78.159472129999997,0.358820819000000,0.390162933000000,1.455765389000000,1.491547891000000,-93.530084439999996,44.077083660000000,1,0
957,957,76.584000000000003,113.250000000000000,70.829999999999998,88.896120010000004,0.211508529000000,0.193147697000000,0.308107291000000,0.625430464000000,79.085999999999999,-0.023142436000000,-0.054046589000000,79.109142439999999,0.372402534000000,0.405540540000000,1.478768411000000,1.517734452000000,-93.530084439999996,44.077044659999999,1,0
958,958,75.474999999999994,112.079999999999998,69.641999999999996,87.765616249999994,0.214047991000000,0.195169417000000,0.310440749000000,0.621359743000000,79.043000000000006,-0.024941971000000,-0.056692730000000,79.067941970000007,0.376015971000000,0.410014162000000,1.484995031000000,1.525307195000000,-93.530084439999996,44.077005659999998,1,0
959,959,73.897000000000006,110.420000000000002,67.406000000000006,86.017269279999994,0.219628710000000,0.198153182000000,0.312400031000000,0.610451005000000,79.537000000000006,-0.027666125000000,-0.063766918000000,79.564666130000006,0.381333427000000,0.419914441000000,1.494241985000000,1.540696312000000,-93.531020440000006,44.077200660000003,1,0
960,960,76.986999999999995,113.840000000000003,70.963999999999999,89.298064679999996,0.212253515000000,0.193122567000000,0.307459349000000,0.623366128000000,79.728999999999999,-0.023141361000000,-0.055351024000000,79.752141359999996,0.372357564000000,0.406899025000000,1.478691208000000,1.519353395000000,-93.530084439999996,44.076966659999997,1,0
961,961,75.703000000000003,112.629999999999995,69.649000000000001,88.067103790000004,0.215610935000000,0.196072913000000,0.311137137000000,0.618387641000000,79.908000000000001,-0.025760712000000,-0.058614167000000,79.933760710000001,0.377628071000000,0.412786202000000,1.487787802000000,1.529660302000000,-93.530084439999996,44.076927660000003,1,0
962,962,75.376000000000005,110.590000000000003,68.933000000000007,86.916526939999997,0.210323703000000,0.189357194000000,0.300889493000000,0.623320373000000,76.870999999999995,-0.019865123000000,-0.055252473000000,76.890865120000001,0.365605195000000,0.403663341000000,1.467177882000000,1.511489513000000,-93.530084439999996,44.076888660000002,1,0
963,963,73.262000000000000,107.530000000000001,67.875000000000000,84.729052809999999,0.207534033000000,0.189543785000000,0.303479547000000,0.631219195000000,73.923000000000002,-0.019959223000000,-0.050288136000000,73.942959220000006,0.365940483000000,0.398542456000000,1.467745898000000,1.505553276000000,-93.530084439999996,44.076849660000001,1,0
964,964,68.165999999999997,99.596000000000004,62.898000000000003,78.575070640000007,0.206288455000000,0.187348744000000,0.299721544000000,0.631531387000000,68.128000000000000,-0.018050811000000,-0.050025145000000,68.146050810000006,0.361991740000000,0.396417988000000,1.461080304000000,1.500742220000000,-93.530084439999996,44.076810660000000,1,0
965,965,93.997000000000000,119.689999999999998,85.807000000000002,100.869508699999997,0.142123745000000,0.120236608000000,0.200914920000000,0.716910352000000,59.576000000000001,0.039753050000000,0.001468477000000,59.536246949999999,0.237046275000000,0.279577177000000,1.273338511000000,1.312586002000000,-93.530045439999995,44.078019660000002,2,0
966,966,69.963999999999999,105.430000000000007,63.265999999999998,81.676257160000006,0.225609579000000,0.202207601000000,0.316299229000000,0.600075880000000,77.629999999999995,-0.031343334000000,-0.070634375000000,77.661343329999994,0.388529060000000,0.430396139000000,1.506917843000000,1.558271372000000,-93.530045439999995,44.077980660000001,1,0
967,967,70.581999999999994,106.269999999999996,63.095999999999997,82.171034719999994,0.227781340000000,0.201795852000000,0.313724111000000,0.593732944000000,78.861999999999995,-0.031070065000000,-0.074747862000000,78.893070069999993,0.387799885000000,0.434367025000000,1.505624664000000,1.562900033000000,-93.530045439999995,44.077941660000000,1,0
968,968,73.099000000000004,109.730000000000004,66.281999999999996,85.200626420000006,0.223160118000000,0.200356617000000,0.314302384000000,0.604046295000000,80.078999999999994,-0.029671110000000,-0.067982546000000,80.108671110000003,0.385248299000000,0.426128233000000,1.501114926000000,1.550856859000000,-93.530045439999995,44.077902659999999,1,0
969,969,72.522999999999996,109.519999999999996,64.718999999999994,84.543410719999997,0.229587798000000,0.203232203000000,0.315340425000000,0.590933163000000,81.798000000000002,-0.032370462000000,-0.076646323000000,81.830370459999997,0.390341984000000,0.437494400000000,1.510141610000000,1.568492743000000,-93.530045439999995,44.077863659999998,1,0
970,970,77.239000000000004,113.689999999999998,70.682000000000002,89.232326630000003,0.211720725000000,0.190913900000000,0.303134382000000,0.621708154000000,79.459000000000003,-0.021235346000000,-0.056324849000000,79.480235350000001,0.368400302000000,0.406096325000000,1.471924805000000,1.516056496000000,-93.531020440000006,44.077161660000002,1,0
971,971,73.441999999999993,109.739999999999995,66.810000000000002,85.440371139999996,0.220241736000000,0.198152657000000,0.311913519000000,0.608802624000000,79.227999999999994,-0.027685686000000,-0.064826074000000,79.255685690000007,0.381332494000000,0.421026930000000,1.494240353000000,1.542083064000000,-93.530045439999995,44.077824659999997,1,0
972,972,76.475999999999999,113.120000000000005,69.774000000000001,88.530830890000004,0.214744020000000,0.193274120000000,0.305820300000000,0.616814003000000,79.989999999999995,-0.023339631000000,-0.059514979000000,80.013339630000004,0.372628736000000,0.411428838000000,1.479156860000000,1.525029118000000,-93.530045439999995,44.077785660000004,1,0
973,973,74.436999999999998,112.090000000000003,67.823999999999998,86.996417640000004,0.223553041000000,0.201863537000000,0.317203441000000,0.605085199000000,81.918999999999997,-0.030973733000000,-0.067373040000000,81.949973729999996,0.387919775000000,0.426710130000000,1.505837151000000,1.553220187000000,-93.530045439999995,44.077746660000003,1,0
974,974,74.497000000000000,112.430000000000007,67.858000000000004,87.168450089999993,0.224677641000000,0.202929486000000,0.318579983000000,0.603557769000000,82.504999999999995,-0.031925741000000,-0.068405911000000,82.536925740000001,0.389806590000000,0.428650910000000,1.509188289000000,1.556834655000000,-93.530045439999995,44.077707660000002,1,0
975,975,73.918999999999997,110.930000000000007,66.864999999999995,86.101513120000007,0.223569120000000,0.200222885000000,0.313695077000000,0.602767511000000,81.075999999999993,-0.029570862000000,-0.068804278000000,81.105570860000000,0.385010985000000,0.426881137000000,1.500696709000000,1.551663302000000,-93.530045439999995,44.077668660000001,1,0
976,976,75.319000000000003,111.920000000000002,68.584000000000003,87.374296790000002,0.217371915000000,0.195477438000000,0.308465720000000,0.612794853000000,79.936999999999998,-0.025304214000000,-0.062161729000000,79.962304209999999,0.376565760000000,0.416035835000000,1.485946441000000,1.533028306000000,-93.530045439999995,44.077629659999999,1,0
977,977,73.305000000000007,109.730000000000004,67.168999999999997,85.490682699999994,0.219445787000000,0.199005655000000,0.314371774000000,0.612129773000000,78.986000000000004,-0.028388835000000,-0.062722419000000,79.014388830000001,0.382849235000000,0.419514330000000,1.496896528000000,1.541111394000000,-93.530045439999995,44.077590659999998,1,0
978,978,74.085999999999999,110.780000000000001,67.712999999999994,86.305647100000002,0.219510181000000,0.198489717000000,0.313214344000000,0.611238491000000,79.760999999999996,-0.027950067000000,-0.063274461000000,79.788950069999999,0.381932012000000,0.419672026000000,1.495289258000000,1.540754895000000,-93.530045439999995,44.077551659999997,1,0
979,979,72.453000000000003,109.209999999999994,66.801000000000002,84.928665969999997,0.221335630000000,0.202336194000000,0.320010099000000,0.611674755000000,79.165999999999997,-0.031295479000000,-0.063142347000000,79.197295479999994,0.388756713000000,0.422675134000000,1.507321988000000,1.548645731000000,-93.530045439999995,44.077512659999996,1,0
980,980,73.518000000000001,108.939999999999998,67.116000000000000,85.200503479999995,0.215461600000000,0.194137829000000,0.307104090000000,0.616082247000000,77.245999999999995,-0.024100267000000,-0.060012662000000,77.270100270000000,0.374173256000000,0.412666613000000,1.481813978000000,1.527459500000000,-93.530045439999995,44.077473660000003,1,0
981,981,77.421999999999997,113.599999999999994,71.569000000000003,89.482303360000003,0.207897052000000,0.189391798000000,0.302863888000000,0.630008803000000,78.209000000000003,-0.019837694000000,-0.051042877000000,78.228837690000006,0.365667380000000,0.399216893000000,1.467283201000000,1.506199080000000,-93.531020440000006,44.077122660000001,1,0
982,982,77.003000000000000,113.609999999999999,70.608999999999995,89.111026240000001,0.212383148000000,0.192048811000000,0.305048165000000,0.621503389000000,79.608000000000004,-0.022225540000000,-0.056493710000000,79.630225539999998,0.370434963000000,0.407217078000000,1.475397062000000,1.518607569000000,-93.530045439999995,44.077434660000002,1,0
983,983,75.623000000000005,111.569999999999993,68.236000000000004,87.221661539999999,0.216025112000000,0.192031753000000,0.302184823000000,0.611598100000000,79.281000000000006,-0.022306786000000,-0.062794749000000,79.303306789999993,0.370404402000000,0.413881329000000,1.475344803000000,1.526717785000000,-93.530045439999995,44.077395660000001,1,0
984,984,81.914000000000001,116.599999999999994,74.483000000000004,92.831712769999996,0.197134475000000,0.174728231000000,0.279655892000000,0.638790738000000,76.802999999999997,-0.007034510000000,-0.045142621000000,76.810034509999994,0.339103643000000,0.380486911000000,1.423444100000000,1.469243035000000,-93.530045439999995,44.077356660000000,1,0
985,985,73.542000000000002,108.799999999999997,67.278999999999996,85.190628599999997,0.214214569000000,0.193361924000000,0.306423438000000,0.618373162000000,76.778999999999996,-0.023400275000000,-0.058526326000000,76.802400270000007,0.372785821000000,0.410455529000000,1.479426722000000,1.523933010000000,-93.530045439999995,44.077317659999999,1,0
986,986,71.864999999999995,106.700000000000003,66.102000000000004,83.504376390000004,0.214684361000000,0.195083023000000,0.309746317000000,0.619512652000000,75.433000000000007,-0.024886887000000,-0.057863136000000,75.457886889999997,0.375861731000000,0.411177082000000,1.484728310000000,1.526637169000000,-93.530045439999995,44.077278659999998,1,0
987,987,72.894000000000005,108.319999999999993,66.188999999999993,84.513788529999999,0.218026386000000,0.195492622000000,0.307985221000000,0.611050591000000,77.557000000000002,-0.025336799000000,-0.063278942000000,77.582336799999993,0.376592857000000,0.417226720000000,1.485993360000000,1.534516471000000,-93.530045439999995,44.077239659999996,1,0
988,988,73.087999999999994,108.549999999999997,66.409000000000006,84.725268810000003,0.217621012000000,0.195234477000000,0.307752389000000,0.611782589000000,77.602999999999994,-0.025103307000000,-0.062800195000000,77.628103310000000,0.376132115000000,0.416510390000000,1.485195928000000,1.533355738000000,-93.530045439999995,44.077200660000003,1,0
989,989,72.861000000000004,108.719999999999999,66.391000000000005,84.728052419999997,0.219203122000000,0.197482115000000,0.311303065000000,0.610660412000000,78.188000000000002,-0.027078057000000,-0.063606375000000,78.215078059999996,0.380139115000000,0.419197680000000,1.492156298000000,1.539085784000000,-93.530045439999995,44.077161660000002,1,0
990,990,74.459000000000003,110.409999999999997,69.001000000000005,86.594166049999998,0.212364116000000,0.194467434000000,0.310275486000000,0.624952450000000,77.359999999999999,-0.024293536000000,-0.054392406000000,77.384293540000002,0.374762264000000,0.407004641000000,1.482829477000000,1.520900473000000,-93.530045439999995,44.077122660000001,1,0
991,991,73.510999999999996,108.760000000000005,66.882000000000005,85.060383740000006,0.215490915000000,0.193387868000000,0.305479725000000,0.614950349000000,77.126999999999995,-0.023457875000000,-0.060706474000000,77.150457880000005,0.372832232000000,0.412782976000000,1.479506468000000,1.526807250000000,-93.530045439999995,44.077083660000000,1,0
992,992,72.605999999999995,108.250000000000000,66.909999999999997,84.590468009999995,0.216237472000000,0.197084974000000,0.312814842000000,0.618106236000000,76.983999999999995,-0.026644495000000,-0.058829702000000,77.010644499999998,0.379431870000000,0.413847807000000,1.490923615000000,1.532042196000000,-93.531020440000006,44.077083660000000,1,0
993,993,71.150000000000006,106.159999999999997,64.622000000000000,82.680652679999994,0.219907381000000,0.197450792000000,0.310680818000000,0.608722683000000,76.548000000000002,-0.027073723000000,-0.064849627000000,76.575073720000006,0.380083346000000,0.420479835000000,1.492059030000000,1.540648541000000,-93.530045439999995,44.077044659999999,1,0
994,994,71.510999999999996,105.799999999999997,65.090999999999994,82.753250489999999,0.215386471000000,0.193383377000000,0.305551595000000,0.615226843000000,74.998000000000005,-0.023451127000000,-0.060530029000000,75.021451130000003,0.372824199000000,0.412592626000000,1.479492665000000,1.526569221000000,-93.530045439999995,44.077005659999998,1,0
995,995,68.864000000000004,104.390000000000001,62.521000000000001,80.722566110000002,0.227521938000000,0.205051543000000,0.320825770000000,0.598917521000000,77.394999999999996,-0.033847524000000,-0.071511399000000,77.428847520000005,0.393555594000000,0.433595220000000,1.515886385000000,1.565458071000000,-93.530045439999995,44.076966659999997,1,0
996,996,69.870000000000005,104.969999999999999,63.054000000000002,81.396815489999994,0.224625507000000,0.200754976000000,0.313992808000000,0.600685910000000,77.016000000000005,-0.030063810000000,-0.070175793000000,77.046063810000007,0.385954978000000,0.428747161000000,1.502361529000000,1.554601067000000,-93.530045439999995,44.076927660000003,1,0
997,997,69.070999999999998,102.599999999999994,63.026000000000003,80.145367340000007,0.216731842000000,0.195309633000000,0.308610613000000,0.614288499000000,73.102999999999994,-0.025141352000000,-0.061200612000000,73.128141350000007,0.376266268000000,0.414884354000000,1.485428038000000,1.531429556000000,-93.530045439999995,44.076888660000002,1,0
998,998,69.152000000000001,101.349999999999994,63.201000000000001,79.683097340000003,0.209957828000000,0.188842360000000,0.300071761000000,0.623591515000000,70.346999999999994,-0.019414385000000,-0.055063906000000,70.366414379999995,0.364679717000000,0.403034205000000,1.465611985000000,1.510194599000000,-93.530045439999995,44.076849660000001,1,0
999,999,64.700000000000003,95.278000000000006,59.737000000000002,74.905488120000001,0.209906252000000,0.191138782000000,0.305044842000000,0.626975797000000,66.119000000000000,-0.021382245000000,-0.053005940000000,66.140382250000002,0.368803677000000,0.402762979000000,1.472612056000000,1.512273779000000,-93.530045439999995,44.076810660000000,1,0
1000,1000,69.608000000000004,102.870000000000005,62.540999999999997,80.288827049999995,0.217796377000000,0.192847783000000,0.302555100000000,0.607961505000000,73.590999999999994,-0.023056859000000,-0.065154732000000,73.614056860000005,0.371865779000000,0.417049653000000,1.477847374000000,1.531483061000000,-93.530006439999994,44.077980660000001,1,0
1001,1001,69.072999999999993,103.489999999999995,61.500000000000000,80.132202079999999,0.226355565000000,0.199445999000000,0.309887181000000,0.594260315000000,76.406999999999996,-0.028999885000000,-0.074296236000000,76.435999879999997,0.383631629000000,0.432017471000000,1.498269946000000,1.557343178000000,-93.530006439999994,44.077941660000000,1,0
1002,1002,78.477000000000004,111.939999999999998,72.453999999999994,89.328579309999995,0.194628760000000,0.175735360000000,0.283673694000000,0.647257459000000,72.948999999999998,-0.007882954000000,-0.039960285000000,72.956882949999994,0.340941453000000,0.375735045000000,1.426405189000000,1.464843939000000,-93.531098439999994,44.077707660000002,1,0
1003,1003,76.069000000000003,111.700000000000003,70.075999999999993,87.890136979999994,0.209054378000000,0.189759758000000,0.302745278000000,0.627358997000000,77.254999999999995,-0.020180341000000,-0.052720045000000,77.275180340000006,0.366328480000000,0.401307216000000,1.468403686000000,1.509082748000000,-93.531020440000006,44.077044659999999,1,0
1004,1004,72.978999999999999,107.920000000000002,65.754000000000005,84.254078750000005,0.217464387000000,0.193151980000000,0.303452169000000,0.609284655000000,77.106999999999999,-0.023309670000000,-0.064318699000000,77.130309670000003,0.372410197000000,0.416412517000000,1.478781567000000,1.531019940000000,-93.530006439999994,44.077902659999999,1,0
1005,1005,74.953000000000003,111.060000000000002,66.816999999999993,86.442249120000000,0.220808486000000,0.194110089000000,0.302921239000000,0.601629750000000,80.349999999999994,-0.024228929000000,-0.069280544000000,80.374228930000001,0.374123674000000,0.422442362000000,1.481728550000000,1.539522466000000,-93.530006439999994,44.077863659999998,1,0
1006,1006,74.507000000000005,110.579999999999998,66.980000000000004,86.150159310000006,0.219698495000000,0.194897535000000,0.305426435000000,0.605715319000000,79.673000000000002,-0.024875132000000,-0.066680684000000,79.697875130000000,0.375530524000000,0.420332384000000,1.484155851000000,1.537734657000000,-93.530006439999994,44.077824659999997,1,0
1007,1007,75.896000000000001,112.510000000000005,68.424999999999997,87.750942140000006,0.218494562000000,0.194335637000000,0.305164984000000,0.608168163000000,80.698999999999998,-0.024356873000000,-0.065081707000000,80.723356870000003,0.374526769000000,0.418185553000000,1.482423316000000,1.534470686000000,-93.530006439999994,44.077785660000004,1,0
1008,1008,74.043999999999997,110.879999999999995,66.942999999999998,86.136042759999995,0.222670346000000,0.199195345000000,0.312219764000000,0.603742785000000,80.772999999999996,-0.028659570000000,-0.068130402000000,80.801659569999998,0.383186322000000,0.425343665000000,1.497487980000000,1.548615674000000,-93.530006439999994,44.077746660000003,1,0
1009,1009,75.573999999999998,112.109999999999999,68.420000000000002,87.485956920000007,0.217878734000000,0.194667633000000,0.306345586000000,0.610293462000000,80.225999999999999,-0.024624371000000,-0.063731921000000,80.250624369999997,0.375119914000000,0.417030369000000,1.483446688000000,1.533394825000000,-93.530006439999994,44.077707660000002,1,0
1010,1010,74.903000000000006,110.930000000000007,67.453999999999994,86.537017950000006,0.218284704000000,0.193867612000000,0.304336073000000,0.608077166000000,79.503000000000000,-0.023948327000000,-0.065121384000000,79.526948329999996,0.373690209000000,0.417845932000000,1.480982070000000,1.533551876000000,-93.530006439999994,44.077668660000001,1,0
1011,1011,74.528999999999996,109.859999999999999,66.956999999999994,85.842940479999996,0.216591087000000,0.191611213000000,0.300863478000000,0.609475696000000,78.233999999999995,-0.021959371000000,-0.064135494000000,78.255959369999999,0.369650752000000,0.414959339000000,1.474057078000000,1.527596167000000,-93.530006439999994,44.077629659999999,1,0
1012,1012,79.677999999999997,115.569999999999993,72.725999999999999,91.276283260000000,0.205285443000000,0.183827747000000,0.292943308000000,0.629280955000000,78.736000000000004,-0.015004441000000,-0.051324382000000,78.751004440000003,0.355637562000000,0.394847698000000,1.450463114000000,1.495235893000000,-93.530006439999994,44.077590659999998,1,0
1013,1013,76.644000000000005,112.620000000000005,69.537000000000006,88.304325120000001,0.212855493000000,0.190083693000000,0.300483600000000,0.617448055000000,79.058999999999997,-0.020550152000000,-0.058995908000000,79.079550150000003,0.366910254000000,0.408245625000000,1.469390950000000,1.517786471000000,-93.530006439999994,44.077551659999997,1,0
1014,1014,73.052000000000007,109.769999999999996,67.584000000000003,85.544617329999994,0.219070677000000,0.200840161000000,0.318627536000000,0.615687346000000,78.903999999999996,-0.029940177000000,-0.060511330000000,78.933940179999993,0.386106052000000,0.418701025000000,1.502628265000000,1.542066244000000,-93.531020440000006,44.077005659999998,1,0
1015,1015,75.415999999999997,111.280000000000001,68.108000000000004,87.004810440000000,0.215895805000000,0.192098385000000,0.302425203000000,0.612041697000000,79.036000000000001,-0.022360716000000,-0.062513932000000,79.058360719999996,0.370523779000000,0.413638209000000,1.475548955000000,1.526490093000000,-93.530006439999994,44.077512659999996,1,0
1016,1016,74.980999999999995,110.829999999999998,68.075000000000003,86.678803419999994,0.215521118000000,0.192932604000000,0.304486308000000,0.614228999000000,78.603999999999999,-0.023067834000000,-0.061149492000000,78.627067830000001,0.372017600000000,0.412877503000000,1.478107787000000,1.526440838000000,-93.530006439999994,44.077473660000003,1,0
1017,1017,77.168000000000006,113.209999999999994,70.474999999999994,88.953414679999995,0.210598215000000,0.189318093000000,0.300592979000000,0.622515679000000,78.777000000000001,-0.019837993000000,-0.055759374000000,78.796837990000000,0.365534925000000,0.404169930000000,1.467058885000000,1.512058052000000,-93.530006439999994,44.077434660000002,1,0
1018,1018,75.057000000000002,109.959999999999994,67.432000000000002,86.162307060000003,0.213656394000000,0.188647530000000,0.296832079000000,0.613241179000000,77.430999999999997,-0.019331429000000,-0.061617198000000,77.450331430000006,0.364329346000000,0.409851650000000,1.465019918000000,1.518225942000000,-93.530006439999994,44.077395660000001,1,0
1019,1019,82.191000000000003,117.340000000000003,74.694999999999993,93.279828309999999,0.198674042000000,0.176158091000000,0.281561409000000,0.636568945000000,77.793999999999997,-0.008287325000000,-0.046556490000000,77.802287329999999,0.341712278000000,0.383235121000000,1.427650229000000,1.473846381000000,-93.530006439999994,44.077356660000000,1,0
1020,1020,76.379999999999995,111.310000000000002,70.135999999999996,87.831048030000005,0.206167916000000,0.186104747000000,0.297140038000000,0.630096128000000,76.103999999999999,-0.016980444000000,-0.050885481000000,76.120980439999997,0.359749576000000,0.396290446000000,1.457318670000000,1.499299522000000,-93.530006439999994,44.077317659999999,1,0
1021,1021,75.468000000000004,110.849999999999994,68.302000000000007,86.887484189999995,0.213232276000000,0.189901137000000,0.299806806000000,0.616165990000000,77.930000000000007,-0.020402168000000,-0.059803629000000,77.950402170000004,0.366582416000000,0.408953618000000,1.468834473000000,1.518453698000000,-93.530006439999994,44.077278659999998,1,0
1022,1022,74.628000000000000,109.540000000000006,67.344999999999999,85.836470509999998,0.213561444000000,0.189566048000000,0.298845262000000,0.614798247000000,77.106999999999999,-0.020121425000000,-0.060660880000000,77.127121430000003,0.365980483000000,0.409589241000000,1.467813689000000,1.518873308000000,-93.530006439999994,44.077239659999996,1,0
1023,1023,75.263999999999996,110.390000000000001,68.091999999999999,86.577792110000004,0.212623855000000,0.189201418000000,0.298787023000000,0.616831235000000,77.424000000000007,-0.019785139000000,-0.059355418000000,77.443785140000003,0.365325224000000,0.407899360000000,1.466703869000000,1.516439223000000,-93.530006439999994,44.077200660000003,1,0
1024,1024,74.046999999999997,108.859999999999999,66.506000000000000,85.159665419999996,0.215386032000000,0.190331699000000,0.299078187000000,0.610931472000000,77.167000000000002,-0.020825699000000,-0.063154687000000,77.187825700000005,0.367355519000000,0.412870413000000,1.470147339000000,1.523681495000000,-93.530006439999994,44.077161660000002,1,0
1025,1025,74.784000000000006,111.230000000000004,69.224999999999994,87.095465210000000,0.214072677000000,0.195931489000000,0.312067061000000,0.622359076000000,78.450999999999993,-0.025593267000000,-0.056084689000000,78.476593269999995,0.377375841000000,0.410004902000000,1.487350235000000,1.526103447000000,-93.531020440000006,44.076966659999997,1,0
1026,1026,76.974999999999994,111.709999999999994,70.715000000000003,88.326828599999999,0.204063485000000,0.184089885000000,0.294439264000000,0.633023006000000,75.730000000000004,-0.015208173000000,-0.048993832000000,75.745208169999998,0.356111478000000,0.392572009000000,1.451250406000000,1.492826923000000,-93.530006439999994,44.077122660000001,1,0
1027,1027,74.335999999999999,107.980000000000004,67.489999999999995,85.128180599999993,0.207202071000000,0.184536738000000,0.292999843000000,0.625023152000000,74.134000000000000,-0.015650545000000,-0.054017918000000,74.149650539999996,0.356919025000000,0.398326816000000,1.452593629000000,1.500087994000000,-93.530006439999994,44.077083660000000,1,0
1028,1028,70.686000000000007,104.170000000000002,64.542000000000002,81.677351529999996,0.212802124000000,0.191494716000000,0.303533550000000,0.619583373000000,73.111999999999995,-0.021761251000000,-0.057691376000000,73.133761250000006,0.369441913000000,0.408027402000000,1.473700591000000,1.519006935000000,-93.530006439999994,44.077044659999999,1,0
1029,1029,68.914000000000001,102.930000000000007,61.874000000000002,79.941887589999993,0.222998503000000,0.197946975000000,0.309320724000000,0.601126980000000,75.072000000000003,-0.027599072000000,-0.069769551000000,75.099599069999996,0.380966537000000,0.426057163000000,1.493600720000000,1.548170079000000,-93.530006439999994,44.077005659999998,1,0
1030,1030,68.513000000000005,102.760000000000005,61.466999999999999,79.648898000000003,0.225156483000000,0.199955626000000,0.311886418000000,0.598160763000000,75.540000000000006,-0.029396752000000,-0.071780528000000,75.569396749999996,0.384536613000000,0.429786024000000,1.499861340000000,1.555054890000000,-93.530006439999994,44.076966659999997,1,0
1031,1031,69.328000000000003,103.430000000000007,62.765999999999998,80.506122419999997,0.220578604000000,0.197397516000000,0.310040730000000,0.606845209000000,74.766000000000005,-0.027049473000000,-0.066055264000000,74.793049470000000,0.379988484000000,0.421704879000000,1.491893607000000,1.542120101000000,-93.530006439999994,44.076927660000003,1,0
1032,1032,72.453999999999994,103.689999999999998,65.575000000000003,82.262342219999994,0.200779366000000,0.177332183000000,0.282502329000000,0.632413926000000,69.350999999999999,-0.009326532000000,-0.049168663000000,69.360326529999995,0.343851373000000,0.387055888000000,1.431114914000000,1.479453849000000,-93.530006439999994,44.076888660000002,2,0
1033,1033,70.771000000000001,101.049999999999997,64.176000000000002,80.287391950000000,0.199239275000000,0.176224094000000,0.281285708000000,0.635091539000000,67.153000000000006,-0.008350106000000,-0.047473485000000,67.161350110000001,0.341832600000000,0.384283901000000,1.427844739000000,1.475121254000000,-93.530006439999994,44.076849660000001,2,0
1034,1034,63.789000000000001,93.129000000000005,58.892000000000003,73.508083060000004,0.205791435000000,0.186976637000000,0.299308347000000,0.632370153000000,63.576999999999998,-0.017721144000000,-0.049488902000000,63.594721139999997,0.361321384000000,0.395533260000000,1.459953911000000,1.499307612000000,-93.530006439999994,44.076810660000000,2,0
1035,1035,75.228999999999999,110.629999999999995,70.165999999999997,87.219391759999993,0.206911129000000,0.190472347000000,0.305990855000000,0.634240260000000,75.864999999999995,-0.020737819000000,-0.048423396000000,75.885737820000003,0.367607982000000,0.397343968000000,1.470576506000000,1.505094356000000,-93.531020440000006,44.076927660000003,1,0
1036,1036,76.453999999999994,105.489999999999995,68.688999999999993,85.032411339999996,0.184871519000000,0.159587565000000,0.256377202000000,0.651142288000000,65.837000000000003,0.006166786000000,-0.037207391000000,65.830833209999994,0.311248202000000,0.358773071000000,1.379783922000000,1.429881065000000,-93.529967439999993,44.077980660000001,2,0
1037,1037,70.269000000000005,102.409999999999997,62.420000000000002,80.253342320000002,0.213715782000000,0.186131493000000,0.291504548000000,0.609510790000000,72.131000000000000,-0.017156177000000,-0.063896486000000,72.148156180000001,0.359797814000000,0.410220351000000,1.457399422000000,1.516031119000000,-93.529967439999993,44.077941660000000,1,0
1038,1038,73.125000000000000,106.140000000000001,65.492000000000004,83.470887719999993,0.209927700000000,0.184168689000000,0.290183084000000,0.617034106000000,73.662999999999997,-0.015382604000000,-0.059043051000000,73.678382600000006,0.356253919000000,0.403405602000000,1.451487179000000,1.505762419000000,-93.529967439999993,44.077902659999999,1,0
1039,1039,72.700000000000003,106.230000000000004,64.500000000000000,83.127117319999996,0.215237659000000,0.187391717000000,0.293017565000000,0.607173115000000,75.260000000000005,-0.018280409000000,-0.065439757000000,75.278280409999994,0.362069140000000,0.412900853000000,1.461210454000000,1.520618761000000,-93.529967439999993,44.077863659999998,1,0
1040,1040,74.716999999999999,107.780000000000001,67.221000000000004,85.083921959999998,0.205936816000000,0.181170101000000,0.286815989000000,0.623687140000000,73.622000000000000,-0.012719147000000,-0.054744151000000,73.634719149999995,0.350825205000000,0.396294567000000,1.442509737000000,1.494198402000000,-93.529967439999993,44.077824659999997,1,0
1041,1041,76.391999999999996,110.469999999999999,68.486000000000004,87.043458029999996,0.207923066000000,0.182369877000000,0.287879300000000,0.619951118000000,76.061999999999998,-0.013789808000000,-0.057136144000000,76.075789810000003,0.352999427000000,0.399866767000000,1.446093832000000,1.499671085000000,-93.529967439999993,44.077785660000004,1,0
1042,1042,76.105000000000004,110.480000000000004,68.408000000000001,86.943383659999995,0.209172771000000,0.184232387000000,0.290877243000000,0.619188993000000,76.447000000000003,-0.015423953000000,-0.057683152000000,76.462423950000002,0.356369049000000,0.402000403000000,1.451678602000000,1.504147659000000,-93.529967439999993,44.077746660000003,1,0
1043,1043,75.521000000000001,108.890000000000001,67.584999999999994,85.884002710000004,0.206918528000000,0.180949076000000,0.285629911000000,0.620672238000000,74.674000000000007,-0.012542263000000,-0.056631851000000,74.686542259999996,0.350424358000000,0.398142679000000,1.441850611000000,1.496155263000000,-93.529967439999993,44.077707660000002,1,0
1044,1044,74.692999999999998,108.170000000000002,67.367999999999995,85.280401370000007,0.207251096000000,0.183071480000000,0.289856704000000,0.622797448000000,74.278999999999996,-0.014385907000000,-0.055368040000000,74.293385909999998,0.354269556000000,0.398551582000000,1.448194610000000,1.498835834000000,-93.529967439999993,44.077668660000001,1,0
1045,1045,76.685000000000002,109.359999999999999,69.329999999999998,86.884689339999994,0.199336505000000,0.175629552000000,0.279955447000000,0.633961229000000,72.704999999999998,-0.007835536000000,-0.048156632000000,72.712835540000000,0.340748466000000,0.384520091000000,1.426093760000000,1.474789003000000,-93.529967439999993,44.077629659999999,1,0
1046,1046,74.882999999999996,110.060000000000002,69.209000000000003,86.622847199999995,0.208746554000000,0.190204550000000,0.303946982000000,0.628829729000000,76.028000000000006,-0.020553842000000,-0.051809154000000,76.048553839999997,0.367127253000000,0.400711942000000,1.469759491000000,1.508835013000000,-93.531020440000006,44.076888660000002,1,0
1047,1047,77.507000000000005,110.659999999999997,70.162000000000006,87.893262719999996,0.199602156000000,0.176189236000000,0.280945723000000,0.634032171000000,73.650999999999996,-0.008323494000000,-0.048129323000000,73.659323490000006,0.341769056000000,0.384964487000000,1.427742010000000,1.475870712000000,-93.529967439999993,44.077590659999998,1,0
1048,1048,78.444000000000003,111.790000000000006,71.165999999999997,88.910188379999994,0.198210027000000,0.175289380000000,0.280058454000000,0.636604347000000,73.969999999999999,-0.007530222000000,-0.046509564000000,73.977530220000006,0.340127867000000,0.382446381000000,1.425093060000000,1.472057771000000,-93.529967439999993,44.077551659999997,1,0
1049,1049,77.061000000000007,110.959999999999994,69.778000000000006,87.786651610000007,0.203604522000000,0.180293691000000,0.286689275000000,0.628857246000000,75.081000000000003,-0.011926346000000,-0.051477314000000,75.092926349999999,0.349235206000000,0.392042952000000,1.439898262000000,1.488296555000000,-93.529967439999993,44.077512659999996,1,0
1050,1050,76.388999999999996,110.519999999999996,68.725999999999999,87.126752100000004,0.207357540000000,0.182607579000000,0.288797881000000,0.621842201000000,75.924999999999997,-0.013986348000000,-0.055953215000000,75.938986349999993,0.353429853000000,0.398793424000000,1.446805168000000,1.498642348000000,-93.529967439999993,44.077473660000003,1,0
1051,1051,76.340999999999994,110.569999999999993,69.153999999999996,87.246678820000000,0.206322364000000,0.183129939000000,0.290674864000000,0.625431853000000,75.644999999999996,-0.014420557000000,-0.053714487000000,75.659420560000001,0.354375343000000,0.396825779000000,1.448369814000000,1.496851320000000,-93.529967439999993,44.077434660000002,1,0
1052,1052,78.102000000000004,110.290000000000006,70.045000000000002,87.882703129999996,0.196440727000000,0.170856512000000,0.271979856000000,0.635098377000000,72.433000000000007,-0.003665110000000,-0.047311337000000,72.436665110000007,0.332020693000000,0.379552288000000,1.412127730000000,1.464265708000000,-93.529967439999993,44.077395660000001,2,0
1053,1053,78.846999999999994,111.280000000000001,71.667000000000002,88.949886070000005,0.193114503000000,0.170585977000000,0.273788621000000,0.644024083000000,72.046000000000006,-0.003415663000000,-0.041812265000000,72.049415659999994,0.331524725000000,0.373323889000000,1.411340951000000,1.456934757000000,-93.529967439999993,44.077356660000000,2,0
1054,1054,76.141999999999996,108.519999999999996,69.876999999999995,86.519727410000002,0.195618343000000,0.175336561000000,0.282075184000000,0.643908957000000,71.021000000000001,-0.007547763000000,-0.042006137000000,71.028547759999995,0.340213955000000,0.377607392000000,1.425231804000000,1.466570972000000,-93.529967439999993,44.077317659999999,2,0
1055,1055,75.459000000000003,107.079999999999998,68.751000000000005,85.414454440000000,0.195189329000000,0.173228735000000,0.277893978000000,0.642052671000000,69.950000000000003,-0.005720084000000,-0.043092045000000,69.955720080000006,0.336363799000000,0.376981004000000,1.419048755000000,1.463730700000000,-93.529967439999993,44.077278659999998,2,0
1056,1056,74.426000000000002,106.930000000000007,67.527000000000001,84.721406400000006,0.202092110000000,0.179227597000000,0.285551134000000,0.631506593000000,71.906999999999996,-0.010983474000000,-0.049791267000000,71.917983469999996,0.347299068000000,0.389328213000000,1.436729100000000,1.484031821000000,-93.529967439999993,44.077239659999996,1,0
1057,1057,71.549999999999997,105.109999999999999,65.195999999999998,82.498551530000000,0.211761383000000,0.189969433000000,0.301083758000000,0.620264485000000,73.474000000000004,-0.020425377000000,-0.057205941000000,73.494425379999996,0.366705072000000,0.406248626000000,1.469042628000000,1.515248388000000,-93.531020440000006,44.076849660000001,1,0
1058,1058,74.349000000000004,106.450000000000003,67.027000000000001,84.364279629999999,0.201887794000000,0.177550761000000,0.282152023000000,0.629657116000000,71.524000000000001,-0.009528459000000,-0.050891351000000,71.533528459999999,0.344249312000000,0.389102962000000,1.431761019000000,1.482053822000000,-93.529967439999993,44.077200660000003,1,0
1059,1059,74.918999999999997,107.500000000000000,68.266999999999996,85.302383419999998,0.200493598000000,0.178605299000000,0.285417689000000,0.635041860000000,71.813999999999993,-0.010424994000000,-0.047574256000000,71.824424989999997,0.346167893000000,0.386410714000000,1.434883007000000,1.480005797000000,-93.529967439999993,44.077161660000002,1,0
1060,1060,76.061999999999998,108.540000000000006,69.022999999999996,86.275786429999997,0.198790606000000,0.175935255000000,0.281002604000000,0.635922241000000,71.995000000000005,-0.008095416000000,-0.046950419000000,72.003095419999994,0.341305993000000,0.383472485000000,1.426993768000000,1.473893109000000,-93.529967439999993,44.077122660000001,1,0
1061,1061,72.613000000000000,103.719999999999999,66.492000000000004,82.566482769999993,0.197189398000000,0.176410541000000,0.283200262000000,0.641072117000000,68.334999999999994,-0.008490888000000,-0.043781324000000,68.343490889999998,0.342172444000000,0.380446968000000,1.428394365000000,1.470901896000000,-93.529967439999993,44.077083660000000,2,0
1062,1062,71.504999999999995,101.909999999999997,64.745999999999995,81.015754930000000,0.198690862000000,0.175330854000000,0.279794606000000,0.635325287000000,67.569000000000003,-0.007570509000000,-0.047302455000000,67.576570509999996,0.340203542000000,0.383341073000000,1.425215020000000,1.473128072000000,-93.529967439999993,44.077044659999999,2,0
1063,1063,68.253000000000000,99.022999999999996,61.334000000000003,77.944181080000007,0.208950258000000,0.183947488000000,0.290441940000000,0.619391455000000,68.459000000000003,-0.015173439000000,-0.057545164000000,68.474173440000001,0.355854057000000,0.401616049000000,1.450822674000000,1.503392386000000,-93.529967439999993,44.077005659999998,1,0
1064,1064,67.620000000000005,98.230000000000004,60.656999999999996,77.246076380000005,0.209963755000000,0.184564365000000,0.290988944000000,0.617499745000000,68.183000000000007,-0.015725783000000,-0.058762864000000,68.198725780000004,0.356968939000000,0.403432746000000,1.452676723000000,1.506206992000000,-93.529967439999993,44.076966659999997,1,0
1065,1065,67.259000000000000,98.647999999999996,61.094999999999999,77.433412279999999,0.211705819000000,0.189196357000000,0.299479067000000,0.619323250000000,68.941999999999993,-0.019759297000000,-0.057774821000000,68.961759299999997,0.365316128000000,0.406213068000000,1.466688473000000,1.514393985000000,-93.529967439999993,44.076927660000003,1,0
1066,1066,73.218999999999994,102.430000000000007,66.522999999999996,82.215644069999996,0.188965821000000,0.166303253000000,0.267681396000000,0.649448404000000,65.117999999999995,0.000316304000000,-0.038393373000000,65.117683700000001,0.323655246000000,0.365897581000000,1.398953823000000,1.444353455000000,-93.529967439999993,44.076888660000002,2,0
1067,1067,70.471000000000004,99.119000000000000,64.016999999999996,79.349258120000002,0.191599094000000,0.168925055000000,0.271357260000000,0.645860027000000,63.750000000000000,-0.001967407000000,-0.040646042000000,63.751967409999999,0.328476802000000,0.370623918000000,1.406521832000000,1.452237380000000,-93.529967439999993,44.076849660000001,2,0
1068,1068,70.772000000000006,103.379999999999995,65.043999999999997,81.500147889999994,0.207089814000000,0.187238734000000,0.298859845000000,0.629173921000000,70.944000000000003,-0.017973545000000,-0.051499189000000,70.961973540000002,0.361793584000000,0.397896965000000,1.460747188000000,1.502383886000000,-93.531020440000006,44.076810660000000,1,0
1069,1069,66.680000000000007,93.808999999999997,61.104999999999997,75.233352319999995,0.189703332000000,0.169039623000000,0.272971504000000,0.651376734000000,59.832999999999998,-0.002062330000000,-0.037284403000000,59.835062330000000,0.328687208000000,0.367051672000000,1.406853629000000,1.448357891000000,-93.529967439999993,44.076810660000000,2,0
1070,1070,72.427999999999997,106.640000000000001,66.875000000000000,83.845433999999997,0.209814427000000,0.191055912000000,0.304938811000000,0.627109902000000,73.977000000000004,-0.021309002000000,-0.052918766000000,73.998309000000006,0.368655044000000,0.402601320000000,1.472358756000000,1.511992587000000,-93.530981440000005,44.078019660000002,1,0
1071,1071,77.234999999999999,111.430000000000007,72.004000000000005,88.631194919999999,0.197853259000000,0.181247184000000,0.293114237000000,0.646181459000000,73.620999999999995,-0.012663570000000,-0.040758203000000,73.633663569999996,0.350964979000000,0.381325179000000,1.442739691000000,1.476829423000000,-93.530981440000005,44.077980660000001,1,0
1072,1072,78.046000000000006,112.450000000000003,71.817999999999998,89.244991900000002,0.200222006000000,0.180602217000000,0.289893662000000,0.638666074000000,75.036000000000001,-0.012144224000000,-0.045383777000000,75.048144219999998,0.349795111000000,0.385745336000000,1.440816954000000,1.481275656000000,-93.530981440000005,44.077941660000000,1,0
1073,1073,67.206000000000003,92.293999999999997,58.875000000000000,74.164444529999997,0.188325839000000,0.157291536000000,0.249321739000000,0.637907123000000,58.506999999999998,0.008217058000000,-0.045192902000000,58.498782939999998,0.306987996000000,0.365647511000000,1.373300003000000,1.435176467000000,-93.529889440000005,44.078019660000002,2,0
1074,1074,52.218000000000004,78.096000000000004,45.366999999999997,60.232520090000001,0.230938974000000,0.198581887000000,0.304637009000000,0.580913235000000,58.606999999999999,-0.028408308000000,-0.083003854000000,58.635408310000003,0.382095911000000,0.440485259000000,1.495576238000000,1.567285999000000,-93.529889440000005,44.077941660000000,3,0
1075,1075,55.387999999999998,82.557000000000002,48.755000000000003,63.928446510000001,0.226441652000000,0.196955308000000,0.304619352000000,0.590561673000000,60.970999999999997,-0.026854847000000,-0.076593465000000,60.997854850000003,0.379200886000000,0.432447770000000,1.490521413000000,1.555196469000000,-93.529889440000005,44.077902659999999,3,0
1076,1076,53.728000000000002,80.388000000000005,46.722999999999999,61.999911980000000,0.230929422000000,0.198783143000000,0.305058758000000,0.581218590000000,60.325000000000003,-0.028582330000000,-0.082812889000000,60.353582330000002,0.382453727000000,0.440442358000000,1.496203097000000,1.567449812000000,-93.529889440000005,44.077863659999998,3,0
1077,1077,50.195000000000000,76.944999999999993,44.095999999999997,58.834593750000003,0.240143283000000,0.210397986000000,0.322118395000000,0.573084671000000,59.598999999999997,-0.038963769000000,-0.088828284000000,59.637963769999999,0.402958101000000,0.455761669000000,1.532921606000000,1.600497300000000,-93.529889440000005,44.077824659999997,3,0
1078,1078,52.770000000000003,79.620999999999995,46.494000000000000,61.334787779999999,0.232017826000000,0.202815901000000,0.312595318000000,0.583941422000000,59.978000000000002,-0.032104425000000,-0.081222014000000,60.010104419999998,0.389605651000000,0.441944591000000,1.508830775000000,1.573809870000000,-93.529889440000005,44.077785660000004,3,0
