OID_,SOURCE_ID,Red,Green,Blue,BI,GLI,NGRDI,VARI,BGI,ExG,ExR,ExB,ExGR,MGRVI,RGBVI,GRRI,VEG,X,Y,CLUSTER_ID,IS_SEED
1,1,56.704999999999998,82.951999999999998,53.255000000000003,65.657155880000005,0.202795580000000,0.187939022000000,0.303777690000000,0.641997782000000,55.944000000000003,-0.018479929000000,-0.043517251000000,55.962479930000001,0.363054566000000,0.389987323000000,1.462869236000000,1.493768883000000,-93.539628210000004,44.065646569999998,1,0
2,2,60.073000000000000,89.548000000000002,56.747999999999998,70.351368469999997,0.210447524000000,0.196997748000000,0.317368880000000,0.633715996000000,62.274999999999999,-0.026388653000000,-0.048945336000000,62.301388650000000,0.379276491000000,0.403384266000000,1.490653039000000,1.519187041000000,-93.539628210000004,44.065299170000003,1,0
3,3,61.671999999999997,89.894999999999996,56.045999999999999,70.771229379999994,0.208639768000000,0.186208080000000,0.295463825000000,0.623460704000000,62.072000000000003,-0.017119352000000,-0.055057246000000,62.089119349999997,0.359935939000000,0.400832942000000,1.457630691000000,1.504809276000000,-93.539473810000004,44.064913169999997,1,0
4,4,47.921999999999997,72.939999999999998,44.051000000000002,56.442455310000000,0.226639984000000,0.206996409000000,0.325708557000000,0.603934741000000,53.906999999999996,-0.035468398000000,-0.068330574000000,53.942468400000003,0.396983080000000,0.431855899000000,1.522056675000000,1.565350821000000,-93.537736809999998,44.064913169999997,3,0
5,5,59.247999999999998,85.908000000000001,54.932000000000002,68.088262799999995,0.201527294000000,0.183664471000000,0.295486788000000,0.639428226000000,57.636000000000003,-0.014797489000000,-0.044996202000000,57.650797490000002,0.355342309000000,0.387931605000000,1.449972995000000,1.486956940000000,-93.537698210000002,44.065646569999998,1,0
6,6,59.698999999999998,86.436000000000007,53.340000000000003,68.020360420000003,0.209271417000000,0.182960961000000,0.288129748000000,0.617103984000000,59.832999999999998,-0.014324602000000,-0.058954756000000,59.847324600000000,0.354069545000000,0.402311170000000,1.447863448000000,1.503197280000000,-93.537698210000002,44.065607970000002,1,0
7,7,60.287999999999997,87.259000000000000,54.837000000000003,68.934443720000004,0.205055879000000,0.182795990000000,0.290917916000000,0.628439473000000,59.393000000000001,-0.014110799000000,-0.051818326000000,59.407110799999998,0.353770946000000,0.394511206000000,1.447369294000000,1.493773322000000,-93.537698210000002,44.065569369999999,1,0
8,8,53.353000000000002,78.983000000000004,49.728000000000002,62.069130500000000,0.210249495000000,0.193673679000000,0.310260507000000,0.629603839000000,54.884999999999998,-0.023556552000000,-0.051431365000000,54.908556550000000,0.373343435000000,0.403216055000000,1.480385358000000,1.515481173000000,-93.537698210000002,44.065530770000002,3,0
9,9,52.869999999999997,78.298000000000002,49.368000000000002,61.544057740000000,0.210011050000000,0.193858258000000,0.310855746000000,0.630514189000000,54.357999999999997,-0.023707183000000,-0.050864094000000,54.381707179999999,0.373673484000000,0.402771581000000,1.480953282000000,1.515139764000000,-93.537698210000002,44.065492169999999,3,0
10,10,56.713999999999999,82.863000000000000,51.758000000000003,65.221788610000004,0.208805316000000,0.187344620000000,0.297760166000000,0.624621363000000,57.253999999999998,-0.018101236000000,-0.054364335000000,57.272101239999998,0.361984312000000,0.401040798000000,1.461067814000000,1.506241932000000,-93.537698210000002,44.065453570000003,1,0
11,11,63.066000000000003,89.957999999999998,57.323000000000000,71.544131949999993,0.198221808000000,0.175737139000000,0.281000199000000,0.637219591000000,59.527000000000001,-0.007918344000000,-0.046141851000000,59.534918339999997,0.340944699000000,0.382428453000000,1.426410427000000,1.472491539000000,-93.537698210000002,44.065414969999999,1,0
12,12,59.664000000000001,87.201999999999998,53.802000000000000,68.455915020000006,0.211685830000000,0.187504256000000,0.295903894000000,0.616981262000000,60.938000000000002,-0.018300875000000,-0.059198278000000,60.956300880000001,0.362271815000000,0.406329968000000,1.461551354000000,1.512761363000000,-93.537698210000002,44.065376370000003,1,0
13,13,59.060000000000002,86.882000000000005,54.834000000000003,68.418645310000002,0.208129098000000,0.190637376000000,0.305373842000000,0.631131880000000,59.869999999999997,-0.020908874000000,-0.050376539000000,59.890908869999997,0.367904156000000,0.399554528000000,1.471080257000000,1.507903182000000,-93.537698210000002,44.065337769999999,1,0
14,14,51.976999999999997,77.093000000000004,49.106000000000002,60.707875420000001,0.208027610000000,0.194592082000000,0.314091341000000,0.636970931000000,53.103000000000002,-0.024274874000000,-0.046833468000000,53.127274870000001,0.374984954000000,0.399136365000000,1.483213729000000,1.511544931000000,-93.539435209999994,44.065646569999998,1,0
15,15,55.654000000000003,82.659999999999997,52.136000000000003,64.931260609999995,0.210647724000000,0.195251385000000,0.313374643000000,0.630728285000000,57.530000000000001,-0.024911525000000,-0.050772381000000,57.554911529999998,0.376162295000000,0.403841860000000,1.485248140000000,1.517897537000000,-93.537698210000002,44.065299170000003,1,0
16,16,49.805999999999997,75.744000000000000,47.899999999999999,59.195160760000000,0.215823816000000,0.206594982000000,0.334037347000000,0.632393325000000,53.781999999999996,-0.034682041000000,-0.050066302000000,53.816682040000003,0.396276302000000,0.412594302000000,1.520780629000000,1.540670050000000,-93.537698210000002,44.065260570000000,3,0
17,17,44.948000000000000,70.445999999999998,43.524999999999999,54.397877549999997,0.228539664000000,0.220964695000000,0.354784399000000,0.617849133000000,52.418999999999997,-0.047312153000000,-0.059848099000000,52.466312150000000,0.421356492000000,0.434495873000000,1.567277743000000,1.584158042000000,-93.537698210000002,44.065221970000003,2,0
18,18,45.167999999999999,68.915000000000006,42.526000000000003,53.534680739999999,0.222308934000000,0.208155466000000,0.331861313000000,0.617079010000000,50.136000000000003,-0.036267392000000,-0.059885447000000,50.172267390000002,0.399021835000000,0.424051577000000,1.525748317000000,1.556680970000000,-93.537698210000002,44.065183370000000,3,0
19,19,49.999000000000002,75.338999999999999,47.820000000000000,59.055390160000002,0.212714842000000,0.202173323000000,0.326891819000000,0.634731016000000,52.859000000000002,-0.030841197000000,-0.048458633000000,52.889841199999999,0.388468370000000,0.407220342000000,1.506810136000000,1.529335130000000,-93.537698210000002,44.065144770000003,3,0
20,20,54.575000000000003,81.388999999999996,50.911000000000001,63.756123539999997,0.213565741000000,0.197213968000000,0.315262248000000,0.625526791000000,57.292000000000002,-0.026670234000000,-0.054119599000000,57.318670230000002,0.379661625000000,0.409002436000000,1.491323866000000,1.526239232000000,-93.537698210000002,44.065106170000000,3,0
21,21,57.518000000000001,83.912000000000006,53.289000000000001,66.305509040000004,0.204632650000000,0.186622357000000,0.299452014000000,0.635058156000000,57.017000000000003,-0.017393269000000,-0.047799136000000,57.034393270000002,0.360682886000000,0.393432499000000,1.458882437000000,1.496458380000000,-93.537698210000002,44.065067569999997,1,0
22,22,59.393000000000001,86.370999999999995,55.421999999999997,68.456984480000003,0.201445279000000,0.185079992000000,0.298620797000000,0.641673710000000,57.927000000000000,-0.016009066000000,-0.043642202000000,57.943009070000002,0.357900253000000,0.387687391000000,1.454228613000000,1.488128236000000,-93.537698210000002,44.065028970000000,1,0
23,23,58.901000000000003,86.013000000000005,55.456000000000003,68.173631040000004,0.201370193000000,0.187090274000000,0.303069597000000,0.644739749000000,57.668999999999997,-0.017725208000000,-0.041795678000000,57.686725209999999,0.361526132000000,0.387431590000000,1.460297788000000,1.489901000000000,-93.537698210000002,44.064990369999997,1,0
24,24,61.859999999999999,90.593999999999994,57.045999999999999,71.386690060000006,0.207541637000000,0.188476524000000,0.301169713000000,0.629688500000000,62.281999999999996,-0.019045346000000,-0.051215274000000,62.301045350000003,0.364021758000000,0.398632593000000,1.464500485000000,1.504547942000000,-93.537698210000002,44.064951770000000,1,0
25,25,44.311000000000000,67.037999999999997,41.055999999999997,52.099754640000000,0.221966524000000,0.204106009000000,0.323318111000000,0.612428772000000,48.709000000000003,-0.032824382000000,-0.062724976000000,48.741824379999997,0.391886323000000,0.423684930000000,1.512897475000000,1.551827434000000,-93.539435209999994,44.065607970000002,3,0
26,26,64.539000000000001,94.269999999999996,60.366000000000000,74.601540150000005,0.203018073000000,0.187212312000000,0.302012332000000,0.640352180000000,63.634999999999998,-0.017864264000000,-0.044519676000000,63.652864260000001,0.361745987000000,0.390436673000000,1.460667193000000,1.493544646000000,-93.537698210000002,44.064913169999997,1,0
27,27,55.219000000000001,79.956000000000003,50.258000000000003,63.161081000000003,0.205114002000000,0.182999815000000,0.291307983000000,0.628570714000000,54.435000000000002,-0.014287640000000,-0.051742678000000,54.449287640000001,0.354139864000000,0.394601103000000,1.447979862000000,1.494089703000000,-93.537659610000006,44.065646569999998,1,0
28,28,58.435000000000002,86.084000000000003,53.323999999999998,67.499514210000001,0.212762435000000,0.191317405000000,0.303185482000000,0.619441476000000,60.408999999999999,-0.021608043000000,-0.057775105000000,60.430608040000003,0.369124004000000,0.407969446000000,1.473158210000000,1.518749856000000,-93.537659610000006,44.065607970000002,1,0
29,29,58.097999999999999,85.802000000000007,54.088999999999999,67.485753380000006,0.209368867000000,0.192522585000000,0.308470009000000,0.630393231000000,59.417000000000002,-0.022550748000000,-0.050898787000000,59.439550750000002,0.371283565000000,0.401689010000000,1.476849461000000,1.512434660000000,-93.537659610000006,44.065569369999999,1,0
30,30,52.045000000000002,78.188999999999993,49.011000000000003,61.167202179999997,0.214897799000000,0.200746349000000,0.321879271000000,0.626827303000000,55.322000000000003,-0.029713521000000,-0.053410695000000,55.351713519999997,0.385939677000000,0.411198062000000,1.502334518000000,1.532685682000000,-93.537659610000006,44.065530770000002,3,0
31,31,51.759000000000000,76.052999999999997,47.348999999999997,59.735474359999998,0.210967542000000,0.190076049000000,0.301927594000000,0.622578991000000,52.997999999999998,-0.020497714000000,-0.055745286000000,53.018497709999998,0.366896529000000,0.404785017000000,1.469367646000000,1.513593555000000,-93.537659610000006,44.065492169999999,3,0
32,32,55.430999999999997,81.950999999999993,51.374000000000002,64.363162439999996,0.210918077000000,0.193038389000000,0.308343410000000,0.626886798000000,57.097000000000001,-0.023032910000000,-0.053123609000000,57.120032909999999,0.372206927000000,0.404473464000000,1.478432646000000,1.516329735000000,-93.537659610000006,44.065453570000003,3,0
33,33,61.716999999999999,88.855000000000004,56.784999999999997,70.542505719999994,0.199883867000000,0.180232713000000,0.289357800000000,0.639074897000000,59.207999999999998,-0.011821159000000,-0.045120252000000,59.219821160000002,0.349124523000000,0.385147721000000,1.439716772000000,1.480205678000000,-93.537659610000006,44.065414969999999,1,0
34,34,58.274000000000001,85.909000000000006,53.762999999999998,67.494877650000006,0.210604006000000,0.191666146000000,0.305629286000000,0.625813361000000,59.780999999999999,-0.021851414000000,-0.053756075000000,59.802851410000002,0.369749218000000,0.403998223000000,1.474225212000000,1.514314039000000,-93.537659610000006,44.065376370000003,1,0
35,35,56.655000000000001,84.869000000000000,52.508000000000003,66.256134939999995,0.217191763000000,0.199358413000000,0.316954255000000,0.618694694000000,60.575000000000003,-0.028613837000000,-0.058535705000000,60.603613840000001,0.383476039000000,0.415413403000000,1.497996646000000,1.536399272000000,-93.537659610000006,44.065337769999999,3,0
36,36,43.637000000000000,65.805999999999997,40.670000000000002,51.279191050000001,0.219086787000000,0.202562064000000,0.322350341000000,0.618028751000000,47.305000000000000,-0.031404342000000,-0.059075496000000,47.336404340000001,0.389156497000000,0.418616142000000,1.508032175000000,1.543810481000000,-93.539435209999994,44.065569369999999,3,0
37,37,55.433000000000000,83.930999999999997,52.134999999999998,65.409704869999999,0.218908616000000,0.204486094000000,0.326703275000000,0.621165005000000,60.293999999999997,-0.033027849000000,-0.057138680000000,60.327027850000000,0.392557565000000,0.418184107000000,1.514098100000000,1.545342694000000,-93.537659610000006,44.065299170000003,3,0
38,38,53.777999999999999,80.135999999999996,51.276000000000003,63.095377419999998,0.208113792000000,0.196827815000000,0.318957380000000,0.639862234000000,55.218000000000004,-0.026172040000000,-0.045086668000000,55.244172040000002,0.378973737000000,0.399187092000000,1.490126074000000,1.513954953000000,-93.537659610000006,44.065260570000000,1,0
39,39,44.567000000000000,69.789000000000001,43.405000000000001,53.977513940000001,0.226789717000000,0.220556858000000,0.355484771000000,0.621946152000000,51.606000000000002,-0.046875971000000,-0.057187771000000,51.652875969999997,0.420651009000000,0.431462434000000,1.565934436000000,1.579771581000000,-93.537659610000006,44.065221970000003,2,0
40,40,44.866000000000000,69.183999999999997,43.061000000000000,53.707955750000004,0.222899313000000,0.213222271000000,0.342560115000000,0.622412697000000,50.441000000000003,-0.040554767000000,-0.056638937000000,50.481554770000002,0.407899889000000,0.424870615000000,1.542013997000000,1.563244053000000,-93.537659610000006,44.065183370000000,3,0
41,41,49.531999999999996,74.852000000000004,47.198999999999998,58.549086330000002,0.214957291000000,0.203563159000000,0.328043014000000,0.630564314000000,52.972999999999999,-0.032096420000000,-0.051132105000000,53.005096420000001,0.390927097000000,0.411168804000000,1.511184689000000,1.535659448000000,-93.537659610000006,44.065144770000003,3,0
42,42,55.558000000000000,83.147000000000006,52.228000000000002,65.135445950000005,0.213470520000000,0.198904149000000,0.319032806000000,0.628140522000000,58.508000000000003,-0.028103052000000,-0.052519994000000,58.536103050000001,0.382668825000000,0.408731199000000,1.496580150000000,1.527702429000000,-93.537659610000006,44.065106170000000,3,0
43,43,57.048000000000002,85.617999999999995,53.613000000000000,66.980768380000001,0.214883450000000,0.200257945000000,0.320820186000000,0.626188418000000,60.575000000000003,-0.029299110000000,-0.053799948000000,60.604299109999999,0.385073205000000,0.411198907000000,1.500806339000000,1.532165820000000,-93.537659610000006,44.065067569999997,3,0
44,44,59.363999999999997,86.884000000000000,54.585000000000001,68.440816709999993,0.207909161000000,0.188173513000000,0.300230191000000,0.628251462000000,59.819000000000003,-0.018793724000000,-0.052107970000000,59.837793720000001,0.363476586000000,0.399328974000000,1.463580621000000,1.505062198000000,-93.537659610000006,44.065028970000000,1,0
45,45,60.088999999999999,88.643000000000001,54.768000000000001,69.444949890000004,0.213693294000000,0.191982895000000,0.303882338000000,0.617849125000000,62.429000000000002,-0.022203440000000,-0.058809828000000,62.451203440000000,0.370316862000000,0.409616759000000,1.475195127000000,1.521453714000000,-93.537659610000006,44.064990369999997,1,0
46,46,61.829999999999998,90.647000000000006,56.508000000000003,71.257705020000003,0.210111070000000,0.188992438000000,0.300274047000000,0.623385220000000,62.956000000000003,-0.019546857000000,-0.055199177000000,62.975546860000001,0.364949556000000,0.403303086000000,1.466068252000000,1.510674607000000,-93.537659610000006,44.064951770000000,1,0
47,47,48.810000000000002,73.483000000000004,45.625999999999998,57.340791950000003,0.217603831000000,0.201753167000000,0.321820340000000,0.620905516000000,52.530000000000001,-0.030663594000000,-0.057209726000000,52.560663589999997,0.387724272000000,0.416002044000000,1.505490678000000,1.539691725000000,-93.539435209999994,44.065530770000002,3,0
48,48,62.067000000000000,91.593000000000004,57.087000000000003,71.880724599999994,0.211788053000000,0.192151503000000,0.305737629000000,0.623268154000000,64.031999999999996,-0.022297826000000,-0.055380148000000,64.054297829999996,0.370618940000000,0.406122795000000,1.475711731000000,1.517390170000000,-93.537659610000006,44.064913169999997,1,0
49,49,45.094000000000001,67.447000000000003,41.527000000000001,52.621473350000002,0.217922037000000,0.198620947000000,0.314768919000000,0.615698252000000,48.273000000000003,-0.028009710000000,-0.060422671000000,48.301009710000002,0.382165363000000,0.416785658000000,1.495697876000000,1.537309632000000,-93.537621009999995,44.065646569999998,3,0
50,50,45.058000000000000,68.528000000000006,41.308999999999997,53.018058650000000,0.226874583000000,0.206627577000000,0.324722941000000,0.602804693000000,50.689000000000000,-0.035164466000000,-0.069049356000000,50.724164469999998,0.396333705000000,0.432304141000000,1.520884194000000,1.565522499000000,-93.537621009999995,44.065607970000002,3,0
51,51,46.997999999999998,71.956999999999994,44.758000000000003,55.946106260000001,0.221317945000000,0.209818839000000,0.336388264000000,0.622010367000000,52.158000000000001,-0.037625601000000,-0.056781074000000,52.195625600000000,0.401942580000000,0.422212215000000,1.531065152000000,1.556166889000000,-93.537621009999995,44.065569369999999,3,0
52,52,42.670000000000002,66.498999999999995,40.637000000000000,51.297211330000003,0.229726544000000,0.218276251000000,0.347706181000000,0.611091896000000,49.691000000000003,-0.045131704000000,-0.064130943000000,49.736131700000001,0.416699073000000,0.436662363000000,1.558448559000000,1.583989892000000,-93.537621009999995,44.065530770000002,2,0
53,53,41.192000000000000,63.649999999999999,39.393000000000001,49.328530669999999,0.224715588000000,0.214208046000000,0.343137405000000,0.618900236000000,46.715000000000003,-0.041468437000000,-0.058930218000000,46.756468439999999,0.409620615000000,0.428030753000000,1.545202952000000,1.568352470000000,-93.537621009999995,44.065492169999999,2,0
54,54,44.793999999999997,68.057000000000002,42.274999999999999,52.995073069999997,0.219752400000000,0.206139068000000,0.329616300000000,0.621170489000000,49.045000000000002,-0.034458440000000,-0.057192218000000,49.079458440000003,0.395473170000000,0.419603371000000,1.519332946000000,1.548899786000000,-93.537621009999995,44.065453570000003,3,0
55,55,48.231999999999999,72.914000000000001,45.677000000000000,56.947828610000002,0.216566487000000,0.203737639000000,0.327048192000000,0.626450339000000,51.918999999999997,-0.032304898000000,-0.053746786000000,51.951304899999997,0.391235474000000,0.414035498000000,1.511734948000000,1.539384136000000,-93.537621009999995,44.065414969999999,3,0
56,56,46.488999999999997,70.590999999999994,43.415999999999997,54.861235430000001,0.221894784000000,0.205859242000000,0.327188315000000,0.615035911000000,51.277000000000001,-0.034308643000000,-0.061114296000000,51.311308640000000,0.394980009000000,0.423443778000000,1.518445224000000,1.553421679000000,-93.537621009999995,44.065376370000003,3,0
57,57,45.320000000000000,69.474999999999994,42.804000000000002,53.891435440000002,0.223830117000000,0.210418572000000,0.335528052000000,0.616106513000000,50.826000000000001,-0.038242628000000,-0.060593024000000,50.864242630000000,0.402994184000000,0.426636091000000,1.532987643000000,1.562423999000000,-93.537621009999995,44.065337769999999,3,0
58,58,58.197000000000003,86.375000000000000,55.029000000000003,68.009122610000006,0.208143341000000,0.194906344000000,0.314686799000000,0.637094067000000,59.524000000000001,-0.024544967000000,-0.046765297000000,59.548544970000002,0.375546256000000,0.399329709000000,1.484183033000000,1.512106401000000,-93.539435209999994,44.065492169999999,1,0
59,59,43.253000000000000,67.617999999999995,40.695000000000000,51.958634050000001,0.233995182000000,0.219759901000000,0.347198472000000,0.601836789000000,51.287999999999997,-0.046605439000000,-0.070233430000000,51.334605439999997,0.419271339000000,0.444069278000000,1.563313527000000,1.595373308000000,-93.537621009999995,44.065299170000003,2,0
60,60,43.180000000000000,67.322000000000003,41.603999999999999,52.050158179999997,0.227227154000000,0.218475684000000,0.350402044000000,0.617985205000000,49.859999999999999,-0.045165871000000,-0.059671545000000,49.905165869999998,0.417045126000000,0.432282396000000,1.559101436000000,1.578525150000000,-93.537621009999995,44.065260570000000,2,0
61,61,40.210000000000001,63.529000000000003,39.558000000000000,49.049679930000003,0.228646302000000,0.224785278000000,0.363331827000000,0.622676258000000,47.289999999999999,-0.050489543000000,-0.056859530000000,47.340489540000000,0.427947067000000,0.434600576000000,1.579930366000000,1.588554656000000,-93.537621009999995,44.065221970000003,2,0
62,62,40.145000000000003,63.868000000000002,39.866000000000000,49.261345239999997,0.229726542000000,0.228077260000000,0.369822439000000,0.624193649000000,47.725000000000001,-0.053273932000000,-0.055988713000000,47.778273929999997,0.433599029000000,0.436426187000000,1.590932868000000,1.594631889000000,-93.537621009999995,44.065183370000000,2,0
63,63,41.311999999999998,65.162999999999997,40.814999999999998,50.394318920000003,0.226869002000000,0.224005635000000,0.363250076000000,0.626352378000000,48.198999999999998,-0.049739969000000,-0.054463983000000,48.248739970000003,0.426604867000000,0.431542382000000,1.577338304000000,1.583708463000000,-93.537621009999995,44.065144770000003,2,0
64,64,46.848999999999997,72.617999999999995,45.509999999999998,56.389605500000002,0.222550980000000,0.215699733000000,0.348432197000000,0.626704123000000,52.877000000000002,-0.042608364000000,-0.053971160000000,52.919608359999998,0.412220348000000,0.424183087000000,1.550043758000000,1.565083780000000,-93.537621009999995,44.065106170000000,3,0
65,65,56.371000000000002,85.305000000000007,54.427000000000000,66.875334249999995,0.212545486000000,0.204226545000000,0.331625577000000,0.638028252000000,59.811999999999998,-0.032562480000000,-0.046440901000000,59.844562480000000,0.392099227000000,0.406845752000000,1.513278104000000,1.531066715000000,-93.537621009999995,44.065067569999997,3,0
66,66,55.595999999999997,83.694999999999993,52.438000000000002,65.435749869999995,0.215507726000000,0.201728755000000,0.323523655000000,0.626536830000000,59.356000000000002,-0.030567103000000,-0.053626734000000,59.386567100000001,0.387681028000000,0.412240842000000,1.505414059000000,1.535017428000000,-93.537621009999995,44.065028970000000,3,0
67,67,53.636000000000003,80.930000000000007,49.994000000000000,63.049941670000003,0.219330295000000,0.202829838000000,0.322730927000000,0.617743729000000,58.229999999999997,-0.031640659000000,-0.059267447000000,58.261640659999998,0.389630308000000,0.419036590000000,1.508874636000000,1.544622930000000,-93.537621009999995,44.064990369999997,3,0
68,68,57.057000000000002,85.536000000000001,53.198000000000000,66.837952659999999,0.216179037000000,0.199722287000000,0.318574864000000,0.621936962000000,60.817000000000000,-0.028888968000000,-0.056482678000000,60.845888969999997,0.384122321000000,0.413562838000000,1.499132447000000,1.534503001000000,-93.537621009999995,44.064951770000000,3,0
69,69,56.787999999999997,85.281000000000006,53.387000000000000,66.703067579999995,0.215101679000000,0.200557476000000,0.321294062000000,0.626012828000000,60.387000000000000,-0.029560617000000,-0.053921087000000,60.416560619999998,0.385604659000000,0.411574652000000,1.501743326000000,1.532946938000000,-93.539435209999994,44.065453570000003,3,0
70,70,60.347999999999999,89.391000000000005,56.073000000000000,70.182650550000005,0.211247853000000,0.193957486000000,0.310069823000000,0.627277914000000,62.360999999999997,-0.023826599000000,-0.052906536000000,62.384826599999997,0.373850886000000,0.405011125000000,1.481258700000000,1.517947114000000,-93.537621009999995,44.064913169999997,1,0
71,71,35.075000000000003,55.073000000000000,33.253000000000000,42.304660749999996,0.234308639000000,0.221835204000000,0.351489586000000,0.603798595000000,41.817999999999998,-0.048362655000000,-0.069033476000000,41.866362660000000,0.422861053000000,0.444514295000000,1.570149679000000,1.598290121000000,-93.537582409999999,44.065646569999998,2,0
72,72,35.009999999999998,55.183999999999997,33.170999999999999,42.313469869999999,0.236276876000000,0.223673415000000,0.353787068000000,0.601098144000000,42.186999999999998,-0.050014186000000,-0.070883962000000,42.237014189999996,0.426032510000000,0.447858454000000,1.576235361000000,1.604813013000000,-93.537582409999999,44.065607970000002,2,0
73,73,36.091000000000001,57.551000000000002,34.673000000000002,44.033679579999998,0.238548201000000,0.229170671000000,0.363920026000000,0.602474327000000,44.338000000000001,-0.054737170000000,-0.070208471000000,44.392737169999997,0.435470768000000,0.451568747000000,1.594608074000000,1.616034600000000,-93.537582409999999,44.065569369999999,2,0
74,74,33.481000000000002,53.326000000000001,31.707000000000001,40.702061729999997,0.241294227000000,0.228610596000000,0.360163339000000,0.594588006000000,41.463999999999999,-0.054445888000000,-0.075402062000000,41.518445890000002,0.434512357000000,0.456330015000000,1.592724232000000,1.621861617000000,-93.537582409999999,44.065530770000002,2,0
75,75,33.947000000000003,53.850999999999999,32.195000000000000,41.185948390000000,0.239064909000000,0.226702203000000,0.357966297000000,0.597853336000000,41.560000000000002,-0.052713075000000,-0.073154267000000,41.612713069999998,0.431241241000000,0.452560148000000,1.586325743000000,1.614565586000000,-93.537582409999999,44.065492169999999,2,0
76,76,33.987000000000002,54.408999999999999,32.720999999999997,41.577715550000001,0.239907478000000,0.231028553000000,0.366807364000000,0.601389476000000,42.109999999999999,-0.056368635000000,-0.071002419000000,42.166368640000002,0.438644795000000,0.453844904000000,1.600876806000000,1.621241971000000,-93.537582409999999,44.065453570000003,2,0
77,77,34.505000000000003,55.280999999999999,32.927999999999997,42.153834029999999,0.242304559000000,0.231394649000000,0.365401527000000,0.595647691000000,43.128999999999998,-0.056831331000000,-0.074822759000000,43.185831329999999,0.439269291000000,0.457951014000000,1.602115635000000,1.627268857000000,-93.537582409999999,44.065414969999999,2,0
78,78,35.125000000000000,56.149999999999999,34.094999999999999,43.007972709999997,0.237329220000000,0.230347850000000,0.367698496000000,0.607212823000000,43.079999999999998,-0.055635319000000,-0.067137274000000,43.135635319999999,0.437482804000000,0.449437158000000,1.598576512000000,1.614498572000000,-93.537582409999999,44.065376370000003,2,0
79,79,34.792999999999999,55.070000000000000,32.825000000000003,42.113886760000000,0.239212862000000,0.225643480000000,0.355499842000000,0.596059561000000,42.521999999999998,-0.051837180000000,-0.074294144000000,42.573837179999998,0.429422901000000,0.452867541000000,1.582789642000000,1.613778101000000,-93.537582409999999,44.065337769999999,2,0
80,80,50.847000000000001,79.724000000000004,48.329000000000001,61.310754430000003,0.233048750000000,0.221159369000000,0.351122298000000,0.606203903000000,60.271999999999998,-0.047726104000000,-0.067430967000000,60.319726099999997,0.421693110000000,0.442346356000000,1.567919445000000,1.594662943000000,-93.539435209999994,44.065414969999999,3,0
81,81,35.610999999999997,56.841999999999999,33.832999999999998,43.373679320000001,0.241579660000000,0.229641007000000,0.362180143000000,0.595211287000000,44.240000000000002,-0.055323630000000,-0.075034446000000,44.295323629999999,0.436275052000000,0.456776176000000,1.596192188000000,1.623649638000000,-93.537582409999999,44.065299170000003,2,0
82,82,33.914999999999999,55.491000000000000,33.003000000000000,42.105725319999998,0.247689713000000,0.241326085000000,0.382532844000000,0.594745094000000,44.064000000000000,-0.065436365000000,-0.075866971000000,44.129436360000000,0.456090259000000,0.466817199000000,1.636178682000000,1.651098252000000,-93.537582409999999,44.065260570000000,2,0
83,83,34.097000000000001,54.734000000000002,32.396000000000001,41.665001220000001,0.244230256000000,0.232317547000000,0.365677328000000,0.591880732000000,42.975000000000001,-0.057728064000000,-0.077372203000000,43.032728059999997,0.440842204000000,0.461222424000000,1.605243863000000,1.632833379000000,-93.537582409999999,44.065221970000003,2,0
84,84,34.811000000000000,56.402000000000001,34.600999999999999,43.167196359999998,0.238134961000000,0.236709680000000,0.381385572000000,0.613471154000000,43.392000000000003,-0.060935985000000,-0.063272768000000,43.452935979999999,0.448300426000000,0.450714538000000,1.620234983000000,1.623502937000000,-93.537582409999999,44.065183370000000,2,0
85,85,35.064000000000000,56.682000000000002,34.923000000000002,43.443254750000001,0.236579021000000,0.235628801000000,0.380444538000000,0.616121520000000,43.377000000000002,-0.059938896000000,-0.061497288000000,43.436938900000001,0.446469216000000,0.448080834000000,1.616529774000000,1.618700233000000,-93.537582409999999,44.065144770000003,2,0
86,86,36.118000000000002,57.305000000000000,34.113999999999997,43.787890050000001,0.240086128000000,0.226785695000000,0.357230774000000,0.595305820000000,44.378000000000000,-0.052845841000000,-0.074844163000000,44.430845840000003,0.431384528000000,0.454326172000000,1.586605017000000,1.617052955000000,-93.537582409999999,44.065106170000000,2,0
87,87,41.710000000000001,66.370000000000005,39.805000000000000,50.758050349999998,0.239084269000000,0.228164323000000,0.361186379000000,0.599743860000000,51.225000000000001,-0.053933800000000,-0.071968083000000,51.278933799999997,0.433748168000000,0.452530945000000,1.591225126000000,1.616189872000000,-93.537582409999999,44.065067569999997,2,0
88,88,48.274999999999999,74.781000000000006,46.082000000000001,57.868311159999998,0.226325133000000,0.215397868000000,0.344350040000000,0.616226047000000,55.204999999999998,-0.042545141000000,-0.060697182000000,55.247545140000000,0.411694651000000,0.430813966000000,1.549062662000000,1.573231294000000,-93.537582409999999,44.065028970000000,3,0
89,89,48.633000000000003,75.308999999999997,45.613000000000000,58.072253670000002,0.230217590000000,0.215229704000000,0.340563521000000,0.605677940000000,56.372000000000000,-0.042598567000000,-0.067534428000000,56.414598570000003,0.411401707000000,0.437675684000000,1.548516439000000,1.581930310000000,-93.537582409999999,44.064990369999997,3,0
90,90,49.219999999999999,77.060000000000002,45.433999999999997,58.949414349999998,0.239036234000000,0.220462464000000,0.344358410000000,0.589592525000000,59.466000000000001,-0.047474289000000,-0.078341894000000,59.513474289999998,0.420487673000000,0.452869267000000,1.565623730000000,1.607913520000000,-93.537582409999999,44.064951770000000,3,0
91,91,58.851999999999997,86.388999999999996,54.481000000000002,68.055851050000001,0.207769013000000,0.189595224000000,0.303404584000000,0.630647420000000,59.445000000000000,-0.020008812000000,-0.050648401000000,59.465008810000000,0.366032902000000,0.398968398000000,1.467902535000000,1.506114884000000,-93.539435209999994,44.065376370000003,1,0
92,92,54.728000000000002,84.361999999999995,50.786000000000001,65.041829680000006,0.230493221000000,0.213056294000000,0.335590687000000,0.602000901000000,63.210000000000001,-0.040778192000000,-0.069843477000000,63.250778189999998,0.407609956000000,0.438295435000000,1.541477854000000,1.580331964000000,-93.537582409999999,44.064913169999997,3,0
93,93,36.834000000000003,56.591999999999999,34.802000000000000,43.858017980000000,0.224802511000000,0.211482885000000,0.337029203000000,0.614963246000000,41.548000000000002,-0.039183330000000,-0.061368812000000,41.587183330000002,0.404858470000000,0.428305410000000,1.536406581000000,1.565715452000000,-93.537543810000003,44.065646569999998,2,0
94,94,35.137000000000000,54.366000000000000,31.856000000000002,41.653633139999997,0.237524541000000,0.214841961000000,0.333564626000000,0.585954457000000,41.738999999999997,-0.042635486000000,-0.080485172000000,41.781635489999999,0.410726013000000,0.450636537000000,1.547257876000000,1.598599439000000,-93.537543810000003,44.065607970000002,2,0
95,95,35.218000000000004,55.472999999999999,33.402999999999999,42.557105409999998,0.235705893000000,0.223340795000000,0.353564446000000,0.602148793000000,42.325000000000003,-0.049702645000000,-0.070179058000000,42.374702640000002,0.425459211000000,0.446879993000000,1.575132035000000,1.603131114000000,-93.537543810000003,44.065569369999999,2,0
96,96,34.122999999999998,53.850999999999999,32.020000000000003,41.188953740000002,0.239057781000000,0.224248073000000,0.352575330000000,0.594603629000000,41.558999999999997,-0.050659200000000,-0.075195426000000,41.609659200000003,0.427022387000000,0.452671187000000,1.578143774000000,1.611929279000000,-93.537543810000003,44.065530770000002,2,0
97,97,34.829999999999998,54.408999999999999,32.396000000000001,41.725168250000003,0.236259117000000,0.219399590000000,0.344439949000000,0.595416200000000,41.591999999999999,-0.046425782000000,-0.074440745000000,41.638425779999999,0.418647107000000,0.448061781000000,1.562130347000000,1.600273242000000,-93.537543810000003,44.065492169999999,2,0
98,98,34.008000000000003,54.997000000000000,32.662999999999997,41.825373650000003,0.245226842000000,0.235818212000000,0.372528487000000,0.593905122000000,43.323000000000000,-0.060704540000000,-0.076181083000000,43.383704539999997,0.446790313000000,0.462792662000000,1.617178311000000,1.639055804000000,-93.537543810000003,44.065453570000003,2,0
99,99,34.816000000000003,55.581000000000003,33.066000000000003,42.405824180000003,0.241728290000000,0.229708951000000,0.362194973000000,0.594915529000000,43.280000000000001,-0.055389874000000,-0.075233876000000,43.335389870000000,0.436391195000000,0.457029561000000,1.596421186000000,1.624073778000000,-93.537543810000003,44.065414969999999,2,0
100,100,33.436999999999998,54.335999999999999,31.731000000000002,41.139155010000003,0.250253106000000,0.238102833000000,0.372916741000000,0.583977473000000,43.503999999999998,-0.062961909000000,-0.082947851000000,43.566961910000003,0.450656610000000,0.471275228000000,1.625026169000000,1.653613312000000,-93.537543810000003,44.065376370000003,2,0
101,101,34.347999999999999,54.761000000000003,32.613999999999997,41.802014389999997,0.241155006000000,0.229078993000000,0.361324011000000,0.595569840000000,42.560000000000002,-0.054827765000000,-0.074771407000000,42.614827759999997,0.435313936000000,0.456068156000000,1.594299523000000,1.622039948000000,-93.537543810000003,44.065337769999999,2,0
102,102,57.414999999999999,85.259000000000000,52.802000000000000,66.717390309999999,0.214796872000000,0.195158193000000,0.309818408000000,0.619312917000000,60.301000000000002,-0.024954470000000,-0.057992797000000,60.325954469999999,0.375995934000000,0.411375966000000,1.484960376000000,1.526960277000000,-93.539435209999994,44.065337769999999,1,0
103,103,34.994999999999997,56.200000000000003,33.834000000000003,42.925631740000000,0.240419580000000,0.232523713000000,0.369676261000000,0.602028470000000,43.570999999999998,-0.057642627000000,-0.070642811000000,43.628642630000002,0.441193305000000,0.454677485000000,1.605943706000000,1.624088350000000,-93.537543810000003,44.065299170000003,2,0
104,104,35.158000000000001,55.661000000000001,33.179000000000002,42.563982920000001,0.239258818000000,0.225756725000000,0.355707842000000,0.596090620000000,42.984999999999999,-0.051934709000000,-0.074278617000000,43.036934709999997,0.429617521000000,0.452941680000000,1.583167416000000,1.614006994000000,-93.537543810000003,44.065260570000000,2,0
105,105,34.762999999999998,54.322000000000003,32.950000000000003,41.813268839999999,0.232091723000000,0.219554358000000,0.348427897000000,0.606568241000000,40.930999999999997,-0.046329332000000,-0.067128283000000,40.977329330000003,0.418915276000000,0.440746475000000,1.562638437000000,1.590760110000000,-93.537543810000003,44.065221970000003,2,0
106,106,36.186000000000000,56.774000000000001,34.573999999999998,43.696205589999998,0.232154871000000,0.221471601000000,0.352618778000000,0.608975940000000,42.787999999999997,-0.047937021000000,-0.065632694000000,42.835937020000003,0.422232821000000,0.440774253000000,1.568949317000000,1.592939572000000,-93.537543810000003,44.065183370000000,2,0
107,107,35.100000000000001,56.655000000000001,34.656999999999996,43.370138240000003,0.237907433000000,0.234919078000000,0.377508844000000,0.611720060000000,43.552999999999997,-0.059448470000000,-0.064354650000000,43.612448469999997,0.445265311000000,0.450342491000000,1.614102564000000,1.620943978000000,-93.537543810000003,44.065144770000003,2,0
108,108,36.021999999999998,56.896000000000001,34.421999999999997,43.663918680000002,0.235285178000000,0.224649691000000,0.356844912000000,0.604998594000000,43.347999999999999,-0.050771164000000,-0.068361866000000,43.398771160000003,0.427713746000000,0.446093164000000,1.579479207000000,1.603557644000000,-93.537543810000003,44.065106170000000,2,0
109,109,38.073000000000000,60.323999999999998,35.912999999999997,46.109586399999998,0.239742286000000,0.226134943000000,0.356107163000000,0.595335190000000,46.661999999999999,-0.052280545000000,-0.074795622000000,46.714280549999998,0.430267302000000,0.453762068000000,1.584429911000000,1.615547439000000,-93.537543810000003,44.065067569999997,2,0
110,110,45.972000000000001,70.894000000000005,44.344000000000001,55.093176700000001,0.221762658000000,0.213252785000000,0.343647445000000,0.625497221000000,51.472000000000001,-0.040526022000000,-0.054664103000000,51.512526020000003,0.407953185000000,0.422869173000000,1.542112590000000,1.560739329000000,-93.537543810000003,44.065028970000000,3,0
111,111,50.241000000000000,75.494000000000000,47.353999999999999,59.064663529999997,0.214789426000000,0.200843043000000,0.322182672000000,0.627255146000000,53.393000000000001,-0.029791610000000,-0.053142603000000,53.422791609999997,0.386111162000000,0.410998287000000,1.502637288000000,1.532543450000000,-93.537543810000003,44.064990369999997,3,0
112,112,51.984999999999999,78.724000000000004,48.427999999999997,61.224122659999999,0.221185057000000,0.204568928000000,0.324971743000000,0.615161831000000,57.034999999999997,-0.033186890000000,-0.060985726000000,57.068186890000000,0.392703811000000,0.422253533000000,1.514359912000000,1.550527055000000,-93.537543810000003,44.064951770000000,3,1
113,113,60.085000000000001,89.257000000000005,56.512000000000000,70.167954269999996,0.209809190000000,0.195336878000000,0.314251858000000,0.633138017000000,61.917000000000002,-0.024959437000000,-0.049259184000000,61.941959439999998,0.376314898000000,0.402319444000000,1.485512191000000,1.516151062000000,-93.539628210000004,44.065260570000000,1,0
114,114,58.301000000000002,87.203999999999994,54.223999999999997,68.175719999999998,0.215670557000000,0.198639222000000,0.316637635000000,0.621806339000000,61.883000000000003,-0.027950873000000,-0.056528596000000,61.910950870000001,0.382197857000000,0.412714627000000,1.495754790000000,1.532303258000000,-93.539435209999994,44.065299170000003,1,0
115,115,50.427999999999997,77.608999999999995,46.569000000000003,59.818647669999997,0.230838769000000,0.212290197000000,0.333640202000000,0.600046386000000,58.220999999999997,-0.040146387000000,-0.071088050000000,58.261146390000000,0.406270931000000,0.438960579000000,1.539006108000000,1.580351753000000,-93.537543810000003,44.064913169999997,3,0
116,116,41.871000000000002,63.764000000000003,39.350999999999999,49.556464560000002,0.221825150000000,0.207251384000000,0.330290870000000,0.617135061000000,46.305999999999997,-0.035483426000000,-0.059816810000000,46.341483429999997,0.397431826000000,0.423239047000000,1.522867856000000,1.554673111000000,-93.537505210000006,44.065646569999998,3,0
117,117,41.616000000000000,61.146999999999998,37.406999999999996,47.854399710000003,0.214939623000000,0.190058679000000,0.298840198000000,0.611755278000000,43.271000000000001,-0.020579297000000,-0.062618249000000,43.291579300000002,0.366865337000000,0.412076203000000,1.469314687000000,1.522422530000000,-93.537505210000006,44.065607970000002,3,0
118,118,41.832000000000001,64.263999999999996,40.228999999999999,49.993834159999999,0.220652551000000,0.211431157000000,0.340565078000000,0.625995892000000,46.466999999999999,-0.038948915000000,-0.054286007000000,46.505948920000002,0.404767919000000,0.420973598000000,1.536240199000000,1.556359542000000,-93.537505210000006,44.065569369999999,3,0
119,119,41.953000000000003,65.031999999999996,40.262999999999998,50.366405479999997,0.225400415000000,0.215721830000000,0.345897905000000,0.619125969000000,47.847999999999999,-0.042770021000000,-0.058838151000000,47.890770019999998,0.412258822000000,0.429177482000000,1.550115606000000,1.571485699000000,-93.537505210000006,44.065530770000002,2,0
120,120,44.003000000000000,67.280000000000001,41.177000000000000,52.148530620000003,0.224720124000000,0.209169415000000,0.332025790000000,0.612024376000000,49.380000000000003,-0.037228125000000,-0.063178539000000,49.417228129999998,0.400802961000000,0.428284707000000,1.528986660000000,1.563159455000000,-93.537505210000006,44.065492169999999,3,0
121,121,43.969999999999999,67.644000000000005,41.826000000000001,52.467405479999996,0.223860614000000,0.212106008000000,0.339227374000000,0.618325350000000,49.491999999999997,-0.039663712000000,-0.059225756000000,49.531663709999997,0.405948802000000,0.426610578000000,1.538412554000000,1.564236046000000,-93.537505210000006,44.065453570000003,3,0
122,122,43.534999999999997,66.921999999999997,41.432000000000002,51.930918640000002,0.223375424000000,0.211729451000000,0.338819268000000,0.619108813000000,48.877000000000002,-0.039324770000000,-0.058708662000000,48.916324770000003,0.405290011000000,0.425769795000000,1.537199954000000,1.562754455000000,-93.537505210000006,44.065414969999999,3,0
123,123,41.694000000000003,64.978999999999999,39.374000000000002,50.036559810000000,0.231677613000000,0.218283914000000,0.345993254000000,0.605949614000000,48.890000000000001,-0.045241600000000,-0.067481016000000,48.935241599999998,0.416712373000000,0.440082144000000,1.558473641000000,1.588470602000000,-93.537505210000006,44.065376370000003,2,0
124,124,39.095999999999997,61.502000000000002,36.963000000000001,47.177878249999999,0.235829863000000,0.222728086000000,0.352101831000000,0.601004845000000,46.945000000000000,-0.049197083000000,-0.070905271000000,46.994197079999999,0.424402498000000,0.447124858000000,1.573102108000000,1.602767383000000,-93.537505210000006,44.065337769999999,2,0
125,125,53.219000000000001,80.367000000000004,49.774999999999999,62.632971280000000,0.218937693000000,0.203224889000000,0.323919295000000,0.619346249000000,57.740000000000002,-0.031960995000000,-0.058256663000000,57.771960989999997,0.390329049000000,0.418308070000000,1.510118567000000,1.544139416000000,-93.539435209999994,44.065260570000000,3,0
126,126,39.052000000000000,61.753999999999998,37.466000000000001,47.407159710000002,0.234919460000000,0.225204849000000,0.358414904000000,0.606697542000000,46.990000000000002,-0.051212104000000,-0.067270308000000,47.041212100000003,0.428668806000000,0.445438200000000,1.581327461000000,1.603311083000000,-93.537505210000006,44.065299170000003,2,0
127,127,38.768000000000001,60.277999999999999,36.795000000000002,46.512604500000002,0.229416834000000,0.217171819000000,0.345536618000000,0.610421713000000,44.993000000000002,-0.044189898000000,-0.064523966000000,45.037189900000001,0.414781070000000,0.436167943000000,1.554839043000000,1.582119946000000,-93.537505210000006,44.065260570000000,2,0
128,128,39.515000000000001,60.851999999999997,38.139000000000003,47.325061890000001,0.220959279000000,0.212589795000000,0.342884232000000,0.626750148000000,44.049999999999997,-0.039933288000000,-0.053841711000000,44.089933289999998,0.406794738000000,0.421476259000000,1.539972162000000,1.558255377000000,-93.537505210000006,44.065221970000003,2,0
129,129,37.405999999999999,59.216999999999999,35.856999999999999,45.429749340000001,0.235637490000000,0.225733004000000,0.358934272000000,0.605518686000000,45.170999999999999,-0.051695350000000,-0.068064614000000,45.222695350000002,0.429576756000000,0.446662926000000,1.583088275000000,1.605541180000000,-93.537505210000006,44.065183370000000,2,0
130,130,37.209000000000003,59.036999999999999,36.448000000000000,45.454496489999997,0.231663111000000,0.226793841000000,0.365028931000000,0.617375544000000,44.417000000000002,-0.052333941000000,-0.060362940000000,44.469333939999999,0.431398507000000,0.439770094000000,1.586632266000000,1.597587753000000,-93.537505210000006,44.065144770000003,2,0
131,131,38.545999999999999,60.341000000000001,37.694000000000003,46.717833970000001,0.225683265000000,0.220403086000000,0.356168189000000,0.624683051000000,44.442000000000000,-0.046687314000000,-0.055420593000000,44.488687310000003,0.420384916000000,0.429542205000000,1.565428319000000,1.577123298000000,-93.537505210000006,44.065106170000000,2,0
132,132,40.276000000000003,62.621000000000002,39.060000000000002,48.542865650000003,0.224393630000000,0.217158906000000,0.350032113000000,0.623752415000000,45.905999999999999,-0.043918933000000,-0.055911297000000,45.949918930000003,0.414758629000000,0.427369020000000,1.554796901000000,1.570750691000000,-93.537505210000006,44.065067569999997,2,0
133,133,41.226999999999997,66.162999999999997,40.406999999999996,50.694949610000002,0.236922789000000,0.232200391000000,0.372273562000000,0.610718982000000,50.692000000000000,-0.057140537000000,-0.064907948000000,50.749140539999999,0.440642643000000,0.448701443000000,1.604846339000000,1.615618891000000,-93.537505210000006,44.065028970000000,2,0
134,134,48.738999999999997,74.917000000000002,47.226999999999997,58.362192499999999,0.219153784000000,0.211700201000000,0.342513967000000,0.630390966000000,53.868000000000002,-0.039105119000000,-0.051492542000000,53.907105119999997,0.405238823000000,0.418323503000000,1.537105808000000,1.553321261000000,-93.537505210000006,44.064990369999997,3,0
135,135,49.066000000000003,74.430999999999997,45.616000000000000,57.816565019999999,0.222464934000000,0.205389605000000,0.325689192000000,0.612862920000000,54.180000000000000,-0.033933524000000,-0.062494309000000,54.213933519999998,0.394151953000000,0.424493136000000,1.516956752000000,1.554236593000000,-93.537505210000006,44.064951770000000,3,0
136,136,50.201999999999998,77.522999999999996,47.997999999999998,60.093993980000000,0.224469488000000,0.213904874000000,0.342681902000000,0.619145286000000,56.845999999999997,-0.041202347000000,-0.058761801000000,56.887202350000003,0.409091639000000,0.427609470000000,1.544221346000000,1.567481215000000,-93.539435209999994,44.065221970000003,3,0
137,137,49.735999999999997,75.337999999999994,46.350999999999999,58.588676780000000,0.221220361000000,0.204694821000000,0.325216265000000,0.615240649000000,54.588999999999999,-0.033295027000000,-0.060939770000000,54.622295029999997,0.392926052000000,0.422308862000000,1.514757922000000,1.550732696000000,-93.537505210000006,44.064913169999997,3,0
138,138,48.863000000000000,72.067999999999998,45.607999999999997,56.749387830000003,0.208145612000000,0.191886282000000,0.308073231000000,0.632846756000000,49.664999999999999,-0.021975633000000,-0.049338593000000,49.686975629999999,0.370143744000000,0.399503767000000,1.474899208000000,1.509148799000000,-93.537466609999996,44.065646569999998,3,0
139,139,48.658999999999999,71.549000000000007,43.997999999999998,56.043975850000002,0.213955165000000,0.190419939000000,0.300354284000000,0.614935219000000,50.441000000000003,-0.020866473000000,-0.060605581000000,50.461866469999997,0.367513914000000,0.410233591000000,1.470416572000000,1.520556493000000,-93.537466609999996,44.065607970000002,3,0
140,140,47.189999999999998,71.474000000000004,44.475000000000001,55.717903769999999,0.218585500000000,0.204645048000000,0.327326153000000,0.622254246000000,51.283000000000001,-0.033149645000000,-0.056448795000000,51.316149650000000,0.392838192000000,0.417598007000000,1.514600551000000,1.544783206000000,-93.537466609999996,44.065569369999999,3,0
141,141,47.780999999999999,72.228999999999999,44.680999999999997,56.262610920000000,0.219466487000000,0.203716357000000,0.324549642000000,0.618601947000000,51.996000000000002,-0.032397642000000,-0.058750023000000,52.028397640000001,0.391197864000000,0.419226657000000,1.511667818000000,1.545814725000000,-93.537466609999996,44.065530770000002,3,0
142,142,52.042999999999999,77.203000000000003,49.942000000000000,60.999946510000001,0.204457255000000,0.194667533000000,0.317260163000000,0.646891960000000,52.420999999999999,-0.024235998000000,-0.040651160000000,52.445236000000001,0.375119736000000,0.392686178000000,1.483446381000000,1.503942916000000,-93.537466609999996,44.065492169999999,1,0
143,143,49.773000000000003,74.587999999999994,46.582999999999998,58.340086739999997,0.215124709000000,0.199540049000000,0.319049088000000,0.624537459000000,52.820000000000000,-0.028698287000000,-0.054823802000000,52.848698290000002,0.383798681000000,0.411674266000000,1.498563478000000,1.531984401000000,-93.537466609999996,44.065453570000003,3,0
144,144,51.036999999999999,77.301000000000002,49.228000000000002,60.562958850000001,0.213197472000000,0.204647104000000,0.331993427000000,0.636835229000000,54.337000000000003,-0.032940991000000,-0.047203857000000,54.369940990000003,0.392841820000000,0.407992271000000,1.514607050000000,1.532918498000000,-93.537466609999996,44.065414969999999,3,0
145,145,51.036999999999999,76.974999999999994,48.273000000000003,60.167013449999999,0.215746664000000,0.202621629000000,0.325286246000000,0.627125690000000,54.640000000000001,-0.031331083000000,-0.053281901000000,54.671331080000002,0.389261907000000,0.412623603000000,1.508219527000000,1.536444163000000,-93.537466609999996,44.065376370000003,3,0
146,146,45.073000000000000,69.088999999999999,42.082999999999998,53.466014559999998,0.226428324000000,0.210367723000000,0.333189972000000,0.609112883000000,51.021999999999998,-0.038316746000000,-0.065108003000000,51.060316749999998,0.402905053000000,0.431250531000000,1.532824529000000,1.568263721000000,-93.537466609999996,44.065337769999999,3,0
147,147,51.529000000000003,78.510000000000005,49.136000000000003,61.192059499999999,0.218697247000000,0.207483909000000,0.333498140000000,0.625856579000000,56.354999999999997,-0.035548486000000,-0.054246407000000,56.390548490000000,0.397840935000000,0.417662830000000,1.523608065000000,1.547926555000000,-93.539435209999994,44.065183370000000,3,0
148,148,42.832000000000001,66.427000000000007,41.087000000000003,51.430432369999998,0.225743058000000,0.215954750000000,0.346109840000000,0.618528610000000,48.935000000000002,-0.042982188000000,-0.059231373000000,48.977982189999999,0.412664300000000,0.429770351000000,1.550873179000000,1.572503321000000,-93.537466609999996,44.065299170000003,2,0
149,149,41.804000000000002,65.099999999999994,40.633000000000003,50.453361649999998,0.224622244000000,0.217915139000000,0.351526309000000,0.624162826000000,47.762999999999998,-0.044561025000000,-0.055672814000000,47.807561030000002,0.416072251000000,0.427748949000000,1.557267247000000,1.572070507000000,-93.537466609999996,44.065260570000000,2,0
150,150,41.920000000000002,64.754999999999995,40.667000000000002,50.346470629999999,0.221233681000000,0.214061401000000,0.345942916000000,0.628013281000000,46.923000000000002,-0.041176311000000,-0.053081945000000,46.964176309999999,0.409364774000000,0.421916202000000,1.544728053000000,1.560417049000000,-93.537466609999996,44.065221970000003,2,0
151,151,40.616000000000000,62.835000000000001,38.912999999999997,48.689897139999999,0.224859770000000,0.214778011000000,0.344277790000000,0.619288613000000,46.140999999999998,-0.041953022000000,-0.058700233000000,46.182953019999999,0.410614540000000,0.428262518000000,1.547050423000000,1.569275088000000,-93.537466609999996,44.065183370000000,2,0
152,152,39.570999999999998,61.850999999999999,38.963000000000001,47.991407600000002,0.223343025000000,0.219676204000000,0.356714004000000,0.629949395000000,45.167999999999999,-0.045956477000000,-0.052019803000000,45.213956480000000,0.419126362000000,0.425487600000000,1.563038589000000,1.571118724000000,-93.537466609999996,44.065144770000003,2,0
153,153,40.887999999999998,63.055999999999997,40.478000000000002,49.282708810000003,0.215666239000000,0.213268683000000,0.349289383000000,0.641937326000000,44.746000000000002,-0.040248716000000,-0.044223179000000,44.786248720000003,0.407980952000000,0.412172567000000,1.542163960000000,1.547348119000000,-93.537466609999996,44.065106170000000,3,0
154,154,40.459000000000003,63.161999999999999,39.909999999999997,49.054993039999999,0.222334573000000,0.219096515000000,0.356343489000000,0.631867262000000,45.954999999999998,-0.045421547000000,-0.050776487000000,46.000421549999999,0.418121811000000,0.423742515000000,1.561135965000000,1.568254552000000,-93.537466609999996,44.065067569999997,2,0
155,155,38.613999999999997,61.911000000000001,37.609999999999999,47.393828769999999,0.237935275000000,0.231753295000000,0.370293253000000,0.607484938000000,47.597999999999999,-0.056838600000000,-0.067014153000000,47.654838599999998,0.439880774000000,0.450442624000000,1.603330398000000,1.617458075000000,-93.537466609999996,44.065028970000000,2,0
156,156,42.057000000000002,66.247000000000000,40.481000000000002,50.977667070000003,0.232318911000000,0.223352785000000,0.356663669000000,0.611061633000000,49.956000000000003,-0.049515744000000,-0.064345196000000,50.005515740000000,0.425479882000000,0.440991409000000,1.575171791000000,1.595333246000000,-93.537466609999996,44.064990369999997,2,0
157,157,47.430000000000000,72.870000000000005,45.061000000000000,56.539471530000000,0.223518350000000,0.211471322000000,0.338122516000000,0.618375189000000,53.249000000000002,-0.039114422000000,-0.059171147000000,53.288114419999999,0.404838229000000,0.426033883000000,1.536369386000000,1.562808125000000,-93.537466609999996,44.064951770000000,3,0
158,158,51.671999999999997,79.388000000000005,47.997999999999998,61.308667499999999,0.228697678000000,0.211475660000000,0.333678457000000,0.604600191000000,59.106000000000002,-0.039357080000000,-0.068082968000000,59.145357079999997,0.404845823000000,0.435212665000000,1.536383341000000,1.574585649000000,-93.539435209999994,44.065144770000003,3,0
159,159,49.796999999999997,75.701999999999998,46.762000000000000,58.870532120000000,0.221182193000000,0.206415987000000,0.329006693000000,0.617711553000000,54.844999999999999,-0.034750756000000,-0.059416815000000,54.879750760000000,0.395961041000000,0.422138799000000,1.520212061000000,1.552381426000000,-93.537466609999996,44.064913169999997,3,0
160,160,47.176000000000002,70.911000000000001,43.109000000000002,55.113007469999999,0.222039835000000,0.200995876000000,0.316559524000000,0.607931069000000,51.536999999999999,-0.030178168000000,-0.065500385000000,51.567178169999998,0.386382167000000,0.424047829000000,1.503115991000000,1.548925392000000,-93.537428009999999,44.065646569999998,3,0
161,161,48.896000000000001,71.393000000000001,43.691000000000003,55.966307559999997,0.213274250000000,0.187024582000000,0.293702185000000,0.611978765000000,50.198999999999998,-0.017920478000000,-0.062358824000000,50.216920479999999,0.361407774000000,0.409309071000000,1.460098986000000,1.515862425000000,-93.537428009999999,44.065607970000002,3,0
162,162,46.759999999999998,70.512000000000000,44.405000000000001,55.167151359999998,0.214734548000000,0.202537690000000,0.325963742000000,0.629750964000000,49.859000000000002,-0.031222747000000,-0.051615258000000,49.890222750000000,0.389113360000000,0.410816247000000,1.507955518000000,1.534129163000000,-93.537428009999999,44.065569369999999,3,0
163,163,47.088999999999999,71.808000000000007,44.607999999999997,55.867809600000001,0.220638044000000,0.207902638000000,0.332741052000000,0.621212121000000,51.918999999999997,-0.035982997000000,-0.057226385000000,51.954982999999999,0.398577365000000,0.421092756000000,1.524942131000000,1.552676927000000,-93.537428009999999,44.065530770000002,3,0
164,164,49.555999999999997,74.135000000000005,46.871000000000002,58.162662709999999,0.211866104000000,0.198712922000000,0.319955741000000,0.632238484000000,51.843000000000004,-0.027887806000000,-0.049926713000000,51.870887809999999,0.382328889000000,0.405853112000000,1.495984341000000,1.523993069000000,-93.537428009999999,44.065492169999999,3,0
165,165,49.350999999999999,74.631000000000000,46.985999999999997,58.346641030000001,0.215493548000000,0.203900566000000,0.328328744000000,0.629577521000000,52.924999999999997,-0.032401385000000,-0.051767582000000,52.957401390000001,0.391523375000000,0.412111562000000,1.512248992000000,1.537182230000000,-93.537428009999999,44.065453570000003,3,0
166,166,48.103000000000002,73.805000000000007,46.634000000000000,57.549418160000002,0.218170640000000,0.210831119000000,0.341445918000000,0.631854210000000,52.872999999999998,-0.038333472000000,-0.050535771000000,52.911333470000002,0.403717108000000,0.416615153000000,1.534311789000000,1.550240089000000,-93.537428009999999,44.065414969999999,3,0
167,167,51.850000000000001,78.769000000000005,50.356000000000002,61.721699579999999,0.213025132000000,0.206087935000000,0.335384922000000,0.639287029000000,55.332000000000001,-0.034142837000000,-0.045700235000000,55.366142840000002,0.395383067000000,0.407644611000000,1.519170685000000,1.534033524000000,-93.537428009999999,44.065376370000003,3,0
168,168,46.835999999999999,71.390000000000001,45.267000000000003,55.794994650000000,0.215754227000000,0.207686972000000,0.336545183000000,0.634080403000000,50.677000000000000,-0.035595408000000,-0.049030845000000,50.712595409999999,0.398198116000000,0.412435669000000,1.524254847000000,1.541648436000000,-93.537428009999999,44.065337769999999,3,0
169,169,55.473999999999997,83.676000000000002,51.988999999999997,65.273511150000004,0.217924786000000,0.202673374000000,0.323562144000000,0.621313160000000,59.889000000000003,-0.031455642000000,-0.056981568000000,59.920455640000000,0.389353472000000,0.416523939000000,1.508382305000000,1.541326727000000,-93.539435209999994,44.065106170000000,3,0
170,170,44.293999999999997,68.876000000000005,43.097000000000001,53.426626390000003,0.223684503000000,0.217213042000000,0.350805588000000,0.625718683000000,50.360999999999997,-0.043927381000000,-0.054651334000000,50.404927379999997,0.414852709000000,0.426128398000000,1.554973586000000,1.569224225000000,-93.537428009999999,44.065299170000003,3,0
171,171,42.014000000000003,66.141000000000005,41.406999999999996,51.167527870000001,0.226519798000000,0.223077990000000,0.361464014000000,0.626041336000000,48.860999999999997,-0.048952274000000,-0.054634199000000,48.909952269999998,0.425006067000000,0.430949705000000,1.574260961000000,1.581908552000000,-93.537428009999999,44.065260570000000,2,0
172,172,41.485999999999997,65.653000000000006,40.162999999999997,50.479273550000002,0.233180719000000,0.225566787000000,0.360830745000000,0.611746607000000,49.656999999999996,-0.051408671000000,-0.063982838000000,49.708408669999997,0.429291083000000,0.442417125000000,1.582533867000000,1.599705828000000,-93.537428009999999,44.065221970000003,2,0
173,173,42.680000000000000,67.049999999999997,40.881000000000000,51.602781129999997,0.232191343000000,0.222090586000000,0.353963021000000,0.609709172000000,50.539000000000001,-0.048455956000000,-0.065178506000000,50.587455960000000,0.423302121000000,0.440814012000000,1.570993440000000,1.593684824000000,-93.537428009999999,44.065183370000000,2,0
174,174,41.212000000000003,65.733999999999995,40.026000000000003,50.403268330000003,0.236147546000000,0.229293288000000,0.366437537000000,0.608908632000000,50.229999999999997,-0.054685246000000,-0.065982636000000,50.284685250000003,0.435680495000000,0.447433657000000,1.595020868000000,1.610605986000000,-93.537428009999999,44.065144770000003,2,1
175,175,39.158000000000001,62.549999999999997,38.222999999999999,47.982111920000001,0.235671495000000,0.229991741000000,0.368464992000000,0.611079137000000,47.719000000000001,-0.055232936000000,-0.064587547000000,47.774232939999997,0.436874482000000,0.446600046000000,1.597374738000000,1.610281823000000,-93.537428009999999,44.065106170000000,2,0
176,176,39.442999999999998,62.305000000000000,38.929000000000002,48.142601769999999,0.227793597000000,0.224692377000000,0.363934478000000,0.624813418000000,46.238000000000000,-0.050362177000000,-0.055477441000000,46.288362180000000,0.427787205000000,0.433130468000000,1.579621226000000,1.586536102000000,-93.537428009999999,44.065067569999997,2,0
177,177,40.722999999999999,64.611000000000004,40.375999999999998,49.877066960000001,0.228807394000000,0.226783375000000,0.367745312000000,0.624909071000000,48.122999999999998,-0.052150161000000,-0.055484181000000,48.175150160000001,0.431380547000000,0.434856628000000,1.586597255000000,1.591124943000000,-93.537428009999999,44.065028970000000,2,0
178,178,43.340000000000003,67.497000000000000,42.463000000000001,52.400085810000000,0.222788353000000,0.217950684000000,0.353306813000000,0.629109442000000,49.191000000000003,-0.044494455000000,-0.052503588000000,49.235494459999998,0.416133965000000,0.424549299000000,1.557383479000000,1.568021507000000,-93.537428009999999,44.064990369999997,2,0
179,179,48.017000000000003,73.709999999999994,46.887999999999998,57.553687789999998,0.216713092000000,0.211070675000000,0.343310306000000,0.636114503000000,52.515000000000001,-0.038467515000000,-0.047841532000000,52.553467509999997,0.404136723000000,0.414042258000000,1.535081325000000,1.547292363000000,-93.537428009999999,44.064951770000000,3,0
180,180,57.475999999999999,85.287000000000006,54.026000000000003,67.072526969999998,0.209418738000000,0.194805377000000,0.313409288000000,0.633461137000000,59.072000000000003,-0.024496288000000,-0.049040343000000,59.096496289999997,0.375365941000000,0.401642314000000,1.483871529000000,1.514776579000000,-93.539435209999994,44.065067569999997,1,0
181,181,47.929000000000002,73.150999999999996,45.606999999999999,56.945167460000000,0.220006838000000,0.208308556000000,0.334185735000000,0.623463794000000,52.765999999999998,-0.036297972000000,-0.055800392000000,52.802297969999998,0.399290900000000,0.419952883000000,1.526236725000000,1.551685368000000,-93.537428009999999,44.064913169999997,3,0
182,182,43.866000000000000,65.713999999999999,40.082000000000001,51.150504970000000,0.220451675000000,0.199379449000000,0.314368759000000,0.609946130000000,47.479999999999997,-0.028742099000000,-0.064139194000000,47.508742099999999,0.383513409000000,0.421305791000000,1.498062281000000,1.543747829000000,-93.537389410000003,44.065646569999998,3,0
183,183,42.524000000000001,64.424999999999997,39.137999999999998,49.968837770000000,0.224158243000000,0.204779848000000,0.322971199000000,0.607497090000000,47.188000000000002,-0.033482788000000,-0.065931945000000,47.221482790000003,0.393076133000000,0.427571025000000,1.515026808000000,1.557471588000000,-93.537389410000003,44.065607970000002,3,0
184,184,40.698000000000000,63.933999999999997,39.493000000000002,49.340924899999997,0.229151346000000,0.222073553000000,0.356714104000000,0.617715144000000,47.677000000000000,-0.048269211000000,-0.059974328000000,47.725269210000000,0.423272709000000,0.435529210000000,1.570937147000000,1.586738791000000,-93.537389410000003,44.065569369999999,2,0
185,185,38.023000000000003,60.533999999999999,36.067999999999998,46.227748910000003,0.240711420000000,0.228405897000000,0.360239402000000,0.595830442000000,46.976999999999997,-0.054238069000000,-0.074568617000000,47.031238070000001,0.434161892000000,0.455332079000000,1.592036399000000,1.620267762000000,-93.537389410000003,44.065530770000002,2,0
186,186,41.195999999999998,64.260000000000005,39.651000000000003,49.661050520000003,0.227700641000000,0.218707328000000,0.350490084000000,0.617040149000000,47.673000000000002,-0.045384440000000,-0.060290682000000,47.718384440000001,0.417446960000000,0.433102066000000,1.559860181000000,1.579842428000000,-93.537389410000003,44.065492169999999,2,0
187,187,39.570999999999998,62.901000000000003,39.046999999999997,48.466717279999997,0.230818902000000,0.227671949000000,0.367836027000000,0.620769145000000,47.183999999999997,-0.053007723000000,-0.058191480000000,47.237007720000001,0.432904503000000,0.438304972000000,1.589573172000000,1.596645050000000,-93.537389410000003,44.065453570000003,2,0
188,188,38.884999999999998,62.783999999999999,38.929000000000002,48.198689199999997,0.234799540000000,0.235066736000000,0.380921262000000,0.620046509000000,47.753999999999998,-0.059353618000000,-0.058915490000000,47.813353620000001,0.445515882000000,0.445062550000000,1.614607175000000,1.613999244000000,-93.537389410000003,44.065414969999999,2,0
189,189,41.292999999999999,65.363000000000000,41.582000000000001,50.683647399999998,0.224020487000000,0.225678818000000,0.369886591000000,0.636170310000000,47.850999999999999,-0.050950499000000,-0.048221104000000,47.901950499999998,0.429483635000000,0.426635422000000,1.582907515000000,1.579235524000000,-93.537389410000003,44.065376370000003,2,0
190,190,38.779000000000003,61.201999999999998,38.707000000000001,47.426179460000000,0.224713592000000,0.224272612000000,0.365946405000000,0.632446652000000,44.917999999999999,-0.049834160000000,-0.050560971000000,44.967834160000002,0.427064639000000,0.427824066000000,1.578225328000000,1.579202311000000,-93.537389410000003,44.065337769999999,2,0
191,191,53.414000000000001,81.668999999999997,50.149999999999999,63.345358830000002,0.223954860000000,0.209167697000000,0.332673990000000,0.614064088000000,59.774000000000001,-0.037193157000000,-0.061862627000000,59.811193160000002,0.400799945000000,0.426923825000000,1.528981166000000,1.561424763000000,-93.539435209999994,44.065028970000000,3,0
192,192,38.545999999999999,61.587000000000003,38.173000000000002,47.384704329999998,0.232399334000000,0.230103962000000,0.371868948000000,0.619822365000000,46.454999999999998,-0.055114023000000,-0.058889708000000,46.510114020000003,0.437066214000000,0.440991020000000,1.597753334000000,1.602935324000000,-93.537389410000003,44.065299170000003,2,0
193,193,39.067999999999998,62.307000000000002,38.103000000000002,47.820182220000000,0.235116584000000,0.229237978000000,0.367287268000000,0.611536424000000,47.442999999999998,-0.054573481000000,-0.064259596000000,47.497573480000000,0.435585895000000,0.445663123000000,1.594834647000000,1.608172794000000,-93.537389410000003,44.065260570000000,2,0
194,194,45.540999999999997,70.557000000000002,43.872999999999998,54.702568679999999,0.224267768000000,0.215473135000000,0.346362063000000,0.621809317000000,51.700000000000003,-0.042505204000000,-0.057102850000000,51.742505199999997,0.411825747000000,0.427198580000000,1.549307218000000,1.568678289000000,-93.537389410000003,44.065221970000003,3,0
195,195,50.491999999999997,76.605999999999995,47.427999999999997,59.630351570000002,0.220171065000000,0.205463501000000,0.327777080000000,0.619115996000000,55.292000000000002,-0.033904404000000,-0.058482977000000,55.325904399999999,0.394282276000000,0.420386636000000,1.517190842000000,1.549150949000000,-93.537389410000003,44.065183370000000,3,0
196,196,49.363000000000000,74.772000000000006,46.637999999999998,58.317123830000000,0.218057790000000,0.204688444000000,0.327870756000000,0.623736158000000,53.542999999999999,-0.033165664000000,-0.055505261000000,53.576165660000001,0.392914796000000,0.416653013000000,1.514737759000000,1.543653328000000,-93.537389410000003,44.065144770000003,3,0
197,197,44.381999999999998,69.370999999999995,42.942999999999998,53.622752679999998,0.227441422000000,0.219677723000000,0.352902132000000,0.619033890000000,51.417000000000002,-0.046179864000000,-0.059036606000000,51.463179859999997,0.419128992000000,0.432619694000000,1.563043576000000,1.580293706000000,-93.537389410000003,44.065106170000000,2,0
198,198,38.905999999999999,62.664000000000001,37.764000000000003,47.842008829999997,0.240883573000000,0.233907650000000,0.372347428000000,0.602642666000000,48.658000000000001,-0.058819814000000,-0.070294401000000,48.716819809999997,0.443547575000000,0.455433692000000,1.610651313000000,1.626709799000000,-93.537389410000003,44.065067569999997,2,0
199,199,44.771000000000001,69.494000000000000,43.725000000000001,53.993006029999997,0.221958467000000,0.216365466000000,0.350481996000000,0.629191009000000,50.491999999999997,-0.043133110000000,-0.052402051000000,50.535133109999997,0.413379002000000,0.423131311000000,1.552210136000000,1.564477848000000,-93.537389410000003,44.065028970000000,3,0
200,200,38.024000000000001,61.009999999999998,37.822000000000003,46.898999140000001,0.233359951000000,0.232102106000000,0.375514605000000,0.619931159000000,46.173999999999999,-0.056821769000000,-0.058888174000000,46.230821769999999,0.440475202000000,0.442619251000000,1.604512939000000,1.607361480000000,-93.537389410000003,44.064990369999997,2,0
201,201,38.277999999999999,60.537999999999997,37.598999999999997,46.703816860000003,0.229491300000000,0.225267163000000,0.363624483000000,0.621080974000000,45.198999999999998,-0.050938680000000,-0.057907122000000,45.249938680000000,0.428775964000000,0.436051534000000,1.581535085000000,1.590989162000000,-93.537389410000003,44.064951770000000,2,0
202,202,51.363999999999997,79.641999999999996,48.140000000000001,61.369287270000001,0.230999892000000,0.215852709000000,0.341249728000000,0.604454936000000,59.780000000000001,-0.043162560000000,-0.068357652000000,59.823162560000000,0.412486677000000,0.439019944000000,1.550541235000000,1.584375750000000,-93.539435209999994,44.064990369999997,3,0
203,203,38.441000000000003,60.728000000000002,37.658000000000001,46.846292730000002,0.229591759000000,0.224737569000000,0.362325438000000,0.620109340000000,45.356999999999999,-0.050506114000000,-0.058517690000000,45.407506110000000,0.427864973000000,0.436233726000000,1.579771598000000,1.590634744000000,-93.537389410000003,44.064913169999997,2,0
204,204,45.726999999999997,64.843000000000004,39.756000000000000,51.238373359999997,0.205433868000000,0.172885955000000,0.269946621000000,0.613111670000000,44.203000000000003,-0.005489403000000,-0.061097881000000,44.208489399999998,0.335736884000000,0.396293445000000,1.418046231000000,1.485685241000000,-93.537350810000007,44.065646569999998,3,0
205,205,37.924999999999997,59.502000000000002,35.189999999999998,45.523362970000001,0.238857167000000,0.221468381000000,0.346690875000000,0.591408692000000,45.889000000000003,-0.048312057000000,-0.077184675000000,45.937312059999996,0.422227257000000,0.452487414000000,1.568938695000000,1.608535239000000,-93.537350810000007,44.065607970000002,2,0
206,206,36.250999999999998,58.512999999999998,35.593000000000004,44.739124629999999,0.239222746000000,0.234920434000000,0.376231600000000,0.608292174000000,45.182000000000002,-0.059541106000000,-0.066607854000000,45.241541110000000,0.445267612000000,0.452580682000000,1.614107197000000,1.623983158000000,-93.537350810000007,44.065569369999999,2,0
207,207,34.072000000000003,54.281999999999996,32.783999999999999,41.562111610000002,0.237760803000000,0.228738937000000,0.363685442000000,0.603957113000000,41.707999999999998,-0.054328122000000,-0.069213624000000,41.762328119999999,0.434732040000000,0.450226572000000,1.593155670000000,1.613731205000000,-93.537350810000007,44.065530770000002,2,0
208,208,35.116000000000000,56.442000000000000,34.542000000000002,43.251137110000002,0.236800298000000,0.232923393000000,0.374035358000000,0.611991070000000,43.225999999999999,-0.057728787000000,-0.064101507000000,43.283728789999998,0.441873677000000,0.448480949000000,1.607301515000000,1.616146856000000,-93.537350810000007,44.065492169999999,2,0
209,209,33.389000000000003,54.820000000000000,33.317999999999998,41.753829539999998,0.243457501000000,0.242957068000000,0.390428303000000,0.607770887000000,42.933000000000000,-0.066449431000000,-0.067267356000000,42.999449429999999,0.458830241000000,0.459670114000000,1.641858097000000,1.643022359000000,-93.537350810000007,44.065453570000003,2,0
210,210,34.840000000000003,57.009000000000000,35.052000000000000,43.560281549999999,0.239932576000000,0.241363542000000,0.390319911000000,0.614850287000000,44.125999999999998,-0.064877345000000,-0.062538514000000,44.190877350000001,0.456153257000000,0.453747823000000,1.636308840000000,1.633006585000000,-93.537350810000007,44.065414969999999,2,0
211,211,36.545999999999999,58.225999999999999,36.326999999999998,44.890712180000001,0.230180906000000,0.228759549000000,0.370947044000000,0.623896541000000,43.579000000000001,-0.053864637000000,-0.056203327000000,43.632864640000001,0.434767320000000,0.437201312000000,1.593224977000000,1.596416991000000,-93.537350810000007,44.065376370000003,2,0
212,212,36.597000000000001,58.140000000000001,36.697000000000003,44.967654369999998,0.226750504000000,0.227397954000000,0.371175052000000,0.631183351000000,42.985999999999997,-0.052529787000000,-0.051464613000000,43.038529789999998,0.432434780000000,0.431324894000000,1.588654808000000,1.587211901000000,-93.537350810000007,44.065337769999999,2,0
213,213,53.173000000000002,81.439999999999998,49.024000000000001,62.884004599999997,0.228925935000000,0.209987148000000,0.330264403000000,0.601964637000000,60.683000000000000,-0.038106700000000,-0.069737580000000,60.721106700000000,0.402237782000000,0.435720494000000,1.531604386000000,1.573604711000000,-93.539435209999994,44.064951770000000,3,0
214,214,36.677000000000000,58.761000000000003,36.281999999999996,45.145841349999998,0.233949843000000,0.231396299000000,0.373318007000000,0.617450350000000,44.563000000000002,-0.056279988000000,-0.060478287000000,44.619279990000003,0.439272104000000,0.443631052000000,1.602121220000000,1.607908511000000,-93.537350810000007,44.065299170000003,2,0
215,215,38.054000000000002,61.018999999999998,36.591000000000001,46.584427150000003,0.240961344000000,0.231798775000000,0.367545853000000,0.599665678000000,47.393000000000001,-0.057077780000000,-0.072175374000000,47.450077780000001,0.439958294000000,0.455628874000000,1.603484522000000,1.624555085000000,-93.537350810000007,44.065260570000000,2,0
216,216,47.347000000000001,72.213999999999999,44.686000000000000,56.135071629999999,0.221579880000000,0.207985882000000,0.332113523000000,0.618799679000000,52.395000000000003,-0.036093201000000,-0.058774894000000,52.431093199999999,0.398723722000000,0.422763429000000,1.525207511000000,1.554870498000000,-93.537350810000007,44.065221970000003,3,0
217,217,56.484999999999999,85.102000000000004,51.957000000000001,66.162515769999999,0.221650409000000,0.202116013000000,0.319279259000000,0.610526192000000,61.762000000000000,-0.031119539000000,-0.063872814000000,61.793119539999999,0.388366896000000,0.423258263000000,1.506630079000000,1.549140801000000,-93.537350810000007,44.065183370000000,3,0
218,218,58.792999999999999,87.138000000000005,54.676000000000002,68.408364180000007,0.211322525000000,0.194235632000000,0.310613117000000,0.627464482000000,60.807000000000002,-0.024065960000000,-0.052797759000000,60.831065959999997,0.374348055000000,0.405128442000000,1.482115218000000,1.518382136000000,-93.537350810000007,44.065144770000003,1,0
219,219,49.887000000000000,75.492999999999995,46.685000000000002,58.786038710000000,0.219803036000000,0.204227149000000,0.325382807000000,0.618401706000000,54.414000000000001,-0.032843402000000,-0.058896347000000,54.446843399999999,0.392100294000000,0.419799212000000,1.513280013000000,1.547080935000000,-93.537350810000007,44.065106170000000,3,0
220,220,39.850000000000001,64.072999999999993,38.223999999999997,48.834571099999998,0.242808651000000,0.233086035000000,0.368696632000000,0.596569538000000,50.072000000000003,-0.058270663000000,-0.074285071000000,50.130270660000001,0.442150435000000,0.458752454000000,1.607854454000000,1.630314659000000,-93.537350810000007,44.065067569999997,2,0
221,221,48.655000000000001,73.168999999999997,46.213000000000001,57.319725970000000,0.213386068000000,0.201224718000000,0.324212086000000,0.631592614000000,51.469999999999999,-0.030064807000000,-0.050410326000000,51.500064809999998,0.386787858000000,0.408462109000000,1.503833111000000,1.529842164000000,-93.537350810000007,44.065028970000000,3,0
222,222,37.863999999999997,59.990000000000002,36.939999999999998,46.177361679999997,0.231928701000000,0.226112371000000,0.363233411000000,0.615769295000000,45.176000000000002,-0.051785688000000,-0.061382554000000,45.227785689999997,0.430228533000000,0.440241238000000,1.584354532000000,1.597442841000000,-93.537350810000007,44.064990369999997,2,0
223,223,34.088999999999999,55.475999999999999,34.293999999999997,42.488135339999999,0.237371400000000,0.238787473000000,0.386947947000000,0.618177230000000,42.569000000000003,-0.062582453000000,-0.060265302000000,42.631582450000003,0.451812824000000,0.449423726000000,1.627387134000000,1.624141207000000,-93.537350810000007,44.064951770000000,2,0
224,224,59.317000000000000,88.093000000000004,55.875999999999998,69.284463180000003,0.209325312000000,0.195210637000000,0.314374986000000,0.634284222000000,60.993000000000002,-0.024837913000000,-0.048535561000000,61.017837909999997,0.376089557000000,0.401451102000000,1.485122309000000,1.514972887000000,-93.539628210000004,44.065221970000003,1,0
225,225,57.752000000000002,86.691999999999993,52.654000000000003,67.387536150000003,0.221917615000000,0.200354463000000,0.315284889000000,0.607368615000000,62.978000000000002,-0.029625871000000,-0.065837299000000,63.007625869999998,0.385244476000000,0.423879253000000,1.501108187000000,1.548022142000000,-93.539435209999994,44.064913169999997,3,0
226,226,34.398000000000003,55.878999999999998,34.628999999999998,42.836326819999996,0.236363636000000,0.237945435000000,0.386015670000000,0.619714025000000,42.731000000000002,-0.061820889000000,-0.059231742000000,42.792820890000002,0.450390639000000,0.447718942000000,1.624483982000000,1.620867382000000,-93.537350810000007,44.064913169999997,2,0
227,227,46.222999999999999,65.448999999999998,39.911999999999999,51.682057090000001,0.206249741000000,0.172164912000000,0.267920847000000,0.609818332000000,44.762999999999998,-0.004860671000000,-0.063147826000000,44.767860669999997,0.334417437000000,0.397935788000000,1.415940116000000,1.486877470000000,-93.537312209999996,44.065646569999998,3,0
228,228,41.500999999999998,62.585999999999999,37.000999999999998,48.333612870000003,0.229140686000000,0.202570926000000,0.314298065000000,0.591202505000000,46.670000000000002,-0.031785836000000,-0.076438818000000,46.701785839999999,0.389172180000000,0.436752202000000,1.508060047000000,1.566812590000000,-93.537312209999996,44.065607970000002,3,0
229,229,37.981000000000002,58.953000000000003,34.932000000000002,45.233679170000002,0.235788889000000,0.216353395000000,0.338247153000000,0.592539820000000,44.993000000000002,-0.043829342000000,-0.076200082000000,45.036829339999997,0.413358002000000,0.447440780000000,1.552170822000000,1.596032444000000,-93.537312209999996,44.065569369999999,2,0
230,230,36.826000000000001,57.823000000000000,34.625000000000000,44.341644199999998,0.236214370000000,0.221840696000000,0.349810076000000,0.598810162000000,44.195000000000000,-0.048475331000000,-0.072311524000000,44.243475330000003,0.422870539000000,0.447841179000000,1.570167816000000,1.602723994000000,-93.537312209999996,44.065530770000002,2,0
231,231,36.774000000000001,58.817000000000000,35.003000000000000,44.858951439999998,0.242103151000000,0.230597023000000,0.363817918000000,0.595117058000000,45.856999999999999,-0.056154188000000,-0.075139746000000,45.913154190000000,0.437908278000000,0.457637245000000,1.599418067000000,1.625923296000000,-93.537312209999996,44.065492169999999,2,0
232,232,36.758000000000003,58.418999999999997,35.017000000000003,44.684525340000000,0.238917784000000,0.227586497000000,0.360056516000000,0.599411150000000,45.063000000000002,-0.053441787000000,-0.072163080000000,45.116441790000003,0.432758026000000,0.452266877000000,1.589286686000000,1.615174812000000,-93.537312209999996,44.065453570000003,2,0
233,233,37.424999999999997,59.765000000000001,35.704000000000001,45.633545650000002,0.240845224000000,0.229859039000000,0.363334743000000,0.597406509000000,46.401000000000003,-0.055457733000000,-0.073587972000000,46.456457729999997,0.436647718000000,0.455500766000000,1.596927188000000,1.622158469000000,-93.537312209999996,44.065414969999999,2,0
234,234,37.463000000000001,59.698999999999998,35.856999999999999,45.655125370000000,0.239095466000000,0.228854902000000,0.362711035000000,0.600629826000000,46.078000000000003,-0.054509506000000,-0.071412355000000,46.132509509999998,0.434930508000000,0.452523431000000,1.593545632000000,1.616966522000000,-93.537312209999996,44.065376370000003,2,0
235,235,38.103000000000002,59.969000000000001,36.146000000000001,46.024098350000003,0.235283515000000,0.222958643000000,0.353098860000000,0.602744751000000,45.689000000000000,-0.049358506000000,-0.069771566000000,45.738358509999998,0.424800230000000,0.446162003000000,1.573865575000000,1.601743531000000,-93.537312209999996,44.065337769999999,2,0
236,236,51.545000000000002,76.933999999999997,48.762999999999998,60.425043240000001,0.210720131000000,0.197612061000000,0.318493151000000,0.633828996000000,53.560000000000002,-0.026917999000000,-0.048892475000000,53.586917999999997,0.380370456000000,0.403844708000000,1.492559899000000,1.520392714000000,-93.539396609999997,44.065646569999998,3,0
237,237,38.143999999999998,61.338000000000001,36.506000000000000,46.726163319999998,0.243384045000000,0.233147705000000,0.368299035000000,0.595161238000000,48.026000000000003,-0.058361032000000,-0.075224284000000,48.084361029999997,0.442255359000000,0.459736409000000,1.608064178000000,1.631740219000000,-93.537312209999996,44.065299170000003,2,0
238,238,40.930999999999997,65.778000000000006,39.024000000000001,50.083146270000000,0.243963671000000,0.232848213000000,0.367097584000000,0.593268266000000,51.600999999999999,-0.058151551000000,-0.076471355000000,51.659151549999997,0.441745729000000,0.460742246000000,1.607046004000000,1.632782210000000,-93.537312209999996,44.065260570000000,2,0
239,239,50.128999999999998,77.137000000000000,46.527000000000001,59.519731010000001,0.229617822000000,0.212216931000000,0.334509964000000,0.603173574000000,57.618000000000002,-0.040026929000000,-0.069043057000000,57.658026929999998,0.406142805000000,0.436797879000000,1.538769973000000,1.577457154000000,-93.537312209999996,44.065221970000003,3,0
240,240,54.784999999999997,83.524000000000001,49.881999999999998,64.461535620000006,0.229582467000000,0.207788358000000,0.325002544000000,0.597217566000000,62.381000000000000,-0.036266346000000,-0.072740992000000,62.417266349999998,0.398376415000000,0.437063961000000,1.524577895000000,1.572927295000000,-93.537312209999996,44.065183370000000,3,0
241,241,59.837000000000003,88.524000000000001,54.762000000000000,69.320131250000003,0.214125295000000,0.193359441000000,0.306488317000000,0.618611902000000,62.448999999999998,-0.023395677000000,-0.058374482000000,62.472395679999998,0.372781379000000,0.410292884000000,1.479419089000000,1.523731894000000,-93.537312209999996,44.065144770000003,1,0
242,242,54.223999999999997,80.710999999999999,50.087000000000003,63.148542519999999,0.214918734000000,0.196294512000000,0.312169998000000,0.620572165000000,57.110999999999997,-0.025928808000000,-0.057232113000000,57.136928810000001,0.378023210000000,0.411513838000000,1.488473739000000,1.528334904000000,-93.537312209999996,44.065106170000000,3,0
243,243,40.088999999999999,63.847000000000001,37.590000000000003,48.636664600000003,0.243532499000000,0.228582974000000,0.358092425000000,0.588751233000000,50.015000000000001,-0.054565239000000,-0.079285785000000,50.069565240000003,0.434465072000000,0.460203611000000,1.592631395000000,1.627135002000000,-93.537312209999996,44.065067569999997,2,0
244,244,48.088999999999999,72.906999999999996,44.954999999999998,56.712534169999998,0.220926241000000,0.205114219000000,0.326376560000000,0.616607459000000,52.770000000000003,-0.033638845000000,-0.060077975000000,52.803638849999999,0.393666176000000,0.421756732000000,1.516084760000000,1.550492396000000,-93.537312209999996,44.065028970000000,3,0
245,245,37.497000000000000,59.314999999999998,35.061000000000000,45.290057609999998,0.240977467000000,0.225364624000000,0.353322213000000,0.591098373000000,46.072000000000003,-0.051710358000000,-0.077571603000000,46.123710359999997,0.428943543000000,0.455950549000000,1.581859882000000,1.617641807000000,-93.537312209999996,44.064990369999997,2,0
246,246,35.713000000000001,56.505000000000003,33.308999999999997,43.118916480000003,0.241649820000000,0.225465744000000,0.352951162000000,0.589487656000000,43.988000000000000,-0.051835860000000,-0.078647622000000,44.039835859999997,0.429117391000000,0.457114857000000,1.582196959000000,1.619342461000000,-93.537312209999996,44.064951770000000,2,0
247,247,47.854999999999997,71.125000000000000,44.232999999999997,55.693880389999997,0.214058326000000,0.195579089000000,0.311316842000000,0.621905097000000,50.161999999999999,-0.025292103000000,-0.056360707000000,50.187292100000001,0.376747155000000,0.410003584000000,1.486260579000000,1.525728318000000,-93.539396609999997,44.065607970000002,3,0
248,248,35.003999999999998,55.639000000000003,33.145000000000003,42.503213060000000,0.240370736000000,0.227651335000000,0.358882048000000,0.595715236000000,43.128999999999998,-0.053586777000000,-0.074611432000000,43.182586780000001,0.432869170000000,0.454777616000000,1.589504057000000,1.618652509000000,-93.537312209999996,44.064913169999997,2,0
249,249,60.631000000000000,83.296000000000006,53.335999999999999,66.980272400000004,0.187571955000000,0.157475665000000,0.250190416000000,0.640318863000000,52.625000000000000,0.008047125000000,-0.043726396000000,52.616952879999999,0.307329981000000,0.364175632000000,1.373818674000000,1.433735219000000,-93.537273610000000,44.065646569999998,1,0
250,250,60.350999999999999,84.629000000000005,52.619999999999997,67.263598979999998,0.199437336000000,0.167457580000000,0.262862711000000,0.621772678000000,56.286999999999999,-0.000696356000000,-0.055470648000000,56.287696359999998,0.325779635000000,0.385616109000000,1.402279995000000,1.467774831000000,-93.537273610000000,44.065607970000002,1,0
251,251,54.956000000000003,80.962999999999994,50.420000000000002,63.554033980000000,0.211558462000000,0.191341902000000,0.304178996000000,0.622753603000000,56.549999999999997,-0.021598270000000,-0.055678092000000,56.571598270000003,0.369167930000000,0.405765702000000,1.473233132000000,1.516106691000000,-93.537273610000000,44.065569369999999,3,0
252,252,50.610999999999997,76.593999999999994,46.991999999999997,59.543715650000003,0.221638735000000,0.204260839000000,0.323925050000000,0.613520641000000,55.585000000000001,-0.032943162000000,-0.062028623000000,55.617943160000003,0.392159794000000,0.423086553000000,1.513386418000000,1.551241524000000,-93.537273610000000,44.065530770000002,3,0
253,253,52.008000000000003,78.650999999999996,48.273000000000003,61.158521880000002,0.221369423000000,0.203912474000000,0.323392324000000,0.613762063000000,57.021000000000001,-0.032636979000000,-0.061860372000000,57.053636980000000,0.391544416000000,0.422626507000000,1.512286571000000,1.550286368000000,-93.537273610000000,44.065492169999999,3,0
254,254,53.411000000000001,80.468999999999994,49.244000000000000,62.591177270000003,0.221109817000000,0.202106364000000,0.319698473000000,0.611962371000000,58.283000000000001,-0.031091501000000,-0.062948603000000,58.314091500000004,0.388349810000000,0.422285181000000,1.506599764000000,1.547908428000000,-93.537273610000000,44.065453570000003,3,0
255,255,54.009000000000000,79.965999999999994,49.904000000000003,62.721454209999997,0.212317838000000,0.193745102000000,0.308750937000000,0.624065228000000,56.018999999999998,-0.023675352000000,-0.054929600000000,56.042675350000003,0.373471155000000,0.406971036000000,1.480605084000000,1.520097293000000,-93.537273610000000,44.065414969999999,3,0
256,256,52.414000000000001,78.644000000000005,48.119999999999997,61.230821570000003,0.220128616000000,0.200140396000000,0.316260339000000,0.611871217000000,56.753999999999998,-0.029380839000000,-0.062931833000000,56.783380840000000,0.384864587000000,0.420661543000000,1.500438814000000,1.543760098000000,-93.537273610000000,44.065376370000003,3,0
257,257,52.991000000000000,78.757999999999996,48.271000000000001,61.484301750000000,0.217383240000000,0.195576437000000,0.308668152000000,0.612902816000000,56.253999999999998,-0.025389401000000,-0.062096434000000,56.279389399999999,0.376742423000000,0.416048116000000,1.486252382000000,1.533148885000000,-93.537273610000000,44.065337769999999,3,0
258,258,44.340000000000003,68.558999999999997,41.250000000000000,52.813933079999998,0.231370225000000,0.214519172000000,0.338022861000000,0.601671553000000,51.527999999999999,-0.042056711000000,-0.070120468000000,51.570056710000003,0.410163256000000,0.439753794000000,1.546211096000000,1.583855560000000,-93.539396609999997,44.065569369999999,3,0
259,259,56.518999999999998,84.037000000000006,52.511000000000003,65.863545430000002,0.213075235000000,0.195779618000000,0.312544721000000,0.624855718000000,59.043999999999997,-0.025433658000000,-0.054497143000000,59.069433660000001,0.377104933000000,0.408206662000000,1.486880518000000,1.523749174000000,-93.537273610000000,44.065299170000003,3,0
260,260,56.746000000000002,84.545000000000002,52.493000000000002,66.139954110000005,0.215036881000000,0.196749970000000,0.313058853000000,0.620888284000000,59.850999999999999,-0.026321058000000,-0.057047021000000,59.877321060000000,0.378835027000000,0.411695834000000,1.489884750000000,1.529041772000000,-93.537273610000000,44.065260570000000,3,0
261,261,61.485999999999997,90.555999999999997,56.948999999999998,71.236942510000006,0.209239285000000,0.191197169000000,0.305700735000000,0.628881576000000,62.677000000000000,-0.021415276000000,-0.051807973000000,62.698415279999999,0.368908391000000,0.401541690000000,1.472790554000000,1.510868289000000,-93.537273610000000,44.065221970000003,1,0
262,262,63.659999999999997,92.852000000000004,59.155000000000001,73.424345479999999,0.203841579000000,0.186516050000000,0.299844901000000,0.637089131000000,62.889000000000003,-0.017285908000000,-0.046530067000000,62.906285910000001,0.360491245000000,0.391989064000000,1.458561106000000,1.494648470000000,-93.537273610000000,44.065183370000000,1,0
263,263,60.856000000000002,89.566999999999993,55.496000000000002,70.250756199999998,0.212470303000000,0.190868418000000,0.302453464000000,0.619603202000000,62.781999999999996,-0.021215138000000,-0.057656651000000,62.803215139999999,0.368318708000000,0.407472082000000,1.471785855000000,1.517674084000000,-93.537273610000000,44.065144770000003,1,0
264,264,60.415999999999997,89.013999999999996,55.735999999999997,69.952571899999995,0.210333809000000,0.191380580000000,0.305227656000000,0.626148696000000,61.875999999999998,-0.021600070000000,-0.053535186000000,61.897600070000003,0.369237280000000,0.403525927000000,1.473351430000000,1.513445317000000,-93.537273610000000,44.065106170000000,1,0
265,265,55.902000000000001,83.001000000000005,51.917000000000002,65.088592180000006,0.212485529000000,0.195092979000000,0.311532890000000,0.625498488000000,58.183000000000000,-0.024830731000000,-0.054067708000000,58.207830729999998,0.375879506000000,0.407182793000000,1.484759043000000,1.521777617000000,-93.537273610000000,44.065067569999997,3,0
266,266,57.512000000000000,85.099999999999994,53.475000000000001,66.856103610000005,0.210582282000000,0.193447957000000,0.309501105000000,0.628378378000000,59.213000000000001,-0.023373299000000,-0.052196219000000,59.236373299999997,0.372939721000000,0.403835256000000,1.479691195000000,1.515990382000000,-93.537273610000000,44.065028970000000,1,0
267,267,55.106000000000002,81.445999999999998,51.029000000000003,63.963742320000001,0.210971389000000,0.192893550000000,0.307987325000000,0.626537829000000,56.756999999999998,-0.022910636000000,-0.053339091000000,56.779910639999997,0.371947699000000,0.404580494000000,1.477987878000000,1.516306587000000,-93.537273610000000,44.064990369999997,3,0
268,268,53.975999999999999,79.480999999999995,50.002000000000002,62.532226199999997,0.209112345000000,0.191110245000000,0.305613804000000,0.629106327000000,54.984000000000002,-0.021337738000000,-0.051663859000000,55.005337740000002,0.368752497000000,0.401316138000000,1.472524826000000,1.510506719000000,-93.537273610000000,44.064951770000000,3,0
269,269,53.500000000000000,79.513999999999996,50.133000000000003,62.444759280000000,0.210899220000000,0.195573398000000,0.313871696000000,0.630492743000000,55.395000000000003,-0.025192878000000,-0.050930673000000,55.420192880000002,0.376737000000000,0.404278264000000,1.486242991000000,1.518764505000000,-93.539396609999997,44.065530770000002,3,0
270,270,52.807000000000002,79.096999999999994,49.804000000000002,61.982129340000000,0.213120914000000,0.199311621000000,0.320219245000000,0.629657256000000,55.582999999999998,-0.028436833000000,-0.051573954000000,55.611436830000002,0.383392911000000,0.408079988000000,1.497850664000000,1.527340252000000,-93.537273610000000,44.064913169999997,3,0
271,271,73.468999999999994,97.686999999999998,62.350999999999999,79.221401000000000,0.179816059000000,0.141496646000000,0.222581683000000,0.638273261000000,59.554000000000002,0.022138951000000,-0.044519436000000,59.531861050000003,0.277438611000000,0.351318281000000,1.329635629000000,1.404308287000000,-93.537235010000003,44.065646569999998,1,0
272,272,76.212999999999994,101.310000000000002,64.980000000000004,82.248683610000000,0.178663983000000,0.141373231000000,0.222999209000000,0.641397690000000,61.427000000000000,0.022219107000000,-0.042630400000000,61.404780889999998,0.277206111000000,0.349065622000000,1.329300775000000,1.401791079000000,-93.537235010000003,44.065607970000002,1,0
273,273,68.646000000000001,94.209999999999994,60.039000000000001,75.702221320000007,0.188376090000000,0.156973031000000,0.248635926000000,0.637289035000000,59.734999999999999,0.008499069000000,-0.045561363000000,59.726500930000000,0.306396295000000,0.365784494000000,1.372403345000000,1.435014543000000,-93.537235010000003,44.065569369999999,1,0
274,274,60.244999999999997,87.134000000000000,54.819000000000003,68.864399950000006,0.204623063000000,0.182447974000000,0.290503457000000,0.629134437000000,59.204000000000001,-0.013803302000000,-0.051372417000000,59.217803300000000,0.353140856000000,0.393740327000000,1.446327496000000,1.492506665000000,-93.537235010000003,44.065530770000002,1,0
275,275,63.020000000000003,90.213999999999999,57.750999999999998,71.752500990000001,0.198065067000000,0.177467142000000,0.284804625000000,0.640155630000000,59.656999999999996,-0.009412991000000,-0.044375667000000,59.666412989999998,0.344097088000000,0.381990564000000,1.431513805000000,1.473745632000000,-93.537235010000003,44.065492169999999,1,0
276,276,60.655999999999999,88.834000000000003,56.493000000000002,70.147675039999996,0.205276494000000,0.188494214000000,0.302999021000000,0.635938942000000,60.518999999999998,-0.019009336000000,-0.047303904000000,60.538009340000002,0.364053579000000,0.394486059000000,1.464554207000000,1.499644091000000,-93.537235010000003,44.065453570000003,1,0
277,277,61.018999999999998,89.302000000000007,56.689999999999998,70.502769839999999,0.205509039000000,0.188150691000000,0.302068759000000,0.634812210000000,60.895000000000003,-0.018720744000000,-0.047997449000000,60.913720740000002,0.363435516000000,0.394933920000000,1.463511365000000,1.499817176000000,-93.537235010000003,44.065414969999999,1,0
278,278,60.988999999999997,88.838999999999999,56.314999999999998,70.198303080000002,0.204670115000000,0.185879809000000,0.297819555000000,0.633899526000000,60.374000000000002,-0.016757300000000,-0.048500313000000,60.390757299999997,0.359343820000000,0.393554054000000,1.456639722000000,1.495832900000000,-93.537235010000003,44.065376370000003,1,0
279,279,62.170999999999999,91.061999999999998,57.936000000000000,71.912217740000003,0.205197349000000,0.188542938000000,0.303167991000000,0.636225868000000,62.017000000000003,-0.019049198000000,-0.047126235000000,62.036049200000001,0.364141224000000,0.394338264000000,1.464702192000000,1.499519900000000,-93.537235010000003,44.065337769999999,1,0
280,280,60.185000000000002,88.596999999999994,55.892000000000003,69.750933799999999,0.208397694000000,0.190963961000000,0.305867155000000,0.630856575000000,61.116999999999997,-0.021194680000000,-0.050559426000000,61.138194679999998,0.368490106000000,0.400022564000000,1.472077760000000,1.508804290000000,-93.539396609999997,44.065492169999999,1,0
281,281,62.652999999999999,91.322000000000003,57.712000000000003,72.101273770000006,0.205535149000000,0.186192564000000,0.297819515000000,0.631961630000000,62.279000000000003,-0.017043087000000,-0.049720578000000,62.296043089999998,0.359907957000000,0.395120479000000,1.457583835000000,1.498006047000000,-93.537235010000003,44.065299170000003,1,0
282,282,63.430999999999997,91.939999999999998,58.133000000000003,72.700071179999995,0.204017758000000,0.183489840000000,0.293187848000000,0.632292800000000,62.316000000000003,-0.014691060000000,-0.049431392000000,62.330691059999999,0.355026465000000,0.392534850000000,1.449449008000000,1.492164107000000,-93.537235010000003,44.065260570000000,1,0
283,283,63.039000000000001,92.858000000000004,58.280000000000001,73.013884719999993,0.209738303000000,0.191273726000000,0.305469334000000,0.627624976000000,64.397000000000006,-0.021493438000000,-0.052601353000000,64.418493440000006,0.369045680000000,0.402446774000000,1.473024636000000,1.512035210000000,-93.537235010000003,44.065221970000003,1,0
284,284,64.497000000000000,94.918999999999997,59.954000000000001,74.752840939999999,0.208047370000000,0.190834044000000,0.305865557000000,0.631633287000000,65.387000000000000,-0.021074896000000,-0.050067922000000,65.408074900000003,0.368257039000000,0.399392345000000,1.471680853000000,1.507914959000000,-93.537235010000003,44.065183370000000,1,0
285,285,62.886000000000003,91.921999999999997,58.305000000000000,72.580475120000003,0.205396102000000,0.187561366000000,0.300881838000000,0.634287766000000,62.652999999999999,-0.018213811000000,-0.048307705000000,62.671213809999998,0.362374658000000,0.394767092000000,1.461724390000000,1.499007945000000,-93.537235010000003,44.065144770000003,1,0
286,286,61.747000000000000,90.801000000000002,57.277000000000001,71.503306080000002,0.208158975000000,0.190458085000000,0.304961636000000,0.630797018000000,62.578000000000003,-0.020756345000000,-0.050581199000000,62.598756340000001,0.367582384000000,0.399621175000000,1.470532981000000,1.507795434000000,-93.537235010000003,44.065106170000000,1,0
287,287,61.752000000000002,90.066999999999993,57.122000000000000,71.153113959999999,0.204877461000000,0.186504983000000,0.299006304000000,0.634216750000000,61.259999999999998,-0.017297706000000,-0.048320818000000,61.277297709999999,0.360471293000000,0.393889911000000,1.458527659000000,1.496876354000000,-93.537235010000003,44.065067569999997,1,0
288,288,61.674999999999997,90.396000000000001,57.555999999999997,71.386122779999994,0.205187602000000,0.188865727000000,0.303877691000000,0.636709589000000,61.561000000000000,-0.019324801000000,-0.046833662000000,61.580324800000000,0.364721734000000,0.394300011000000,1.465683016000000,1.499809962000000,-93.537235010000003,44.065028970000000,1,0
289,289,62.054000000000002,89.191000000000003,56.368000000000002,70.670797410000006,0.202018841000000,0.179424113000000,0.286022956000000,0.631992017000000,59.960000000000001,-0.011152481000000,-0.049494974000000,59.971152480000001,0.347656128000000,0.389174515000000,1.437312663000000,1.484054071000000,-93.537235010000003,44.064990369999997,1,0
290,290,62.558999999999997,90.424000000000007,56.942000000000000,71.490138299999998,0.204252386000000,0.182144421000000,0.290136504000000,0.629722198000000,61.347000000000001,-0.013535310000000,-0.050995355000000,61.360535310000003,0.352591073000000,0.393080298000000,1.445419524000000,1.491417809000000,-93.537235010000003,44.064951770000000,1,0
291,291,59.905000000000001,88.230000000000004,55.828000000000003,69.497979610000002,0.207831810000000,0.191210720000000,0.306856468000000,0.632755299000000,60.726999999999997,-0.021391135000000,-0.049375622000000,60.748391130000002,0.368932693000000,0.398975000000000,1.472831984000000,1.507810178000000,-93.539396609999997,44.065453570000003,1,0
292,292,58.212000000000003,84.641999999999996,53.551000000000002,66.884514170000003,0.204666835000000,0.185014070000000,0.295958702000000,0.632676449000000,57.521000000000001,-0.016013849000000,-0.049238054000000,57.537013850000001,0.357781216000000,0.393612437000000,1.454030097000000,1.495006082000000,-93.537235010000003,44.064913169999997,1,0
293,293,67.186000000000007,93.007999999999996,59.360999999999997,74.583677800000004,0.190262443000000,0.161192055000000,0.256086797000000,0.638235421000000,59.469000000000001,0.004793332000000,-0.045103049000000,59.464206670000003,0.314219775000000,0.368887143000000,1.384336022000000,1.442611710000000,-93.537196410000007,44.065646569999998,1,0
294,294,74.207999999999998,98.566999999999993,63.180000000000000,80.029147089999995,0.178601108000000,0.140986833000000,0.222263789000000,0.640985320000000,59.746000000000002,0.022564472000000,-0.042868344000000,59.723435530000003,0.276478032000000,0.349001787000000,1.328253019000000,1.401354104000000,-93.537196410000007,44.065607970000002,1,0
295,295,67.697999999999993,92.111999999999995,59.954999999999998,74.525704230000002,0.181388817000000,0.152768913000000,0.244494517000000,0.650892392000000,56.570999999999998,0.012127500000000,-0.037198826000000,56.558872500000000,0.298569705000000,0.352836380000000,1.360631038000000,1.416792559000000,-93.537196410000007,44.065569369999999,1,0
296,296,61.363000000000000,88.366000000000000,56.515000000000001,70.161511169999997,0.199769186000000,0.180345825000000,0.289688244000000,0.639555938000000,58.853999999999999,-0.011916953000000,-0.044825546000000,58.865916949999999,0.349329831000000,0.384926861000000,1.440053452000000,1.480065660000000,-93.537196410000007,44.065530770000002,1,0
297,297,64.114000000000004,90.269999999999996,58.561000000000000,72.315670539999999,0.190838184000000,0.169421702000000,0.272961606000000,0.648731583000000,57.865000000000002,-0.002396863000000,-0.038904882000000,57.867396859999999,0.329388724000000,0.369150601000000,1.407960820000000,1.451082989000000,-93.537196410000007,44.065492169999999,1,0
298,298,61.060000000000002,89.206000000000003,57.091999999999999,70.582175509999999,0.203193914000000,0.187307841000000,0.302079979000000,0.640001794000000,60.259999999999998,-0.017949633000000,-0.044740015000000,60.277949630000002,0.361918066000000,0.390752482000000,1.460956436000000,1.494014181000000,-93.537196410000007,44.065453570000003,1,0
299,299,62.073000000000000,90.274000000000001,57.918999999999997,71.547333899999998,0.201490650000000,0.185110307000000,0.298650824000000,0.641591156000000,60.555999999999997,-0.016035878000000,-0.043694178000000,60.572035880000001,0.357954991000000,0.387768722000000,1.454319914000000,1.488254315000000,-93.537196410000007,44.065414969999999,1,0
300,300,60.985999999999997,89.319999999999993,56.860999999999997,70.546740810000003,0.205044403000000,0.188508775000000,0.303215795000000,0.636598746000000,60.792999999999999,-0.019016542000000,-0.046892604000000,60.812016540000002,0.364079773000000,0.394060917000000,1.464598432000000,1.499156522000000,-93.537196410000007,44.065376370000003,1,0
301,301,61.432000000000002,90.956000000000003,57.314999999999998,71.488679259999998,0.210088506000000,0.193742289000000,0.310540322000000,0.630139848000000,63.164999999999999,-0.023610535000000,-0.051096074000000,63.188610529999998,0.373466126000000,0.402919395000000,1.480596432000000,1.515195862000000,-93.537196410000007,44.065337769999999,1,0
302,302,60.085999999999999,88.474999999999994,56.606999999999999,69.862974149999999,0.205204960000000,0.191093221000000,0.308730452000000,0.639807855000000,60.256999999999998,-0.021224557000000,-0.044964127000000,60.278224559999998,0.368721962000000,0.394201848000000,1.472472789000000,1.502010706000000,-93.539396609999997,44.065414969999999,1,0
303,303,62.704000000000001,92.864999999999995,58.552999999999997,72.993501190000003,0.210018665000000,0.193875386000000,0.310886864000000,0.630517418000000,64.472999999999999,-0.023721990000000,-0.050862592000000,64.496721989999998,0.373704108000000,0.402784347000000,1.481005996000000,1.515173153000000,-93.537196410000007,44.065299170000003,1,0
304,304,62.075000000000003,91.971999999999994,57.652999999999999,72.194235269999993,0.211465002000000,0.194077132000000,0.310154159000000,0.626853825000000,64.215999999999994,-0.023934813000000,-0.053178082000000,64.239934809999994,0.374064766000000,0.405397670000000,1.481627064000000,1.518540841000000,-93.537196410000007,44.065260570000000,1,0
305,305,60.296999999999997,89.909000000000006,56.118000000000002,70.400251929999996,0.214030847000000,0.197142591000000,0.314726639000000,0.624164433000000,63.402999999999999,-0.026624145000000,-0.054980516000000,63.429624140000001,0.379534497000000,0.409848034000000,1.491102377000000,1.527196446000000,-93.537196410000007,44.065221970000003,1,0
306,306,60.639000000000003,90.465000000000003,56.265999999999998,70.773976630000007,0.214968019000000,0.197387230000000,0.314494190000000,0.621964296000000,64.025000000000006,-0.026862130000000,-0.056385205000000,64.051862130000004,0.379970169000000,0.411527434000000,1.491861673000000,1.529512572000000,-93.537196410000007,44.065183370000000,1,0
307,307,66.594999999999999,97.662999999999997,62.917999999999999,77.312418829999999,0.202601904000000,0.189141473000000,0.306571936000000,0.644235790000000,65.813000000000002,-0.019500299000000,-0.042160263000000,65.832500300000007,0.365217474000000,0.389569052000000,1.466521511000000,1.494522485000000,-93.537196410000007,44.065144770000003,1,0
308,308,61.671999999999997,90.837999999999994,57.734999999999999,71.620081110000001,0.206816725000000,0.191239919000000,0.307739383000000,0.635582025000000,62.268999999999998,-0.021390283000000,-0.047606364000000,62.290390279999997,0.368985055000000,0.397124938000000,1.472921261000000,1.505634655000000,-93.537196410000007,44.065106170000000,1,0
309,309,60.317999999999998,88.649000000000001,55.825000000000003,69.793354390000005,0.208406460000000,0.190183061000000,0.304169977000000,0.629730736000000,61.155000000000001,-0.020527169000000,-0.051242236000000,61.175527170000002,0.367088672000000,0.400092093000000,1.469693955000000,1.508070932000000,-93.537196410000007,44.065067569999997,1,0
310,310,59.540999999999997,88.183999999999997,55.432000000000002,69.268210990000000,0.210732441000000,0.193894060000000,0.310348564000000,0.628594756000000,61.395000000000003,-0.023757980000000,-0.052074012000000,61.418757980000002,0.373737494000000,0.404079060000000,1.481063469000000,1.516754097000000,-93.537196410000007,44.065028970000000,1,0
311,311,57.979999999999997,85.564999999999998,53.396999999999998,67.167177580000001,0.211509803000000,0.192169703000000,0.305996805000000,0.624051890000000,59.753000000000000,-0.022306060000000,-0.054885195000000,59.775306059999998,0.370651543000000,0.405613748000000,1.475767506000000,1.516793554000000,-93.537196410000007,44.064990369999997,1,0
312,312,58.975999999999999,86.965000000000003,54.381000000000000,68.309035420000001,0.210844904000000,0.191782981000000,0.305690258000000,0.625320531000000,60.573000000000000,-0.021957648000000,-0.054070946000000,60.594957649999998,0.369958620000000,0.404429244000000,1.474582881000000,1.514956466000000,-93.537196410000007,44.064951770000000,1,0
313,313,58.072000000000003,85.117000000000004,53.917999999999999,67.142663029999994,0.206375078000000,0.188876240000000,0.302953927000000,0.633457476000000,58.244000000000000,-0.019361058000000,-0.048865844000000,58.263361060000001,0.364740638000000,0.396469332000000,1.465714975000000,1.502391497000000,-93.539396609999997,44.065376370000003,1,0
314,314,56.412999999999997,84.236000000000004,52.399000000000001,65.888252530000003,0.215158466000000,0.197818683000000,0.315274788000000,0.622049955000000,59.659999999999997,-0.027235713000000,-0.056345572000000,59.687235710000003,0.380738230000000,0.411843136000000,1.493201922000000,1.530358760000000,-93.537196410000007,44.064913169999997,3,0
315,315,68.468000000000004,94.822999999999993,61.341000000000001,76.249560950000003,0.187309637000000,0.161398975000000,0.258509073000000,0.646900014000000,59.837000000000003,0.004595071000000,-0.039823356000000,59.832404930000003,0.314602667000000,0.363232347000000,1.384924344000000,1.436555471000000,-93.537157809999997,44.065646569999998,1,0
316,316,74.641999999999996,99.102999999999994,63.468000000000004,80.459140349999998,0.178689090000000,0.140786785000000,0.221814159000000,0.640424609000000,60.095999999999997,0.022746645000000,-0.043200836000000,60.073253350000002,0.276100995000000,0.349206807000000,1.327710940000000,1.401380949000000,-93.537157809999997,44.065607970000002,1,0
317,317,66.965999999999994,90.710999999999999,59.286000000000001,73.547627360000007,0.179313169000000,0.150592667000000,0.241333049000000,0.653570129000000,55.170000000000002,0.014018058000000,-0.035538779000000,55.155981939999997,0.294506472000000,0.349083349000000,1.354582923000000,1.410658960000000,-93.537157809999997,44.065569369999999,1,0
318,318,56.171999999999997,82.840999999999994,51.639000000000003,65.024383080000007,0.211599566000000,0.191845367000000,0.305228100000000,0.623350756000000,57.871000000000002,-0.022030716000000,-0.055317542000000,57.893030719999999,0.370070423000000,0.405801984000000,1.474773909000000,1.516679975000000,-93.537157809999997,44.065530770000002,3,0
319,319,53.850999999999999,78.975999999999999,49.512000000000000,62.151902409999998,0.208901135000000,0.189155819000000,0.301566345000000,0.626924635000000,54.588999999999999,-0.019658987000000,-0.052973856000000,54.608658990000002,0.365243262000000,0.401072182000000,1.466565152000000,1.508170012000000,-93.537157809999997,44.065492169999999,3,0
320,320,51.058000000000000,76.793999999999997,47.890999999999998,59.993848800000002,0.216360375000000,0.201295248000000,0.321856905000000,0.623629450000000,54.639000000000003,-0.030230507000000,-0.055459392000000,54.669230509999998,0.386912872000000,0.413794954000000,1.504054213000000,1.536470354000000,-93.537157809999997,44.065453570000003,3,0
321,321,53.840000000000003,80.435000000000002,50.921999999999997,63.144239399999996,0.211224551000000,0.198063675000000,0.319064701000000,0.633082613000000,56.107999999999997,-0.027316857000000,-0.049375530000000,56.135316860000003,0.381174185000000,0.404730738000000,1.493963596000000,1.521943329000000,-93.537157809999997,44.065414969999999,3,0
322,322,56.418999999999997,83.906999999999996,52.262999999999998,65.713797080000006,0.213862045000000,0.195886721000000,0.312140172000000,0.622868175000000,59.131999999999998,-0.025548707000000,-0.055760194000000,59.157548710000000,0.377295988000000,0.409625990000000,1.487211755000000,1.525593215000000,-93.537157809999997,44.065376370000003,3,0
323,323,58.811000000000000,87.484999999999999,54.908000000000001,68.622754749999999,0.212169497000000,0.195999891000000,0.313761106000000,0.627627593000000,61.250999999999998,-0.025593925000000,-0.052751436000000,61.276593920000003,0.377497840000000,0.406551886000000,1.487561851000000,1.521969926000000,-93.537157809999997,44.065337769999999,1,0
324,324,56.103000000000002,82.748000000000005,51.369999999999997,64.893900619999997,0.212562599000000,0.191896349000000,0.304580423000000,0.620800503000000,58.023000000000003,-0.022099558000000,-0.056933777000000,58.045099559999997,0.370161784000000,0.407556945000000,1.474930039000000,1.518859150000000,-93.539396609999997,44.065337769999999,1,0
325,325,61.814999999999998,91.260999999999996,58.012999999999998,71.914700659999994,0.207355714000000,0.192361964000000,0.309752480000000,0.635682274000000,62.694000000000003,-0.022360237000000,-0.047576141000000,62.716360240000000,0.370995920000000,0.398039307000000,1.476356871000000,1.507896998000000,-93.537157809999997,44.065299170000003,1,0
326,326,60.420000000000002,89.524000000000001,56.497999999999998,70.373164820000000,0.209922761000000,0.194099130000000,0.311452604000000,0.631093338000000,62.130000000000003,-0.023909863000000,-0.050507164000000,62.153909859999999,0.374104087000000,0.402596668000000,1.481694803000000,1.515182424000000,-93.537157809999997,44.065260570000000,1,0
327,327,60.527000000000001,90.105000000000004,56.389000000000003,70.621403920000006,0.213020739000000,0.196359339000000,0.313848243000000,0.625814328000000,63.293999999999997,-0.025925872000000,-0.053909507000000,63.319925869999999,0.378138785000000,0.408070332000000,1.488674476000000,1.524196907000000,-93.537157809999997,44.065221970000003,1,0
328,328,62.182000000000002,92.009000000000000,57.627000000000002,72.233714039999995,0.211334082000000,0.193441900000000,0.308883228000000,0.626319164000000,64.209000000000003,-0.023388947000000,-0.053494982000000,64.232388950000001,0.372928887000000,0.405202639000000,1.479672574000000,1.517635591000000,-93.537157809999997,44.065183370000000,1,0
329,329,59.348999999999997,88.406000000000006,55.106000000000002,69.220892489999997,0.214088791000000,0.196656628000000,0.313624540000000,0.623328733000000,62.356999999999999,-0.026212037000000,-0.055494156000000,62.383212039999997,0.378668687000000,0.409984759000000,1.489595444000000,1.526847878000000,-93.537157809999997,44.065144770000003,1,0
330,330,56.671999999999997,85.066999999999993,52.915999999999997,66.453525440000007,0.216450619000000,0.200333006000000,0.319680713000000,0.622050854000000,60.545999999999999,-0.029417174000000,-0.056431122000000,60.575417170000001,0.385206404000000,0.414014208000000,1.501041078000000,1.535712176000000,-93.537157809999997,44.065106170000000,3,0
331,331,47.517000000000003,74.518000000000001,44.850000000000001,57.219810420000002,0.234748533000000,0.221256197000000,0.349821857000000,0.601868005000000,56.668999999999997,-0.047902448000000,-0.070275939000000,56.716902449999999,0.421860506000000,0.445310229000000,1.568238736000000,1.598696423000000,-93.537157809999997,44.065067569999997,3,0
332,332,50.078000000000003,76.808999999999997,47.154000000000003,59.528503760000000,0.224779749000000,0.210667760000000,0.335256418000000,0.613912432000000,56.386000000000003,-0.038495527000000,-0.062016421000000,56.424495530000002,0.403430891000000,0.428307016000000,1.533787292000000,1.564825463000000,-93.537157809999997,44.065028970000000,3,0
333,333,56.170999999999999,84.222999999999999,52.665999999999997,65.884754250000000,0.214975314000000,0.199809109000000,0.319761080000000,0.625316125000000,59.609000000000002,-0.028921579000000,-0.054338548000000,59.637921579999997,0.384276486000000,0.411389544000000,1.499403607000000,1.531921451000000,-93.537157809999997,44.064990369999997,3,0
334,334,57.058000000000000,86.078999999999994,54.030999999999999,67.291798819999997,0.215603343000000,0.202749813000000,0.325690750000000,0.627690842000000,61.069000000000003,-0.031434107000000,-0.052927453000000,61.100434110000002,0.389488724000000,0.412360780000000,1.508622805000000,1.536257291000000,-93.537157809999997,44.064951770000000,3,0
335,335,59.365000000000002,88.515000000000001,55.459000000000003,69.365719510000005,0.213140817000000,0.197119286000000,0.315404508000000,0.626549172000000,62.206000000000003,-0.026576309000000,-0.053469330000000,62.232576309999999,0.379492987000000,0.408240164000000,1.491030068000000,1.525209007000000,-93.539628210000004,44.065183370000000,1,0
336,336,60.566000000000003,88.935000000000002,56.460000000000001,70.155556160000003,0.206323585000000,0.189757928000000,0.304908589000000,0.634845674000000,60.844000000000001,-0.020113517000000,-0.048023655000000,60.864113519999997,0.366325192000000,0.396317556000000,1.468398111000000,1.503129255000000,-93.539396609999997,44.065299170000003,1,0
337,337,57.109000000000002,85.986000000000004,54.173999999999999,67.304909069999994,0.214255706000000,0.201802998000000,0.324748934000000,0.630032796000000,60.689000000000000,-0.030584633000000,-0.051414059000000,60.719584630000000,0.387812543000000,0.409993231000000,1.505647096000000,1.532333996000000,-93.537157809999997,44.064913169999997,3,0
338,338,78.638999999999996,102.459999999999994,66.215000000000003,83.798508630000001,0.171728030000000,0.131535790000000,0.207348282000000,0.646252196000000,60.066000000000003,0.030870068000000,-0.039459958000000,60.035129929999997,0.258597414000000,0.336894327000000,1.302915856000000,1.379702152000000,-93.537119210000000,44.065646569999998,1,0
339,339,79.870999999999995,99.236000000000004,63.887999999999998,82.277653670000007,0.159871549000000,0.108119727000000,0.168071238000000,0.643798621000000,54.713000000000001,0.051784605000000,-0.040300418000000,54.661215400000003,0.213740851000000,0.317377959000000,1.242453456000000,1.338354248000000,-93.537119210000000,44.065607970000002,1,0
340,340,71.441999999999993,91.903999999999996,60.313000000000002,75.692277340000004,0.164952799000000,0.125267836000000,0.198596566000000,0.656260881000000,52.052999999999997,0.036282019000000,-0.033380280000000,52.016717980000003,0.246664998000000,0.324374001000000,1.286414154000000,1.361038844000000,-93.537119210000000,44.065569369999999,1,0
341,341,54.920999999999999,81.198999999999998,50.366000000000000,63.629992399999999,0.213351514000000,0.193050250000000,0.306434685000000,0.620278575000000,57.110999999999997,-0.023109510000000,-0.057305106000000,57.134109510000002,0.372228152000000,0.408905997000000,1.478469074000000,1.521715167000000,-93.537119210000000,44.065530770000002,3,0
342,342,52.343000000000004,79.176000000000002,49.082999999999998,61.692164589999997,0.219133260000000,0.204023753000000,0.325500995000000,0.619922704000000,56.926000000000002,-0.032645264000000,-0.057916302000000,56.958645259999997,0.391741016000000,0.418611847000000,1.512637793000000,1.545378295000000,-93.537119210000000,44.065492169999999,3,0
343,343,52.963999999999999,81.369000000000000,50.433999999999997,63.165623070000002,0.222968708000000,0.211452138000000,0.338561842000000,0.619818358000000,59.340000000000003,-0.039072995000000,-0.058243085000000,59.379072989999997,0.404804647000000,0.425062963000000,1.536307681000000,1.561553628000000,-93.537119210000000,44.065453570000003,3,0
344,344,53.898000000000003,81.926000000000002,51.122999999999998,63.849889089999998,0.218805905000000,0.206355283000000,0.330905184000000,0.624014354000000,58.831000000000003,-0.034602320000000,-0.055383611000000,58.865602320000001,0.395854108000000,0.417906193000000,1.520019296000000,1.547011547000000,-93.537119210000000,44.065414969999999,3,0
345,345,57.835000000000001,85.963999999999999,53.677999999999997,67.369687060000004,0.213148415000000,0.195613321000000,0.312124810000000,0.624424178000000,60.414999999999999,-0.025294085000000,-0.054764859000000,60.440294080000001,0.376808237000000,0.408350418000000,1.486366387000000,1.523748234000000,-93.537119210000000,44.065376370000003,3,0
346,346,61.286999999999999,89.667000000000002,56.557000000000002,70.698801279999998,0.206913029000000,0.188004293000000,0.300645148000000,0.630744867000000,61.490000000000002,-0.018626482000000,-0.050538044000000,61.508626479999997,0.363172046000000,0.397515303000000,1.463067208000000,1.502726628000000,-93.537119210000000,44.065337769999999,1,0
347,347,57.475000000000001,84.974999999999994,53.311999999999998,66.749021450000001,0.210741726000000,0.193050193000000,0.308510400000000,0.627384525000000,59.162999999999997,-0.023038179000000,-0.052810045000000,59.186038179999997,0.372228051000000,0.404151763000000,1.478468900000000,1.515953838000000,-93.539396609999997,44.065260570000000,1,0
348,348,61.850999999999999,90.869000000000000,57.755000000000003,71.689983929999997,0.206182967000000,0.190007858000000,0.305565208000000,0.635585293000000,62.131999999999998,-0.020323554000000,-0.047568595000000,62.152323549999998,0.366774076000000,0.396045337000000,1.469159755000000,1.503066342000000,-93.537119210000000,44.065299170000003,1,0
349,349,61.976999999999997,91.463999999999999,57.701999999999998,71.963723799999997,0.209013671000000,0.192171584000000,0.307993608000000,0.630871162000000,63.249000000000002,-0.022241798000000,-0.050587517000000,63.271241799999999,0.370654912000000,0.401065360000000,1.475773271000000,1.511318000000000,-93.537119210000000,44.065260570000000,1,0
350,350,62.570000000000000,92.802999999999997,57.976999999999997,72.775303129999998,0.212504859000000,0.194583357000000,0.310413159000000,0.624731959000000,65.058999999999997,-0.024396532000000,-0.054535739000000,65.083396530000002,0.374969369000000,0.407252346000000,1.483186831000000,1.521323694000000,-93.537119210000000,44.065221970000003,1,0
351,351,62.529000000000003,91.715000000000003,58.045000000000002,72.320442229999998,0.206760437000000,0.189219678000000,0.303391927000000,0.632884479000000,62.856000000000002,-0.019663760000000,-0.049234770000000,62.875663760000002,0.365358045000000,0.397150652000000,1.466759424000000,1.503558525000000,-93.537119210000000,44.065183370000000,1,0
352,352,61.530000000000001,91.078999999999994,57.206000000000003,71.539852710000005,0.210778547000000,0.193625540000000,0.309728206000000,0.628092096000000,63.421999999999997,-0.023530253000000,-0.052382337000000,63.445530249999997,0.373257345000000,0.404180293000000,1.480237283000000,1.516593655000000,-93.537119210000000,44.065144770000003,1,0
353,353,60.683000000000000,90.480999999999995,56.418999999999997,70.833940569999996,0.214249289000000,0.197123654000000,0.314507362000000,0.623545275000000,63.859999999999999,-0.026614896000000,-0.055372550000000,63.886614899999998,0.379500767000000,0.410244444000000,1.491043620000000,1.527661104000000,-93.537119210000000,44.065106170000000,1,0
354,354,51.752000000000002,80.375000000000000,48.951999999999998,62.007280309999999,0.229661814000000,0.216632482000000,0.344129847000000,0.609045101000000,60.045999999999999,-0.043749965000000,-0.065397975000000,60.089749970000000,0.413843444000000,0.436623644000000,1.553080074000000,1.582114928000000,-93.537119210000000,44.065067569999997,3,0
355,355,53.173000000000002,80.856999999999999,49.484000000000002,62.753190179999997,0.223386831000000,0.206550772000000,0.327443049000000,0.611994014000000,59.057000000000002,-0.034955371000000,-0.063098183000000,59.091955370000001,0.396198443000000,0.426067520000000,1.520640175000000,1.557488468000000,-93.537119210000000,44.065028970000000,3,0
356,356,54.222000000000001,82.242999999999995,49.982999999999997,63.776266800000002,0.224350648000000,0.205334701000000,0.324009620000000,0.607747772000000,60.280999999999999,-0.033962284000000,-0.065792071000000,60.314962280000003,0.394055117000000,0.427875726000000,1.516782856000000,1.558461332000000,-93.537119210000000,44.064990369999997,3,0
357,357,50.677999999999997,78.540999999999997,47.070000000000000,60.422217949999997,0.232837578000000,0.215626185000000,0.339176375000000,0.599304822000000,59.334000000000003,-0.043064513000000,-0.071717464000000,59.377064509999997,0.412092283000000,0.442276134000000,1.549804649000000,1.588393217000000,-93.537119210000000,44.064951770000000,3,0
358,358,52.009999999999998,78.113000000000000,49.115000000000002,61.152716190000000,0.214108358000000,0.200602507000000,0.322227434000000,0.628768579000000,55.100999999999999,-0.029564043000000,-0.052176436000000,55.130564040000003,0.385684541000000,0.409787865000000,1.501884253000000,1.530802189000000,-93.539396609999997,44.065221970000003,3,0
359,359,53.570999999999998,81.513999999999996,49.399999999999999,63.126181140000000,0.225779044000000,0.206854943000000,0.326113089000000,0.606030866000000,60.057000000000002,-0.035312356000000,-0.066964794000000,60.092312360000001,0.396734046000000,0.430325131000000,1.521606840000000,1.563237575000000,-93.537119210000000,44.064913169999997,3,0
360,360,73.087000000000003,98.835999999999999,61.764000000000003,79.425134900000003,0.188922270000000,0.149770537000000,0.233743952000000,0.624913999000000,62.820999999999998,0.014916534000000,-0.052918648000000,62.806083469999997,0.292969414000000,0.367886275000000,1.352306156000000,1.430272858000000,-93.537080610000004,44.065646569999998,1,0
361,361,92.126999999999995,108.129999999999995,70.186000000000007,91.479607240000007,0.142500918000000,0.079912313000000,0.123032805000000,0.649089059000000,53.947000000000003,0.077087593000000,-0.036494197000000,53.869912409999998,0.158810465000000,0.287809011000000,1.173705863000000,1.284986921000000,-93.537080610000004,44.065607970000002,1,0
362,362,66.498999999999995,90.640000000000001,56.005000000000003,72.512726760000007,0.193479578000000,0.153628316000000,0.238703107000000,0.617883936000000,58.776000000000003,0.011534925000000,-0.057393124000000,58.764465080000001,0.300172074000000,0.376162140000000,1.363028015000000,1.443253737000000,-93.537080610000004,44.065569369999999,1,0
363,363,55.039999999999999,83.060000000000002,50.838999999999999,64.583199879999995,0.221475079000000,0.202896452000000,0.321105649000000,0.612075608000000,60.241000000000000,-0.031777452000000,-0.062906017000000,60.272777450000000,0.389748153000000,0.422885936000000,1.509084302000000,1.549515113000000,-93.537080610000004,44.065530770000002,3,0
364,364,57.008000000000003,86.230000000000004,53.703000000000003,67.254583920000002,0.218062584000000,0.204010109000000,0.326375161000000,0.622787893000000,61.749000000000002,-0.032592502000000,-0.056086848000000,61.781592500000002,0.391716911000000,0.416696672000000,1.512594724000000,1.542977837000000,-93.537080610000004,44.065492169999999,3,0
365,365,55.759000000000000,84.575999999999993,51.201000000000001,65.532964370000002,0.225241931000000,0.205344355000000,0.323299751000000,0.605384506000000,62.192000000000000,-0.034006140000000,-0.067322070000000,62.226006140000003,0.394072143000000,0.429474041000000,1.516813429000000,1.560505597000000,-93.537080610000004,44.065453570000003,3,0
366,366,58.206000000000003,86.241000000000000,53.122000000000000,67.447251989999998,0.215475142000000,0.194085028000000,0.306980564000000,0.615971522000000,61.154000000000003,-0.024055393000000,-0.060081288000000,61.178055389999997,0.374078879000000,0.412695654000000,1.481651376000000,1.527439123000000,-93.537080610000004,44.065414969999999,3,0
367,367,59.820000000000000,87.340999999999994,56.085999999999999,69.167723870000003,0.202265751000000,0.187012863000000,0.302179522000000,0.642149735000000,58.776000000000003,-0.017677998000000,-0.043398427000000,58.793678000000000,0.361386658000000,0.389072700000000,1.460063524000000,1.491739768000000,-93.537080610000004,44.065376370000003,1,0
368,368,59.039000000000001,86.231999999999999,55.572000000000003,68.336931280000002,0.201525734000000,0.187188083000000,0.303158341000000,0.644447537000000,57.853000000000002,-0.017811923000000,-0.041979058000000,57.870811920000001,0.361702341000000,0.387710339000000,1.460593845000000,1.490327426000000,-93.537080610000004,44.065337769999999,1,0
369,369,50.101999999999997,76.700000000000003,47.450000000000003,59.566777379999998,0.222544550000000,0.209760098000000,0.335190039000000,0.618644068000000,55.847999999999999,-0.037630558000000,-0.058937631000000,55.885630560000003,0.401839539000000,0.424388927000000,1.530877011000000,1.558853768000000,-93.539396609999997,44.065183370000000,3,0
370,370,62.564999999999998,89.935000000000002,59.774999999999999,72.054919040000001,0.190364316000000,0.179475410000000,0.295173901000000,0.664646689000000,57.530000000000001,-0.011042280000000,-0.029442940000000,57.541042279999999,0.347749319000000,0.367639045000000,1.437465036000000,1.459468214000000,-93.537080610000004,44.065299170000003,1,0
371,371,65.337000000000003,92.617000000000004,61.539000000000001,74.462251690000002,0.186978950000000,0.172708510000000,0.282943525000000,0.664446052000000,58.357999999999997,-0.005217478000000,-0.029442397000000,58.363217480000003,0.335412266000000,0.361715212000000,1.417527588000000,1.446080385000000,-93.537080610000004,44.065260570000000,1,0
372,372,61.902999999999999,89.840000000000003,58.030000000000001,71.345842930000003,0.199413911000000,0.184107339000000,0.298112322000000,0.645926091000000,59.747000000000000,-0.015139222000000,-0.040987162000000,59.762139220000002,0.356143028000000,0.384019475000000,1.451302845000000,1.482865413000000,-93.537080610000004,44.065221970000003,1,0
373,373,62.286999999999999,89.513000000000005,58.128000000000000,71.346833430000004,0.195734719000000,0.179354414000000,0.290652490000000,0.649380537000000,58.610999999999997,-0.011009489000000,-0.038745665000000,58.622009490000003,0.347529497000000,0.377536703000000,1.437105656000000,1.470559855000000,-93.537080610000004,44.065183370000000,1,0
374,374,63.103000000000002,90.772000000000006,58.500000000000000,72.212174860000005,0.197729155000000,0.179814785000000,0.290107471000000,0.644471864000000,59.941000000000003,-0.011431666000000,-0.041775162000000,59.952431670000003,0.348365736000000,0.381191805000000,1.438473607000000,1.475216111000000,-93.537080610000004,44.065144770000003,1,0
375,375,64.004000000000005,94.388999999999996,58.816000000000003,74.083550119999998,0.211676583000000,0.191832972000000,0.305140745000000,0.623123457000000,65.957999999999998,-0.022022108000000,-0.055460869000000,65.980022109999993,0.370048212000000,0.405943550000000,1.474735954000000,1.516838145000000,-93.537080610000004,44.065106170000000,1,0
376,376,55.762999999999998,84.793000000000006,50.875999999999998,65.543197950000007,0.227883066000000,0.206536896000000,0.323706512000000,0.600002359000000,62.947000000000003,-0.035128923000000,-0.070869029000000,62.982128920000001,0.396174004000000,0.434119781000000,1.520596094000000,1.567755441000000,-93.537080610000004,44.065067569999997,3,0
377,377,56.670999999999999,85.385000000000005,51.250000000000000,66.153263879999997,0.225514997000000,0.202131554000000,0.316212585000000,0.600222522000000,62.848999999999997,-0.031274766000000,-0.070535834000000,62.880274770000000,0.388394413000000,0.430231984000000,1.506678901000000,1.557979790000000,-93.537080610000004,44.065028970000000,3,0
378,378,62.484999999999999,90.778999999999996,54.375999999999998,70.950573039999995,0.216799198000000,0.184609563000000,0.286121673000000,0.598993159000000,64.697000000000003,-0.015892892000000,-0.070567328000000,64.712892890000006,0.357050594000000,0.416130757000000,1.452812675000000,1.521641472000000,-93.537080610000004,44.064990369999997,1,0
379,379,71.638000000000005,96.453000000000003,60.424999999999997,77.645272180000006,0.187227089000000,0.147628368000000,0.230481303000000,0.626470924000000,60.843000000000004,0.016804950000000,-0.051891334000000,60.826195050000003,0.288959122000000,0.364912622000000,1.346394372000000,1.424918122000000,-93.537080610000004,44.064951770000000,1,0
380,380,54.226999999999997,82.123999999999995,50.774999999999999,63.934913600000002,0.220040854000000,0.204596959000000,0.325990932000000,0.618272369000000,59.246000000000002,-0.033165888000000,-0.058992337000000,59.279165890000002,0.392753299000000,0.420203205000000,1.514448522000000,1.547985456000000,-93.539396609999997,44.065144770000003,3,0
381,381,80.388000000000005,96.688000000000002,64.144000000000005,81.496937819999999,0.144548220000000,0.092050871000000,0.144334644000000,0.663412212000000,48.844000000000001,0.065729210000000,-0.028548213000000,48.778270790000001,0.182554888000000,0.289015378000000,1.202766582000000,1.296662854000000,-93.537080610000004,44.064913169999997,1,0
382,382,55.176000000000002,84.528000000000006,52.573999999999998,65.709966859999994,0.221476413000000,0.210101357000000,0.336875933000000,0.621971418000000,61.305999999999997,-0.037870167000000,-0.056815652000000,61.343870170000002,0.402438060000000,0.422480769000000,1.531970422000000,1.556813007000000,-93.539396609999997,44.065106170000000,3,0
383,383,51.427999999999997,78.843999999999994,48.853000000000002,61.231340369999998,0.222534491000000,0.210451977000000,0.336727300000000,0.619615950000000,57.406999999999996,-0.038212421000000,-0.058338032000000,57.445212419999997,0.403052735000000,0.424338874000000,1.533094812000000,1.559544280000000,-93.539396609999997,44.065067569999997,3,0
384,384,50.411000000000001,77.054000000000002,46.627000000000002,59.589330609999998,0.227238339000000,0.209022084000000,0.329585096000000,0.605121084000000,57.070000000000000,-0.037213657000000,-0.067643545000000,57.107213659999999,0.400544296000000,0.432779641000000,1.528515602000000,1.568752845000000,-93.539396609999997,44.065028970000000,3,0
385,385,57.883000000000003,86.200000000000003,54.347999999999999,67.662364710000006,0.211392997000000,0.196532554000000,0.315562490000000,0.630487239000000,60.168999999999997,-0.026023152000000,-0.050963811000000,60.195023149999997,0.378447555000000,0.405116041000000,1.489210995000000,1.520791231000000,-93.539396609999997,44.064990369999997,1,0
386,386,60.609000000000002,89.804000000000002,56.348999999999997,70.506309639999998,0.211251458000000,0.194098914000000,0.310373788000000,0.627466483000000,62.649999999999999,-0.023947340000000,-0.052792099000000,62.673947339999998,0.374103700000000,0.405008346000000,1.481694138000000,1.518092778000000,-93.539396609999997,44.064951770000000,1,0
387,387,58.704999999999998,87.962999999999994,54.694000000000003,68.739120420000006,0.216113367000000,0.199484550000000,0.318111640000000,0.621784159000000,62.527000000000001,-0.028684657000000,-0.056571746000000,62.555684659999997,0.383700105000000,0.413459426000000,1.498390256000000,1.534121762000000,-93.539628210000004,44.065144770000003,1,0
388,388,60.923000000000002,90.896000000000001,56.843000000000004,71.191809910000003,0.213734903000000,0.197425882000000,0.315584990000000,0.625363052000000,64.025999999999996,-0.026855872000000,-0.054230286000000,64.052855870000002,0.380038992000000,0.409295008000000,1.491981682000000,1.526821334000000,-93.539396609999997,44.064913169999997,1,0
389,389,51.845999999999997,76.909000000000006,48.070000000000000,60.315080750000000,0.212435070000000,0.194656518000000,0.310627750000000,0.625024379000000,53.902000000000001,-0.024456949000000,-0.054353174000000,53.926456950000002,0.375100060000000,0.407120591000000,1.483412414000000,1.521240946000000,-93.539358010000001,44.065646569999998,3,0
390,390,54.149000000000001,78.328000000000003,48.790999999999997,61.773649900000002,0.206921524000000,0.182514701000000,0.288925268000000,0.622906240000000,53.716000000000001,-0.013898758000000,-0.055280579000000,53.729898759999998,0.353261684000000,0.397993445000000,1.446527175000000,1.497597433000000,-93.539358010000001,44.065607970000002,1,0
391,391,45.470999999999997,71.084999999999994,42.448999999999998,54.536246869999999,0.235777305000000,0.219757027000000,0.345635365000000,0.597158332000000,54.250000000000000,-0.046700418000000,-0.073308387000000,54.296700420000001,0.419266360000000,0.447193964000000,1.563304084000000,1.599518205000000,-93.539358010000001,44.065569369999999,2,0
392,392,56.100999999999999,82.102999999999994,52.423000000000002,64.900939230000006,0.204165292000000,0.188142167000000,0.303120738000000,0.638502856000000,55.682000000000002,-0.018683607000000,-0.045695521000000,55.700683609999999,0.363420177000000,0.392477266000000,1.463485499000000,1.496907111000000,-93.539358010000001,44.065530770000002,1,0
393,393,61.712000000000003,89.918999999999997,56.924999999999997,71.026410889999994,0.205045649000000,0.186023966000000,0.297837518000000,0.633069763000000,61.201000000000001,-0.016888510000000,-0.049022804000000,61.217888510000002,0.359603870000000,0.394233514000000,1.457074799000000,1.496783609000000,-93.539358010000001,44.065492169999999,1,0
394,394,62.146999999999998,90.869000000000000,57.183999999999997,71.622702700000005,0.207284709000000,0.187705861000000,0.299711996000000,0.629301522000000,62.406999999999996,-0.018378687000000,-0.051433873000000,62.425378690000002,0.362634831000000,0.398219068000000,1.462162293000000,1.503252993000000,-93.539358010000001,44.065453570000003,1,0
395,395,60.880000000000003,88.887000000000000,56.229999999999997,70.164297829999995,0.205721572000000,0.187003813000000,0.299421619000000,0.632600943000000,60.664000000000001,-0.017742977000000,-0.049345379000000,60.681742980000003,0.361370350000000,0.395403103000000,1.460036137000000,1.499181759000000,-93.539358010000001,44.065414969999999,1,0
396,396,60.220999999999997,88.552000000000007,54.317000000000000,69.326190420000003,0.214530143000000,0.190431059000000,0.299938596000000,0.613391002000000,62.566000000000003,-0.020890246000000,-0.061589443000000,62.586890250000003,0.367533875000000,0.411288239000000,1.470450507000000,1.521853579000000,-93.539358010000001,44.065376370000003,1,0
397,397,59.210000000000001,87.808999999999997,53.375999999999998,68.471994170000002,0.218706194000000,0.194525878000000,0.305404568000000,0.607864797000000,63.031999999999996,-0.024526560000000,-0.065284064000000,63.056526560000002,0.374866681000000,0.418554467000000,1.483009627000000,1.535130496000000,-93.539358010000001,44.065337769999999,3,0
398,398,57.654000000000003,86.488000000000000,54.270000000000003,67.698820179999998,0.214292734000000,0.200038851000000,0.320834075000000,0.627485894000000,61.052000000000000,-0.029092998000000,-0.052970586000000,61.081093000000003,0.384684349000000,0.410148770000000,1.500121414000000,1.530644005000000,-93.539628210000004,44.065106170000000,1,0
399,399,62.154000000000003,91.186999999999998,57.530000000000001,71.851443000000003,0.207542922000000,0.189336185000000,0.303023661000000,0.630901335000000,62.689999999999998,-0.019781762000000,-0.050481100000000,62.709781759999998,0.365567439000000,0.398573174000000,1.467113943000000,1.505373348000000,-93.539358010000001,44.065299170000003,1,0
400,400,60.932000000000002,90.366000000000000,55.058999999999997,70.498737719999994,0.218186659000000,0.194543219000000,0.305842746000000,0.609288892000000,64.741000000000000,-0.024526428000000,-0.064370969000000,64.765526429999994,0.374897663000000,0.417603828000000,1.483063087000000,1.533971619000000,-93.539358010000001,44.065260570000000,1,0
401,401,56.116000000000000,84.534000000000006,51.154000000000003,65.604202930000000,0.223631929000000,0.202047636000000,0.317533745000000,0.605129297000000,61.798000000000002,-0.031133866000000,-0.067352089000000,61.829133870000000,0.388245817000000,0.426837299000000,1.506415283000000,1.553580208000000,-93.539358010000001,44.065221970000003,3,0
402,402,51.859999999999999,78.528000000000006,47.844000000000001,60.951222899999998,0.223368126000000,0.204528024000000,0.323076178000000,0.609260391000000,57.351999999999997,-0.033237578000000,-0.064782979000000,57.385237580000002,0.392631596000000,0.426170972000000,1.514230621000000,1.555423655000000,-93.539358010000001,44.065183370000000,3,0
403,403,56.222000000000001,84.061000000000007,52.274000000000001,65.726037660000003,0.215553579000000,0.198448850000000,0.316319922000000,0.621857936000000,59.625999999999998,-0.027785020000000,-0.056489247000000,59.653785020000001,0.381859336000000,0.412515758000000,1.495162036000000,1.531855876000000,-93.539358010000001,44.065144770000003,3,0
404,404,58.113999999999997,86.575000000000003,54.384000000000000,67.897194529999993,0.212331261000000,0.196704656000000,0.315165273000000,0.628172105000000,60.652000000000001,-0.026198430000000,-0.052430013000000,60.678198430000002,0.378754278000000,0.406801794000000,1.489744296000000,1.523019049000000,-93.539358010000001,44.065106170000000,1,0
405,405,50.683000000000000,77.286000000000001,47.543999999999997,60.006455819999999,0.222884584000000,0.207886285000000,0.330780230000000,0.615169630000000,56.344999999999999,-0.036064565000000,-0.061103166000000,56.381064569999999,0.398548611000000,0.425091133000000,1.524890003000000,1.557703493000000,-93.539358010000001,44.065067569999997,3,0
406,406,51.380000000000003,77.891000000000005,48.128999999999998,60.617139829999999,0.220426885000000,0.205080799000000,0.326723522000000,0.617901940000000,56.273000000000003,-0.033590755000000,-0.059246900000000,56.306590759999999,0.393607213000000,0.420865584000000,1.515978980000000,1.549337875000000,-93.539358010000001,44.065028970000000,3,0
407,407,60.118000000000002,87.769000000000005,55.860999999999997,69.373440180000003,0.204307124000000,0.186973838000000,0.300469433000000,0.636454785000000,59.558999999999997,-0.017687536000000,-0.046938375000000,59.576687540000002,0.361316340000000,0.392811757000000,1.459945441000000,1.496090735000000,-93.539358010000001,44.064990369999997,1,0
408,408,62.804000000000002,90.546999999999997,58.036000000000001,71.905676459999995,0.199560169000000,0.180911765000000,0.291066464000000,0.640948899000000,60.253999999999998,-0.012400952000000,-0.043979053000000,60.266400949999998,0.350356682000000,0.384498481000000,1.441739380000000,1.480148452000000,-93.539358010000001,44.064951770000000,1,0
409,409,59.786999999999999,88.983000000000004,56.738000000000000,70.027757120000004,0.208634559000000,0.196249244000000,0.317237483000000,0.637627412000000,61.441000000000003,-0.025698270000000,-0.046469237000000,61.466698270000002,0.377942499000000,0.400151355000000,1.488333584000000,1.514503509000000,-93.539628210000004,44.065067569999997,1,0
410,410,60.938000000000002,89.230999999999995,56.378000000000000,70.365924730000003,0.206729371000000,0.188407727000000,0.301660074000000,0.631820780000000,61.146000000000001,-0.018968080000000,-0.049876299000000,61.164968080000001,0.363897996000000,0.397149892000000,1.464291575000000,1.502712208000000,-93.539358010000001,44.064913169999997,1,0
411,411,56.005000000000003,82.590000000000003,52.026000000000003,64.972745059999994,0.209175326000000,0.191817887000000,0.307096074000000,0.629930984000000,57.149000000000001,-0.021944067000000,-0.051167500000000,57.170944069999997,0.370021177000000,0.401382899000000,1.474689760000000,1.511328193000000,-93.539319410000004,44.065646569999998,1,0
412,412,62.131999999999998,84.549999999999997,54.411000000000001,68.238905919999993,0.183995407000000,0.152834022000000,0.242958243000000,0.643536369000000,52.557000000000002,0.012107831000000,-0.041645408000000,52.544892169999997,0.298691145000000,0.357859911000000,1.360812464000000,1.422291488000000,-93.539319410000004,44.065607970000002,1,0
413,413,46.353999999999999,72.349000000000004,43.401000000000003,55.577927029999998,0.234345476000000,0.218991938000000,0.345209955000000,0.599883896000000,54.942999999999998,-0.045979125000000,-0.071482505000000,54.988979120000003,0.417940507000000,0.444725966000000,1.560793028000000,1.595382953000000,-93.539319410000004,44.065569369999999,3,0
414,414,55.843000000000004,81.364999999999995,52.277999999999999,64.476593059999999,0.201620079000000,0.186009562000000,0.300506299000000,0.642512137000000,54.609000000000002,-0.016807574000000,-0.043147251000000,54.625807569999999,0.359577889000000,0.387950619000000,1.457031320000000,1.489392845000000,-93.539319410000004,44.065530770000002,1,0
415,415,61.470999999999997,88.296000000000006,57.575000000000003,70.450332579999994,0.194650214000000,0.179111553000000,0.290968848000000,0.652068044000000,57.545999999999999,-0.010787009000000,-0.037093305000000,57.556787010000001,0.347088188000000,0.375549133000000,1.436384637000000,1.468047304000000,-93.539319410000004,44.065492169999999,1,0
416,416,60.197000000000003,86.771000000000001,56.093000000000004,69.039384650000002,0.197535124000000,0.180814871000000,0.292423659000000,0.646448698000000,57.252000000000002,-0.012287933000000,-0.040582879000000,57.264287930000002,0.350180921000000,0.380766392000000,1.441450571000000,1.475745924000000,-93.539319410000004,44.065453570000003,1,0
417,417,62.304000000000002,90.007000000000005,58.088999999999999,71.548073320000000,0.198467413000000,0.181884434000000,0.294018382000000,0.645383137000000,59.621000000000002,-0.013219582000000,-0.041266160000000,59.634219580000000,0.352120051000000,0.382416027000000,1.444642399000000,1.478736840000000,-93.539319410000004,44.065414969999999,1,0
418,418,59.232999999999997,85.754000000000005,54.238999999999997,67.833536260000002,0.203649379000000,0.182919848000000,0.292248865000000,0.632495277000000,58.036000000000001,-0.014193931000000,-0.049287744000000,58.050193929999999,0.353995135000000,0.391900331000000,1.447740280000000,1.490831609000000,-93.539319410000004,44.065376370000003,1,0
419,419,58.847000000000001,86.558999999999997,53.439999999999998,67.850972700000000,0.213139223000000,0.190583607000000,0.301328752000000,0.617382363000000,60.831000000000003,-0.020987096000000,-0.059055752000000,60.851987100000002,0.367807664000000,0.408722103000000,1.470916104000000,1.518890887000000,-93.539319410000004,44.065337769999999,1,0
420,420,62.366999999999997,92.352000000000004,59.051000000000002,72.813815529999999,0.206734570000000,0.193802959000000,0.313427687000000,0.639412249000000,63.286000000000001,-0.023568321000000,-0.045285120000000,63.309568319999997,0.373574610000000,0.396836478000000,1.480783106000000,1.507970137000000,-93.539628210000004,44.065028970000000,1,1
421,421,61.343000000000004,89.748999999999995,55.085000000000001,70.361456959999998,0.213127606000000,0.188004659000000,0.295874259000000,0.613767284000000,63.070000000000000,-0.018764460000000,-0.061258045000000,63.088764460000000,0.363172706000000,0.408939944000000,1.463068321000000,1.516443552000000,-93.539319410000004,44.065299170000003,1,0
422,422,61.576000000000001,91.664000000000001,54.482999999999997,71.092170130000000,0.224689115000000,0.196345602000000,0.304667011000000,0.594377291000000,67.269000000000005,-0.026273451000000,-0.074078460000000,67.295273449999996,0.378114294000000,0.429309017000000,1.488631935000000,1.550552354000000,-93.539319410000004,44.065260570000000,3,0
423,423,58.767000000000003,88.174000000000007,52.575000000000003,68.294326729999995,0.225958497000000,0.200127943000000,0.311627069000000,0.596264205000000,65.006000000000000,-0.029572566000000,-0.073021713000000,65.035572569999999,0.384842484000000,0.431225814000000,1.500399884000000,1.557073035000000,-93.539319410000004,44.065221970000003,3,0
424,424,52.646999999999998,78.515000000000001,48.872999999999998,61.440708450000002,0.214697351000000,0.197221756000000,0.314355503000000,0.622467045000000,55.509999999999998,-0.026712584000000,-0.056060211000000,55.536712580000000,0.379675495000000,0.411048724000000,1.491348035000000,1.528749923000000,-93.539319410000004,44.065183370000000,3,0
425,425,56.640999999999998,83.619000000000000,53.567999999999998,66.004723729999995,0.205549168000000,0.192342792000000,0.311193651000000,0.640619955000000,57.029000000000003,-0.022296056000000,-0.044492024000000,57.051296059999999,0.370961582000000,0.394761685000000,1.476298088000000,1.503976818000000,-93.539319410000004,44.065144770000003,1,0
426,426,56.866000000000000,83.677999999999997,53.750000000000000,66.143309410000001,0.204121278000000,0.190772996000000,0.308915363000000,0.642343268000000,56.740000000000002,-0.020924990000000,-0.043377562000000,56.760924989999999,0.368147509000000,0.392249196000000,1.471494390000000,1.499368986000000,-93.539319410000004,44.065106170000000,1,0
427,427,51.009999999999998,75.923000000000002,47.905000000000001,59.613228550000002,0.211081468000000,0.196268898000000,0.315242699000000,0.630968218000000,52.930999999999997,-0.025789588000000,-0.050652604000000,52.956789590000000,0.377977541000000,0.404567956000000,1.488394432000000,1.519848987000000,-93.539319410000004,44.065067569999997,3,0
428,428,51.783999999999999,77.728999999999999,48.485999999999997,60.757090920000003,0.215807420000000,0.200327380000000,0.320201908000000,0.623782629000000,55.188000000000002,-0.029390053000000,-0.055329524000000,55.217390049999999,0.385196420000000,0.412856895000000,1.501023482000000,1.534279111000000,-93.539319410000004,44.065028970000000,3,0
429,429,60.305999999999997,88.138000000000005,57.270000000000003,69.964213659999999,0.199760424000000,0.187491579000000,0.305262465000000,0.649776487000000,58.700000000000003,-0.018032803000000,-0.038694498000000,58.718032800000003,0.362248987000000,0.384474269000000,1.461512951000000,1.486869902000000,-93.539319410000004,44.064990369999997,1,0
430,430,59.472000000000001,86.519999999999996,55.609999999999999,68.593248660000000,0.201157843000000,0.185270426000000,0.299263128000000,0.642741563000000,57.957999999999998,-0.016166506000000,-0.042985685000000,57.974166510000003,0.358244077000000,0.387148382000000,1.454802260000000,1.487695776000000,-93.539319410000004,44.064951770000000,1,0
431,431,61.621000000000002,90.694000000000003,57.802999999999997,71.562876979999999,0.205989123000000,0.190874175000000,0.307611732000000,0.637340949000000,61.963999999999999,-0.021057691000000,-0.046496730000000,61.985057689999998,0.368329037000000,0.395640288000000,1.471803444000000,1.503488150000000,-93.539628210000004,44.064990369999997,1,0
432,432,60.223999999999997,87.268000000000001,55.985999999999997,69.226840159999995,0.200608091000000,0.183359097000000,0.295543462000000,0.641541000000000,58.326000000000001,-0.014519506000000,-0.043678432000000,58.340519510000000,0.354789958000000,0.386260730000000,1.449056854000000,1.484698426000000,-93.539319410000004,44.064913169999997,1,0
433,433,56.905000000000001,83.814999999999998,52.707999999999998,65.932456639999998,0.209264075000000,0.191230813000000,0.305753761000000,0.628861182000000,58.017000000000003,-0.021444672000000,-0.051821867000000,58.038444669999997,0.368968726000000,0.401584579000000,1.472893419000000,1.510954990000000,-93.539280809999994,44.065646569999998,1,0
434,434,59.189999999999998,82.626999999999995,53.165999999999997,66.225123089999997,0.190547891000000,0.165262275000000,0.264373780000000,0.643445847000000,52.898000000000003,0.001225748000000,-0.042027254000000,52.896774250000000,0.321737380000000,0.368987622000000,1.395962156000000,1.446759106000000,-93.539280809999994,44.065607970000002,1,0
435,435,45.603999999999999,70.106999999999999,42.768000000000001,54.233501599999997,0.226794292000000,0.211760334000000,0.335919828000000,0.610038940000000,51.841999999999999,-0.039509336000000,-0.064562497000000,51.881509340000001,0.405344052000000,0.431818507000000,1.537299360000000,1.570521249000000,-93.539280809999994,44.065569369999999,3,0
436,436,41.561000000000000,65.832999999999998,39.905999999999999,50.510030180000001,0.235528989000000,0.226008902000000,0.359649123000000,0.606170158000000,50.198999999999998,-0.051918534000000,-0.067648337000000,50.250918530000000,0.430050799000000,0.446465242000000,1.584009047000000,1.605588955000000,-93.539280809999994,44.065530770000002,2,0
437,437,42.579000000000001,67.617000000000004,40.762000000000000,51.789865720000002,0.237415075000000,0.227213329000000,0.360601434000000,0.602836565000000,51.893000000000001,-0.053037269000000,-0.069888313000000,51.946037269999998,0.432118170000000,0.449683677000000,1.588036356000000,1.611266775000000,-93.539280809999994,44.065492169999999,2,0
438,438,41.103000000000002,64.513000000000005,39.154000000000003,49.613235779999997,0.233028961000000,0.221652022000000,0.352231350000000,0.606916435000000,48.768999999999998,-0.048137045000000,-0.066984873000000,48.817137039999999,0.422544590000000,0.442290609000000,1.569544802000000,1.595141250000000,-93.539280809999994,44.065453570000003,2,0
439,439,41.707000000000001,64.915999999999997,39.890000000000001,50.149021279999999,0.228138051000000,0.217673485000000,0.347788950000000,0.614486413000000,48.234999999999999,-0.044543488000000,-0.061905769000000,48.279543490000002,0.415652623000000,0.433904490000000,1.556477330000000,1.579736514000000,-93.539280809999994,44.065414969999999,2,0
440,440,41.195999999999998,64.387000000000000,37.381000000000000,49.126148319999999,0.242087089000000,0.219647102000000,0.340034017000000,0.580567506000000,50.197000000000003,-0.046953079000000,-0.084312135000000,50.243953079999997,0.419075948000000,0.458302161000000,1.562943004000000,1.614347842000000,-93.539280809999994,44.065376370000003,2,0
441,441,40.851999999999997,64.557000000000002,38.112000000000002,49.291705510000000,0.241015388000000,0.224885921000000,0.352244528000000,0.590362006000000,50.149999999999999,-0.051310958000000,-0.078038754000000,50.201310960000001,0.428120227000000,0.456044812000000,1.580265348000000,1.617225179000000,-93.539280809999994,44.065337769999999,2,0
442,442,62.262999999999998,91.724999999999994,58.996000000000002,72.504447700000000,0.204099649000000,0.191326597000000,0.310152434000000,0.643183429000000,62.191000000000003,-0.021395034000000,-0.042869887000000,62.212395030000003,0.369140486000000,0.392182365000000,1.473186323000000,1.499865679000000,-93.539628210000004,44.064951770000000,1,0
443,443,41.042999999999999,65.521000000000001,37.113999999999997,49.514234610000003,0.252797576000000,0.229702339000000,0.352455004000000,0.566444346000000,52.884999999999998,-0.056103231000000,-0.094387450000000,52.941103230000003,0.436379893000000,0.476203976000000,1.596398899000000,1.650798113000000,-93.539280809999994,44.065299170000003,2,0
444,444,41.677999999999997,66.891999999999996,36.722999999999999,50.200179540000001,0.261012795000000,0.232237266000000,0.350940192000000,0.548989416000000,55.383000000000003,-0.058797051000000,-0.106541953000000,55.441797049999998,0.440705459000000,0.490251262000000,1.604971448000000,1.674063370000000,-93.539280809999994,44.065260570000000,2,0
445,445,40.561999999999998,66.844999999999999,36.259999999999998,49.760484550000001,0.270141370000000,0.244704721000000,0.369418247000000,0.542448949000000,56.868000000000002,-0.070010510000000,-0.111932455000000,56.938010509999998,0.461759121000000,0.504707810000000,1.647971007000000,1.710660615000000,-93.539280809999994,44.065221970000003,2,0
446,446,38.002000000000002,61.918999999999997,34.582999999999998,46.454631829999997,0.260931765000000,0.239359094000000,0.366050384000000,0.558520002000000,51.253000000000000,-0.064802534000000,-0.100389579000000,51.317802530000002,0.452777318000000,0.489442209000000,1.629361613000000,1.681325353000000,-93.539280809999994,44.065183370000000,2,0
447,447,40.655999999999999,64.414000000000001,38.881000000000000,49.375452379999999,0.236560843000000,0.226115923000000,0.358941818000000,0.603611016000000,49.290999999999997,-0.052070496000000,-0.069333315000000,49.343070500000003,0.430234633000000,0.448247487000000,1.584366391000000,1.608094498000000,-93.539280809999994,44.065144770000003,2,0
448,448,40.645000000000003,63.570000000000000,39.093000000000004,49.062625199999999,0.229130212000000,0.219977930000000,0.352031572000000,0.614959887000000,47.402000000000001,-0.046522176000000,-0.061683926000000,47.448522179999998,0.419648927000000,0.435555084000000,1.564030016000000,1.584438878000000,-93.539280809999994,44.065106170000000,2,0
449,449,41.697000000000003,64.656999999999996,39.609000000000002,49.960118559999998,0.227936568000000,0.215882806000000,0.343995805000000,0.612601884000000,48.008000000000003,-0.043032823000000,-0.063059817000000,48.051032820000003,0.412539070000000,0.433625862000000,1.550639135000000,1.577394349000000,-93.539280809999994,44.065067569999997,2,0
450,450,41.302999999999997,65.631000000000000,39.584000000000003,50.266818170000001,0.237451037000000,0.227504816000000,0.361217520000000,0.603129619000000,50.375000000000000,-0.053282191000000,-0.069707476000000,50.428282189999997,0.432617999000000,0.449735031000000,1.589012905000000,1.611666740000000,-93.539280809999994,44.065028970000000,2,0
451,451,43.412999999999997,68.492000000000004,41.664000000000001,52.636272439999999,0.233751086000000,0.224109736000000,0.357042183000000,0.608304620000000,51.906999999999996,-0.050230190000000,-0.066174814000000,51.957230189999997,0.426784163000000,0.443451274000000,1.577684104000000,1.599436645000000,-93.539280809999994,44.064990369999997,2,0
452,452,43.103999999999999,68.340999999999994,41.223999999999997,52.370046379999998,0.236885209000000,0.226452510000000,0.359393914000000,0.603210372000000,52.353999999999999,-0.052370815000000,-0.069610726000000,52.406370819999999,0.430812630000000,0.448796071000000,1.585490906000000,1.609211451000000,-93.539280809999994,44.064951770000000,2,0
453,453,58.054000000000002,86.123999999999995,54.597999999999999,67.745976249999998,0.209182169000000,0.194689897000000,0.313351194000000,0.633946403000000,59.595999999999997,-0.024391275000000,-0.048732241000000,59.620391269999999,0.375159683000000,0.401220445000000,1.483515348000000,1.514147893000000,-93.539628210000004,44.065607970000002,1,0
454,454,60.566000000000003,90.179000000000002,57.110999999999997,70.857036149999999,0.210314225000000,0.196444327000000,0.316263323000000,0.633307089000000,62.680999999999997,-0.025915057000000,-0.049185975000000,62.706915060000000,0.378290289000000,0.403172437000000,1.488937688000000,1.518347093000000,-93.539628210000004,44.064913169999997,1,0
455,455,42.003000000000000,66.167000000000002,39.591000000000001,50.694415139999997,0.237182603000000,0.223389110000000,0.352352761000000,0.598349630000000,50.740000000000002,-0.049829116000000,-0.072682237000000,50.789829120000000,0.425542502000000,0.449449665000000,1.575292241000000,1.606622528000000,-93.539280809999994,44.064913169999997,2,0
456,456,54.084000000000003,80.709000000000003,50.262999999999998,63.154284380000000,0.214742348000000,0.197525094000000,0.314976931000000,0.622768217000000,57.070999999999998,-0.026972376000000,-0.055879301000000,57.097972380000002,0.380215633000000,0.411110031000000,1.492289771000000,1.529147414000000,-93.539242209999998,44.065646569999998,3,0
457,457,53.356000000000002,77.225999999999999,49.069000000000003,61.151409289999997,0.202536623000000,0.182797016000000,0.292836725000000,0.635394815000000,52.027000000000001,-0.014069501000000,-0.047477609000000,52.041069499999999,0.353772803000000,0.389855169000000,1.447372367000000,1.488310356000000,-93.539242209999998,44.065607970000002,1,0
458,458,44.219999999999999,68.212999999999994,41.710999999999999,52.751711790000002,0.227089770000000,0.213398202000000,0.339257940000000,0.611481682000000,50.494999999999997,-0.040903311000000,-0.063691094000000,50.535903310000002,0.408207143000000,0.432253063000000,1.542582542000000,1.572881489000000,-93.539242209999998,44.065569369999999,3,0
459,459,38.582999999999998,61.753999999999998,37.350000000000001,47.248375299999999,0.238541724000000,0.230931760000000,0.367869560000000,0.604819121000000,47.575000000000003,-0.056198479000000,-0.068735610000000,47.631198480000002,0.438479630000000,0.451502914000000,1.600549465000000,1.617954090000000,-93.539242209999998,44.065530770000002,2,0
460,460,38.616000000000000,61.219999999999999,37.226999999999997,46.992671010000002,0.235002496000000,0.226411315000000,0.361034356000000,0.608085593000000,46.597000000000001,-0.052221241000000,-0.066408878000000,46.649221240000003,0.430741902000000,0.445541322000000,1.585353221000000,1.604810727000000,-93.539242209999998,44.065492169999999,2,0
461,461,38.802000000000000,60.716000000000001,37.212000000000003,46.821507889999999,0.230027451000000,0.220201371000000,0.351715726000000,0.612886224000000,45.417999999999999,-0.046757844000000,-0.063038104000000,45.464757839999997,0.420035776000000,0.437112517000000,1.564764703000000,1.586718981000000,-93.539242209999998,44.065453570000003,2,0
462,462,38.613999999999997,60.956000000000003,37.212000000000003,46.873616869999999,0.233065976000000,0.224384855000000,0.358286026000000,0.610473128000000,46.085999999999999,-0.050418915000000,-0.064768756000000,46.136418910000003,0.427257889000000,0.442253841000000,1.578598436000000,1.598159942000000,-93.539242209999998,44.065414969999999,2,0
463,463,37.207999999999998,59.795999999999999,35.308000000000000,45.484985600000002,0.245049660000000,0.232856377000000,0.366117739000000,0.590474279000000,47.076000000000001,-0.058232058000000,-0.078336054000000,47.134232060000002,0.441759623000000,0.462606258000000,1.607073748000000,1.635369731000000,-93.539242209999998,44.065376370000003,2,0
464,464,36.820999999999998,59.460000000000001,35.490000000000002,45.279935739999999,0.243731403000000,0.235134658000000,0.372407100000000,0.596871847000000,46.609000000000002,-0.060032936000000,-0.074174135000000,46.669032940000001,0.445631125000000,0.460262402000000,1.614839358000000,1.634759447000000,-93.539242209999998,44.065337769999999,2,0
465,465,62.186000000000000,88.335999999999999,57.284999999999997,70.597258490000002,0.193153308000000,0.173728757000000,0.280468055000000,0.648489857000000,57.201000000000001,-0.006138388000000,-0.039156525000000,57.207138389999997,0.337277900000000,0.373137681000000,1.420512656000000,1.459879886000000,-93.539589609999993,44.065646569999998,1,0
466,466,37.773000000000003,60.219000000000001,35.939000000000000,45.988184029999999,0.240669585000000,0.229059515000000,0.361723043000000,0.596804995000000,46.725999999999999,-0.054780447000000,-0.073951512000000,46.780780450000002,0.435280613000000,0.455231054000000,1.594233977000000,1.620876847000000,-93.539242209999998,44.065299170000003,2,0
467,467,37.345999999999997,60.484999999999999,33.978000000000002,45.488692460000003,0.258177582000000,0.236520121000000,0.362379215000000,0.561759114000000,49.646000000000001,-0.062215782000000,-0.097988756000000,49.708215780000003,0.447979479000000,0.484942098000000,1.619584427000000,1.671367695000000,-93.539242209999998,44.065260570000000,2,0
468,468,37.256999999999998,59.738000000000000,33.624000000000002,45.045480980000001,0.255283494000000,0.231774834000000,0.354752174000000,0.562857812000000,48.594999999999999,-0.058017593000000,-0.096956798000000,48.653017589999997,0.439917488000000,0.480341694000000,1.603403387000000,1.659131385000000,-93.539242209999998,44.065221970000003,2,0
469,469,35.689999999999998,58.466999999999999,33.700000000000003,44.075148660000004,0.255168416000000,0.241904479000000,0.376747110000000,0.576393521000000,47.543999999999997,-0.066488342000000,-0.088278311000000,47.610488340000003,0.457062666000000,0.479456499000000,1.638189969000000,1.669788654000000,-93.539242209999998,44.065183370000000,2,0
470,470,35.593000000000004,57.942000000000000,34.064000000000000,43.910868469999997,0.249147089000000,0.238937296000000,0.375796607000000,0.587898243000000,46.226999999999997,-0.063572599000000,-0.080348592000000,46.290572599999997,0.452065696000000,0.469358650000000,1.627904363000000,1.651881341000000,-93.539242209999998,44.065144770000003,2,0
471,471,37.343000000000004,59.786000000000001,36.345999999999997,45.788998540000001,0.237414688000000,0.231063843000000,0.369231529000000,0.607934968000000,45.883000000000003,-0.056233752000000,-0.066691141000000,45.939233750000000,0.438705006000000,0.449566392000000,1.600996171000000,1.615488620000000,-93.539242209999998,44.065106170000000,2,0
472,472,38.375000000000000,60.866000000000000,36.686000000000000,46.630366279999997,0.237157826000000,0.226630123000000,0.359539605000000,0.602733874000000,46.670999999999999,-0.052535552000000,-0.069931654000000,46.723535550000001,0.431117526000000,0.449260999000000,1.586084691000000,1.610037035000000,-93.539242209999998,44.065067569999997,2,0
473,473,40.060000000000002,63.564999999999998,38.881000000000000,48.843440319999999,0.233846587000000,0.226827503000000,0.363045224000000,0.611673091000000,48.189000000000000,-0.052496035000000,-0.064078705000000,48.241496040000001,0.431456272000000,0.443533397000000,1.586744883000000,1.602607933000000,-93.539242209999998,44.065028970000000,2,0
474,474,41.212000000000003,65.063999999999993,39.139000000000003,49.878567080000003,0.236493902000000,0.224434491000000,0.355273545000000,0.601546170000000,49.777000000000001,-0.050663274000000,-0.070621325000000,49.827663270000002,0.427343339000000,0.448201155000000,1.578763467000000,1.606130831000000,-93.539242209999998,44.064990369999997,2,0
475,475,41.140999999999998,65.400999999999996,40.026000000000003,50.239272020000001,0.234161599000000,0.227703629000000,0.364724277000000,0.612008991000000,49.634999999999998,-0.053242181000000,-0.063892528000000,49.688242180000003,0.432958801000000,0.444054849000000,1.589679395000000,1.604290894000000,-93.539242209999998,44.064951770000000,2,0
476,476,64.700999999999993,92.019999999999996,59.707999999999998,73.527648009999993,0.193325315000000,0.174316141000000,0.281601435000000,0.648858944000000,59.631000000000000,-0.006646984000000,-0.038944873000000,59.637646980000000,0.338351106000000,0.373414156000000,1.422234587000000,1.460783202000000,-93.539589609999993,44.065607970000002,1,0
477,477,38.945000000000000,62.436000000000000,38.104999999999997,47.843349050000000,0.236834025000000,0.231710084000000,0.371246602000000,0.610304952000000,47.822000000000003,-0.056729708000000,-0.065160661000000,47.878729710000002,0.439807116000000,0.448558388000000,1.603183977000000,1.614867105000000,-93.539242209999998,44.064913169999997,2,0
478,478,53.652000000000001,79.352999999999994,50.783999999999999,62.595128590000002,0.206238457000000,0.193233337000000,0.312584376000000,0.639975804000000,54.270000000000003,-0.023071022000000,-0.044917813000000,54.293071019999999,0.372555769000000,0.395966411000000,1.479031537000000,1.506338183000000,-93.539203610000001,44.065646569999998,1,0
479,479,52.780999999999999,76.525999999999996,49.058000000000000,60.687038710000003,0.200921178000000,0.183632750000000,0.295891538000000,0.641063168000000,51.213000000000001,-0.014759622000000,-0.043981723000000,51.227759620000000,0.355284941000000,0.386818491000000,1.449877797000000,1.485627974000000,-93.539203610000001,44.065607970000002,1,0
480,480,42.822000000000003,66.150999999999996,40.603000000000002,51.180341579999997,0.226568765000000,0.214080552000000,0.341216908000000,0.613792686000000,48.877000000000002,-0.041451837000000,-0.062221212000000,48.918451840000003,0.409398188000000,0.431300295000000,1.544790061000000,1.572406046000000,-93.539203610000001,44.065569369999999,3,0
481,481,37.631000000000000,59.643999999999998,36.616999999999997,45.877749090000002,0.232721561000000,0.226296582000000,0.362903492000000,0.613925961000000,45.039999999999999,-0.051986676000000,-0.062589251000000,45.091986679999998,0.430544898000000,0.441605227000000,1.584969839000000,1.599452625000000,-93.539203610000001,44.065530770000002,2,0
482,482,39.369000000000000,61.978000000000002,39.746000000000002,48.204201619999999,0.220814395000000,0.223085044000000,0.367023263000000,0.641292071000000,44.841000000000001,-0.048630336000000,-0.044889541000000,44.889630339999997,0.425018233000000,0.421105885000000,1.574284335000000,1.569296016000000,-93.539203610000001,44.065492169999999,2,0
483,483,37.923000000000002,59.496000000000002,37.850999999999999,46.226349429999999,0.221897046000000,0.221445509000000,0.362157534000000,0.636194030000000,43.218000000000004,-0.047340874000000,-0.048086050000000,43.265340870000003,0.422187728000000,0.422968244000000,1.568863223000000,1.569856360000000,-93.539203610000001,44.065453570000003,2,0
484,484,36.704999999999998,57.725000000000001,36.542999999999999,44.776569389999999,0.223648369000000,0.222598750000000,0.363121253000000,0.633053270000000,42.201999999999998,-0.048391653000000,-0.050123308000000,42.250391649999997,0.424179329000000,0.425991353000000,1.572674023000000,1.574992233000000,-93.539203610000001,44.065414969999999,2,0
485,485,35.390999999999998,56.801000000000002,35.590000000000003,43.762710849999998,0.230904254000000,0.232232732000000,0.378255185000000,0.626573476000000,42.621000000000002,-0.056765429000000,-0.054585153000000,42.677765430000001,0.440697735000000,0.438435866000000,1.604956062000000,1.601962115000000,-93.539203610000001,44.065376370000003,2,0
486,486,35.142000000000003,57.030000000000001,36.079000000000001,43.928257060000000,0.231210971000000,0.237469080000000,0.390209117000000,0.632631948000000,42.838999999999999,-0.061061512000000,-0.050833132000000,42.900061510000000,0.449585339000000,0.439025879000000,1.622844460000000,1.608686315000000,-93.539203610000001,44.065337769999999,2,0
487,487,63.042000000000002,90.819999999999993,58.698999999999998,72.268339690000005,0.197438205000000,0.180538405000000,0.291899162000000,0.646322396000000,59.899000000000001,-0.012049247000000,-0.040653742000000,59.911049249999998,0.349679321000000,0.380605554000000,1.440626884000000,1.475279390000000,-93.539589609999993,44.065569369999999,1,0
488,488,35.999000000000002,57.470999999999997,36.633000000000003,44.500264160000000,0.225564311000000,0.229720766000000,0.377782079000000,0.637417132000000,42.310000000000002,-0.054360007000000,-0.047537720000000,42.364360009999999,0.436411391000000,0.429317903000000,1.596461013000000,1.587206724000000,-93.539203610000001,44.065299170000003,2,0
489,489,36.706000000000003,58.164000000000001,36.814999999999998,45.039706770000002,0.225479197000000,0.226183198000000,0.369615020000000,0.632951654000000,42.807000000000002,-0.051453089000000,-0.050294263000000,42.858453089999998,0.430350180000000,0.429141413000000,1.584591075000000,1.583027235000000,-93.539203610000001,44.065260570000000,2,0
490,490,36.183000000000000,57.079999999999998,35.183999999999997,43.989581129999998,0.230656454000000,0.224065278000000,0.359803027000000,0.616398038000000,42.792999999999999,-0.050011289000000,-0.060899826000000,42.843011290000000,0.426707595000000,0.438088920000000,1.577536412000000,1.592313067000000,-93.539203610000001,44.065221970000003,2,0
491,491,35.158000000000001,56.936999999999998,35.289999999999999,43.677954139999997,0.235598572000000,0.236484065000000,0.383399349000000,0.619807858000000,43.426000000000002,-0.060570711000000,-0.059119991000000,43.486570710000002,0.447918421000000,0.446419368000000,1.619460720000000,1.617441055000000,-93.539203610000001,44.065183370000000,2,0
492,492,36.119999999999997,58.369999999999997,36.746000000000002,44.951751229999999,0.231395631000000,0.235474653000000,0.385321419000000,0.629535720000000,43.874000000000002,-0.059450151000000,-0.052772105000000,43.933450149999999,0.446207835000000,0.439300748000000,1.616002215000000,1.606782141000000,-93.539203610000001,44.065144770000003,2,0
493,493,36.247999999999998,58.579000000000001,36.689000000000000,45.061067700000002,0.232625792000000,0.235492001000000,0.384103340000000,0.626316598000000,44.220999999999997,-0.059550169000000,-0.054855683000000,44.280550169999998,0.446237254000000,0.441381828000000,1.616061576000000,1.609566952000000,-93.539203610000001,44.065106170000000,2,0
494,494,38.923000000000002,62.082999999999998,38.298999999999999,47.735773510000001,0.233102270000000,0.229293309000000,0.369336757000000,0.616899957000000,46.944000000000003,-0.054490506000000,-0.060761638000000,46.998490510000003,0.435680531000000,0.442204323000000,1.595020939000000,1.603628156000000,-93.539203610000001,44.065067569999997,2,0
495,495,39.197000000000003,61.890999999999998,37.518000000000001,47.520174709999999,0.234751642000000,0.224497468000000,0.356992292000000,0.606194762000000,47.067000000000000,-0.050612528000000,-0.067571389000000,47.117612530000002,0.427451746000000,0.445173221000000,1.578972881000000,1.602160609000000,-93.539203610000001,44.065028970000000,2,0
496,496,43.613000000000000,68.516999999999996,42.161999999999999,52.834039850000003,0.230058032000000,0.222099349000000,0.355934141000000,0.615350935000000,51.259000000000000,-0.048342105000000,-0.061508050000000,51.307342100000000,0.423317253000000,0.437103513000000,1.571022402000000,1.588823783000000,-93.539203610000001,44.064990369999997,2,0
497,497,42.597999999999999,67.811000000000007,41.808000000000000,52.156272199999997,0.232770375000000,0.228360007000000,0.367531086000000,0.616537140000000,51.216000000000001,-0.053698339000000,-0.060964281000000,51.269698339999998,0.434083310000000,0.441648499000000,1.591882248000000,1.601836438000000,-93.539203610000001,44.064951770000000,2,0
498,498,58.299999999999997,85.593999999999994,53.593000000000004,67.323677079999996,0.209463016000000,0.189681293000000,0.302255789000000,0.626130336000000,59.295000000000002,-0.020122844000000,-0.053491116000000,59.315122840000001,0.366187528000000,0.402060994000000,1.468164666000000,1.509904257000000,-93.539589609999993,44.065530770000002,1,0
499,499,39.606000000000002,64.102000000000004,38.872000000000000,48.951452220000000,0.240591827000000,0.236201643000000,0.377814794000000,0.606408536000000,49.725999999999999,-0.060692944000000,-0.067900126000000,49.786692940000002,0.447440061000000,0.454889343000000,1.618492148000000,1.628605590000000,-93.539203610000001,44.064913169999997,2,0
500,500,48.280999999999999,74.070999999999998,46.646000000000001,57.716021220000002,0.218929604000000,0.210785275000000,0.340659921000000,0.629747135000000,53.215000000000003,-0.038329448000000,-0.051873987000000,53.253329450000003,0.403636793000000,0.417954872000000,1.534164578000000,1.551866102000000,-93.539165010000005,44.065646569999998,3,0
501,501,41.877000000000002,65.451999999999998,40.159999999999997,50.499085909999998,0.229486102000000,0.219651725000000,0.350980363000000,0.613579417000000,48.866999999999997,-0.046269213000000,-0.062567378000000,48.913269210000003,0.419083957000000,0.436187626000000,1.562958187000000,1.584900193000000,-93.539165010000005,44.065607970000002,2,0
502,502,39.487000000000002,63.204000000000001,37.999000000000002,48.297318030000000,0.239938399000000,0.230955001000000,0.366614110000000,0.601211949000000,48.921999999999997,-0.056309617000000,-0.071116639000000,48.978309619999997,0.438519290000000,0.453900422000000,1.600628055000000,1.621233322000000,-93.539165010000005,44.065569369999999,2,0
503,503,36.700000000000003,58.539000000000001,35.607999999999997,44.876252760000000,0.236395510000000,0.229307322000000,0.366235683000000,0.608278242000000,44.770000000000003,-0.054712756000000,-0.066396631000000,44.824712759999997,0.435704496000000,0.447859626000000,1.595068120000000,1.611193458000000,-93.539165010000005,44.065530770000002,2,0
504,504,38.286000000000001,60.232999999999997,38.088000000000001,46.706629900000003,0.223999187000000,0.222769212000000,0.363174530000000,0.632344396000000,44.091999999999999,-0.048552417000000,-0.050581595000000,44.140552419999999,0.424473453000000,0.426596510000000,1.573238259000000,1.575956979000000,-93.539165010000005,44.065492169999999,2,0
505,505,37.889000000000003,60.542000000000002,38.113000000000000,46.738673689999999,0.228742782000000,0.230140911000000,0.375559534000000,0.629529913000000,45.082000000000001,-0.054908308000000,-0.052611612000000,45.136908310000003,0.437129337000000,0.434742145000000,1.597878012000000,1.594744611000000,-93.539165010000005,44.065453570000003,2,0
506,506,37.534999999999997,58.725000000000001,36.932000000000002,45.539266840000003,0.223966611000000,0.220132973000000,0.357166936000000,0.628897403000000,42.982999999999997,-0.046369151000000,-0.052707370000000,43.029369150000001,0.419917370000000,0.426564469000000,1.564539763000000,1.573000251000000,-93.539165010000005,44.065414969999999,2,0
507,507,35.661999999999999,56.770000000000003,35.271999999999998,43.736808019999998,0.230959376000000,0.228362472000000,0.369279216000000,0.621314074000000,42.606000000000002,-0.053586419000000,-0.057861931000000,42.659586419999997,0.434087531000000,0.438538964000000,1.591890528000000,1.597730319000000,-93.539165010000005,44.065376370000003,2,0
508,508,36.975999999999999,58.741999999999997,37.790999999999997,45.628963100000000,0.222193903000000,0.227397146000000,0.375748787000000,0.643338667000000,42.716999999999999,-0.052248163000000,-0.043701923000000,42.769248159999997,0.432433393000000,0.423529275000000,1.588652099000000,1.577160185000000,-93.539165010000005,44.065337769999999,2,0
509,509,63.290999999999997,90.786000000000001,58.213000000000001,72.195571990000005,0.198194512000000,0.178449736000000,0.286812568000000,0.641211200000000,60.067999999999998,-0.010262377000000,-0.043750530000000,60.078262379999998,0.345885004000000,0.382153635000000,1.434421956000000,1.474932489000000,-93.539589609999993,44.065492169999999,1,0
510,510,36.164999999999999,57.631000000000000,35.917999999999999,44.419748269999999,0.230478529000000,0.228858373000000,0.370883583000000,0.623240964000000,43.179000000000002,-0.053964877000000,-0.056630741000000,43.232964879999997,0.434936448000000,0.437710709000000,1.593557307000000,1.597198162000000,-93.539165010000005,44.065299170000003,2,0
511,511,35.859999999999999,56.902999999999999,35.643000000000001,43.948130249999998,0.228283570000000,0.226846911000000,0.368399860000000,0.626381737000000,42.302999999999997,-0.052170459000000,-0.054536392000000,42.355170459999997,0.431489575000000,0.433956147000000,1.586809816000000,1.590020332000000,-93.539165010000005,44.065260570000000,2,0
512,512,36.932000000000002,58.494999999999997,36.744999999999997,45.224744970000003,0.227165687000000,0.225963302000000,0.367455097000000,0.628173348000000,43.313000000000002,-0.051373967000000,-0.053354720000000,43.364373970000003,0.429972462000000,0.432039076000000,1.583856818000000,1.586536405000000,-93.539165010000005,44.065221970000003,2,0
513,513,36.896999999999998,58.405999999999999,36.381999999999998,45.078817530000002,0.229011368000000,0.225690692000000,0.365048115000000,0.622915454000000,43.533000000000001,-0.051260204000000,-0.056735391000000,43.584260200000003,0.429504042000000,0.435218258000000,1.582947123000000,1.590373761000000,-93.539165010000005,44.065183370000000,2,0
514,514,36.798999999999999,58.683000000000000,36.014000000000003,45.073529129999997,0.234268768000000,0.229195032000000,0.367996233000000,0.613704139000000,44.552999999999997,-0.054483787000000,-0.062841455000000,44.607483790000003,0.435512437000000,0.444207800000000,1.594690073000000,1.606181878000000,-93.539165010000005,44.065144770000003,2,0
515,515,38.698999999999998,61.588000000000001,38.408000000000001,47.489889480000002,0.230019522000000,0.228234966000000,0.369899320000000,0.623627979000000,46.069000000000003,-0.053422257000000,-0.056359638000000,46.122422260000000,0.433869166000000,0.436927712000000,1.591462312000000,1.595467452000000,-93.539165010000005,44.065106170000000,2,0
516,516,42.180000000000000,66.000000000000000,41.222999999999999,51.102798780000001,0.225609671000000,0.220188575000000,0.355750706000000,0.624590909000000,48.597000000000001,-0.046505090000000,-0.055472782000000,48.643505089999998,0.420013625000000,0.429418490000000,1.564722617000000,1.576726493000000,-93.539165010000005,44.065067569999997,2,0
517,517,48.405000000000001,73.412000000000006,46.002000000000002,57.296159770000003,0.217289652000000,0.205283335000000,0.329842379000000,0.626627799000000,52.417000000000002,-0.033637431000000,-0.053684029000000,52.450637430000000,0.393964514000000,0.415254040000000,1.516620184000000,1.542554903000000,-93.539165010000005,44.065028970000000,3,0
518,518,54.982999999999997,82.203999999999994,52.444000000000003,64.629717209999995,0.209616127000000,0.198422591000000,0.321218272000000,0.637973821000000,56.981000000000002,-0.027568277000000,-0.046313103000000,57.008568279999999,0.381812636000000,0.401821252000000,1.495080298000000,1.518804524000000,-93.539165010000005,44.064990369999997,1,0
519,519,49.442999999999998,75.055000000000007,47.575000000000003,58.711849739999998,0.214836036000000,0.205722180000000,0.332956333000000,0.633868496000000,53.091999999999999,-0.033908864000000,-0.049107065000000,53.125908860000003,0.394738394000000,0.410869796000000,1.518010639000000,1.537604279000000,-93.539165010000005,44.064951770000000,3,0
520,520,61.868000000000002,90.293999999999997,57.165999999999997,71.294243379999998,0.205438853000000,0.186814053000000,0.299233652000000,0.633109620000000,61.554000000000002,-0.017574333000000,-0.049021631000000,61.571574329999997,0.361028400000000,0.394898039000000,1.459462081000000,1.498387462000000,-93.539589609999993,44.065453570000003,1,0
521,521,44.804000000000002,69.451999999999998,43.430000000000000,53.904680130000003,0.223080242000000,0.215726089000000,0.348007794000000,0.625323965000000,50.670000000000002,-0.042656926000000,-0.054855853000000,50.712656930000001,0.412266236000000,0.425109304000000,1.550129453000000,1.566290975000000,-93.539165010000005,44.064913169999997,3,0
522,522,50.723999999999997,76.489000000000004,47.951000000000001,59.785142239999999,0.215785228000000,0.202534332000000,0.325061189000000,0.626900600000000,54.302999999999997,-0.031258706000000,-0.053421936000000,54.334258710000000,0.389107418000000,0.412697000000000,1.507944957000000,1.536441252000000,-93.539126409999994,44.065646569999998,3,0
523,523,44.929000000000002,67.099999999999994,41.259000000000000,52.355611359999997,0.217852152000000,0.197904114000000,0.313282464000000,0.614888227000000,48.012000000000000,-0.027395491000000,-0.060914096000000,48.039395489999997,0.380890265000000,0.416713008000000,1.493467471000000,1.536453602000000,-93.539126409999994,44.065607970000002,3,0
524,524,41.902999999999999,65.558999999999997,39.399999999999999,50.352768509999997,0.234510712000000,0.220133629000000,0.347565455000000,0.600985372000000,49.814999999999998,-0.046947474000000,-0.070807969000000,49.861947469999997,0.419918504000000,0.444952391000000,1.564541918000000,1.596962013000000,-93.539126409999994,44.065569369999999,2,0
525,525,38.234000000000002,60.829999999999998,36.761000000000003,46.595775119999999,0.237293738000000,0.228094969000000,0.362679165000000,0.604323525000000,46.664999999999999,-0.053763298000000,-0.068946070000000,46.718763299999999,0.433629366000000,0.449442750000000,1.590992311000000,1.611943689000000,-93.539126409999994,44.065530770000002,2,0
526,526,38.027999999999999,61.000000000000000,37.491999999999997,46.807331509999997,0.235317942000000,0.231974795000000,0.373309932000000,0.614622951000000,46.479999999999997,-0.056847348000000,-0.062343979000000,46.536847350000002,0.440258277000000,0.445962230000000,1.604081203000000,1.611681622000000,-93.539126409999994,44.065492169999999,2,0
527,527,37.456000000000003,59.433000000000000,36.423999999999999,45.687128749999999,0.233395246000000,0.226826575000000,0.363466468000000,0.612858176000000,44.985999999999997,-0.052467501000000,-0.063305154000000,45.038467500000003,0.431454679000000,0.442754874000000,1.586741777000000,1.601573219000000,-93.539126409999994,44.065453570000003,2,0
528,528,38.377000000000002,59.982999999999997,37.350999999999999,46.425034980000000,0.226057007000000,0.219662464000000,0.354144470000000,0.622693096000000,44.238000000000000,-0.046092063000000,-0.056676320000000,44.284092059999999,0.419102560000000,0.430208239000000,1.562993460000000,1.577161501000000,-93.539126409999994,44.065414969999999,2,0
529,529,37.787999999999997,60.104999999999997,37.216000000000001,46.280214000000001,0.231571506000000,0.227973400000000,0.367799990000000,0.619183096000000,45.206000000000003,-0.053303629000000,-0.059230695000000,45.259303629999998,0.433421094000000,0.439594327000000,1.590584312000000,1.598683740000000,-93.539126409999994,44.065376370000003,2,0
530,530,38.000999999999998,60.097999999999999,37.670000000000002,46.457416000000002,0.227322622000000,0.225252041000000,0.365668801000000,0.626809544000000,44.524999999999999,-0.050796574000000,-0.054209724000000,44.575796570000001,0.428749960000000,0.432313382000000,1.581484698000000,1.586098652000000,-93.539126409999994,44.065337769999999,2,0
531,531,61.564000000000000,89.716999999999999,57.552999999999997,71.067137259999996,0.202032484000000,0.186097395000000,0.300369153000000,0.641494923000000,60.317000000000000,-0.016890928000000,-0.043780227000000,60.333890930000003,0.359736315000000,0.388700636000000,1.457296472000000,1.490359756000000,-93.539589609999993,44.065414969999999,1,0
532,532,36.899999999999999,58.948000000000000,36.412999999999997,45.322486230000003,0.233163711000000,0.230030882000000,0.370959872000000,0.617713917000000,44.582999999999998,-0.055103167000000,-0.060258126000000,44.638103170000001,0.436941359000000,0.442300337000000,1.597506775000000,1.604590021000000,-93.539126409999994,44.065299170000003,2,0
533,533,38.588999999999999,60.985999999999997,38.143999999999998,47.128787570000000,0.227669158000000,0.224925935000000,0.364587912000000,0.625455022000000,45.238999999999997,-0.050547855000000,-0.055071559000000,45.289547849999998,0.428189068000000,0.432913383000000,1.580398559000000,1.586514490000000,-93.539126409999994,44.065260570000000,2,0
534,534,39.875999999999998,62.374000000000002,39.326000000000001,48.398159499999998,0.223319441000000,0.220029340000000,0.357542432000000,0.630487062000000,45.545999999999999,-0.046247952000000,-0.051686727000000,45.592247950000001,0.419737944000000,0.425442146000000,1.564199017000000,1.571450126000000,-93.539126409999994,44.065221970000003,2,0
535,535,40.005000000000003,62.924999999999997,38.597999999999999,48.475977739999998,0.231089786000000,0.222675605000000,0.356276814000000,0.613396901000000,47.247000000000000,-0.048880787000000,-0.062798881000000,47.295880789999998,0.424311946000000,0.438878647000000,1.572928384000000,1.591794222000000,-93.539126409999994,44.065183370000000,2,0
536,536,39.296999999999997,62.892000000000003,37.843000000000004,48.068529280000000,0.239715361000000,0.230895693000000,0.366689460000000,0.601714049000000,48.643999999999998,-0.056245715000000,-0.070782393000000,48.700245719999998,0.438418082000000,0.453519193000000,1.600427514000000,1.620647253000000,-93.539126409999994,44.065144770000003,2,0
537,537,41.628000000000000,65.072000000000003,39.978000000000002,50.217845609999998,0.229223140000000,0.219718838000000,0.351368364000000,0.614365626000000,48.537999999999997,-0.046310967000000,-0.062059750000000,48.584310969999997,0.419200212000000,0.435726163000000,1.563178630000000,1.584373543000000,-93.539126409999994,44.065106170000000,2,0
538,538,46.335999999999999,72.153000000000006,44.936000000000000,55.893721769999999,0.225122889000000,0.217885205000000,0.350998600000000,0.622787687000000,53.033999999999999,-0.044562337000000,-0.056555607000000,53.078562339999998,0.416020278000000,0.428623894000000,1.557169372000000,1.573159611000000,-93.539126409999994,44.065067569999997,3,0
539,539,56.143000000000001,83.453999999999994,52.787999999999997,65.582465920000004,0.210184202000000,0.195641740000000,0.314610236000000,0.632540082000000,57.976999999999997,-0.025229618000000,-0.049644203000000,58.002229620000001,0.376858944000000,0.402980860000000,1.486454233000000,1.517269605000000,-93.539126409999994,44.065028970000000,1,0
540,540,58.898000000000003,86.775999999999996,54.156999999999996,68.146971629999996,0.211079981000000,0.191372517000000,0.304620999000000,0.624101134000000,60.497000000000000,-0.021612262000000,-0.054827329000000,60.518612259999998,0.369222823000000,0.404889071000000,1.473326768000000,1.515080053000000,-93.539126409999994,44.064990369999997,1,0
541,541,52.774000000000001,78.570999999999998,49.701000000000001,61.721650760000003,0.210567875000000,0.196406411000000,0.315969330000000,0.632561632000000,54.667000000000002,-0.025890658000000,-0.049653679000000,54.692890660000003,0.378222700000000,0.403632475000000,1.488820252000000,1.518862798000000,-93.539126409999994,44.064951770000000,3,0
542,542,62.329000000000001,90.841999999999999,57.764000000000003,71.818876119999999,0.204094414000000,0.186151426000000,0.298856478000000,0.635873274000000,61.591000000000001,-0.016978690000000,-0.047277123000000,61.607978690000003,0.359833764000000,0.392477633000000,1.457459609000000,1.494846103000000,-93.539589609999993,44.065376370000003,1,0
543,543,47.354999999999997,72.280000000000001,45.506999999999998,56.384931420000001,0.217747302000000,0.208342040000000,0.336242715000000,0.629593248000000,51.698000000000000,-0.036229427000000,-0.051895944000000,51.734229429999999,0.399349744000000,0.415944622000000,1.526343575000000,1.546710684000000,-93.539126409999994,44.064913169999997,3,0
544,544,55.439999999999998,82.039000000000001,51.387999999999998,64.406825889999993,0.211327914000000,0.193476822000000,0.308963771000000,0.626385012000000,57.250000000000000,-0.023418596000000,-0.053454547000000,57.273418599999999,0.372991354000000,0.405189028000000,1.479779942000000,1.517655912000000,-93.539087809999998,44.065646569999998,1,0
545,545,52.991999999999997,74.887000000000000,48.036000000000001,59.787602200000002,0.194360492000000,0.171216541000000,0.274225668000000,0.641446446000000,48.746000000000002,-0.003968962000000,-0.043410738000000,48.749968959999997,0.332680517000000,0.375606374000000,1.413175574000000,1.460146391000000,-93.539087809999998,44.065607970000002,1,0
546,546,50.636000000000003,75.016999999999996,46.344999999999999,58.706654389999997,0.214776431000000,0.194034364000000,0.307421698000000,0.617793300000000,53.052999999999997,-0.023992139000000,-0.058919290000000,53.076992140000002,0.373988318000000,0.411426064000000,1.481495379000000,1.525830589000000,-93.539087809999998,44.065569369999999,3,0
547,547,46.098999999999997,69.677000000000007,43.277999999999999,54.323068810000002,0.218496837000000,0.203651879000000,0.325222765000000,0.621123183000000,49.976999999999997,-0.032306009000000,-0.057136570000000,50.009306010000003,0.391083910000000,0.417493405000000,1.511464457000000,1.543583893000000,-93.539087809999998,44.065530770000002,3,0
548,548,46.378999999999998,71.799000000000007,44.503000000000000,55.637592359999999,0.224820880000000,0.215099257000000,0.345028843000000,0.619827574000000,52.716000000000001,-0.042220050000000,-0.058364529000000,52.758220049999998,0.411174423000000,0.428182366000000,1.548092887000000,1.569525593000000,-93.539087809999998,44.065492169999999,3,0
549,549,45.052000000000000,69.247000000000000,42.372999999999998,53.604417859999998,0.226050044000000,0.211681642000000,0.336387398000000,0.611910985000000,51.069000000000003,-0.039408446000000,-0.063347631000000,51.108408449999999,0.405206345000000,0.430504224000000,1.537046080000000,1.568747212000000,-93.539087809999998,44.065453570000003,3,0
550,550,44.298999999999999,67.055999999999997,40.951999999999998,52.076785749999999,0.222740389000000,0.204364420000000,0.323239067000000,0.610713434000000,48.860999999999997,-0.033073989000000,-0.063839482000000,48.894073990000003,0.392342719000000,0.425055871000000,1.513713628000000,1.553836373000000,-93.539087809999998,44.065414969999999,3,0
551,551,42.759000000000000,66.340000000000003,40.468000000000004,51.208679940000003,0.229047692000000,0.216143136000000,0.343591089000000,0.610009044000000,49.453000000000003,-0.043307682000000,-0.064752251000000,49.496307680000001,0.412992164000000,0.435567545000000,1.551486237000000,1.580199384000000,-93.539087809999998,44.065376370000003,2,0
552,552,40.576000000000001,63.837000000000003,38.462000000000003,48.992855900000002,0.235283873000000,0.222778773000000,0.352701248000000,0.602503250000000,48.636000000000003,-0.049208049000000,-0.069922660000000,48.685208050000000,0.424489947000000,0.446170896000000,1.573269913000000,1.601552874000000,-93.539087809999998,44.065337769999999,2,0
553,553,61.954000000000001,91.007999999999996,57.895000000000003,71.815934179999999,0.205943054000000,0.189942600000000,0.305616039000000,0.636152866000000,62.167000000000002,-0.020262073000000,-0.047212092000000,62.187262070000003,0.366656883000000,0.395611873000000,1.468960842000000,1.502483947000000,-93.539589609999993,44.065337769999999,1,0
554,554,42.790999999999997,67.698999999999998,41.704000000000001,52.132676570000001,0.231489861000000,0.225432166000000,0.362108569000000,0.616020916000000,50.902999999999999,-0.051195185000000,-0.061194265000000,50.954195190000000,0.429059665000000,0.439498428000000,1.582085018000000,1.595699103000000,-93.539087809999998,44.065299170000003,2,0
555,555,40.595999999999997,64.391999999999996,39.511000000000003,49.515936830000001,0.233025836000000,0.226654475000000,0.363425325000000,0.613601068000000,48.677000000000000,-0.052302092000000,-0.062814276000000,48.729302089999997,0.431159325000000,0.442121811000000,1.586166125000000,1.600539842000000,-93.539087809999998,44.065260570000000,2,0
556,556,43.890999999999998,68.058000000000007,41.890000000000001,52.640552630000002,0.226839480000000,0.215875086000000,0.344952112000000,0.615504423000000,50.335000000000001,-0.042970898000000,-0.061180845000000,50.377970900000001,0.412525631000000,0.431698276000000,1.550614021000000,1.574896399000000,-93.539087809999998,44.065221970000003,3,0
557,557,46.576999999999998,71.268000000000001,44.030000000000001,55.338912329999999,0.222734545000000,0.209520981000000,0.334498408000000,0.617808834000000,51.929000000000002,-0.037437529000000,-0.059465637000000,51.966437530000000,0.401420008000000,0.424737645000000,1.530111428000000,1.559034983000000,-93.539087809999998,44.065183370000000,3,0
558,558,46.841999999999999,72.534000000000006,44.093000000000004,55.974835919999997,0.229374203000000,0.215219140000000,0.341272266000000,0.607894229000000,54.133000000000003,-0.042547517000000,-0.066090818000000,54.175547520000002,0.411383302000000,0.436189118000000,1.548482131000000,1.579984052000000,-93.539087809999998,44.065144770000003,3,0
559,559,47.143000000000001,72.209999999999994,44.039999999999999,55.905480200000000,0.225960620000000,0.210024046000000,0.332837624000000,0.609887827000000,53.237000000000002,-0.038005300000000,-0.064592730000000,53.275005299999997,0.402302490000000,0.430439999000000,1.531722631000000,1.566848145000000,-93.539087809999998,44.065106170000000,3,0
560,560,49.801000000000002,77.944999999999993,47.283999999999999,59.975937629999997,0.232453800000000,0.220312182000000,0.349780020000000,0.606632882000000,58.805000000000000,-0.046983946000000,-0.067116494000000,58.851983949999997,0.420227585000000,0.441344995000000,1.565129214000000,1.592394400000000,-93.539087809999998,44.065067569999997,3,0
561,561,54.478000000000002,82.250000000000000,50.856000000000002,64.081322599999993,0.219268143000000,0.203118600000000,0.323411589000000,0.618310030000000,59.165999999999997,-0.031883316000000,-0.058915473000000,59.197883320000003,0.390141085000000,0.418907163000000,1.509783766000000,1.544772195000000,-93.539087809999998,44.065028970000000,3,0
562,562,57.210999999999999,84.498000000000005,52.704000000000001,66.309180209999994,0.211827429000000,0.192556577000000,0.306578282000000,0.623730739000000,59.081000000000003,-0.022645605000000,-0.055101254000000,59.103645600000000,0.371344432000000,0.406164279000000,1.476953733000000,1.517866814000000,-93.539087809999998,44.064990369999997,1,0
563,563,53.805000000000000,80.144999999999996,50.709000000000003,62.953956009999999,0.210631259000000,0.196640538000000,0.316430605000000,0.632715703000000,55.776000000000003,-0.026091336000000,-0.049563791000000,55.802091339999997,0.378640012000000,0.403734396000000,1.489545581000000,1.519233103000000,-93.539087809999998,44.064951770000000,3,0
564,564,56.685000000000002,84.114999999999995,52.838000000000001,66.031246879999998,0.211364054000000,0.194815341000000,0.311839203000000,0.628163823000000,58.707000000000001,-0.024561295000000,-0.052375050000000,58.731561290000002,0.375383736000000,0.405166509000000,1.483902267000000,1.519039444000000,-93.539628210000004,44.065569369999999,1,0
565,565,62.607999999999997,91.828999999999994,58.435000000000002,72.495922019999995,0.205496536000000,0.189209840000000,0.304379075000000,0.636345817000000,62.615000000000002,-0.019625878000000,-0.047070540000000,62.634625880000002,0.365340362000000,0.394842577000000,1.466729491000000,1.500809717000000,-93.539589609999993,44.065299170000003,1,0
566,566,47.771000000000001,73.031000000000006,45.780999999999999,56.896090559999998,0.219144123000000,0.209102498000000,0.336705722000000,0.626870781000000,52.509999999999998,-0.036928138000000,-0.053652534000000,52.546928139999999,0.400685483000000,0.418391037000000,1.528772686000000,1.550588080000000,-93.539087809999998,44.064913169999997,3,0
567,567,66.939999999999998,96.686999999999998,62.593000000000004,76.913854880000002,0.197707080000000,0.181797625000000,0.294425639000000,0.647377621000000,63.841000000000001,-0.013133233000000,-0.040035364000000,63.854133230000002,0.351962749000000,0.381021322000000,1.444383030000000,1.477041295000000,-93.539049210000002,44.065646569999998,1,0
568,568,67.981999999999999,93.230000000000004,61.905999999999999,75.599246160000007,0.178828379000000,0.156613652000000,0.254244457000000,0.664013729000000,56.572000000000003,0.008716464000000,-0.029408654000000,56.563283540000000,0.305728446000000,0.347536876000000,1.371392427000000,1.414822392000000,-93.539049210000002,44.065607970000002,1,0
569,569,63.131000000000000,89.632000000000005,57.652999999999999,71.515236119999997,0.194902149000000,0.173477871000000,0.278635264000000,0.643218940000000,58.479999999999997,-0.005933959000000,-0.042381758000000,58.485933959999997,0.336819309000000,0.376422765000000,1.419777922000000,1.463347705000000,-93.539049210000002,44.065569369999999,1,0
570,570,61.337000000000003,87.869000000000000,56.476999999999997,69.935304049999999,0.197321088000000,0.177821267000000,0.286124082000000,0.642740898000000,57.923999999999999,-0.009710088000000,-0.042790119000000,57.933710089999998,0.344741664000000,0.380580851000000,1.432561097000000,1.472487127000000,-93.539049210000002,44.065530770000002,1,0
571,571,62.988000000000000,91.022000000000006,59.567000000000000,72.573457309999995,0.195302677000000,0.182027141000000,0.296835128000000,0.654424205000000,59.488999999999997,-0.013291693000000,-0.035716393000000,59.502291690000000,0.352378612000000,0.376588375000000,1.445068902000000,1.472192162000000,-93.539049210000002,44.065492169999999,1,0
572,572,63.207000000000001,92.281999999999996,60.058999999999997,73.298876419999999,0.199129390000000,0.186990720000000,0.304673583000000,0.650820312000000,61.298000000000002,-0.017593297000000,-0.038039787000000,61.315593300000003,0.361346759000000,0.383347430000000,1.459996519000000,1.485046725000000,-93.539049210000002,44.065453570000003,1,0
573,573,62.033999999999999,89.790000000000006,58.735999999999997,71.555057939999998,0.195804894000000,0.182816946000000,0.298169474000000,0.654148569000000,58.810000000000002,-0.013974164000000,-0.035902356000000,58.823974159999999,0.353808879000000,0.377469927000000,1.447432053000000,1.474004299000000,-93.539049210000002,44.065414969999999,1,0
574,574,61.709000000000003,90.070999999999998,59.164000000000001,71.696500650000004,0.196897165000000,0.186862564000000,0.306232185000000,0.656859589000000,59.268999999999998,-0.017437803000000,-0.034328542000000,59.286437800000002,0.361115824000000,0.379287128000000,1.459608809000000,1.480223764000000,-93.539049210000002,44.065376370000003,1,0
575,575,58.097999999999999,84.769999999999996,55.343000000000004,67.389856190000003,0.198242992000000,0.186689812000000,0.304735790000000,0.652860682000000,56.098999999999997,-0.017318918000000,-0.036777979000000,56.116318919999998,0.360804474000000,0.381745219000000,1.459086371000000,1.482882693000000,-93.539049210000002,44.065337769999999,1,0
576,576,61.003999999999998,89.703000000000003,56.915999999999997,70.728464990000006,0.206796580000000,0.190429111000000,0.305988848000000,0.634493830000000,61.485999999999997,-0.020698092000000,-0.048263439000000,61.506698090000000,0.367530377000000,0.397137862000000,1.470444561000000,1.504803969000000,-93.539589609999993,44.065260570000000,1,0
577,577,54.063000000000002,81.099000000000004,53.518000000000001,64.197694909999996,0.202450895000000,0.200026635000000,0.331144971000000,0.659909493000000,54.616999999999997,-0.028677125000000,-0.032721009000000,54.645677130000003,0.384662664000000,0.388970635000000,1.500083236000000,1.505152992000000,-93.539049210000002,44.065299170000003,1,0
578,578,49.283000000000001,74.597999999999999,47.573999999999998,58.472104940000001,0.212714334000000,0.204349335000000,0.331752002000000,0.637738277000000,52.338999999999999,-0.032672130000000,-0.046626812000000,52.371672130000000,0.392316080000000,0.407142309000000,1.513665970000000,1.531560279000000,-93.539049210000002,44.065260570000000,3,0
579,579,54.591000000000001,81.018000000000001,52.295999999999999,63.976467599999999,0.205073571000000,0.194876446000000,0.317201397000000,0.645486188000000,55.149000000000001,-0.024430430000000,-0.041529496000000,55.173430430000003,0.375492864000000,0.393789286000000,1.484090784000000,1.505468860000000,-93.539049210000002,44.065221970000003,1,0
580,580,60.442000000000000,88.563999999999993,57.844999999999999,70.339323960000002,0.199180813000000,0.188730655000000,0.308487182000000,0.653143489000000,58.841000000000001,-0.019072666000000,-0.036649569000000,58.860072670000001,0.364478844000000,0.383366161000000,1.465272493000000,1.486858727000000,-93.539049210000002,44.065183370000000,1,0
581,581,63.777000000000001,92.111999999999995,59.478000000000002,73.234233250000003,0.198286712000000,0.181763947000000,0.293897999000000,0.645713913000000,60.969000000000001,-0.013113430000000,-0.041059215000000,60.982113429999998,0.351901719000000,0.382090865000000,1.444282422000000,1.478238808000000,-93.539049210000002,44.065144770000003,1,0
582,582,64.984999999999999,93.376000000000005,59.430999999999997,74.103916589999997,0.200329083000000,0.179280252000000,0.286980693000000,0.636469757000000,62.335999999999999,-0.011005914000000,-0.046707868000000,62.347005910000000,0.347394748000000,0.386048508000000,1.436885435000000,1.480275568000000,-93.539049210000002,44.065106170000000,1,0
583,583,61.201999999999998,90.543999999999997,56.783000000000001,71.106047160000003,0.210995309000000,0.193362593000000,0.308983499000000,0.627131560000000,63.103000000000002,-0.023311865000000,-0.052979681000000,63.126311870000002,0.372787017000000,0.404591884000000,1.479428777000000,1.516813923000000,-93.539049210000002,44.065067569999997,1,0
584,584,53.353000000000002,81.379999999999995,49.011000000000003,62.905551240000001,0.227802839000000,0.208018822000000,0.326952241000000,0.602248710000000,60.396000000000001,-0.036386494000000,-0.069469479000000,60.432386489999999,0.398781634000000,0.433860050000000,1.525312541000000,1.569043483000000,-93.539049210000002,44.065028970000000,3,0
585,585,56.420000000000002,83.308000000000007,52.305000000000000,65.470737200000002,0.210252015000000,0.192431009000000,0.307562083000000,0.627850867000000,57.890999999999998,-0.022496133000000,-0.052496186000000,57.913496129999999,0.371119574000000,0.403302546000000,1.476568593000000,1.514279193000000,-93.539049210000002,44.064990369999997,1,0
586,586,52.526000000000003,79.063999999999993,49.789000000000001,61.884411860000000,0.214300250000000,0.201671860000000,0.324421462000000,0.629730345000000,55.813000000000002,-0.030475413000000,-0.051601343000000,55.843475410000003,0.387580235000000,0.410079233000000,1.505235502000000,1.532299576000000,-93.539049210000002,44.064951770000000,3,0
587,587,62.420000000000002,90.688999999999993,57.790999999999997,71.787999929999998,0.202815753000000,0.184633170000000,0.296575673000000,0.637243767000000,61.167000000000002,-0.015651968000000,-0.046380275000000,61.182651970000002,0.357093243000000,0.390234538000000,1.452883691000000,1.490644948000000,-93.539589609999993,44.065221970000003,1,0
588,588,49.850000000000001,75.031999999999996,47.207999999999998,58.718023320000000,0.214493246000000,0.201646354000000,0.324201148000000,0.629171553000000,53.006000000000000,-0.030460805000000,-0.051954210000000,53.036460810000001,0.387535048000000,0.410426286000000,1.505155466000000,1.532698259000000,-93.539049210000002,44.064913169999997,3,0
589,589,66.828999999999994,95.786000000000001,62.171999999999997,76.390293060000005,0.195184872000000,0.178070904000000,0.288292863000000,0.649071889000000,62.570999999999998,-0.009900039000000,-0.038904385000000,62.580900040000003,0.345195905000000,0.376603267000000,1.433299915000000,1.468193599000000,-93.539010610000005,44.065646569999998,1,0
590,590,69.757999999999996,94.634000000000000,62.722000000000001,76.932485130000003,0.176498378000000,0.151321232000000,0.244673945000000,0.662785046000000,56.787999999999997,0.013328989000000,-0.030043062000000,56.774671009999999,0.295867653000000,0.343578731000000,1.356604260000000,1.405494529000000,-93.539010610000005,44.065607970000002,1,0
591,591,63.901000000000003,92.367999999999995,59.060000000000002,73.264973040000001,0.200765688000000,0.182166649000000,0.292843255000000,0.639398926000000,61.774999999999999,-0.013498414000000,-0.044973041000000,61.788498410000003,0.352631336000000,0.386633840000000,1.445485986000000,1.483908827000000,-93.539010610000005,44.065569369999999,1,0
592,592,57.293999999999997,84.257000000000005,51.970999999999997,66.037437179999998,0.213295461000000,0.190482582000000,0.300993525000000,0.616815220000000,59.249000000000002,-0.020904083000000,-0.059412367000000,59.269904080000003,0.367626352000000,0.409017500000000,1.470607743000000,1.519143345000000,-93.539010610000005,44.065530770000002,1,0
593,593,61.759999999999998,90.977999999999994,57.576999999999998,71.662182060000006,0.207834234000000,0.191294897000000,0.307037547000000,0.632867287000000,62.619000000000000,-0.021463044000000,-0.049307943000000,62.640463040000000,0.369083644000000,0.398974065000000,1.473089378000000,1.507897068000000,-93.539010610000005,44.065492169999999,1,0
594,594,60.441000000000003,88.652000000000001,56.470999999999997,70.003012850000005,0.205264160000000,0.189217468000000,0.304582065000000,0.636996345000000,60.392000000000003,-0.019626977000000,-0.046664786000000,60.411626980000001,0.365354073000000,0.394417936000000,1.466752701000000,1.500314991000000,-93.539010610000005,44.065453570000003,1,0
595,595,60.392000000000003,89.989999999999995,56.691000000000003,70.614595390000005,0.211729498000000,0.196818768000000,0.315910813000000,0.629969997000000,62.896999999999998,-0.026276724000000,-0.051298817000000,62.923276719999997,0.378957617000000,0.405707751000000,1.490098026000000,1.521811223000000,-93.539010610000005,44.065414969999999,1,0
596,596,61.734999999999999,90.793999999999997,58.314999999999998,71.776040309999999,0.204012757000000,0.190514591000000,0.308436114000000,0.642278124000000,61.537999999999997,-0.020702510000000,-0.043411242000000,61.558702510000003,0.367683800000000,0.392065195000000,1.470705435000000,1.498883358000000,-93.539010610000005,44.065376370000003,1,0
597,597,59.066000000000003,86.769999999999996,56.026000000000003,68.694342149999997,0.202500069000000,0.189966812000000,0.308473444000000,0.645683992000000,58.448000000000000,-0.020199939000000,-0.041283649000000,58.468199939999998,0.366700365000000,0.389342882000000,1.469034639000000,1.495111912000000,-93.539010610000005,44.065337769999999,1,0
598,598,61.351999999999997,89.956000000000003,57.000999999999998,70.958353610000003,0.206390291000000,0.189044862000000,0.303307284000000,0.633654231000000,61.558999999999997,-0.019505638000000,-0.048747774000000,61.578505640000003,0.365043803000000,0.396485840000000,1.466227670000000,1.502586603000000,-93.539589609999993,44.065183370000000,1,0
599,599,50.738999999999997,79.073999999999998,49.462000000000003,61.301530820000004,0.224297365000000,0.218275519000000,0.352640291000000,0.625515340000000,57.947000000000003,-0.044843955000000,-0.054816344000000,57.991843950000003,0.416697804000000,0.427173658000000,1.558446166000000,1.571730900000000,-93.539010610000005,44.065299170000003,3,0
600,600,51.734000000000002,79.977000000000004,50.881000000000000,62.347422950000002,0.218376884000000,0.214431596000000,0.349412347000000,0.636195406000000,57.338999999999999,-0.041345733000000,-0.047885997000000,57.380345730000002,0.410010536000000,0.416902248000000,1.545927243000000,1.554509751000000,-93.539010610000005,44.065260570000000,3,0
601,601,52.866999999999997,80.275000000000006,50.945999999999998,62.807882280000001,0.214617779000000,0.205855403000000,0.333446883000000,0.634643413000000,56.737000000000002,-0.034011994000000,-0.048621312000000,56.771011989999998,0.394973242000000,0.410477589000000,1.518433049000000,1.537264086000000,-93.539010610000005,44.065221970000003,3,0
602,602,56.722000000000001,85.126000000000005,53.765000000000001,66.719553320000003,0.212884565000000,0.200242513000000,0.322468581000000,0.631593168000000,59.765000000000001,-0.029216872000000,-0.050380087000000,59.794216870000000,0.385045819000000,0.407608697000000,1.500758083000000,1.527754491000000,-93.539010610000005,44.065183370000000,1,0
603,603,59.542000000000002,88.515000000000001,55.164000000000001,69.337872970000006,0.213631502000000,0.195688147000000,0.311896483000000,0.623216404000000,62.323999999999998,-0.025372378000000,-0.055532647000000,62.349372379999998,0.376941743000000,0.409221501000000,1.486597696000000,1.524889201000000,-93.539010610000005,44.065144770000003,1,0
604,604,62.393999999999998,91.022999999999996,57.567999999999998,71.861608640000000,0.205570713000000,0.186609046000000,0.298688562000000,0.632455533000000,62.084000000000003,-0.017401237000000,-0.049424367000000,62.101401240000001,0.360658890000000,0.395154956000000,1.458842196000000,1.498478646000000,-93.539010610000005,44.065106170000000,1,0
605,605,61.156999999999996,89.498000000000005,56.378000000000000,70.542066730000002,0.207266694000000,0.188118549000000,0.300614148000000,0.629935864000000,61.460999999999999,-0.018732279000000,-0.051048867000000,61.479732280000000,0.363377675000000,0.398155154000000,1.463413837000000,1.503606568000000,-93.539010610000005,44.065067569999997,1,0
606,606,50.584000000000003,77.263999999999996,46.079000000000001,59.586746269999999,0.230362553000000,0.208685314000000,0.326285022000000,0.596383827000000,57.865000000000002,-0.037063826000000,-0.073326166000000,57.902063830000003,0.399952857000000,0.438386595000000,1.527439507000000,1.575628727000000,-93.539010610000005,44.065028970000000,3,0
607,607,53.206000000000003,79.966999999999999,50.198999999999998,62.571396890000003,0.214662469000000,0.200949141000000,0.322522718000000,0.627746445000000,56.529000000000003,-0.029876971000000,-0.052834675000000,56.558876970000000,0.386299302000000,0.410764799000000,1.502969590000000,1.532369925000000,-93.539010610000005,44.064990369999997,3,0
608,608,50.920000000000002,76.548000000000002,48.197000000000003,59.931609670000000,0.214021482000000,0.201054382000000,0.323296035000000,0.629631081000000,53.978999999999999,-0.029943358000000,-0.051644892000000,54.008943360000004,0.386485897000000,0.409609344000000,1.503299293000000,1.531064992000000,-93.539010610000005,44.064951770000000,3,0
609,609,60.207000000000001,88.427000000000007,56.203000000000003,69.768651960000000,0.206107807000000,0.189862346000000,0.305308825000000,0.635586416000000,60.444000000000003,-0.020197523000000,-0.047563673000000,60.464197519999999,0.366512747000000,0.395917306000000,1.468716262000000,1.502762806000000,-93.539589609999993,44.065144770000003,1,0
610,610,48.533999999999999,73.751000000000005,46.432000000000002,57.592504669999997,0.216671891000000,0.206214990000000,0.332445651000000,0.629577904000000,52.536000000000001,-0.034397245000000,-0.051839471000000,52.570397249999999,0.395606943000000,0.414115000000000,1.519573907000000,1.542144194000000,-93.539010610000005,44.064913169999997,3,0
611,611,63.692999999999998,92.376999999999995,59.405000000000001,73.301346969999997,0.200278056000000,0.183789325000000,0.296736151000000,0.643071327000000,61.655999999999999,-0.014882469000000,-0.042742778000000,61.670882470000002,0.355568088000000,0.385625811000000,1.450347762000000,1.484402332000000,-93.538972009999995,44.065646569999998,1,0
612,612,64.879000000000005,90.516000000000005,59.168999999999997,72.808885579999995,0.186783794000000,0.164979568000000,0.266424875000000,0.653685536000000,56.984000000000002,0.001466229000000,-0.035790720000000,56.982533770000003,0.321216191000000,0.361895853000000,1.395150973000000,1.438614751000000,-93.538972009999995,44.065607970000002,1,0
613,613,64.766000000000005,94.557000000000002,60.990000000000002,74.956523189999999,0.201219551000000,0.186984930000000,0.302960349000000,0.645007773000000,63.357999999999997,-0.017632187000000,-0.041627140000000,63.375632189999997,0.361336326000000,0.387162161000000,1.459979001000000,1.489477889000000,-93.538972009999995,44.065569369999999,1,0
614,614,59.076000000000001,85.420000000000002,53.930999999999997,67.565037649999994,0.203747089000000,0.182316466000000,0.290885000000000,0.631362679000000,57.832999999999998,-0.013675558000000,-0.049976062000000,57.846675560000001,0.352902695000000,0.392130484000000,1.445934051000000,1.490480038000000,-93.538972009999995,44.065530770000002,1,0
615,615,62.097999999999999,92.052999999999997,58.350999999999999,72.421809819999993,0.209016434000000,0.194322450000000,0.312682672000000,0.633884827000000,63.656999999999996,-0.024074126000000,-0.048760012000000,63.681074129999999,0.374503204000000,0.400940738000000,1.482382685000000,1.513425662000000,-93.538972009999995,44.065492169999999,1,0
616,616,60.756000000000000,89.988000000000000,56.715000000000003,70.724165850000006,0.210138277000000,0.193918166000000,0.310882813000000,0.630250700000000,62.505000000000003,-0.023761804000000,-0.051031770000000,62.528761799999998,0.373780591000000,0.402998794000000,1.481137665000000,1.515476506000000,-93.538972009999995,44.065453570000003,1,0
617,617,60.237000000000002,89.147999999999996,55.969999999999999,70.020242249999995,0.210826375000000,0.193533487000000,0.309489911000000,0.627832369000000,62.088999999999999,-0.023453045000000,-0.052543157000000,62.112453039999998,0.373092709000000,0.404273294000000,1.479954181000000,1.516609050000000,-93.538972009999995,44.065414969999999,1,0
618,618,58.725000000000001,88.658000000000001,54.457999999999998,68.979563040000002,0.220768402000000,0.203096694000000,0.322119989000000,0.614248009000000,64.132999999999996,-0.031921166000000,-0.061517729000000,64.164921170000000,0.390102342000000,0.421601909000000,1.509714772000000,1.548119318000000,-93.538972009999995,44.065376370000003,3,0
619,619,58.165999999999997,87.057000000000002,55.174999999999997,68.328826100000001,0.211417439000000,0.198942316000000,0.320839996000000,0.633780167000000,60.773000000000003,-0.028067146000000,-0.048962564000000,60.801067150000002,0.382736664000000,0.405035124000000,1.496699103000000,1.523242827000000,-93.538972009999995,44.065337769999999,1,0
620,620,59.234999999999999,87.950999999999993,55.793999999999997,69.178836029999999,0.209235179000000,0.195100077000000,0.314206933000000,0.634375959000000,60.872999999999998,-0.024741354000000,-0.048474727000000,60.897741349999997,0.375892180000000,0.401294020000000,1.484780957000000,1.514667674000000,-93.539589609999993,44.065106170000000,1,0
621,621,53.064999999999998,82.334000000000003,50.479999999999997,63.621307180000002,0.227889774000000,0.216168509000000,0.344669626000000,0.613112444000000,61.122999999999998,-0.043270084000000,-0.062739739000000,61.166270079999997,0.413036317000000,0.433530976000000,1.551568831000000,1.577587383000000,-93.538972009999995,44.065299170000003,3,0
622,622,53.070999999999998,81.933000000000007,51.188000000000002,63.638978819999998,0.222310490000000,0.213786258000000,0.344349528000000,0.624754372000000,59.606999999999999,-0.040998539000000,-0.055157042000000,59.647998540000003,0.408884623000000,0.423815629000000,1.543837501000000,1.562521707000000,-93.538972009999995,44.065260570000000,3,0
623,623,53.020000000000003,80.676000000000002,50.216999999999999,62.826439409999999,0.219642540000000,0.206857348000000,0.331292900000000,0.622452774000000,58.115000000000002,-0.035060056000000,-0.056397318000000,58.150060060000001,0.396738280000000,0.419371970000000,1.521614485000000,1.549386464000000,-93.538972009999995,44.065221970000003,3,0
624,624,54.698999999999998,82.786000000000001,51.234000000000002,64.473315290000002,0.219660780000000,0.204291377000000,0.325642601000000,0.618872756000000,59.639000000000003,-0.032892290000000,-0.058597174000000,59.671892290000002,0.392213728000000,0.419540769000000,1.513482879000000,1.546827008000000,-93.538972009999995,44.065183370000000,3,0
625,625,57.634999999999998,86.197999999999993,53.161000000000001,67.275504089999998,0.217520269000000,0.198584469000000,0.315014558000000,0.616731247000000,61.600000000000001,-0.027965319000000,-0.059761211000000,61.627965320000001,0.382100503000000,0.416061437000000,1.495584280000000,1.536373871000000,-93.538972009999995,44.065144770000003,3,0
626,626,61.320000000000000,90.262000000000000,56.899999999999999,71.051579959999998,0.208553142000000,0.190932960000000,0.305675841000000,0.630387095000000,62.304000000000002,-0.021172092000000,-0.050853311000000,62.325172090000002,0.368434496000000,0.400308171000000,1.471983040000000,1.509113611000000,-93.538972009999995,44.065106170000000,1,0
627,627,59.784999999999997,88.266999999999996,55.197000000000003,69.310937859999996,0.211144500000000,0.192378354000000,0.306736309000000,0.625341294000000,61.552000000000000,-0.022474895000000,-0.054077511000000,61.574474899999998,0.371025273000000,0.404932305000000,1.476407126000000,1.516189530000000,-93.538972009999995,44.065067569999997,1,0
628,628,50.875999999999998,77.338999999999999,45.978000000000002,59.675971660000002,0.229887251000000,0.206395508000000,0.321789462000000,0.594499541000000,57.823999999999998,-0.035090962000000,-0.074456494000000,57.859090960000003,0.395924966000000,0.437731533000000,1.520147024000000,1.572263142000000,-93.538972009999995,44.065028970000000,3,0
629,629,51.741999999999997,78.972999999999999,48.384000000000000,61.250797949999999,0.224046003000000,0.208323452000000,0.330750264000000,0.612665088000000,57.820000000000000,-0.036483732000000,-0.062732902000000,57.856483730000001,0.399317077000000,0.427134551000000,1.526284257000000,1.560772214000000,-93.538972009999995,44.064990369999997,3,0
630,630,49.390000000000001,75.405000000000001,47.326999999999998,58.779619640000000,0.218533736000000,0.208461877000000,0.335816079000000,0.627637425000000,54.093000000000004,-0.036363742000000,-0.053143700000000,54.129363740000002,0.399560320000000,0.417333770000000,1.526726058000000,1.548572793000000,-93.538972009999995,44.064951770000000,3,0
631,631,59.966999999999999,89.012000000000000,55.914000000000001,69.870243139999999,0.211439070000000,0.194960364000000,0.312093698000000,0.628162495000000,62.143000000000001,-0.024687032000000,-0.052380511000000,62.167687030000003,0.375642719000000,0.405293386000000,1.484349726000000,1.519346021000000,-93.539589609999993,44.065067569999997,1,0
632,632,42.238999999999997,65.787000000000006,41.076999999999998,50.988176469999999,0.224570711000000,0.217984559000000,0.351730422000000,0.624393877000000,48.258000000000003,-0.044616138000000,-0.055526716000000,48.302616139999998,0.416192775000000,0.427657297000000,1.557494259000000,1.572029601000000,-93.538972009999995,44.064913169999997,2,0
633,633,61.621000000000002,90.180999999999997,57.265000000000001,71.201686839999994,0.205434957000000,0.188139814000000,0.302103938000000,0.635000721000000,61.475999999999999,-0.018709792000000,-0.047879388000000,61.494709790000002,0.363415942000000,0.394799094000000,1.463478360000000,1.499646336000000,-93.538933409999999,44.065646569999998,1,0
634,634,66.129000000000005,92.614000000000004,60.213000000000001,74.332592689999998,0.188997657000000,0.166842002000000,0.268801380000000,0.650150085000000,58.886000000000003,-0.000152542000000,-0.037979320000000,58.886152539999998,0.324647047000000,0.365909882000000,1.400505073000000,1.444901857000000,-93.538933409999999,44.065607970000002,1,0
635,635,61.741999999999997,90.445999999999998,56.942999999999998,71.262563170000007,0.207649452000000,0.188608826000000,0.301370151000000,0.629580081000000,62.207000000000001,-0.019161196000000,-0.051287471000000,62.226161200000000,0.364259735000000,0.398820371000000,1.464902336000000,1.504909583000000,-93.538933409999999,44.065569369999999,1,0
636,636,59.345999999999997,86.212000000000003,55.454000000000001,68.385190350000002,0.200623903000000,0.184572473000000,0.298166563000000,0.643228321000000,57.624000000000002,-0.015559270000000,-0.042666109000000,57.639559269999999,0.356983587000000,0.386211853000000,1.452701109000000,1.485887650000000,-93.538933409999999,44.065530770000002,1,0
637,637,62.514000000000003,91.191999999999993,58.817000000000000,72.303574249999997,0.201020694000000,0.186576972000000,0.302226812000000,0.644979823000000,61.052999999999997,-0.017280012000000,-0.041634082000000,61.070280009999998,0.360601071000000,0.386821183000000,1.458745241000000,1.488659708000000,-93.538933409999999,44.065492169999999,1,0
638,638,61.006000000000000,89.596999999999994,56.454999999999998,70.560899160000005,0.208096948000000,0.189843496000000,0.303681438000000,0.630099222000000,61.732999999999997,-0.020229115000000,-0.051000203000000,61.753229109999999,0.366478890000000,0.399550392000000,1.468658820000000,1.507068783000000,-93.538933409999999,44.065453570000003,1,0
639,639,61.048000000000002,89.694000000000003,57.286999999999999,70.837072000000006,0.205066454000000,0.190033302000000,0.306521855000000,0.638693781000000,61.052999999999997,-0.020318321000000,-0.045629215000000,61.073318319999998,0.366819768000000,0.394008865000000,1.469237321000000,1.500679213000000,-93.538933409999999,44.065414969999999,1,0
640,640,59.979999999999997,89.489999999999995,56.131999999999998,70.135254860000003,0.213045423000000,0.197430923000000,0.316162763000000,0.627243267000000,62.868000000000002,-0.026838260000000,-0.053040340000000,62.894838260000000,0.380047967000000,0.408049027000000,1.491997332000000,1.525306413000000,-93.538933409999999,44.065376370000003,1,0
641,641,60.412999999999997,88.869000000000000,55.884000000000000,69.929610289999999,0.208958117000000,0.190619097000000,0.304674618000000,0.628835702000000,61.441000000000003,-0.020913797000000,-0.051818527000000,61.461913799999998,0.367871352000000,0.401068969000000,1.471024448000000,1.509696272000000,-93.538933409999999,44.065337769999999,1,0
642,642,61.801000000000002,90.938999999999993,57.247999999999998,71.569543859999996,0.208784855000000,0.190768626000000,0.305135509000000,0.629520888000000,62.829000000000001,-0.021037393000000,-0.051392461000000,62.850037389999997,0.368139668000000,0.400742210000000,1.471481044000000,1.509461317000000,-93.539589609999993,44.065028970000000,1,0
643,643,60.194000000000003,88.361000000000004,55.835999999999999,69.638693390000000,0.207315407000000,0.189606543000000,0.303788867000000,0.631907742000000,60.692000000000000,-0.020007730000000,-0.049858360000000,60.712007730000003,0.366053237000000,0.398138607000000,1.467937004000000,1.505137492000000,-93.538933409999999,44.065299170000003,1,0
644,644,59.744000000000000,87.935000000000002,55.994000000000000,69.371554680000003,0.206208334000000,0.190893763000000,0.307476686000000,0.636765793000000,60.131999999999998,-0.021079868000000,-0.046856481000000,60.153079869999999,0.368364177000000,0.396038118000000,1.471863283000000,1.503981019000000,-93.538933409999999,44.065260570000000,1,0
645,645,58.731999999999999,87.337999999999994,54.670999999999999,68.474550769999993,0.212695129000000,0.195837612000000,0.312979354000000,0.625970368000000,61.273000000000003,-0.025471628000000,-0.053793694000000,61.298471630000002,0.377208388000000,0.407514045000000,1.487059865000000,1.522967623000000,-93.538933409999999,44.065221970000003,1,0
646,646,60.029000000000003,88.253000000000000,55.206000000000003,69.377650790000004,0.210018475000000,0.190340028000000,0.303236065000000,0.625542474000000,61.271000000000001,-0.020700975000000,-0.053883276000000,61.291700970000001,0.367370471000000,0.403027217000000,1.470172750000000,1.511754208000000,-93.538933409999999,44.065183370000000,1,0
647,647,60.418999999999997,88.004000000000005,55.432000000000002,69.445101100000002,0.206116652000000,0.185853944000000,0.296641610000000,0.629880460000000,60.156999999999996,-0.016763876000000,-0.051012730000000,60.173763880000003,0.359297158000000,0.396215741000000,1.456561678000000,1.498950886000000,-93.538933409999999,44.065144770000003,1,0
648,648,60.792999999999999,89.379000000000005,55.683999999999997,70.202332220000002,0.210953986000000,0.190355060000000,0.302535772000000,0.623009879000000,62.280999999999999,-0.020736826000000,-0.055482473000000,62.301736830000003,0.367397454000000,0.404737818000000,1.470218611000000,1.513829364000000,-93.538933409999999,44.065106170000000,1,0
649,649,62.210999999999999,90.331000000000003,56.439000000000000,71.216240659999997,0.207181804000000,0.184342673000000,0.292602728000000,0.624802117000000,62.012000000000000,-0.015482747000000,-0.054150377000000,62.027482749999997,0.356568361000000,0.398306584000000,1.452010095000000,1.499862673000000,-93.538933409999999,44.065067569999997,1,0
650,650,61.451999999999998,88.796000000000006,55.581000000000003,70.119720200000003,0.205546033000000,0.181992439000000,0.288844053000000,0.625940358000000,60.558999999999997,-0.013424736000000,-0.053357884000000,60.572424740000002,0.352315741000000,0.395491154000000,1.444965176000000,1.494099083000000,-93.538933409999999,44.065028970000000,1,0
651,651,57.390999999999998,84.286000000000001,52.427999999999997,66.198066089999998,0.211044897000000,0.189833212000000,0.301347914000000,0.622025010000000,58.753000000000000,-0.020291080000000,-0.056087169000000,58.773291080000000,0.366460419000000,0.404946531000000,1.468627485000000,1.513533572000000,-93.538933409999999,44.064990369999997,1,0
652,652,48.063000000000002,72.578999999999994,45.143999999999998,56.614909539999999,0.217947266000000,0.203212811000000,0.324723834000000,0.621998099000000,51.951000000000001,-0.031913431000000,-0.056563280000000,51.982913430000004,0.390307692000000,0.416533618000000,1.510080519000000,1.541918127000000,-93.538933409999999,44.064951770000000,3,0
653,653,64.554000000000002,93.581999999999994,60.095999999999997,74.243605459999998,0.200484904000000,0.183563515000000,0.296083231000000,0.642174777000000,62.514000000000003,-0.014692621000000,-0.043291543000000,62.528692620000001,0.355159723000000,0.386020635000000,1.449670044000000,1.484629216000000,-93.539589609999993,44.064990369999997,1,0
654,654,35.039000000000001,56.177999999999997,33.472000000000001,42.833296969999999,0.242415698000000,0.231744083000000,0.366074985000000,0.595820428000000,43.844999999999999,-0.057129338000000,-0.074723512000000,43.902129340000002,0.439865071000000,0.458128220000000,1.603299181000000,1.627913385000000,-93.538933409999999,44.064913169999997,2,0
655,655,63.570999999999998,90.718999999999994,58.786000000000001,72.403965819999996,0.194476538000000,0.175954372000000,0.284260345000000,0.648000970000000,59.081000000000003,-0.008070360000000,-0.039509846000000,59.089070360000001,0.341340851000000,0.375436115000000,1.427050070000000,1.464725561000000,-93.538894810000002,44.065646569999998,1,0
656,656,64.778999999999996,88.988000000000000,58.095999999999997,71.857099399999996,0.183150463000000,0.157439503000000,0.253044287000000,0.652852070000000,55.100999999999999,0.008036325000000,-0.036125232000000,55.092963670000003,0.307262821000000,0.355706996000000,1.373716791000000,1.424439845000000,-93.538894810000002,44.065607970000002,1,0
657,657,59.524999999999999,85.974999999999994,54.451000000000001,68.068195340000003,0.202758756000000,0.181786942000000,0.290502916000000,0.633335272000000,57.973999999999997,-0.013203235000000,-0.048729939000000,57.987203229999999,0.351943389000000,0.390345649000000,1.444351113000000,1.487845140000000,-93.538894810000002,44.065569369999999,1,0
658,658,56.884000000000000,83.048000000000002,53.371000000000002,65.780502179999999,0.202065489000000,0.186976531000000,0.302260833000000,0.642652442000000,55.841000000000001,-0.017642768000000,-0.043085726000000,55.858642770000003,0.361321193000000,0.388708648000000,1.459953590000000,1.491276192000000,-93.538894810000002,44.065530770000002,1,0
659,659,61.526000000000003,88.031000000000006,57.542000000000002,70.346730320000006,0.193114899000000,0.177223400000000,0.288050861000000,0.653656098000000,56.994000000000000,-0.009148282000000,-0.036080329000000,57.003148279999998,0.343653291000000,0.372826185000000,1.430793486000000,1.463047767000000,-93.538894810000002,44.065492169999999,1,0
660,660,60.783000000000001,87.355000000000004,56.475999999999999,69.558147590000004,0.196770890000000,0.179373287000000,0.289891122000000,0.646511362000000,57.451000000000001,-0.011039323000000,-0.040508470000000,57.462039320000002,0.347563787000000,0.379450287000000,1.437161706000000,1.472768199000000,-93.538894810000002,44.065453570000003,1,0
661,661,59.871000000000002,86.206000000000003,56.253999999999998,68.752026860000001,0.195077234000000,0.180281632000000,0.293187714000000,0.652553187000000,56.286999999999999,-0.011795523000000,-0.036822830000000,56.298795519999999,0.349213319000000,0.376268080000000,1.439862371000000,1.470053009000000,-93.538894810000002,44.065414969999999,1,0
662,662,58.156999999999996,84.540999999999997,54.448000000000000,67.067135600000000,0.200495586000000,0.184893972000000,0.298968839000000,0.644042536000000,56.476999999999997,-0.015831922000000,-0.042170777000000,56.492831920000000,0.357564328000000,0.385956865000000,1.453668518000000,1.485921499000000,-93.538894810000002,44.065376370000003,1,0
663,663,59.073999999999998,86.004000000000005,55.183999999999997,68.146164839999997,0.201735449000000,0.185624285000000,0.299575055000000,0.641644575000000,57.750000000000000,-0.016480411000000,-0.043674786000000,57.766480410000000,0.358882770000000,0.388185507000000,1.455868910000000,1.489270126000000,-93.538894810000002,44.065337769999999,1,0
664,664,61.426000000000002,89.513000000000005,56.761000000000003,70.728452000000004,0.204698314000000,0.186081795000000,0.298233133000000,0.634109012000000,60.838999999999999,-0.016931151000000,-0.048375542000000,60.855931150000004,0.359708178000000,0.393591250000000,1.457249373000000,1.496085828000000,-93.539589609999993,44.064951770000000,1,0
665,665,61.170999999999999,89.120999999999995,57.268000000000001,70.625934110000003,0.201573407000000,0.185971309000000,0.300460096000000,0.642587045000000,59.802999999999997,-0.016773945000000,-0.043099827000000,59.819773939999997,0.359508886000000,0.387867439000000,1.456915859000000,1.489256305000000,-93.538894810000002,44.065299170000003,1,0
666,666,60.689000000000000,87.156000000000006,56.570999999999998,69.473258880000003,0.195670366000000,0.179018567000000,0.289973048000000,0.649077516000000,57.052000000000000,-0.010720296000000,-0.038923568000000,57.062720300000002,0.346919190000000,0.377439275000000,1.436108685000000,1.470107789000000,-93.538894810000002,44.065260570000000,1,0
667,667,61.238999999999997,87.977000000000004,56.948999999999998,70.079374639999997,0.196388139000000,0.179189899000000,0.289789416000000,0.647316912000000,57.765999999999998,-0.010876725000000,-0.040008731000000,57.776876719999997,0.347230565000000,0.378754912000000,1.436617188000000,1.471785569000000,-93.538894810000002,44.065221970000003,1,0
668,668,59.465000000000003,86.155000000000001,55.009000000000000,68.275813999999997,0.201670944000000,0.183285263000000,0.294555849000000,0.638488770000000,57.835999999999999,-0.014474478000000,-0.045568686000000,57.850474480000003,0.354656381000000,0.388222717000000,1.448835449000000,1.486906564000000,-93.538894810000002,44.065183370000000,1,0
669,669,60.241999999999997,86.682000000000002,55.460000000000001,68.844460650000002,0.199476936000000,0.179956985000000,0.289075483000000,0.639809880000000,57.661999999999999,-0.011577990000000,-0.044657680000000,57.673577989999998,0.348623951000000,0.384415326000000,1.438896451000000,1.479076852000000,-93.538894810000002,44.065144770000003,1,0
670,670,60.908999999999999,88.269999999999996,56.363999999999997,69.948551749999993,0.201716738000000,0.183410534000000,0.294790713000000,0.638540841000000,59.267000000000003,-0.014582837000000,-0.045539863000000,59.281582839999999,0.354883007000000,0.388298176000000,1.449211118000000,1.487123324000000,-93.538894810000002,44.065106170000000,1,0
671,671,61.476999999999997,87.150000000000006,55.869000000000000,69.512323100000003,0.195284694000000,0.172734429000000,0.276773971000000,0.641067126000000,56.954000000000001,-0.005292035000000,-0.043684962000000,56.959292040000001,0.335459686000000,0.377202773000000,1.417603331000000,1.463484523000000,-93.538894810000002,44.065067569999997,1,0
672,672,62.640000000000001,89.049999999999997,57.560000000000002,71.102802800000006,0.194099899000000,0.174105083000000,0.280569425000000,0.646378439000000,57.899999999999999,-0.006470729000000,-0.040458781000000,57.906470730000002,0.337965558000000,0.374873977000000,1.421615581000000,1.462222915000000,-93.538894810000002,44.065028970000000,1,0
673,673,58.494000000000000,83.744000000000000,53.524999999999999,66.582107699999995,0.198452990000000,0.177519369000000,0.284625703000000,0.639150267000000,55.469000000000001,-0.009462462000000,-0.044998289000000,55.478462460000003,0.344192167000000,0.382707586000000,1.431668205000000,1.474623250000000,-93.538894810000002,44.064990369999997,1,0
674,674,46.482999999999997,70.227000000000004,43.616000000000000,54.756601650000000,0.218409650000000,0.203444435000000,0.324841984000000,0.621071668000000,50.354999999999997,-0.032127041000000,-0.057162282000000,50.387127040000003,0.390717225000000,0.417348946000000,1.510810404000000,1.543180958000000,-93.538894810000002,44.064951770000000,3,0
675,675,57.200000000000003,85.927000000000007,53.201999999999998,67.046606010000005,0.217717250000000,0.200709859000000,0.319455101000000,0.619153467000000,61.451999999999998,-0.029781642000000,-0.058290930000000,61.481781640000001,0.385874959000000,0.416271208000000,1.502220280000000,1.538907400000000,-93.539628210000004,44.065530770000002,3,0
676,676,62.573000000000000,91.426000000000002,58.771999999999998,72.406817790000005,0.202194630000000,0.187358359000000,0.302991799000000,0.642836830000000,61.506999999999998,-0.017971434000000,-0.042981421000000,61.524971430000001,0.362009059000000,0.388922765000000,1.461109424000000,1.491921041000000,-93.539589609999993,44.064913169999997,1,0
677,677,33.723999999999997,54.537999999999997,33.798999999999999,41.849229469999997,0.235295783000000,0.235820625000000,0.382167710000000,0.619733030000000,41.552999999999997,-0.060006063000000,-0.059145837000000,41.613006059999996,0.446794402000000,0.445904959000000,1.617186573000000,1.615990705000000,-93.538894810000002,44.064913169999997,2,0
678,678,53.835999999999999,77.418999999999997,48.720999999999997,61.280100900000001,0.203115834000000,0.179673155000000,0.285736787000000,0.629315801000000,52.280999999999999,-0.011382629000000,-0.051171267000000,52.292382629999999,0.348108517000000,0.391191430000000,1.438052604000000,1.486662948000000,-93.538856210000006,44.065646569999998,1,0
679,679,56.079999999999998,77.962999999999994,50.143000000000001,62.550023230000001,0.189598282000000,0.163253583000000,0.260822408000000,0.643164065000000,49.703000000000003,0.002980683000000,-0.042146526000000,49.700019320000003,0.318031086000000,0.367392409000000,1.390210414000000,1.442990821000000,-93.538856210000006,44.065607970000002,1,0
680,680,51.066000000000003,74.617000000000004,46.536999999999999,58.711513390000000,0.209170424000000,0.187384133000000,0.297563996000000,0.623678250000000,51.631000000000000,-0.018143073000000,-0.054959935000000,51.649143070000001,0.362055480000000,0.401708954000000,1.461187483000000,1.507082353000000,-93.538856210000006,44.065569369999999,3,0
681,681,49.332999999999998,73.911000000000001,46.573000000000000,57.924160590000000,0.213007943000000,0.199425530000000,0.320564490000000,0.630122715000000,51.915999999999997,-0.028529535000000,-0.051283440000000,51.944529529999997,0.383595268000000,0.407870889000000,1.498206069000000,1.527206117000000,-93.538856210000006,44.065530770000002,3,0
682,682,52.453000000000003,77.721000000000004,49.747000000000000,61.282501740000001,0.206651089000000,0.194109423000000,0.314173101000000,0.640071538000000,53.241999999999997,-0.023826013000000,-0.044881920000000,53.265826009999998,0.374122484000000,0.396670628000000,1.481726498000000,1.508093235000000,-93.538856210000006,44.065492169999999,1,0
683,683,52.125999999999998,76.984999999999999,49.616000000000000,60.842851009999997,0.204245401000000,0.192539753000000,0.312711491000000,0.644489186000000,52.228000000000002,-0.022428620000000,-0.042089891000000,52.250428620000001,0.371314306000000,0.392390094000000,1.476902122000000,1.501373642000000,-93.538856210000006,44.065453570000003,1,0
684,684,52.776000000000003,78.545000000000002,50.149000000000001,61.831883370000000,0.208314905000000,0.196229088000000,0.317461686000000,0.638474760000000,54.164999999999999,-0.025671461000000,-0.045938172000000,54.190671459999997,0.377906560000000,0.399575900000000,1.488271184000000,1.513791560000000,-93.538856210000006,44.065414969999999,1,0
685,685,51.792000000000002,76.533000000000001,48.838999999999999,60.346110820000000,0.206683563000000,0.192799532000000,0.311262361000000,0.638143023000000,52.435000000000002,-0.022714547000000,-0.046049988000000,52.457714549999999,0.371779407000000,0.396795282000000,1.477699259000000,1.506871422000000,-93.538856210000006,44.065376370000003,1,0
686,686,51.481999999999999,77.018000000000001,48.802000000000000,60.453298369999999,0.211355772000000,0.198723735000000,0.320409546000000,0.633644083000000,53.752000000000002,-0.027880114000000,-0.049041748000000,53.779880110000001,0.382348114000000,0.404934632000000,1.496018026000000,1.522889353000000,-93.538856210000006,44.065337769999999,3,0
687,687,62.438000000000002,87.998000000000005,57.963999999999999,70.715338140000000,0.187565368000000,0.169906139000000,0.276407994000000,0.658696789000000,55.594000000000001,-0.002806142000000,-0.032861804000000,55.596806139999998,0.330277788000000,0.362981856000000,1.409366091000000,1.444696431000000,-93.539551009999997,44.065646569999998,1,0
688,688,52.283999999999999,77.820999999999998,48.734000000000002,61.004719629999997,0.212826307000000,0.196279928000000,0.313834167000000,0.626231994000000,54.624000000000002,-0.025852303000000,-0.053642662000000,54.649852299999999,0.377997207000000,0.407723395000000,1.488428582000000,1.523690423000000,-93.538856210000006,44.065299170000003,3,0
689,689,53.661000000000001,79.021000000000001,50.402000000000001,62.354318120000002,0.205944183000000,0.191133688000000,0.308215848000000,0.637830450000000,53.978999999999999,-0.021277665000000,-0.046198466000000,54.000277660000002,0.368794542000000,0.395543679000000,1.472596485000000,1.503643980000000,-93.538856210000006,44.065260570000000,1,0
690,690,52.585000000000001,77.435000000000002,49.634000000000000,61.168879359999998,0.204796782000000,0.191124442000000,0.309133431000000,0.640976303000000,52.651000000000003,-0.021240830000000,-0.044237256000000,52.672240830000000,0.368777960000000,0.393458434000000,1.472568223000000,1.501163274000000,-93.538856210000006,44.065221970000003,1,0
691,691,50.430000000000000,75.048000000000002,47.417000000000002,58.945622100000001,0.210729885000000,0.196193755000000,0.315368750000000,0.631822300000000,52.249000000000002,-0.025715029000000,-0.050112496000000,52.274715030000003,0.377843560000000,0.403936758000000,1.488161808000000,1.519006159000000,-93.538856210000006,44.065183370000000,3,0
692,692,50.347999999999999,75.346000000000004,47.219999999999999,58.996240610000001,0.213985338000000,0.198879819000000,0.318551367000000,0.626708783000000,53.124000000000002,-0.028099518000000,-0.053425402000000,53.152099520000000,0.382625579000000,0.409660029000000,1.496504330000000,1.528812081000000,-93.538856210000006,44.065144770000003,3,0
693,693,50.348999999999997,75.048000000000002,46.387999999999998,58.648872249999997,0.216174499000000,0.196966435000000,0.312609956000000,0.618111076000000,53.359000000000002,-0.026541316000000,-0.058822365000000,53.385541320000002,0.379220707000000,0.413742353000000,1.490555920000000,1.531786175000000,-93.538856210000006,44.065106170000000,3,0
694,694,49.356999999999999,74.584000000000003,45.640000000000001,57.970958549999999,0.221862265000000,0.203540394000000,0.322179793000000,0.611927491000000,54.170999999999999,-0.032339708000000,-0.063025929000000,54.203339710000002,0.390886857000000,0.423536650000000,1.511112912000000,1.551029133000000,-93.538856210000006,44.065067569999997,3,0
695,695,50.121000000000002,75.384000000000000,46.649999999999999,58.796498190000001,0.218135324000000,0.201290785000000,0.320372836000000,0.618831582000000,53.997000000000000,-0.030290146000000,-0.058517034000000,54.027290149999999,0.386904963000000,0.416986385000000,1.504040223000000,1.540417420000000,-93.538856210000006,44.065028970000000,3,0
696,696,47.472000000000001,71.254000000000005,43.264000000000003,55.385006980000000,0.221964981000000,0.200309957000000,0.315151997000000,0.607179948000000,51.771999999999998,-0.029589481000000,-0.065957158000000,51.801589479999997,0.385165504000000,0.423968643000000,1.500968992000000,1.548086547000000,-93.538856210000006,44.064990369999997,3,0
697,697,44.295000000000002,67.265000000000001,42.292000000000002,52.520600760000001,0.216821864000000,0.205898171000000,0.331610556000000,0.628737085000000,47.942999999999998,-0.034136703000000,-0.052363310000000,47.977136700000003,0.395048629000000,0.414394454000000,1.518568687000000,1.542149826000000,-93.538856210000006,44.064951770000000,3,0
698,698,60.213000000000001,84.968999999999994,54.514000000000003,67.865338539999996,0.193950784000000,0.170517006000000,0.273040102000000,0.641575163000000,55.210999999999999,-0.003359106000000,-0.043312836000000,55.214359109999997,0.331398260000000,0.374901074000000,1.411140451000000,1.458646047000000,-93.539551009999997,44.065607970000002,1,0
699,699,34.930000000000000,56.539999999999999,34.777000000000001,43.306336060000000,0.237287116000000,0.236252323000000,0.381175807000000,0.615086664000000,43.372999999999998,-0.060500448000000,-0.062197122000000,43.433500449999997,0.447525916000000,0.449279501000000,1.618665903000000,1.621033810000000,-93.538856210000006,44.064913169999997,2,0
700,700,42.851999999999997,65.256000000000000,39.173000000000002,50.428706669999997,0.228134395000000,0.207237207000000,0.325001813000000,0.600297291000000,48.487000000000002,-0.035735770000000,-0.070707016000000,48.522735769999997,0.397406878000000,0.434514034000000,1.522822739000000,1.569029514000000,-93.538817609999995,44.065646569999998,3,0
701,701,45.210000000000001,66.010000000000005,41.100999999999999,51.931225040000001,0.209356436000000,0.187016724000000,0.296638572000000,0.622648084000000,45.709000000000003,-0.017830765000000,-0.055597061000000,45.726830769999999,0.361393613000000,0.402082757000000,1.460075205000000,1.507146506000000,-93.538817609999995,44.065607970000002,3,0
702,702,40.298000000000002,62.472999999999999,37.207999999999998,47.997360329999999,0.234327149000000,0.215770986000000,0.338224303000000,0.595585293000000,47.439999999999998,-0.043262204000000,-0.074166839000000,47.483262199999999,0.412344405000000,0.444898468000000,1.550275448000000,1.592012141000000,-93.538817609999995,44.065569369999999,2,0
703,703,37.124000000000002,59.762999999999998,35.957999999999998,45.617194529999999,0.241132248000000,0.233663959000000,0.371563623000000,0.601676623000000,46.444000000000003,-0.058635252000000,-0.070923256000000,46.502635249999997,0.443133349000000,0.455865041000000,1.609821140000000,1.627019476000000,-93.538817609999995,44.065530770000002,2,0
704,704,39.061999999999998,60.631000000000000,37.929000000000002,47.048085489999998,0.223305574000000,0.216354207000000,0.349216372000000,0.625571078000000,44.271000000000001,-0.043192222000000,-0.054717996000000,44.314192220000002,0.413359415000000,0.425487182000000,1.552173468000000,1.567462004000000,-93.538817609999995,44.065492169999999,2,0
705,705,37.277000000000001,57.972999999999999,35.704000000000001,44.815246940000002,0.227415880000000,0.217280840000000,0.347563228000000,0.615872906000000,42.965000000000003,-0.044177345000000,-0.060993937000000,43.009177340000001,0.414970522000000,0.432654377000000,1.555194892000000,1.577683704000000,-93.538817609999995,44.065453570000003,2,0
706,706,39.107999999999997,61.677000000000000,38.173000000000002,47.576835830000000,0.229635906000000,0.223932133000000,0.360458059000000,0.618917911000000,46.073000000000000,-0.049840959000000,-0.059261072000000,46.122840959999998,0.426478257000000,0.436325594000000,1.577094201000000,1.589853973000000,-93.538817609999995,44.065414969999999,2,0
707,707,38.581000000000003,61.594999999999999,37.789000000000001,47.294982490000002,0.234616156000000,0.229735665000000,0.368890955000000,0.613507590000000,46.820000000000000,-0.054953068000000,-0.062989889000000,46.874953069999997,0.436436858000000,0.444794241000000,1.596511236000000,1.607576579000000,-93.538817609999995,44.065376370000003,2,0
708,708,37.345999999999997,59.796999999999997,36.320999999999998,45.787989570000001,0.237642359000000,0.231112895000000,0.369126303000000,0.607405054000000,45.927000000000000,-0.056289336000000,-0.067041300000000,45.983289339999999,0.438788695000000,0.449955550000000,1.601162106000000,1.616069521000000,-93.538817609999995,44.065337769999999,2,0
709,709,59.490000000000002,84.103999999999999,53.834000000000003,67.108475549999994,0.194947644000000,0.171413847000000,0.274220143000000,0.640088462000000,54.884000000000000,-0.004143283000000,-0.044251069000000,54.888143280000001,0.333042019000000,0.376690613000000,1.413750210000000,1.461573498000000,-93.539551009999997,44.065569369999999,1,0
710,710,38.244000000000000,60.289999999999999,37.070999999999998,46.446193520000001,0.231067664000000,0.223740029000000,0.358687340000000,0.614878089000000,45.265000000000001,-0.049765127000000,-0.061875300000000,45.314765129999998,0.426147294000000,0.438809473000000,1.576456438000000,1.592894945000000,-93.538817609999995,44.065299170000003,2,0
711,711,38.095999999999997,59.258000000000003,36.296999999999997,45.754008890000001,0.228724424000000,0.217371654000000,0.346594166000000,0.612524891000000,44.122999999999998,-0.044321404000000,-0.063166007000000,44.167321399999999,0.415128314000000,0.434944381000000,1.555491390000000,1.580751093000000,-93.538817609999995,44.065260570000000,2,0
712,712,37.076999999999998,58.414000000000001,35.712000000000003,44.952739139999998,0.232252382000000,0.223445141000000,0.356931364000000,0.611360290000000,44.039000000000001,-0.049588805000000,-0.064154021000000,44.088588809999997,0.425639089000000,0.440872902000000,1.575478059000000,1.595280539000000,-93.538817609999995,44.065221970000003,2,0
713,713,36.463000000000001,58.213999999999999,35.554000000000002,44.656119699999998,0.235670885000000,0.229739007000000,0.367894051000000,0.610746556000000,44.411000000000001,-0.055023765000000,-0.064795632000000,44.466023770000000,0.436442571000000,0.446604343000000,1.596522502000000,1.610000580000000,-93.538817609999995,44.065183370000000,2,0
714,714,37.325000000000003,59.259999999999998,36.496000000000002,45.595545250000001,0.232394549000000,0.227105658000000,0.365041855000000,0.615862302000000,44.698999999999998,-0.052637116000000,-0.061358120000000,44.751637119999998,0.431933491000000,0.441024146000000,1.587675820000000,1.599595212000000,-93.538817609999995,44.065144770000003,2,0
715,715,37.247999999999998,59.328000000000003,36.210999999999999,45.528238889999997,0.235260131000000,0.228628231000000,0.365774870000000,0.610352616000000,45.197000000000003,-0.054077583000000,-0.065010882000000,45.251077580000000,0.434542545000000,0.445923826000000,1.592783505000000,1.607830053000000,-93.538817609999995,44.065106170000000,2,0
716,716,36.981000000000002,58.762999999999998,35.595999999999997,45.047233530000000,0.236445506000000,0.227502507000000,0.362140055000000,0.605755322000000,44.948999999999998,-0.053217603000000,-0.067980813000000,45.002217600000002,0.432614040000000,0.447998699000000,1.589005165000000,1.609331828000000,-93.538817609999995,44.065067569999997,2,0
717,717,36.774000000000001,58.792999999999999,35.956000000000003,45.099068209999999,0.235692217000000,0.230403800000000,0.369378135000000,0.611569405000000,44.856000000000002,-0.055575071000000,-0.064282293000000,44.911575069999998,0.437578355000000,0.446627367000000,1.598765432000000,1.610786544000000,-93.538817609999995,44.065028970000000,2,0
718,718,37.408999999999999,58.991000000000000,36.445999999999998,45.488761539999999,0.230023405000000,0.223879668000000,0.359975982000000,0.617823058000000,44.127000000000002,-0.049820092000000,-0.059968686000000,44.176820090000000,0.426387878000000,0.436997367000000,1.576919993000000,1.590674406000000,-93.538817609999995,44.064990369999997,2,0
719,719,36.054000000000002,56.960000000000001,35.161000000000001,43.896197389999998,0.230669511000000,0.224761864000000,0.361364147000000,0.617292837000000,42.704999999999998,-0.050590209000000,-0.060344061000000,42.755590210000001,0.427906778000000,0.438095567000000,1.579852444000000,1.593102213000000,-93.538817609999995,44.064951770000000,2,0
720,720,59.218000000000004,85.780000000000001,54.411000000000001,67.886024199999994,0.203131958000000,0.183188734000000,0.293220882000000,0.634308697000000,57.930999999999997,-0.014416601000000,-0.048165329000000,57.945416600000001,0.354481730000000,0.390923733000000,1.448546050000000,1.489963833000000,-93.539551009999997,44.065530770000002,1,0
721,721,35.655000000000001,55.895000000000003,35.161000000000001,43.327535400000002,0.224384741000000,0.221081376000000,0.358935253000000,0.629054477000000,40.973999999999997,-0.047178224000000,-0.052636314000000,41.021178220000003,0.421558260000000,0.427277583000000,1.567662319000000,1.574962584000000,-93.538817609999995,44.064913169999997,2,0
722,722,40.521999999999998,62.741000000000000,38.555000000000000,48.528182839999999,0.226853866000000,0.215169034000000,0.343373308000000,0.614510448000000,46.405000000000001,-0.042379670000000,-0.061797515000000,46.447379669999997,0.411296004000000,0.431753321000000,1.548319431000000,1.574188550000000,-93.538779009999999,44.065646569999998,2,0
723,723,44.715000000000003,65.936999999999998,42.018999999999998,52.002293389999998,0.206488326000000,0.191790478000000,0.309209855000000,0.637259809000000,45.140000000000001,-0.021850908000000,-0.046573351000000,45.161850909999998,0.369972057000000,0.396495880000000,1.474605837000000,1.505460807000000,-93.538779009999999,44.065607970000002,3,0
724,724,41.840000000000003,65.161000000000001,39.893999999999998,50.292719009999999,0.229128155000000,0.217951234000000,0.347519633000000,0.612237381000000,48.588000000000001,-0.044827938000000,-0.063374519000000,48.632827939999999,0.416134919000000,0.435627777000000,1.557385277000000,1.582281927000000,-93.538779009999999,44.065569369999999,2,0
725,725,36.798000000000002,58.219000000000001,35.457000000000001,44.724130750000000,0.234152830000000,0.225443868000000,0.359654130000000,0.609027981000000,44.183000000000000,-0.051365023000000,-0.065754097000000,44.234365019999998,0.429079783000000,0.444102483000000,1.582124028000000,1.601803463000000,-93.538779009999999,44.065530770000002,2,0
726,726,38.292999999999999,60.746000000000002,37.335999999999999,46.727605189999998,0.232664201000000,0.226708670000000,0.363888304000000,0.614624831000000,45.863000000000000,-0.052324840000000,-0.062149221000000,45.915324839999997,0.431252341000000,0.441496962000000,1.586347374000000,1.599773499000000,-93.538779009999999,44.065492169999999,2,0
727,727,38.863999999999997,60.921999999999997,37.478000000000002,46.998230690000000,0.229592403000000,0.221053054000000,0.354015536000000,0.615180066000000,45.502000000000002,-0.047444341000000,-0.061580604000000,45.549444340000001,0.421509287000000,0.436325423000000,1.567568958000000,1.586640106000000,-93.538779009999999,44.065453570000003,2,0
728,728,37.795999999999999,60.140000000000001,36.993000000000002,46.237932710000003,0.233204661000000,0.228148995000000,0.366637678000000,0.615114732000000,45.491000000000000,-0.053551127000000,-0.061882916000000,45.544551130000002,0.433721913000000,0.442398617000000,1.591173669000000,1.602592985000000,-93.538779009999999,44.065414969999999,2,0
729,729,38.000999999999998,62.289000000000001,37.862000000000002,47.460603190000000,0.243039099000000,0.242177685000000,0.389056193000000,0.607844082000000,48.715000000000003,-0.065779721000000,-0.067188314000000,48.780779719999998,0.457521707000000,0.458969206000000,1.639141075000000,1.641142507000000,-93.538779009999999,44.065376370000003,2,0
730,730,37.555000000000000,60.936999999999998,36.395000000000003,46.361952860000002,0.244729962000000,0.237399992000000,0.376539929000000,0.597256183000000,47.923999999999999,-0.061977804000000,-0.074017511000000,47.985977800000001,0.449468498000000,0.461898166000000,1.622606843000000,1.639648573000000,-93.538779009999999,44.065337769999999,2,0
731,731,60.921999999999997,87.959000000000003,56.011000000000003,69.726866860000001,0.201416420000000,0.181601413000000,0.291127382000000,0.636785320000000,58.984999999999999,-0.013022470000000,-0.046578685000000,58.998022470000002,0.351607149000000,0.387877789000000,1.443796986000000,1.484775887000000,-93.539551009999997,44.065492169999999,1,0
732,732,38.966000000000001,62.741000000000000,38.472000000000001,48.079368479999999,0.236763256000000,0.233759722000000,0.375978493000000,0.613187549000000,48.043999999999997,-0.058415312000000,-0.063349004000000,48.102415309999998,0.443296143000000,0.448407381000000,1.610147308000000,1.617002845000000,-93.538779009999999,44.065299170000003,2,0
733,733,39.204999999999998,62.877000000000002,37.825000000000003,48.032210650000003,0.240275367000000,0.231892008000000,0.368395661000000,0.601571322000000,48.723999999999997,-0.057109366000000,-0.070918539000000,48.781109370000003,0.440117197000000,0.454449081000000,1.603800536000000,1.623052896000000,-93.538779009999999,44.065260570000000,2,0
734,734,37.009999999999998,60.401000000000003,36.859000000000002,46.103531250000003,0.241088811000000,0.240126885000000,0.386296076000000,0.610238241000000,46.933000000000000,-0.063953229000000,-0.065527668000000,46.996953230000003,0.454071584000000,0.455692772000000,1.632018373000000,1.634241736000000,-93.538779009999999,44.065221970000003,2,0
735,735,37.689999999999998,60.286999999999999,36.106000000000002,46.038757969999999,0.240664712000000,0.230635761000000,0.365227651000000,0.598901919000000,46.777999999999999,-0.056092122000000,-0.072631131000000,46.834092120000001,0.437974414000000,0.455160061000000,1.599548952000000,1.622582944000000,-93.538779009999999,44.065183370000000,2,0
736,736,37.396999999999998,59.060000000000002,36.277000000000001,45.470283109999997,0.231738219000000,0.224587122000000,0.359970090000000,0.614239756000000,44.445999999999998,-0.050508536000000,-0.062321636000000,44.496508540000001,0.427606061000000,0.439948278000000,1.579271065000000,1.595343019000000,-93.538779009999999,44.065144770000003,2,0
737,737,38.000999999999998,60.930999999999997,37.159999999999997,46.681646510000000,0.237033240000000,0.231775361000000,0.371203782000000,0.609870181000000,46.701000000000001,-0.056796873000000,-0.065448373000000,46.757796870000000,0.439918386000000,0.448898051000000,1.603405174000000,1.615399016000000,-93.538779009999999,44.065106170000000,2,0
738,738,36.936999999999998,60.470999999999997,36.228999999999999,45.947884430000002,0.246131020000000,0.241602332000000,0.384674480000000,0.599113625000000,47.776000000000003,-0.065544722000000,-0.072961829000000,47.841544720000002,0.456554792000000,0.464180709000000,1.637138912000000,1.647724074000000,-93.538779009999999,44.065067569999997,2,0
739,739,37.253000000000000,60.933999999999997,36.401000000000003,46.280921790000001,0.246591176000000,0.241182641000000,0.383274528000000,0.597384055000000,48.213999999999999,-0.065234642000000,-0.074097245000000,48.279234639999999,0.455848973000000,0.464964777000000,1.635680348000000,1.648330896000000,-93.538779009999999,44.065028970000000,2,0
740,740,37.886000000000003,60.581000000000003,36.953000000000003,46.443265629999999,0.236340631000000,0.230483309000000,0.368940404000000,0.609976725000000,46.323000000000000,-0.055683060000000,-0.065328607000000,46.378683060000000,0.437714125000000,0.447737638000000,1.599033944000000,1.612366468000000,-93.538779009999999,44.064990369999997,2,0
741,741,37.668999999999997,60.085999999999999,36.554000000000002,46.063274860000000,0.236369248000000,0.229318193000000,0.366284865000000,0.608361349000000,45.948999999999998,-0.054720086000000,-0.066342538000000,46.003720090000002,0.435723089000000,0.447814191000000,1.595104728000000,1.611144824000000,-93.538779009999999,44.064951770000000,2,0
742,742,61.761000000000003,90.150000000000006,57.139000000000003,71.195292309999999,0.205213904000000,0.186879160000000,0.299550500000000,0.633821409000000,61.399999999999999,-0.017625448000000,-0.048578809000000,61.417625450000003,0.361145730000000,0.394480690000000,1.459659008000000,1.497961711000000,-93.539551009999997,44.065453570000003,1,0
743,743,38.183000000000000,60.012000000000000,37.167000000000002,46.334895140000000,0.228658880000000,0.222302561000000,0.357688274000000,0.619326135000000,44.673999999999999,-0.048431613000000,-0.058939732000000,44.722431610000001,0.423668110000000,0.434668750000000,1.571694209000000,1.585872721000000,-93.538779009999999,44.064913169999997,2,0
744,744,42.201999999999998,66.622000000000000,40.844999999999999,51.276419900000000,0.232080854000000,0.224399030000000,0.359228585000000,0.613085767000000,50.197000000000003,-0.050372489000000,-0.063065832000000,50.247372489999997,0.427282292000000,0.440546604000000,1.578645562000000,1.595920595000000,-93.538740410000003,44.065646569999998,2,0
745,745,45.348999999999997,68.834999999999994,42.463999999999999,53.534973999999998,0.221112013000000,0.205685560000000,0.327467931000000,0.616895475000000,49.856999999999999,-0.034130024000000,-0.059913947000000,49.891130019999999,0.394673832000000,0.422055127000000,1.517894551000000,1.551485392000000,-93.538740410000003,44.065607970000002,3,0
746,746,47.991000000000000,73.471000000000004,44.988999999999997,56.936028559999997,0.224914764000000,0.209777544000000,0.333189492000000,0.612336840000000,53.962000000000003,-0.037750449000000,-0.062999922000000,53.999750450000001,0.401870141000000,0.428595633000000,1.530932883000000,1.564220429000000,-93.538740410000003,44.065569369999999,3,0
747,747,44.140000000000001,68.575999999999993,41.899000000000001,52.935601050000002,0.229010130000000,0.216792647000000,0.345058390000000,0.610986351000000,51.113000000000000,-0.043850855000000,-0.064142548000000,51.156850859999999,0.414121955000000,0.435471136000000,1.553602175000000,1.580793596000000,-93.538740410000003,44.065530770000002,3,0
748,748,47.979999999999997,72.594999999999999,45.238999999999997,56.623556780000001,0.217990932000000,0.204146797000000,0.326736222000000,0.623169640000000,51.970999999999997,-0.032705320000000,-0.055848119000000,52.003705320000002,0.391958370000000,0.416561337000000,1.513026261000000,1.542956560000000,-93.538740410000003,44.065492169999999,3,0
749,749,45.667999999999999,67.649000000000001,43.003000000000000,53.264157539999999,0.208185061000000,0.193977956000000,0.312611998000000,0.635678281000000,46.627000000000002,-0.023757677000000,-0.047625384000000,46.650757679999998,0.373887480000000,0.399453677000000,1.481321713000000,1.511280564000000,-93.538740410000003,44.065453570000003,3,0
750,750,47.191000000000003,72.016000000000005,44.881999999999998,56.058566579999997,0.220067343000000,0.208251193000000,0.334006054000000,0.623222617000000,51.959000000000003,-0.036252278000000,-0.055952562000000,51.995252280000003,0.399190088000000,0.420062825000000,1.526053697000000,1.551761166000000,-93.538740410000003,44.065414969999999,3,0
751,751,47.063000000000002,72.227999999999994,44.609999999999999,56.041240920000000,0.223534593000000,0.210954724000000,0.336966564000000,0.617627513000000,52.783000000000001,-0.038680667000000,-0.059633559000000,52.821680669999999,0.403933636000000,0.426086425000000,1.534708795000000,1.562310533000000,-93.538740410000003,44.065376370000003,3,0
752,752,45.634999999999998,71.225999999999999,43.951000000000001,55.037522660000000,0.227833372000000,0.218986659000000,0.350994377000000,0.617063993000000,52.866000000000000,-0.045624705000000,-0.060285302000000,52.911624699999997,0.417931355000000,0.433324694000000,1.560775720000000,1.580440519000000,-93.538740410000003,44.065337769999999,3,0
753,753,60.350000000000001,88.022000000000006,55.930000000000000,69.565700079999999,0.204444384000000,0.186504192000000,0.299344454000000,0.635409329000000,59.764000000000003,-0.017288132000000,-0.047576627000000,59.781288130000000,0.360469868000000,0.393095343000000,1.458525269000000,1.495938589000000,-93.539551009999997,44.065414969999999,1,0
754,754,45.560000000000002,70.751999999999995,44.036000000000001,54.835293989999997,0.224612722000000,0.216589862000000,0.348552770000000,0.622399367000000,51.908000000000001,-0.043455484000000,-0.056761544000000,51.951455480000000,0.413769321000000,0.427768338000000,1.552941176000000,1.570635337000000,-93.538740410000003,44.065299170000003,3,0
755,755,46.779000000000003,72.171000000000006,44.585000000000001,55.930761680000003,0.224763052000000,0.213467844000000,0.341450951000000,0.617768910000000,52.978000000000002,-0.040849971000000,-0.059632495000000,53.018849969999998,0.408328750000000,0.428144398000000,1.542807670000000,1.567685312000000,-93.538740410000003,44.065260570000000,3,0
756,756,47.597999999999999,73.555999999999997,45.825000000000003,57.084689609999998,0.223206602000000,0.214256236000000,0.344595043000000,0.622994725000000,53.689000000000000,-0.041435151000000,-0.056300493000000,53.730435149999998,0.409704678000000,0.425375386000000,1.545359049000000,1.565017919000000,-93.538740410000003,44.065221970000003,3,0
757,757,48.878000000000000,74.165000000000006,46.271000000000001,57.823039090000002,0.218421301000000,0.205513520000000,0.329377898000000,0.623892672000000,53.180999999999997,-0.033876702000000,-0.055433101000000,53.214876699999998,0.394370484000000,0.417260941000000,1.517349319000000,1.545298868000000,-93.538740410000003,44.065183370000000,3,0
758,758,48.661000000000001,73.418000000000006,45.680999999999997,57.285394900000000,0.217656669000000,0.202794911000000,0.324052986000000,0.622204364000000,52.494000000000000,-0.031548641000000,-0.056417501000000,52.525548639999997,0.389568515000000,0.416036235000000,1.508764719000000,1.540851719000000,-93.538740410000003,44.065144770000003,3,0
759,759,49.482999999999997,74.635000000000005,46.524000000000001,58.262146340000001,0.217154482000000,0.202645869000000,0.324148774000000,0.623353654000000,53.262999999999998,-0.031403758000000,-0.055680313000000,53.294403760000002,0.389304801000000,0.415144306000000,1.508295778000000,1.539585861000000,-93.538740410000003,44.065106170000000,3,0
760,760,49.819000000000003,75.186000000000007,46.798000000000002,58.665492870000001,0.217641271000000,0.202927883000000,0.324357155000000,0.622429708000000,53.755000000000003,-0.031660681000000,-0.056278412000000,53.786660679999997,0.389803754000000,0.416001195000000,1.509183243000000,1.540950978000000,-93.538740410000003,44.065067569999997,3,0
761,761,48.639000000000003,74.472999999999999,46.026000000000003,57.822638949999998,0.222818346000000,0.209841445000000,0.335132190000000,0.618022639000000,54.280999999999999,-0.037711218000000,-0.059339711000000,54.318711219999997,0.401982233000000,0.424870572000000,1.531137565000000,1.559552571000000,-93.538740410000003,44.065028970000000,3,0
762,762,47.027000000000001,73.415999999999997,44.524999999999999,56.521156540000000,0.231894758000000,0.219099491000000,0.347598725000000,0.606475428000000,55.280000000000001,-0.045937394000000,-0.067170603000000,55.325937390000000,0.418126970000000,0.440423040000000,1.561145725000000,1.589827403000000,-93.538740410000003,44.064990369999997,3,0
763,763,47.616000000000000,73.625000000000000,45.692999999999998,57.084073459999999,0.224231893000000,0.214523140000000,0.344271192000000,0.620617997000000,53.941000000000003,-0.041708699000000,-0.057836031000000,53.982708700000003,0.410170175000000,0.427168193000000,1.546223958000000,1.567596106000000,-93.538740410000003,44.064951770000000,3,0
764,764,63.545999999999999,91.263000000000005,58.915999999999997,72.659306220000005,0.196938896000000,0.179039978000000,0.289040910000000,0.645562824000000,60.064000000000000,-0.010754942000000,-0.041083636000000,60.074754939999998,0.346958106000000,0.379783873000000,1.436172222000000,1.472811701000000,-93.539551009999997,44.065376370000003,1,0
765,765,46.459000000000003,71.760000000000005,44.781999999999996,55.717632770000002,0.222690311000000,0.214018051000000,0.344526601000000,0.624052397000000,52.279000000000003,-0.041210790000000,-0.055614383000000,52.320210789999997,0.409289135000000,0.424475829000000,1.544587701000000,1.563613366000000,-93.538740410000003,44.064913169999997,3,0
766,766,48.088999999999999,72.950000000000003,45.554000000000002,56.890014760000000,0.218152899000000,0.205396608000000,0.329350202000000,0.624455106000000,52.256999999999998,-0.033767325000000,-0.055070741000000,52.290767330000001,0.394164304000000,0.416787915000000,1.516978935000000,1.544583721000000,-93.538701810000006,44.065646569999998,3,0
767,767,51.500000000000000,76.004999999999995,47.290999999999997,59.625075000000002,0.212196124000000,0.192188542000000,0.305495300000000,0.622209065000000,53.219000000000001,-0.022340328000000,-0.056051626000000,53.241340330000000,0.370685290000000,0.406864737000000,1.475825243000000,1.518327653000000,-93.538701810000006,44.065607970000002,3,0
768,768,54.136000000000003,80.364999999999995,49.148000000000003,62.728955630000002,0.217586946000000,0.195009703000000,0.307300271000000,0.611559759000000,57.445999999999998,-0.024909474000000,-0.062934184000000,57.470909470000002,0.375730819000000,0.416467804000000,1.484501995000000,1.533063804000000,-93.538701810000006,44.065569369999999,3,0
769,769,54.549999999999997,80.646000000000001,50.448000000000000,63.310032169999999,0.211401104000000,0.193023462000000,0.307924671000000,0.625548694000000,56.293999999999997,-0.023033333000000,-0.053967809000000,56.317033330000001,0.372180213000000,0.405353733000000,1.478386801000000,1.517377687000000,-93.538701810000006,44.065530770000002,3,0
770,770,55.453000000000003,80.989000000000004,51.753999999999998,64.064368270000003,0.203469733000000,0.187156447000000,0.301530323000000,0.639025053000000,54.771000000000001,-0.017826096000000,-0.045343153000000,54.788826100000001,0.361645349000000,0.391266480000000,1.460498079000000,1.494461409000000,-93.538701810000006,44.065492169999999,1,0
771,771,50.646000000000001,74.364999999999995,46.740000000000002,58.537162389999999,0.208617075000000,0.189735303000000,0.303036885000000,0.628521482000000,51.344000000000001,-0.020148937000000,-0.051988052000000,51.364148940000000,0.366284551000000,0.400509067000000,1.468329187000000,1.508101691000000,-93.538701810000006,44.065453570000003,3,0
772,772,59.521999999999998,88.108999999999995,55.770000000000003,69.321370599999995,0.209001406000000,0.193638193000000,0.311198441000000,0.632965985000000,60.926000000000002,-0.023491527000000,-0.049316375000000,60.949491530000003,0.373279973000000,0.400952726000000,1.480276200000000,1.512721414000000,-93.538701810000006,44.065414969999999,1,0
773,773,59.914999999999999,88.165999999999997,55.588999999999999,69.409864099999993,0.208432133000000,0.190780721000000,0.305442633000000,0.630503822000000,60.828000000000003,-0.021038936000000,-0.050775274000000,60.849038940000000,0.368161369000000,0.400097734000000,1.471517984000000,1.508702555000000,-93.538701810000006,44.065376370000003,1,0
774,774,54.478999999999999,82.442999999999998,52.058000000000000,64.484739939999997,0.214974413000000,0.204233067000000,0.329515460000000,0.631442330000000,58.348999999999997,-0.032661657000000,-0.050596889000000,58.381661659999999,0.392110746000000,0.411171493000000,1.513298702000000,1.536379941000000,-93.538701810000006,44.065337769999999,3,0
775,775,59.034999999999997,87.727999999999994,54.854999999999997,68.775975050000000,0.212776399000000,0.195505679000000,0.312192627000000,0.625284972000000,61.566000000000003,-0.025191203000000,-0.054216389000000,61.591191199999997,0.376616158000000,0.407683002000000,1.486033709000000,1.522822012000000,-93.539551009999997,44.065337769999999,1,0
776,776,54.744999999999997,83.206999999999994,52.271000000000001,64.942737120000004,0.217232930000000,0.206318140000000,0.332185665000000,0.628204358000000,59.398000000000003,-0.034506868000000,-0.052714971000000,59.432506869999997,0.395788674000000,0.415108528000000,1.519901361000000,1.543488009000000,-93.538701810000006,44.065299170000003,3,0
777,777,57.880000000000003,86.001000000000005,54.402999999999999,67.591796369999997,0.210067362000000,0.195446237000000,0.314278370000000,0.632585668000000,59.719000000000001,-0.025060015000000,-0.049609651000000,59.744060009999998,0.376510078000000,0.402780394000000,1.485850035000000,1.516821821000000,-93.538701810000006,44.065260570000000,1,0
778,778,59.987000000000002,88.156999999999996,55.448999999999998,69.389452649999996,0.208664953000000,0.190152824000000,0.303899887000000,0.628980115000000,60.878000000000000,-0.020507581000000,-0.051712976000000,60.898507580000000,0.367034384000000,0.400566519000000,1.469601747000000,1.508606866000000,-93.538701810000006,44.065221970000003,1,0
779,779,60.487000000000002,88.225999999999999,56.137999999999998,69.747112939999994,0.204134067000000,0.186527069000000,0.299638131000000,0.636297690000000,59.826999999999998,-0.017301356000000,-0.047023446000000,59.844301360000003,0.360511110000000,0.392524617000000,1.458594409000000,1.495290058000000,-93.538701810000006,44.065183370000000,1,0
780,780,61.347000000000001,89.093999999999994,57.189999999999998,70.644394320000004,0.201031258000000,0.184437753000000,0.297551769000000,0.641906301000000,59.651000000000003,-0.015451450000000,-0.043480983000000,59.666451449999997,0.356740174000000,0.386968189000000,1.452295956000000,1.486629391000000,-93.538701810000006,44.065144770000003,1,0
781,781,62.881999999999998,91.497000000000000,58.960999999999999,72.576962490000000,0.200602289000000,0.185355521000000,0.299891006000000,0.644403642000000,61.151000000000003,-0.016228555000000,-0.041959314000000,61.167228559999998,0.358397691000000,0.386125072000000,1.455058681000000,1.486591652000000,-93.538701810000006,44.065106170000000,1,0
782,782,62.369999999999997,91.373000000000005,58.220999999999997,72.177389969999993,0.204904117000000,0.188645987000000,0.303626390000000,0.637179473000000,62.155000000000001,-0.019130607000000,-0.046534317000000,62.174130609999999,0.364326572000000,0.393795949000000,1.465015232000000,1.498985859000000,-93.538701810000006,44.065067569999997,1,0
783,783,60.475999999999999,89.323999999999998,56.423999999999999,70.284638740000005,0.208927146000000,0.192576769000000,0.308944483000000,0.631677937000000,61.747999999999998,-0.022585150000000,-0.050093103000000,61.770585150000002,0.371380587000000,0.400882202000000,1.477015676000000,1.511523118000000,-93.538701810000006,44.065028970000000,1,0
784,784,60.295999999999999,89.363000000000000,57.311999999999998,70.488814070000004,0.206247005000000,0.194221530000000,0.314758465000000,0.641339257000000,61.118000000000002,-0.023909630000000,-0.044094100000000,61.141909630000001,0.374322853000000,0.395934894000000,1.482071779000000,1.507334142000000,-93.538701810000006,44.064990369999997,1,0
785,785,59.551000000000002,88.581000000000003,55.750999999999998,69.524789729999995,0.211513212000000,0.195973861000000,0.314242106000000,0.629378761000000,61.859999999999999,-0.025551910000000,-0.051645306000000,61.885551909999997,0.377451416000000,0.405365743000000,1.487481319000000,1.520503556000000,-93.538701810000006,44.064951770000000,1,0
786,786,62.156999999999996,90.369000000000000,57.100999999999999,71.392280189999994,0.204936066000000,0.184965186000000,0.295645795000000,0.631864909000000,61.479999999999997,-0.015976950000000,-0.049743592000000,61.495976949999999,0.357692939000000,0.394111883000000,1.453882909000000,1.495544223000000,-93.539628210000004,44.065492169999999,1,0
787,787,60.116000000000000,88.733000000000004,55.503000000000000,69.685153260000007,0.211020694000000,0.192255239000000,0.306569108000000,0.625505731000000,61.847000000000001,-0.022366309000000,-0.053969621000000,61.869366309999997,0.370804763000000,0.404715496000000,1.476029676000000,1.515798259000000,-93.539551009999997,44.065299170000003,1,0
788,788,59.780999999999999,88.224000000000004,56.042999999999999,69.517527729999998,0.207423222000000,0.192175940000000,0.309290794000000,0.635235310000000,60.624000000000002,-0.022203599000000,-0.047850506000000,60.646203600000000,0.370662716000000,0.398172704000000,1.475786621000000,1.507861624000000,-93.538701810000006,44.064913169999997,1,0
789,789,48.988000000000000,72.310000000000002,45.307000000000002,56.807524420000000,0.210639767000000,0.192270277000000,0.306904765000000,0.626566173000000,50.325000000000003,-0.022369077000000,-0.053300921000000,50.347369080000000,0.370831699000000,0.404020095000000,1.476075774000000,1.514975043000000,-93.538663209999996,44.065646569999998,3,0
790,790,52.957999999999998,75.861999999999995,47.671999999999997,60.089412250000002,0.202469547000000,0.177798478000000,0.282249717000000,0.628404208000000,51.094000000000001,-0.009750017000000,-0.051680529000000,51.103750020000000,0.344700191000000,0.390164633000000,1.432493674000000,1.483543293000000,-93.538663209999996,44.065607970000002,1,0
791,791,55.289999999999999,81.834999999999994,49.560000000000002,63.796930240000002,0.219052585000000,0.193582498000000,0.303146234000000,0.605608847000000,58.820000000000000,-0.023724456000000,-0.066695235000000,58.843724459999997,0.373180366000000,0.419279038000000,1.480104901000000,1.535023714000000,-93.538663209999996,44.065569369999999,3,0
792,792,52.017000000000003,78.719999999999999,48.409999999999997,61.226722889999998,0.221094595000000,0.204249753000000,0.324352885000000,0.614964431000000,57.012999999999998,-0.032912636000000,-0.061100660000000,57.045912639999997,0.392140216000000,0.422111680000000,1.513351404000000,1.550003886000000,-93.538663209999996,44.065530770000002,3,0
793,793,53.249000000000002,80.748999999999995,49.436000000000000,62.715694730000003,0.222622197000000,0.205226944000000,0.325205175000000,0.612218108000000,58.813000000000002,-0.033801803000000,-0.062903279000000,58.846801800000001,0.393865041000000,0.424785372000000,1.516441623000000,1.554429339000000,-93.538663209999996,44.065492169999999,3,0
794,794,52.326000000000001,80.394999999999996,48.383000000000003,62.027630909999999,0.229756137000000,0.211488762000000,0.332815575000000,0.601816033000000,60.081000000000003,-0.039417130000000,-0.069897959000000,60.120417130000000,0.404868758000000,0.437092557000000,1.536425486000000,1.577036490000000,-93.538663209999996,44.065453570000003,3,0
795,795,60.917999999999999,89.805000000000007,55.823000000000000,70.456010100000000,0.212143708000000,0.191656217000000,0.304394099000000,0.621602361000000,62.869000000000000,-0.021882777000000,-0.056417457000000,62.890882779999998,0.369731421000000,0.406810576000000,1.474194819000000,1.517701597000000,-93.538663209999996,44.065414969999999,1,0
796,796,60.158999999999999,88.998000000000005,54.228000000000002,69.475236039999999,0.217553688000000,0.193346608000000,0.303795468000000,0.609317063000000,63.609000000000002,-0.023479608000000,-0.064305627000000,63.632479609999997,0.372758421000000,0.416557645000000,1.479379644000000,1.531405797000000,-93.538663209999996,44.065376370000003,3,0
797,797,54.787999999999997,83.272999999999996,50.054000000000002,64.398551720000000,0.227364511000000,0.206321843000000,0.323667436000000,0.601083184000000,61.704000000000001,-0.034924381000000,-0.070156022000000,61.738924380000000,0.395795198000000,0.433206759000000,1.519913120000000,1.566346716000000,-93.538663209999996,44.065337769999999,3,0
798,798,60.008000000000003,86.802000000000007,55.579999999999998,68.858995219999997,0.200614125000000,0.182508004000000,0.293697249000000,0.640307827000000,58.015999999999998,-0.013789219000000,-0.044419191000000,58.029789219999998,0.353249557000000,0.386330039000000,1.446507132000000,1.483905869000000,-93.539551009999997,44.065260570000000,1,0
799,799,58.673999999999999,88.581999999999994,55.250000000000000,69.142296509999994,0.217253889000000,0.203102081000000,0.325065757000000,0.623715879000000,63.240000000000002,-0.031793626000000,-0.055465023000000,63.271793629999998,0.390111869000000,0.415297686000000,1.509731738000000,1.540265373000000,-93.538663209999996,44.065299170000003,3,0
800,800,58.451999999999998,87.673000000000002,53.594000000000001,68.253224759999995,0.220256653000000,0.199972626000000,0.315796868000000,0.611294241000000,63.299999999999997,-0.029242085000000,-0.063295931000000,63.329242090000001,0.384566791000000,0.420905910000000,1.499914460000000,1.543885181000000,-93.538663209999996,44.065260570000000,3,0
801,801,63.158000000000001,93.152000000000001,58.689999999999998,73.281976340000000,0.209169501000000,0.191887915000000,0.307252612000000,0.630045517000000,64.456000000000003,-0.022003721000000,-0.051097674000000,64.478003720000004,0.370146670000000,0.401367634000000,1.474904208000000,1.511383279000000,-93.538663209999996,44.065221970000003,1,0
802,802,63.334000000000003,92.972999999999999,58.561999999999998,73.222678930000001,0.208061278000000,0.189620426000000,0.303227787000000,0.629881794000000,64.049999999999997,-0.020037325000000,-0.051129758000000,64.070037330000005,0.366078180000000,0.399500949000000,1.467979284000000,1.506776804000000,-93.538663209999996,44.065183370000000,1,0
803,803,63.573000000000000,92.935000000000002,58.725999999999999,73.319355400000006,0.206286161000000,0.187607023000000,0.300280215000000,0.631904019000000,63.570999999999998,-0.018272206000000,-0.049799753000000,63.589272209999997,0.362456871000000,0.396395022000000,1.461862740000000,1.500983362000000,-93.538663209999996,44.065144770000003,1,0
804,804,64.155000000000001,93.606999999999999,59.741000000000000,74.043054040000001,0.203522870000000,0.186686274000000,0.300466227000000,0.638210818000000,63.317999999999998,-0.017425047000000,-0.045836609000000,63.335425049999998,0.360798098000000,0.391393766000000,1.459075676000000,1.494124677000000,-93.538663209999996,44.065106170000000,1,0
805,805,61.402000000000001,91.254999999999995,57.106999999999999,71.551589960000001,0.212614486000000,0.195556050000000,0.312433281000000,0.625795847000000,64.001000000000005,-0.025229305000000,-0.053894853000000,64.026229310000005,0.376706045000000,0.407386150000000,1.486189375000000,1.522514292000000,-93.538663209999996,44.065067569999997,1,0
806,806,58.761000000000003,87.399000000000001,54.372000000000000,68.429415469999995,0.214165894000000,0.195935961000000,0.312001569000000,0.622112381000000,61.664999999999999,-0.025599904000000,-0.056241398000000,61.690599900000002,0.377383817000000,0.410173665000000,1.487364068000000,1.526314409000000,-93.538663209999996,44.065028970000000,1,0
807,807,62.039000000000001,91.262000000000000,58.281999999999996,72.051790839999995,0.205395499000000,0.190624980000000,0.307549017000000,0.638622866000000,62.203000000000003,-0.020830596000000,-0.045689871000000,62.223830599999999,0.367881909000000,0.394574226000000,1.471042409000000,1.501964255000000,-93.538663209999996,44.064990369999997,1,0
808,808,59.695999999999998,89.364000000000004,54.947000000000003,69.686702990000001,0.218443541000000,0.199033946000000,0.315238065000000,0.614867284000000,64.084999999999994,-0.028379418000000,-0.060969477000000,64.113379420000001,0.382899515000000,0.417698511000000,1.496984723000000,1.538883642000000,-93.538663209999996,44.064951770000000,3,0
809,809,58.436999999999998,85.402000000000001,53.892000000000003,67.361542529999994,0.206528381000000,0.187466542000000,0.299787653000000,0.631039086000000,58.475000000000001,-0.018156991000000,-0.050337074000000,58.493156990000003,0.362203898000000,0.396849447000000,1.461437103000000,1.501376492000000,-93.539551009999997,44.065221970000003,1,0
810,810,60.790999999999997,90.245999999999995,56.466999999999999,70.777605420000000,0.212372796000000,0.195018439000000,0.311462409000000,0.625700862000000,63.234000000000002,-0.024763860000000,-0.053937273000000,63.258763860000002,0.375746419000000,0.406983206000000,1.484528960000000,1.521456419000000,-93.538663209999996,44.064913169999997,1,0
811,811,49.482999999999997,72.863000000000000,45.351999999999997,57.196701429999997,0.211551332000000,0.191097380000000,0.303660025000000,0.622428393000000,50.890999999999998,-0.021388448000000,-0.055875443000000,50.912388450000002,0.368729421000000,0.405771860000000,1.472485500000000,1.515857114000000,-93.538624609999999,44.065646569999998,3,0
812,812,50.216000000000001,73.399000000000001,45.459000000000003,57.664490919999999,0.210839970000000,0.187541965000000,0.296624699000000,0.619340863000000,51.122999999999998,-0.018315057000000,-0.057704910000000,51.141315059999997,0.362339721000000,0.404767960000000,1.461665605000000,1.510918478000000,-93.538624609999999,44.065607970000002,3,0
813,813,51.240000000000002,75.091999999999999,47.302000000000000,59.165939719999997,0.207626062000000,0.188804103000000,0.301809439000000,0.629920631000000,51.642000000000003,-0.019328012000000,-0.051079858000000,51.661328009999998,0.364610925000000,0.398763272000000,1.465495706000000,1.505045096000000,-93.538624609999999,44.065569369999999,3,0
814,814,48.435000000000002,73.352999999999994,45.716999999999999,57.203309699999998,0.218194953000000,0.204601439000000,0.327562409000000,0.623246493000000,52.554000000000002,-0.033097519000000,-0.055814453000000,52.587097520000000,0.392761206000000,0.416902448000000,1.514462682000000,1.543870051000000,-93.538624609999999,44.065530770000002,3,0
815,815,52.308000000000000,79.995999999999995,50.311999999999998,62.361270630000000,0.218466788000000,0.209275608000000,0.337691482000000,0.628931447000000,57.372000000000000,-0.037043852000000,-0.052345906000000,57.409043850000003,0.400989373000000,0.417185970000000,1.529326298000000,1.549268541000000,-93.538624609999999,44.065492169999999,3,0
816,816,56.915999999999997,84.811000000000007,54.040999999999997,66.715231790000004,0.209085498000000,0.196822059000000,0.318123760000000,0.637193289000000,58.664999999999999,-0.026197336000000,-0.046757386000000,58.691197340000002,0.378963481000000,0.400937495000000,1.490108230000000,1.516051569000000,-93.538624609999999,44.065453570000003,1,0
817,817,61.484000000000002,90.670000000000002,57.750000000000000,71.499169359999996,0.206624658000000,0.191818815000000,0.309160629000000,0.636925113000000,62.106000000000002,-0.021878573000000,-0.046783291000000,62.127878570000000,0.370022840000000,0.396742026000000,1.474692603000000,1.505783291000000,-93.538624609999999,44.065414969999999,1,0
818,818,62.463999999999999,92.144999999999996,57.960999999999999,72.461322650000000,0.209589288000000,0.191974594000000,0.307104130000000,0.629019480000000,63.865000000000002,-0.022088724000000,-0.051745778000000,63.887088720000001,0.370301988000000,0.402126494000000,1.475169698000000,1.512385339000000,-93.538624609999999,44.065376370000003,1,0
819,819,59.848999999999997,88.933000000000007,55.371000000000002,69.658521690000001,0.213746136000000,0.195480636000000,0.311355194000000,0.622614777000000,62.646000000000001,-0.025198748000000,-0.055907089000000,62.671198750000002,0.376571468000000,0.409443886000000,1.485956323000000,1.524940727000000,-93.538624609999999,44.065337769999999,1,0
820,820,59.866999999999997,86.760000000000005,55.198999999999998,68.698095289999998,0.202553138000000,0.183410968000000,0.294144026000000,0.636226372000000,58.454000000000001,-0.014597723000000,-0.046978090000000,58.468597719999998,0.354883793000000,0.389839324000000,1.449212421000000,1.488923521000000,-93.539551009999997,44.065183370000000,1,0
821,821,58.021999999999998,86.731999999999999,54.043999999999997,67.847245689999994,0.215031695000000,0.198336488000000,0.316503142000000,0.623114883000000,61.398000000000003,-0.027672311000000,-0.055686677000000,61.425672310000003,0.381659498000000,0.411580451000000,1.494812313000000,1.530587355000000,-93.538624609999999,44.065299170000003,3,0
822,822,56.840000000000003,83.644000000000005,52.088999999999999,65.676906790000004,0.211279537000000,0.190797529000000,0.303229821000000,0.622746401000000,58.359000000000002,-0.021124457000000,-0.055664086000000,58.380124459999998,0.368191524000000,0.405298451000000,1.471569317000000,1.514970250000000,-93.538624609999999,44.065260570000000,1,0
823,823,61.220999999999997,89.763999999999996,56.656999999999996,70.747443270000005,0.207292388000000,0.189045269000000,0.302593079000000,0.631177309000000,61.649999999999999,-0.019526878000000,-0.050299072000000,61.669526879999999,0.365044536000000,0.398135369000000,1.466228908000000,1.504548448000000,-93.538624609999999,44.065221970000003,1,0
824,824,61.634000000000000,90.787999999999997,56.715000000000003,71.315734879999994,0.210809369000000,0.191271601000000,0.304617217000000,0.624697097000000,63.226999999999997,-0.021518909000000,-0.054447563000000,63.248518910000001,0.369041870000000,0.404402384000000,1.473018139000000,1.514386955000000,-93.538624609999999,44.065183370000000,1,0
825,825,62.366999999999997,91.596000000000004,57.499000000000002,72.077747160000001,0.208956701000000,0.189844313000000,0.303004230000000,0.627745753000000,63.326000000000001,-0.020250447000000,-0.052479405000000,63.346250449999999,0.366480358000000,0.401122269000000,1.468661311000000,1.508949633000000,-93.538624609999999,44.065144770000003,1,0
826,826,62.701999999999998,92.033000000000001,57.978000000000002,72.486923829999995,0.207996167000000,0.189556338000000,0.303140858000000,0.629969685000000,63.386000000000003,-0.019980913000000,-0.051072572000000,63.405980909999997,0.365963037000000,0.399386446000000,1.467784122000000,1.506573187000000,-93.538624609999999,44.065106170000000,1,0
827,827,60.417000000000002,88.938999999999993,55.093000000000004,69.750981499999995,0.212578565000000,0.190966550000000,0.302578955000000,0.619447037000000,62.368000000000002,-0.021302134000000,-0.057759148000000,62.389302129999997,0.368494751000000,0.407662109000000,1.472085671000000,1.518007706000000,-93.538624609999999,44.065067569999997,1,0
828,828,60.012000000000000,88.790000000000006,55.104999999999997,69.574097839999993,0.213404989000000,0.193397938000000,0.307138969000000,0.620621692000000,62.463000000000001,-0.023408711000000,-0.057099560000000,62.486408709999999,0.372850247000000,0.408976504000000,1.479537426000000,1.522168175000000,-93.538624609999999,44.065028970000000,1,0
829,829,60.810000000000002,89.344999999999999,55.719999999999999,70.202335020000007,0.210554840000000,0.190036962000000,0.302165511000000,0.623649896000000,62.159999999999997,-0.020454159000000,-0.055067395000000,62.180454159999996,0.366826340000000,0.404032318000000,1.469248479000000,1.512645734000000,-93.538624609999999,44.064990369999997,1,0
830,830,60.863999999999997,89.572000000000003,56.381999999999998,70.489951070000004,0.208839704000000,0.190831982000000,0.305228911000000,0.629460099000000,61.898000000000003,-0.021092942000000,-0.051432661000000,61.919092939999999,0.368253339000000,0.400837925000000,1.471674553000000,1.509642261000000,-93.538624609999999,44.064951770000000,1,0
831,831,60.054000000000002,87.849000000000004,55.533000000000001,69.300899000000001,0.206364900000000,0.187927223000000,0.300909386000000,0.632141516000000,60.110999999999997,-0.018548340000000,-0.049660827000000,60.129548339999999,0.363033327000000,0.396516401000000,1.462833450000000,1.501460185000000,-93.539551009999997,44.065144770000003,1,0
832,832,60.529000000000003,88.626999999999995,56.459000000000003,70.014578599999993,0.204817803000000,0.188379951000000,0.303116606000000,0.637040631000000,60.265999999999998,-0.018901345000000,-0.046613331000000,60.284901339999998,0.363848025000000,0.393654942000000,1.464207240000000,1.498543125000000,-93.538624609999999,44.064913169999997,1,0
833,833,49.531999999999996,73.572999999999993,45.145000000000003,57.458612289999998,0.216972745000000,0.195288575000000,0.308376090000000,0.613608253000000,52.469000000000001,-0.025130461000000,-0.061634473000000,52.494130460000001,0.376228680000000,0.415324767000000,1.485362998000000,1.531949953000000,-93.538586010000003,44.065646569999998,3,0
834,834,48.396999999999998,70.674999999999997,43.655000000000001,55.506709080000000,0.211214985000000,0.187096883000000,0.295397589000000,0.617686594000000,49.298000000000002,-0.017939248000000,-0.058736411000000,49.315939250000000,0.361538038000000,0.405500201000000,1.460317788000000,1.511334502000000,-93.538586010000003,44.065607970000002,3,0
835,835,45.451000000000001,68.358999999999995,42.732999999999997,53.431749519999997,0.215800660000000,0.201282840000000,0.322298352000000,0.625126172000000,48.533999999999999,-0.030200009000000,-0.054507707000000,48.564200010000000,0.386890880000000,0.412790389000000,1.504015313000000,1.535217874000000,-93.538586010000003,44.065569369999999,3,0
836,836,42.238000000000000,66.013000000000005,40.241999999999997,50.863160790000002,0.230977222000000,0.219628456000000,0.349586084000000,0.609607199000000,49.545999999999999,-0.046330803000000,-0.065149199000000,49.592330799999999,0.419043647000000,0.438793744000000,1.562881765000000,1.588279922000000,-93.538586010000003,44.065530770000002,2,0
837,837,46.881999999999998,72.716999999999999,45.021999999999998,56.310639899999998,0.225543318000000,0.216013512000000,0.346420478000000,0.619139954000000,53.530000000000001,-0.043021243000000,-0.058839395000000,53.573021240000003,0.412766577000000,0.429417824000000,1.551064374000000,1.572115362000000,-93.538586010000003,44.065492169999999,3,0
838,838,51.767000000000003,78.132999999999996,48.622999999999998,60.961146390000003,0.217707749000000,0.202971517000000,0.324396816000000,0.622310675000000,55.875999999999998,-0.031700117000000,-0.056355764000000,55.907700120000001,0.389880938000000,0.416117900000000,1.509320610000000,1.541142679000000,-93.538586010000003,44.065453570000003,3,0
839,839,57.600000000000001,85.712000000000003,53.871000000000002,67.246788240000001,0.211926687000000,0.196159428000000,0.314307756000000,0.628511760000000,59.953000000000003,-0.025722299000000,-0.052198212000000,59.978722300000001,0.377782351000000,0.406102744000000,1.488055556000000,1.521593363000000,-93.538586010000003,44.065414969999999,1,0
840,840,60.295000000000002,88.286000000000001,56.037999999999997,69.690176890000004,0.205660538000000,0.188388825000000,0.302464800000000,0.634732574000000,60.238999999999997,-0.018927861000000,-0.048054189000000,60.257927860000002,0.363863990000000,0.395195210000000,1.464234182000000,1.500373894000000,-93.538586010000003,44.065376370000003,1,0
841,841,61.718000000000004,90.697999999999993,57.146000000000001,71.416394109999999,0.208259508000000,0.190137518000000,0.304188097000000,0.630069020000000,62.531999999999996,-0.020484630000000,-0.051028335000000,62.552484630000002,0.367006902000000,0.399826834000000,1.469555073000000,1.507706221000000,-93.538586010000003,44.065337769999999,1,0
842,842,58.902999999999999,88.382000000000005,54.045000000000002,68.803593309999997,0.220273927000000,0.200149370000000,0.316162591000000,0.611493290000000,63.816000000000003,-0.029393533000000,-0.063174887000000,63.845393530000003,0.384880515000000,0.420923460000000,1.500466869000000,1.544097006000000,-93.539551009999997,44.065106170000000,3,0
843,843,61.909999999999997,89.662999999999997,57.450000000000003,71.116815099999997,0.200766022000000,0.183099892000000,0.294858855000000,0.640732521000000,59.966000000000001,-0.014299862000000,-0.044172172000000,59.980299860000002,0.354320972000000,0.386568929000000,1.448279761000000,1.484790665000000,-93.538586010000003,44.065299170000003,1,0
844,844,60.436000000000000,88.995000000000005,55.914999999999999,69.997874600000003,0.209413571000000,0.191118309000000,0.305391591000000,0.628293724000000,61.639000000000003,-0.021352254000000,-0.052175353000000,61.660352250000003,0.368766959000000,0.401865189000000,1.472549474000000,1.511173863000000,-93.538586010000003,44.065260570000000,1,0
845,845,61.969999999999999,90.573999999999998,57.899000000000001,71.638501230000003,0.203573220000000,0.187513111000000,0.302224101000000,0.639245258000000,61.279000000000003,-0.018133176000000,-0.045216044000000,61.297133180000003,0.362287762000000,0.391433620000000,1.461578183000000,1.495026965000000,-93.538586010000003,44.065221970000003,1,0
846,846,63.719999999999999,92.584999999999994,59.177000000000000,73.335161990000003,0.202141093000000,0.184670996000000,0.297185158000000,0.639164011000000,62.273000000000003,-0.015671843000000,-0.045187997000000,62.288671839999999,0.357161576000000,0.388991709000000,1.452997489000000,1.489229957000000,-93.538586010000003,44.065183370000000,1,0
847,847,61.241000000000000,89.363000000000000,56.789000000000001,70.619157860000001,0.204531669000000,0.186728108000000,0.299760166000000,0.635486723000000,60.695999999999998,-0.017481786000000,-0.047534873000000,60.713481790000003,0.360873501000000,0.393239993000000,1.459202168000000,1.496340938000000,-93.538586010000003,44.065144770000003,1,0
848,848,63.201999999999998,92.106999999999999,58.686000000000000,72.851993449999995,0.203611868000000,0.186112846000000,0.299152376000000,0.637150271000000,62.326000000000001,-0.016935910000000,-0.046480525000000,62.342935910000001,0.359764183000000,0.391594862000000,1.457343122000000,1.493768124000000,-93.538586010000003,44.065106170000000,1,0
849,849,60.811000000000000,88.980000000000004,56.079000000000001,70.143358829999997,0.207122266000000,0.188055357000000,0.300591173000000,0.630242751000000,61.070000000000000,-0.018674892000000,-0.050854423000000,61.088674890000000,0.363263951000000,0.397895077000000,1.463222114000000,1.503231348000000,-93.538586010000003,44.065067569999997,1,0
850,850,60.725000000000001,89.519000000000005,56.322000000000003,70.411515800000004,0.209368931000000,0.191648252000000,0.306573540000000,0.629162524000000,61.991000000000000,-0.021804169000000,-0.051645479000000,62.012804170000003,0.369717144000000,0.401747099000000,1.474170441000000,1.511587484000000,-93.538586010000003,44.065028970000000,1,0
851,851,60.250000000000000,88.356999999999999,56.597000000000001,69.857575010000005,0.203933765000000,0.189136447000000,0.305477665000000,0.640549136000000,59.866999999999997,-0.019526910000000,-0.044449426000000,59.886526910000001,0.365208440000000,0.391995912000000,1.466506224000000,1.497370948000000,-93.538586010000003,44.064990369999997,1,0
852,852,63.116999999999997,91.209000000000003,59.029000000000003,72.542539730000001,0.197896009000000,0.182030248000000,0.294783676000000,0.647183940000000,60.271999999999998,-0.013335521000000,-0.040160296000000,60.285335519999997,0.352384240000000,0.381354820000000,1.445078188000000,1.477662640000000,-93.538586010000003,44.064951770000000,1,0
853,853,58.182000000000002,87.319999999999993,53.750000000000000,68.066119869999994,0.218821099000000,0.200258416000000,0.317573459000000,0.615551993000000,62.707999999999998,-0.029436091000000,-0.060576556000000,62.737436090000003,0.385074040000000,0.418291737000000,1.500807810000000,1.540932696000000,-93.539551009999997,44.065067569999997,3,0
854,854,62.576000000000001,91.567999999999998,57.770000000000003,72.198400950000007,0.206898597000000,0.188083870000000,0.300828024000000,0.630897257000000,62.789999999999999,-0.018694376000000,-0.050444992000000,62.808694379999999,0.363315265000000,0.397483061000000,1.463308617000000,1.502771114000000,-93.538586010000003,44.064913169999997,1,0
855,855,49.738000000000000,73.819999999999993,45.963999999999999,57.838713509999998,0.213436234000000,0.194904417000000,0.310359048000000,0.622649688000000,51.938000000000002,-0.024697679000000,-0.055865315000000,51.962697679999998,0.375542815000000,0.408921801000000,1.484177088000000,1.523694150000000,-93.538547410000007,44.065646569999998,3,0
856,856,49.478000000000002,71.957999999999998,45.432000000000002,56.833361310000001,0.205195414000000,0.185118087000000,0.295773907000000,0.631368298000000,49.006000000000000,-0.016113335000000,-0.050058729000000,49.022113339999997,0.357969038000000,0.394577577000000,1.454343345000000,1.496251818000000,-93.538547410000007,44.065607970000002,3,0
857,857,44.929000000000002,67.936999999999998,42.417000000000002,53.019659560000001,0.217399875000000,0.203852356000000,0.326590867000000,0.624357861000000,48.527999999999999,-0.032433686000000,-0.055081368000000,48.560433690000004,0.391438191000000,0.415519689000000,1.512096864000000,1.541346278000000,-93.538547410000007,44.065569369999999,3,0
858,858,42.082999999999998,66.760999999999996,40.356000000000002,51.174918159999997,0.236538079000000,0.226728161000000,0.360325897000000,0.604484654000000,51.082999999999998,-0.052579088000000,-0.068784182000000,51.135579090000000,0.431285792000000,0.448185293000000,1.586412566000000,1.608704467000000,-93.538547410000007,44.065530770000002,2,0
859,859,45.798999999999999,71.238000000000000,44.091000000000001,55.125364169999997,0.226306775000000,0.217358613000000,0.348737422000000,0.618925293000000,52.585999999999999,-0.044184748000000,-0.059025123000000,52.630184749999998,0.415105656000000,0.430709470000000,1.555448809000000,1.575259967000000,-93.538547410000007,44.065492169999999,3,0
860,860,47.984999999999999,73.411000000000001,46.453000000000003,57.299262229999997,0.217126751000000,0.209446769000000,0.339271179000000,0.632779829000000,52.384000000000000,-0.037128610000000,-0.049906761000000,52.421128609999997,0.401289779000000,0.414811706000000,1.529873919000000,1.546493816000000,-93.538547410000007,44.065453570000003,3,0
861,861,56.786000000000001,83.852000000000004,54.442999999999998,66.382346920000003,0.202467976000000,0.192451542000000,0.314008933000000,0.649274913000000,56.475000000000001,-0.022306632000000,-0.039121186000000,56.497306629999997,0.371156346000000,0.389178292000000,1.476631564000000,1.497496414000000,-93.538547410000007,44.065414969999999,1,0
862,862,60.377000000000002,87.974000000000004,57.374000000000002,69.944222260000004,0.198151849000000,0.186025035000000,0.303340405000000,0.652169959000000,58.197000000000003,-0.016751489000000,-0.037187508000000,58.213751490000000,0.359605799000000,0.381609025000000,1.457078026000000,1.482043293000000,-93.538547410000007,44.065376370000003,1,0
863,863,60.006000000000000,87.218000000000004,56.750999999999998,69.350259699999995,0.198078251000000,0.184833994000000,0.300774817000000,0.650679906000000,57.679000000000002,-0.015735262000000,-0.038076235000000,57.694735260000002,0.357456003000000,0.381532331000000,1.453487985000000,1.480734148000000,-93.538547410000007,44.065337769999999,1,0
864,864,60.764000000000003,89.195999999999998,56.109999999999999,70.229438779999995,0.208347727000000,0.189597226000000,0.302951518000000,0.629064084000000,61.518000000000001,-0.020024264000000,-0.051642646000000,61.538024260000000,0.366036498000000,0.400026448000000,1.467908630000000,1.507380353000000,-93.539551009999997,44.065028970000000,1,0
865,865,59.430999999999997,86.863000000000000,56.119000000000000,68.863552749999997,0.201108976000000,0.187512817000000,0.304208484000000,0.646063341000000,58.176000000000002,-0.018079866000000,-0.040987486000000,58.194079870000003,0.362287232000000,0.386932164000000,1.461577291000000,1.489753875000000,-93.538547410000007,44.065299170000003,1,0
866,866,58.633000000000003,85.563000000000002,55.695000000000000,67.972515729999998,0.198974266000000,0.186759688000000,0.304290347000000,0.650923881000000,56.798000000000002,-0.017393479000000,-0.037970694000000,56.815393479999997,0.360930419000000,0.383075316000000,1.459297665000000,1.484493891000000,-93.538547410000007,44.065260570000000,1,0
867,867,59.899999999999999,88.332999999999998,57.024999999999999,69.863150790000006,0.203483758000000,0.191812889000000,0.311738005000000,0.645568474000000,59.741000000000000,-0.021792086000000,-0.041401553000000,59.762792089999998,0.370012220000000,0.391042918000000,1.474674457000000,1.499027316000000,-93.538547410000007,44.065221970000003,1,0
868,868,60.601999999999997,88.254999999999995,57.341000000000001,70.117847729999994,0.198901013000000,0.185768892000000,0.302165742000000,0.649719563000000,58.567000000000000,-0.016548172000000,-0.038689027000000,58.583548170000000,0.359143706000000,0.382989589000000,1.456305072000000,1.483377156000000,-93.538547410000007,44.065183370000000,1,0
869,869,59.659999999999997,87.590000000000003,56.530999999999999,69.347140440000004,0.202453230000000,0.189677419000000,0.307873764000000,0.645404727000000,58.988999999999997,-0.019952792000000,-0.041449399000000,59.008952790000002,0.366180569000000,0.389271692000000,1.468152866000000,1.494728581000000,-93.538547410000007,44.065144770000003,1,0
870,870,60.679000000000002,88.590999999999994,57.146999999999998,70.228403400000005,0.201201323000000,0.186990018000000,0.302986225000000,0.645065526000000,59.356000000000002,-0.017636144000000,-0.041591536000000,59.373636140000002,0.361345495000000,0.387128586000000,1.459994397000000,1.489443957000000,-93.538547410000007,44.065106170000000,1,0
871,871,56.332999999999998,82.370999999999995,52.856999999999999,65.197778540000002,0.202794854000000,0.187723498000000,0.303307046000000,0.641694286000000,55.552000000000000,-0.018296000000000,-0.043699918000000,55.570295999999999,0.362666584000000,0.389998361000000,1.462215753000000,1.493558925000000,-93.538547410000007,44.065067569999997,1,0
872,872,58.841000000000001,86.063999999999993,55.575000000000003,68.210106780000004,0.201407114000000,0.187867913000000,0.304746446000000,0.645740379000000,57.712000000000003,-0.018388867000000,-0.041196129000000,57.730388869999999,0.362926569000000,0.387457574000000,1.462653592000000,1.490733712000000,-93.538547410000007,44.065028970000000,1,0
873,873,58.383000000000003,85.067999999999998,55.948999999999998,67.762895240000006,0.196169692000000,0.186021708000000,0.304964458000000,0.657697372000000,55.804000000000002,-0.016709127000000,-0.033798395000000,55.820709129999997,0.359599797000000,0.377994944000000,1.457067982000000,1.477877180000000,-93.538547410000007,44.064990369999997,1,0
874,874,59.573000000000000,87.198999999999998,56.688000000000002,69.200523300000000,0.200017890000000,0.188223912000000,0.306669331000000,0.650099198000000,58.137000000000000,-0.018661162000000,-0.038512730000000,58.155661160000001,0.363567275000000,0.384909527000000,1.463733571000000,1.488130299000000,-93.538547410000007,44.064951770000000,1,0
875,875,62.936999999999998,90.867000000000004,58.392000000000003,72.174564590000003,0.199314994000000,0.181594757000000,0.292730474000000,0.642609528000000,60.405000000000001,-0.012984222000000,-0.042970650000000,60.417984220000001,0.351595084000000,0.383997658000000,1.443777110000000,1.480267476000000,-93.539551009999997,44.064990369999997,1,0
876,876,61.869999999999997,89.885000000000005,58.862000000000002,71.581993010000005,0.196464583000000,0.184606767000000,0.301583542000000,0.654858986000000,59.037999999999997,-0.015511568000000,-0.035506156000000,59.053511569999998,0.357045545000000,0.378592396000000,1.452804267000000,1.477117099000000,-93.538547410000007,44.064913169999997,1,0
877,877,58.484000000000002,85.224999999999994,54.259000000000000,67.398610180000006,0.203772692000000,0.186077420000000,0.298949134000000,0.636655911000000,57.707000000000001,-0.016908793000000,-0.046787360000000,57.723908790000003,0.359700288000000,0.391892335000000,1.457236167000000,1.494081130000000,-93.538508809999996,44.065646569999998,1,0
878,878,62.331000000000003,87.159000000000006,56.936000000000000,70.056055979999996,0.187512986000000,0.166084688000000,0.268254208000000,0.653242924000000,55.051000000000002,0.000505750000000,-0.036083633000000,55.050494250000000,0.323252733000000,0.363176921000000,1.398325071000000,1.441122015000000,-93.538508809999996,44.065607970000002,1,0
879,879,53.728000000000002,80.242999999999995,50.822000000000003,63.004001770000002,0.211050574000000,0.197915967000000,0.318885374000000,0.633351196000000,55.936000000000000,-0.027186095000000,-0.049202080000000,55.963186090000001,0.380911358000000,0.404424803000000,1.493504318000000,1.521416331000000,-93.538508809999996,44.065569369999999,3,0
880,880,49.450000000000003,76.274000000000001,47.323999999999998,59.168084170000000,0.223702682000000,0.213356241000000,0.342142857000000,0.620447335000000,55.774000000000001,-0.040705469000000,-0.057905321000000,55.814705470000000,0.408133866000000,0.426280472000000,1.542446916000000,1.565184295000000,-93.538508809999996,44.065530770000002,3,0
881,881,42.652999999999999,67.581999999999994,41.953000000000003,52.110969230000002,0.230049597000000,0.226144147000000,0.365088896000000,0.620771803000000,50.558000000000000,-0.051697900000000,-0.058137304000000,50.609697900000000,0.430283109000000,0.437001026000000,1.584460648000000,1.593215717000000,-93.538508809999996,44.065492169999999,2,0
882,882,40.716000000000001,64.334000000000003,39.718000000000004,49.578811790000003,0.230672112000000,0.224826273000000,0.361507378000000,0.617371841000000,48.234000000000002,-0.050643789000000,-0.060295093000000,48.284643789999997,0.428017603000000,0.438098677000000,1.580066804000000,1.593178491000000,-93.538508809999996,44.065453570000003,2,0
883,883,41.713999999999999,65.734999999999999,41.052999999999997,50.815013630000003,0.227332347000000,0.223557222000000,0.361783842000000,0.624522705000000,48.703000000000003,-0.049395968000000,-0.055627534000000,48.752395970000002,0.425832271000000,0.432348210000000,1.575849835000000,1.584254067000000,-93.538508809999996,44.065414969999999,2,0
884,884,43.567999999999998,67.665999999999997,42.749000000000002,52.612847549999998,0.221137925000000,0.216642394000000,0.351872673000000,0.631764845000000,49.015000000000001,-0.043321665000000,-0.050767942000000,49.058321669999998,0.413860680000000,0.421693046000000,1.553112376000000,1.562958168000000,-93.538508809999996,44.065376370000003,3,0
885,885,41.759000000000000,64.844999999999999,40.558000000000000,50.311163340000000,0.223450169000000,0.216558478000000,0.349544257000000,0.625460714000000,47.372999999999998,-0.043369892000000,-0.054795396000000,47.416369889999999,0.413714738000000,0.425734910000000,1.552838909000000,1.568002316000000,-93.538508809999996,44.065337769999999,2,0
886,886,59.423999999999999,88.287000000000006,54.575000000000003,69.051277490000004,0.215350359000000,0.195401832000000,0.309901649000000,0.618154428000000,62.575000000000003,-0.025179202000000,-0.058738618000000,62.600179199999999,0.376430829000000,0.412363663000000,1.485712843000000,1.528428994000000,-93.539551009999997,44.064951770000000,1,0
887,887,41.747000000000000,65.364999999999995,41.064000000000000,50.667699540000001,0.224401871000000,0.220498170000000,0.357588421000000,0.628226115000000,47.918999999999997,-0.046695821000000,-0.053148958000000,47.965695820000001,0.420549460000000,0.427314987000000,1.565741251000000,1.574365675000000,-93.538508809999996,44.065299170000003,2,0
888,888,41.771000000000001,64.328999999999994,40.558999999999997,50.093476500000001,0.219576469000000,0.212610745000000,0.344181505000000,0.630493246000000,46.328000000000003,-0.039885721000000,-0.051455417000000,46.367885719999997,0.406831358000000,0.419042927000000,1.540039740000000,1.555214189000000,-93.538508809999996,44.065260570000000,3,0
889,889,39.881000000000000,62.603000000000002,39.066000000000003,48.427891850000002,0.226589862000000,0.221712658000000,0.358289445000000,0.624027603000000,46.259000000000000,-0.047824797000000,-0.055885553000000,46.306824800000001,0.422649351000000,0.431091806000000,1.569744991000000,1.580575145000000,-93.538508809999996,44.065221970000003,2,0
890,890,38.241000000000000,60.317999999999998,37.597999999999999,46.598443500000002,0.228003563000000,0.223997808000000,0.362149571000000,0.623329686000000,44.796999999999997,-0.049799863000000,-0.056411349000000,44.846799859999997,0.426591386000000,0.433501962000000,1.577312309000000,1.586244283000000,-93.538508809999996,44.065183370000000,2,0
891,891,39.624000000000002,62.700000000000003,39.494000000000000,48.515040319999997,0.226297930000000,0.225518940000000,0.367276779000000,0.629888357000000,46.281999999999996,-0.050955450000000,-0.052238785000000,46.332955450000000,0.429208837000000,0.430548312000000,1.582374319000000,1.584106884000000,-93.538508809999996,44.065144770000003,2,0
892,892,40.447000000000003,63.295999999999999,38.759000000000000,48.800968249999997,0.230254910000000,0.220246185000000,0.351609627000000,0.612345172000000,47.386000000000003,-0.046807764000000,-0.063391391000000,47.432807760000003,0.420113352000000,0.437507751000000,1.564912107000000,1.587285430000000,-93.538508809999996,44.065106170000000,2,0
893,893,40.198000000000000,62.901000000000003,38.295000000000002,48.438696759999999,0.231571991000000,0.220205822000000,0.350333313000000,0.608813850000000,47.308999999999997,-0.046846401000000,-0.065688785000000,47.355846399999997,0.420043481000000,0.439808836000000,1.564779342000000,1.590255382000000,-93.538508809999996,44.065067569999997,2,0
894,894,39.231000000000002,61.923000000000002,38.021999999999998,47.676695119999998,0.231691853000000,0.224331218000000,0.359437369000000,0.614020639000000,46.593000000000004,-0.050293154000000,-0.062454734000000,46.643293149999998,0.427165545000000,0.439874821000000,1.578420127000000,1.594959105000000,-93.538508809999996,44.065028970000000,2,0
895,895,39.473999999999997,62.335000000000001,38.918999999999997,48.161317330000003,0.227894791000000,0.224547928000000,0.363507712000000,0.624352290000000,46.277000000000001,-0.050248707000000,-0.055769996000000,46.327248709999999,0.427538602000000,0.433306761000000,1.579140700000000,1.586604196000000,-93.538508809999996,44.064990369999997,2,0
896,896,40.981999999999999,64.016999999999996,39.994000000000000,49.589046670000002,0.225147122000000,0.219383042000000,0.354357357000000,0.624740303000000,47.058000000000000,-0.045810487000000,-0.055350258000000,47.103810490000001,0.418618431000000,0.428630294000000,1.562076033000000,1.574821754000000,-93.538508809999996,44.064951770000000,2,0
897,897,59.825000000000003,88.596999999999994,55.560000000000002,69.559022020000000,0.211255763000000,0.193852663000000,0.309836101000000,0.627109270000000,61.808999999999997,-0.023737389000000,-0.053009579000000,61.832737389999998,0.373663481000000,0.405032463000000,1.480936064000000,1.517862480000000,-93.539628210000004,44.065453570000003,1,0
898,898,62.161999999999999,91.382999999999996,57.997000000000000,72.061591579999998,0.206674920000000,0.190309030000000,0.305825344000000,0.634658525000000,62.606999999999999,-0.020592601000000,-0.048156867000000,62.627592600000000,0.367314825000000,0.396923594000000,1.470078183000000,1.504423847000000,-93.539551009999997,44.064913169999997,1,0
899,899,40.743000000000002,63.103000000000002,39.741999999999997,49.062569650000000,0.221204600000000,0.215318838000000,0.348808187000000,0.629795731000000,45.720999999999997,-0.042223584000000,-0.051983453000000,45.763223580000002,0.411556987000000,0.421834893000000,1.548805930000000,1.561688803000000,-93.538508809999996,44.064913169999997,2,0
900,900,65.373999999999995,93.817999999999998,60.009999999999998,74.558203440000000,0.198875471000000,0.178677320000000,0.286785909000000,0.639642712000000,62.252000000000002,-0.010467058000000,-0.044725869000000,62.262467059999999,0.346298848000000,0.383399415000000,1.435096522000000,1.476598859000000,-93.538470210000000,44.065646569999998,1,0
901,901,65.858000000000004,91.248999999999995,59.728999999999999,73.555443049999994,0.184724995000000,0.161615969000000,0.260746781000000,0.654571557000000,56.911000000000001,0.004391337000000,-0.035180505000000,56.906608660000003,0.315004118000000,0.358298780000000,1.385541620000000,1.431352276000000,-93.538470210000000,44.065607970000002,1,0
902,902,61.491999999999997,88.772000000000006,57.656999999999996,70.677822300000003,0.196819608000000,0.181547144000000,0.294578164000000,0.649495336000000,58.395000000000003,-0.012904901000000,-0.038727209000000,58.407904899999998,0.351508781000000,0.379402857000000,1.443634944000000,1.474926084000000,-93.538470210000000,44.065569369999999,1,0
903,903,56.115000000000002,82.903999999999996,52.869999999999997,65.363606950000005,0.206784743000000,0.192700278000000,0.310961242000000,0.637725562000000,56.823000000000000,-0.022632876000000,-0.046308022000000,56.845632879999997,0.371601722000000,0.396984093000000,1.477394636000000,1.506992579000000,-93.538470210000000,44.065530770000002,1,0
904,904,39.954999999999998,64.483000000000004,39.423999999999999,49.358251889999998,0.238004272000000,0.234857044000000,0.377272587000000,0.611385947000000,49.587000000000003,-0.059404151000000,-0.064571603000000,49.646404150000002,0.445160027000000,0.450507902000000,1.613890627000000,1.621096913000000,-93.538470210000000,44.065492169999999,2,0
905,905,37.884000000000000,61.036000000000001,37.887999999999998,46.890266570000001,0.234022765000000,0.234047715000000,0.379341985000000,0.620748411000000,46.299999999999997,-0.058464417000000,-0.058423484000000,46.358464419999997,0.443785595000000,0.443743201000000,1.611128709000000,1.611072065000000,-93.538470210000000,44.065453570000003,2,0
906,906,38.808000000000000,62.469999999999999,38.652000000000001,47.967137600000001,0.234584980000000,0.233634155000000,0.377830294000000,0.618728990000000,47.479999999999997,-0.058163367000000,-0.059724148000000,47.538163369999999,0.443082679000000,0.444699797000000,1.609719645000000,1.611880191000000,-93.538470210000000,44.065414969999999,2,0
907,907,36.713000000000001,59.104999999999997,36.509000000000000,45.365745060000002,0.235007731000000,0.233693043000000,0.377548096000000,0.617697318000000,44.988000000000000,-0.058240571000000,-0.060398860000000,45.046240570000002,0.443182793000000,0.445418870000000,1.609920192000000,1.612910192000000,-93.538470210000000,44.065376370000003,2,0
908,908,33.119999999999997,54.479999999999997,33.707999999999998,41.638259910000002,0.239675063000000,0.243835616000000,0.396348252000000,0.618722467000000,42.131999999999998,-0.066871105000000,-0.060085073000000,42.198871099999998,0.460303516000000,0.453340873000000,1.644927536000000,1.635316301000000,-93.538470210000000,44.065337769999999,2,0
909,909,56.741000000000000,82.361000000000004,52.829000000000001,65.303850429999997,0.201070392000000,0.184181392000000,0.296964288000000,0.641432231000000,55.152000000000001,-0.015232558000000,-0.043767812000000,55.167232560000002,0.356276880000000,0.387056636000000,1.451525352000000,1.486468861000000,-93.539512410000000,44.065646569999998,1,0
910,910,33.012000000000000,54.488999999999997,33.534999999999997,41.566972030000002,0.241737644000000,0.245448623000000,0.397972798000000,0.615445319000000,42.430999999999997,-0.068344955000000,-0.062295515000000,42.499344960000002,0.463003584000000,0.456806702000000,1.650581607000000,1.641964583000000,-93.538470210000000,44.065299170000003,2,0
911,911,34.436999999999998,55.500000000000000,35.113000000000000,42.813859659999999,0.229576295000000,0.234197271000000,0.384193054000000,0.632666667000000,41.450000000000003,-0.058282287000000,-0.050714114000000,41.508282289999997,0.444039693000000,0.436202674000000,1.611638644000000,1.601239438000000,-93.538470210000000,44.065260570000000,2,0
912,912,33.426000000000002,53.787999999999997,33.904000000000003,41.472591899999998,0.230100740000000,0.233471690000000,0.381954605000000,0.630326467000000,40.246000000000002,-0.057725524000000,-0.052200334000000,40.303725520000000,0.442806432000000,0.437081097000000,1.609166517000000,1.601575928000000,-93.538470210000000,44.065221970000003,2,0
913,913,31.454999999999998,51.798000000000002,32.021000000000001,39.571851400000000,0.240135989000000,0.244351555000000,0.397076046000000,0.618189892000000,40.119999999999997,-0.067326544000000,-0.060452487000000,40.187326540000001,0.461167846000000,0.454118481000000,1.646733429000000,1.636982927000000,-93.538470210000000,44.065183370000000,2,0
914,914,31.757999999999999,52.652000000000001,33.133000000000003,40.326167509999998,0.237451159000000,0.247529914000000,0.407473136000000,0.629282838000000,40.412999999999997,-0.069683435000000,-0.053306450000000,40.482683430000002,0.466478213000000,0.449734179000000,1.657912967000000,1.634677150000000,-93.538470210000000,44.065144770000003,2,0
915,915,32.688000000000002,53.104999999999997,33.216999999999999,40.792219269999997,0.234174825000000,0.237979789000000,0.388333080000000,0.625496658000000,40.305000000000000,-0.061690614000000,-0.055467608000000,40.366690609999999,0.450448695000000,0.444027423000000,1.624602301000000,1.615940512000000,-93.538470210000000,44.065106170000000,2,0
916,916,32.508000000000003,52.781999999999996,32.954999999999998,40.532873950000003,0.234471750000000,0.237706648000000,0.387388937000000,0.624360577000000,40.100999999999999,-0.061489281000000,-0.056196879000000,40.162489280000003,0.449987026000000,0.444524605000000,1.623661868000000,1.616294692000000,-93.538470210000000,44.065067569999997,2,0
917,917,32.621000000000002,52.534999999999997,32.473999999999997,40.326238529999998,0.234919049000000,0.233853164000000,0.378003872000000,0.618140287000000,39.975000000000001,-0.058366063000000,-0.060115617000000,40.033366059999999,0.443454971000000,0.445267307000000,1.610465651000000,1.612889596000000,-93.538470210000000,44.065028970000000,2,0
918,918,31.768000000000001,52.073000000000000,32.847000000000001,39.998868989999998,0.234242509000000,0.242184611000000,0.398184100000000,0.630787548000000,39.530999999999999,-0.065112094000000,-0.052166461000000,39.596112089999998,0.457533343000000,0.444228476000000,1.639165198000000,1.621034587000000,-93.538470210000000,44.064990369999997,2,0
919,919,32.326999999999998,52.610999999999997,33.276000000000003,40.497919400000001,0.231927411000000,0.238809485000000,0.392629012000000,0.632491304000000,39.619000000000000,-0.062202446000000,-0.050963507000000,39.681202450000001,0.451849978000000,0.440261892000000,1.627463111000000,1.611857971000000,-93.538470210000000,44.064951770000000,2,0
920,920,52.667999999999999,76.540999999999997,47.893999999999998,60.349753219999997,0.207061866000000,0.184762671000000,0.293586669000000,0.625730001000000,52.520000000000003,-0.015842758000000,-0.053581249000000,52.535842760000001,0.357327177000000,0.398048103000000,1.453273335000000,1.499991468000000,-93.539512410000000,44.065607970000002,1,0
921,921,33.533999999999999,54.148000000000003,33.841000000000001,41.640318370000003,0.232941123000000,0.235099564000000,0.382868075000000,0.624972298000000,40.920999999999999,-0.059251335000000,-0.055714556000000,40.980251340000002,0.445571583000000,0.441912205000000,1.614719389000000,1.609826616000000,-93.538470210000000,44.064913169999997,2,0
922,922,65.656999999999996,92.063999999999993,59.652000000000001,73.812787619999995,0.190083927000000,0.167428561000000,0.269269596000000,0.647940563000000,58.819000000000003,-0.000663376000000,-0.039338832000000,58.819663380000001,0.325726257000000,0.367905054000000,1.402196262000000,1.447705625000000,-93.538431610000004,44.065646569999998,1,0
923,923,69.012000000000000,93.007000000000005,61.295000000000002,75.652792890000001,0.176109079000000,0.148099914000000,0.238225249000000,0.659036417000000,55.707000000000001,0.016164683000000,-0.032214729000000,55.690835319999998,0.289842542000000,0.343173663000000,1.347693155000000,1.401975349000000,-93.538431610000004,44.065607970000002,1,0
924,924,62.195999999999998,88.453000000000003,56.386000000000003,70.407520009999999,0.197381958000000,0.174292561000000,0.278550439000000,0.637468486000000,58.323999999999998,-0.006658778000000,-0.045946821000000,58.330658780000000,0.338308035000000,0.380988547000000,1.422165413000000,1.469376099000000,-93.538431610000004,44.065569369999999,1,0
925,925,56.192999999999998,82.569000000000003,52.627000000000002,65.178969359999996,0.205571657000000,0.190080858000000,0.306216985000000,0.637369957000000,56.317999999999998,-0.020371077000000,-0.046456170000000,56.338371080000002,0.366905163000000,0.394926525000000,1.469382307000000,1.501815273000000,-93.538431610000004,44.065530770000002,1,0
926,926,40.332000000000001,65.180999999999997,39.356000000000002,49.746449519999999,0.241247322000000,0.235506525000000,0.375606512000000,0.603795585000000,50.673999999999999,-0.060166081000000,-0.069598051000000,50.734166080000001,0.446261883000000,0.456017191000000,1.616111276000000,1.629348493000000,-93.538431610000004,44.065492169999999,2,0
927,927,37.899999999999999,60.414000000000001,37.180999999999997,46.435217080000001,0.233511477000000,0.229000956000000,0.368278998000000,0.615436819000000,45.747000000000000,-0.054275066000000,-0.061704122000000,45.801275070000003,0.435180425000000,0.442910949000000,1.594036939000000,1.604236241000000,-93.538431610000004,44.065453570000003,2,0
928,928,37.677999999999997,60.125000000000000,37.460000000000001,46.324575580000001,0.230884189000000,0.229512387000000,0.371990123000000,0.623035343000000,45.112000000000002,-0.054529324000000,-0.056785669000000,45.166529320000002,0.436055161000000,0.438401850000000,1.595758798000000,1.598845248000000,-93.538431610000004,44.065414969999999,2,0
929,929,36.686000000000000,58.087000000000003,36.222999999999999,44.840710280000003,0.228814859000000,0.225813259000000,0.365516652000000,0.623599084000000,43.265000000000001,-0.051349660000000,-0.056297902000000,43.316349660000000,0.429714668000000,0.434878331000000,1.583356049000000,1.590066894000000,-93.538431610000004,44.065376370000003,2,0
930,930,35.037999999999997,55.966000000000001,35.912999999999997,43.395845299999998,0.224083157000000,0.229967913000000,0.379880561000000,0.641693171000000,40.981000000000002,-0.054467093000000,-0.044815115000000,41.035467089999997,0.436833768000000,0.426800587000000,1.597294366000000,1.584228195000000,-93.538431610000004,44.065337769999999,2,0
931,931,49.152000000000001,72.316000000000003,44.517000000000003,56.648878330000002,0.213859782000000,0.190700431000000,0.301022729000000,0.615589911000000,50.963000000000001,-0.021105522000000,-0.060199416000000,50.984105520000000,0.368017305000000,0.410033145000000,1.471272786000000,1.520608096000000,-93.539512410000000,44.065569369999999,3,0
932,932,34.725999999999999,55.804000000000002,35.183000000000000,43.041936839999998,0.229725040000000,0.232828896000000,0.380833650000000,0.630474518000000,41.698999999999998,-0.057174676000000,-0.052085305000000,41.756174680000001,0.441712851000000,0.436435993000000,1.606980361000000,1.599999177000000,-93.538431610000004,44.065299170000003,2,0
933,933,33.869999999999997,54.991000000000000,34.667999999999999,42.320433219999998,0.232153260000000,0.237685824000000,0.389736682000000,0.630430434000000,41.444000000000003,-0.061305442000000,-0.052261412000000,41.505305440000001,0.449951822000000,0.440616980000000,1.623590198000000,1.611048425000000,-93.538431610000004,44.065260570000000,2,0
934,934,34.283999999999999,54.765999999999998,35.107999999999997,42.454992150000002,0.224341061000000,0.230005615000000,0.379704127000000,0.641054669000000,40.140000000000001,-0.054514409000000,-0.045223022000000,40.194514409999996,0.436898187000000,0.427240131000000,1.597421538000000,1.584837624000000,-93.538431610000004,44.065221970000003,2,0
935,935,33.235999999999997,53.203000000000003,34.219000000000001,41.255831370000003,0.224035293000000,0.230995268000000,0.382363079000000,0.643178016000000,38.951000000000001,-0.055301762000000,-0.043895970000000,39.006301759999999,0.438588001000000,0.426742808000000,1.600764232000000,1.585302228000000,-93.538431610000004,44.065183370000000,2,0
936,936,33.189999999999998,53.597999999999999,34.466999999999999,41.482107759999998,0.226127090000000,0.235147716000000,0.390053707000000,0.643065040000000,39.539000000000001,-0.058818193000000,-0.044074059000000,39.597818189999998,0.445653280000000,0.430398979000000,1.614884001000000,1.594708785000000,-93.538431610000004,44.065144770000003,2,0
937,937,32.100000000000001,51.664999999999999,32.731999999999999,39.879259640000001,0.228934004000000,0.233570107000000,0.383379382000000,0.633543018000000,38.497999999999998,-0.057726808000000,-0.050131763000000,38.555726810000003,0.442973781000000,0.435104389000000,1.609501558000000,1.599085630000000,-93.538431610000004,44.065106170000000,2,0
938,938,31.268000000000001,50.835999999999999,31.725999999999999,39.023607370000001,0.234887591000000,0.238331872000000,0.388423518000000,0.624085294000000,38.677999999999997,-0.062029342000000,-0.056396381000000,38.740029340000000,0.451043532000000,0.445233063000000,1.625815530000000,1.617961937000000,-93.538431610000004,44.065067569999997,2,0
939,939,31.661000000000001,51.436999999999998,33.009000000000000,39.739895869999998,0.228023683000000,0.237984067000000,0.394817225000000,0.641736493000000,38.204000000000001,-0.061250398000000,-0.044996426000000,38.265250399999999,0.450455925000000,0.433683682000000,1.624617037000000,1.602216227000000,-93.538431610000004,44.065028970000000,2,0
940,940,32.250999999999998,52.679000000000002,33.972999999999999,40.699585460000002,0.228077537000000,0.240527493000000,0.400887022000000,0.644905940000000,39.134000000000000,-0.063308747000000,-0.043033397000000,39.197308749999998,0.454746331000000,0.433874066000000,1.633406716000000,1.605357012000000,-93.538431610000004,44.064990369999997,2,0
941,941,32.164999999999999,51.765999999999998,32.594999999999999,39.902965660000000,0.230385283000000,0.233537072000000,0.381817828000000,0.629660395000000,38.771999999999998,-0.057798260000000,-0.052632031000000,38.829798259999997,0.442917611000000,0.437564556000000,1.609389088000000,1.602287698000000,-93.538431610000004,44.064951770000000,2,0
942,942,52.878999999999998,77.382999999999996,49.167999999999999,61.105945030000001,0.205281664000000,0.188113187000000,0.302167855000000,0.635385033000000,52.719000000000001,-0.018683609000000,-0.047638633000000,52.737683609999998,0.363368026000000,0.394520392000000,1.463397568000000,1.499289015000000,-93.539512410000000,44.065530770000002,1,0
943,943,32.363000000000000,51.761000000000003,32.872000000000000,40.029710940000001,0.226876515000000,0.230588179000000,0.378482791000000,0.635072738000000,38.286999999999999,-0.055154022000000,-0.049063216000000,38.342154020000002,0.437893180000000,0.431565144000000,1.599388190000000,1.591098351000000,-93.538431610000004,44.064913169999997,2,0
944,944,52.953000000000003,78.932000000000002,48.731000000000002,61.668444639999997,0.216453219000000,0.196982219000000,0.312420329000000,0.617379517000000,56.180000000000000,-0.026563538000000,-0.059289321000000,56.206563539999998,0.379248828000000,0.414246596000000,1.490604876000000,1.532423928000000,-93.538393009999993,44.065646569999998,3,0
945,945,57.237000000000002,82.245999999999995,52.134000000000000,65.213578960000007,0.201272169000000,0.179297836000000,0.286311234000000,0.633878851000000,55.121000000000002,-0.011033468000000,-0.048317216000000,55.132033470000003,0.347426697000000,0.387798144000000,1.436937645000000,1.482323552000000,-93.538393009999993,44.065607970000002,1,0
946,946,54.423999999999999,79.094999999999999,50.206000000000003,62.552999489999998,0.203789666000000,0.184775201000000,0.296124254000000,0.634755674000000,53.560000000000002,-0.015792081000000,-0.047933596000000,53.575792079999999,0.357349809000000,0.392015907000000,1.453311039000000,1.492880939000000,-93.538393009999993,44.065569369999999,1,0
947,947,49.448000000000000,75.472999999999999,46.896000000000001,58.709775590000000,0.220801488000000,0.208331666000000,0.333546940000000,0.621361282000000,54.601999999999997,-0.036351467000000,-0.057145684000000,54.638351470000003,0.399331512000000,0.421362895000000,1.526310468000000,1.553481866000000,-93.538393009999993,44.065530770000002,3,0
948,948,44.710000000000001,69.152000000000001,42.948999999999998,53.620890840000001,0.224129614000000,0.214663364000000,0.344675870000000,0.621081097000000,50.645000000000003,-0.041821046000000,-0.057543157000000,50.686821049999999,0.410414673000000,0.426983444000000,1.546678595000000,1.567514124000000,-93.538393009999993,44.065492169999999,3,0
949,949,44.374000000000002,68.165000000000006,43.518999999999998,53.258559439999999,0.216021550000000,0.211402269000000,0.344697189000000,0.638436148000000,48.436999999999998,-0.038712530000000,-0.046382755000000,48.475712530000003,0.404717348000000,0.412819821000000,1.536147293000000,1.546132114000000,-93.538393009999993,44.065453570000003,3,0
950,950,41.665999999999997,65.009000000000000,41.197000000000003,50.528600630000000,0.221508730000000,0.218823529000000,0.356501420000000,0.633712255000000,47.155000000000001,-0.045151212000000,-0.049591539000000,47.200151210000001,0.417648488000000,0.422310148000000,1.560240964000000,1.566133490000000,-93.538393009999993,44.065414969999999,2,0
951,951,40.311999999999998,63.436999999999998,39.707999999999998,49.078289759999997,0.226463793000000,0.222893715000000,0.361096797000000,0.625943850000000,46.853999999999999,-0.048796503000000,-0.054690953000000,46.902796500000001,0.424688235000000,0.430855201000000,1.573650526000000,1.581581403000000,-93.538393009999993,44.065376370000003,2,0
952,952,38.171999999999997,61.042999999999999,38.332999999999998,47.091288370000001,0.229521982000000,0.230519579000000,0.375661115000000,0.627967171000000,45.581000000000003,-0.055269433000000,-0.053630733000000,45.636269429999999,0.437776055000000,0.436073359000000,1.599156450000000,1.596916710000000,-93.538393009999993,44.065337769999999,2,0
953,953,55.878000000000000,82.709999999999994,51.281999999999996,64.789758730000003,0.213735417000000,0.193609836000000,0.307332829000000,0.620021763000000,58.259999999999998,-0.023599305000000,-0.057487755000000,58.283599299999999,0.373229260000000,0.409562337000000,1.480188983000000,1.523105695000000,-93.539512410000000,44.065492169999999,3,0
954,954,40.817999999999998,63.048000000000002,40.118000000000002,49.161683429999997,0.218130531000000,0.214025764000000,0.348716822000000,0.636308844000000,45.159999999999997,-0.040996222000000,-0.047802534000000,45.200996220000000,0.409302593000000,0.416477081000000,1.544612671000000,1.553535701000000,-93.538393009999993,44.065299170000003,2,0
955,955,38.204999999999998,59.792999999999999,37.598999999999997,46.362735309999998,0.224074927000000,0.220290210000000,0.357423136000000,0.628819427000000,43.781999999999996,-0.046505454000000,-0.052762229000000,43.828505450000002,0.420189555000000,0.426750350000000,1.565056930000000,1.573412013000000,-93.538393009999993,44.065260570000000,2,0
956,956,36.750999999999998,58.310000000000002,37.076999999999998,45.186266459999999,0.224691254000000,0.226791218000000,0.371809465000000,0.635860058000000,42.792000000000002,-0.051904827000000,-0.048450862000000,42.843904830000000,0.431394006000000,0.427793238000000,1.586623493000000,1.581964319000000,-93.538393009999993,44.065221970000003,2,0
957,957,37.427999999999997,58.338999999999999,38.000000000000000,45.637316990000002,0.214725204000000,0.218352877000000,0.361988679000000,0.651365296000000,41.250000000000000,-0.044404076000000,-0.038417547000000,41.294404080000000,0.416832045000000,0.410546392000000,1.558699369000000,1.550846795000000,-93.538393009999993,44.065183370000000,2,0
958,958,36.087000000000003,57.164000000000001,37.066000000000003,44.511731869999998,0.219622255000000,0.226024386000000,0.375135712000000,0.648415086000000,41.174999999999997,-0.050969559000000,-0.040452128000000,41.225969560000003,0.430077398000000,0.419106735000000,1.584060742000000,1.570003879000000,-93.538393009999993,44.065144770000003,2,0
959,959,34.884000000000000,55.841999999999999,35.581000000000003,43.209682479999998,0.226292760000000,0.231003241000000,0.380052589000000,0.637172737000000,41.219000000000001,-0.055455359000000,-0.047729738000000,41.274455359999997,0.438601604000000,0.430578189000000,1.600791194000000,1.590279985000000,-93.538393009999993,44.065106170000000,2,0
960,960,34.383000000000003,54.860999999999997,34.834000000000003,42.447330370000003,0.226362056000000,0.229460804000000,0.376364639000000,0.634950147000000,40.505000000000003,-0.054198166000000,-0.049109431000000,40.559198170000002,0.435966962000000,0.430674617000000,1.595585027000000,1.588675917000000,-93.538393009999993,44.065067569999997,2,0
961,961,34.479999999999997,55.451000000000001,35.682000000000002,42.960791909999998,0.225003314000000,0.233189890000000,0.386569338000000,0.643487043000000,40.740000000000002,-0.057151728000000,-0.043755025000000,40.797151730000003,0.442327126000000,0.428442015000000,1.608207657000000,1.589960892000000,-93.538393009999993,44.065028970000000,2,0
962,962,33.802999999999997,54.881000000000000,35.176000000000002,42.394645680000004,0.228168132000000,0.237675342000000,0.393922404000000,0.640950420000000,40.783000000000001,-0.061010819000000,-0.045491684000000,40.844010820000001,0.449934100000000,0.433915536000000,1.623554122000000,1.602170750000000,-93.538393009999993,44.064990369999997,2,0
963,963,34.594000000000001,54.517000000000003,34.749000000000002,42.333364009999997,0.222511871000000,0.223575092000000,0.366487620000000,0.637397509000000,39.691000000000003,-0.049131277000000,-0.047379299000000,39.740131280000000,0.425863068000000,0.424031446000000,1.575909117000000,1.573564824000000,-93.538393009999993,44.064951770000000,2,0
964,964,62.207999999999998,90.432000000000002,57.978000000000002,71.668752769999998,0.201554559000000,0.184905660000000,0.298155543000000,0.641122611000000,60.677999999999997,-0.015861892000000,-0.043979147000000,60.693861890000001,0.357585438000000,0.387899028000000,1.453703704000000,1.488195678000000,-93.539512410000000,44.065453570000003,1,0
965,965,34.899999999999999,54.853999999999999,34.715000000000003,42.552330689999998,0.223579797000000,0.222318782000000,0.362542924000000,0.632861779000000,40.093000000000004,-0.048156569000000,-0.050237409000000,40.141156570000000,0.423696113000000,0.425874069000000,1.571747851000000,1.574532121000000,-93.538393009999993,44.064913169999997,2,0
966,966,47.856999999999999,73.703999999999994,45.435000000000002,57.116580460000002,0.224827586000000,0.212625760000000,0.339529202000000,0.616452296000000,54.116000000000000,-0.040145872000000,-0.060450550000000,54.156145870000003,0.406857604000000,0.428295177000000,1.540088179000000,1.566954486000000,-93.538354409999997,44.065646569999998,3,0
967,967,50.369000000000000,75.424999999999997,46.938000000000002,58.960841889999998,0.215762602000000,0.199182791000000,0.317743735000000,0.622313557000000,53.542999999999999,-0.028416275000000,-0.056224672000000,53.571416270000000,0.383164015000000,0.412845929000000,1.497448828000000,1.533044260000000,-93.538354409999997,44.065607970000002,3,0
968,968,50.575000000000003,75.140000000000001,47.192000000000000,58.965908480000003,0.211705846000000,0.195402299000000,0.312838277000000,0.628054299000000,52.512999999999998,-0.025071281000000,-0.052462885000000,52.538071279999997,0.376431662000000,0.405749235000000,1.485714286000000,1.520364707000000,-93.538354409999997,44.065569369999999,3,0
969,969,45.954999999999998,70.509000000000000,43.662999999999997,54.741327089999999,0.222861999000000,0.210829097000000,0.337275587000000,0.619254280000000,51.399999999999999,-0.038544405000000,-0.058583499000000,51.438544409999999,0.403713567000000,0.424901650000000,1.534305299000000,1.560668907000000,-93.538354409999997,44.065530770000002,3,0
970,970,44.353000000000002,68.284999999999997,42.447000000000003,53.015021910000002,0.222814165000000,0.212468261000000,0.340955393000000,0.621615289000000,49.770000000000003,-0.039918754000000,-0.057124803000000,49.809918750000001,0.406582275000000,0.424748667000000,1.539580186000000,1.562264704000000,-93.538354409999997,44.065492169999999,3,0
971,971,44.689999999999998,69.111999999999995,43.390999999999998,53.716675019999997,0.221572656000000,0.214600798000000,0.346849214000000,0.627835976000000,50.143000000000001,-0.041643076000000,-0.053212293000000,50.184643080000001,0.410305586000000,0.422496805000000,1.546475722000000,1.561741202000000,-93.538354409999997,44.065453570000003,3,0
972,972,44.079000000000001,67.623999999999995,42.268999999999998,52.607451869999998,0.220671853000000,0.210782163000000,0.339099000000000,0.625059151000000,48.899999999999999,-0.038405684000000,-0.054863222000000,48.938405680000002,0.403631341000000,0.421030776000000,1.534154586000000,1.555725509000000,-93.538354409999997,44.065414969999999,3,0
973,973,39.793999999999997,63.204000000000001,38.832000000000001,48.601208059999998,0.233044276000000,0.227285967000000,0.364834959000000,0.614391494000000,47.781999999999996,-0.052826623000000,-0.062322499000000,47.834826620000001,0.432242744000000,0.442139605000000,1.588279640000000,1.601275425000000,-93.538354409999997,44.065376370000003,2,0
974,974,39.201999999999998,62.505000000000003,39.037999999999997,48.192797779999999,0.230110701000000,0.229118940000000,0.371842538000000,0.624558035000000,46.770000000000003,-0.054156098000000,-0.055787417000000,46.824156100000003,0.435382274000000,0.437079505000000,1.594433957000000,1.596661364000000,-93.538354409999997,44.065337769999999,2,0
975,975,53.895000000000003,82.215000000000003,50.027000000000001,63.683273520000000,0.225479967000000,0.208067005000000,0.328984817000000,0.608489935000000,60.508000000000003,-0.036328081000000,-0.065420631000000,60.544328080000000,0.398866336000000,0.429707172000000,1.525466184000000,1.563770954000000,-93.539512410000000,44.065414969999999,3,0
976,976,40.927000000000000,64.025999999999996,40.808999999999997,49.798669609999997,0.220775259000000,0.220088992000000,0.360111624000000,0.637381689000000,46.316000000000003,-0.046158807000000,-0.047292161000000,46.362158809999997,0.419841226000000,0.421029707000000,1.564395143000000,1.565900011000000,-93.538354409999997,44.065299170000003,2,0
977,977,40.862000000000002,64.019000000000005,40.707000000000001,49.750025979999997,0.221695840000000,0.220793089000000,0.360847072000000,0.635858105000000,46.469000000000001,-0.046790944000000,-0.048281452000000,46.515790940000002,0.421059692000000,0.422621779000000,1.566712349000000,1.568696366000000,-93.538354409999997,44.065260570000000,2,0
978,978,38.771000000000001,61.137999999999998,38.451000000000001,47.326965129999998,0.225836850000000,0.223873725000000,0.363939601000000,0.628921456000000,45.054000000000002,-0.049570685000000,-0.052808615000000,45.103570689999998,0.426377640000000,0.429762205000000,1.576900261000000,1.581258281000000,-93.538354409999997,44.065221970000003,2,0
979,979,37.039000000000001,58.542000000000002,36.747999999999998,45.274970230000001,0.226839069000000,0.224971490000000,0.365492156000000,0.627720269000000,43.296999999999997,-0.050536164000000,-0.053614854000000,43.347536159999997,0.428267435000000,0.431482448000000,1.580550231000000,1.584707120000000,-93.538354409999997,44.065183370000000,2,0
980,980,35.749000000000002,56.468000000000004,35.460000000000001,43.680802900000003,0.226598604000000,0.224676578000000,0.365047483000000,0.627966282000000,41.726999999999997,-0.050278437000000,-0.053447371000000,41.777278440000003,0.427760017000000,0.431070132000000,1.579568659000000,1.583843945000000,-93.538354409999997,44.065144770000003,2,0
981,981,35.197000000000003,56.427999999999997,35.334000000000003,43.479648679999997,0.230796076000000,0.231716235000000,0.377165089000000,0.626178493000000,42.325000000000003,-0.056334722000000,-0.054823998000000,42.381334719999998,0.439817601000000,0.438249592000000,1.603204819000000,1.601132181000000,-93.538354409999997,44.065106170000000,2,0
982,982,34.863999999999997,55.642000000000003,35.354999999999997,43.056190749999999,0.226249704000000,0.229575940000000,0.376747475000000,0.635401316000000,41.064999999999998,-0.054285283000000,-0.048823702000000,41.119285280000000,0.436163817000000,0.430484314000000,1.595972923000000,1.588557724000000,-93.538354409999997,44.065067569999997,2,0
983,983,34.170999999999999,55.118000000000002,35.194000000000003,42.599956190000000,0.227565548000000,0.234597767000000,0.387226176000000,0.638520991000000,40.871000000000002,-0.058470635000000,-0.046965449000000,40.929470629999997,0.444719880000000,0.432810509000000,1.613005180000000,1.597238311000000,-93.538354409999997,44.065028970000000,2,0
984,984,34.231999999999999,55.006999999999998,35.515999999999998,42.657496909999999,0.223996173000000,0.232801802000000,0.386705880000000,0.645663279000000,40.265999999999998,-0.056768867000000,-0.042359825000000,40.322768869999997,0.441666734000000,0.426727195000000,1.606888292000000,1.587305151000000,-93.538354409999997,44.064990369999997,2,0
985,985,36.018999999999998,56.658000000000001,36.703000000000003,44.176190929999997,0.218202733000000,0.222698188000000,0.368724765000000,0.647799075000000,40.594000000000001,-0.048163549000000,-0.040762096000000,40.642163549999999,0.424350913000000,0.416608042000000,1.573003137000000,1.563180065000000,-93.538354409999997,44.064951770000000,2,0
986,986,62.406999999999996,90.625000000000000,57.895000000000003,71.785224339999999,0.202114395000000,0.184392807000000,0.296603845000000,0.638841379000000,60.948000000000000,-0.015432827000000,-0.045380629000000,60.963432830000002,0.356658957000000,0.388961541000000,1.452160815000000,1.488908236000000,-93.539512410000000,44.065376370000003,1,0
987,987,36.595999999999997,56.722999999999999,36.566000000000003,44.323952519999999,0.215874989000000,0.215679551000000,0.354642045000000,0.644641503000000,40.283999999999999,-0.042257382000000,-0.042580745000000,40.326257380000001,0.412185207000000,0.412525532000000,1.549978140000000,1.550401485000000,-93.538354409999997,44.064913169999997,2,0
988,988,47.125000000000000,71.956999999999994,44.023000000000003,55.787095290000003,0.224476947000000,0.208528577000000,0.330833078000000,0.611795934000000,52.765999999999998,-0.036675761000000,-0.063301554000000,52.802675760000000,0.399677510000000,0.427889893000000,1.526938992000000,1.561956990000000,-93.538315810000000,44.065646569999998,3,0
989,989,48.097000000000001,72.117000000000004,43.488000000000000,55.992229350000002,0.223260212000000,0.199810338000000,0.313062065000000,0.603020092000000,52.649000000000001,-0.029206729000000,-0.068623474000000,52.678206729999999,0.384278669000000,0.426358264000000,1.499407447000000,1.550557700000000,-93.538315810000000,44.065607970000002,3,0
990,990,51.237000000000002,76.480000000000004,47.250000000000000,59.741060890000000,0.216638099000000,0.197647925000000,0.313706240000000,0.617808577000000,54.472999999999999,-0.027137689000000,-0.059039705000000,54.500137690000003,0.380434297000000,0.414532609000000,1.492671312000000,1.533485777000000,-93.538315810000000,44.065569369999999,3,0
991,991,45.051000000000002,71.367000000000004,42.156999999999996,54.467280510000002,0.241478286000000,0.226047518000000,0.354371743000000,0.590707190000000,55.526000000000003,-0.052313416000000,-0.077863472000000,55.578313420000001,0.430117135000000,0.456782305000000,1.584137977000000,1.619552285000000,-93.538315810000000,44.065530770000002,2,0
992,992,44.990000000000002,69.433999999999997,41.975999999999999,53.563560469999999,0.229823676000000,0.213626512000000,0.337400618000000,0.604545324000000,51.902000000000001,-0.041227621000000,-0.068207161000000,51.943227620000002,0.408605774000000,0.437073536000000,1.543320738000000,1.579372121000000,-93.538315810000000,44.065492169999999,3,0
993,993,43.204000000000001,67.756000000000000,41.601999999999997,52.243620200000002,0.230149148000000,0.221268926000000,0.353989446000000,0.613997284000000,50.706000000000003,-0.047655379000000,-0.062356288000000,50.753655379999998,0.421882510000000,0.437287747000000,1.568280715000000,1.588138039000000,-93.538315810000000,44.065453570000003,2,0
994,994,46.021999999999998,71.180999999999997,44.109000000000002,55.167511959999999,0.224656226000000,0.214661741000000,0.344200618000000,0.619673789000000,52.231000000000002,-0.041845616000000,-0.058448225000000,52.272845619999998,0.410411842000000,0.427909051000000,1.546673330000000,1.568695110000000,-93.538315810000000,44.065414969999999,3,0
995,995,38.593000000000004,62.932000000000002,37.155000000000001,47.715651860000001,0.248576474000000,0.239734056000000,0.378110921000000,0.590399161000000,50.116000000000000,-0.064189501000000,-0.078706374000000,50.180189499999997,0.453409567000000,0.468362127000000,1.630658410000000,1.651408778000000,-93.538315810000000,44.065376370000003,2,0
996,996,39.509999999999998,63.667000000000002,38.697000000000003,48.689440329999996,0.239013141000000,0.234131638000000,0.374643300000000,0.607803101000000,49.127000000000002,-0.058876186000000,-0.066898798000000,49.185876190000002,0.443928187000000,0.452236672000000,1.611414832000000,1.622610408000000,-93.538315810000000,44.065337769999999,2,0
997,997,64.116000000000000,92.766000000000005,59.348999999999997,73.572404280000001,0.200866028000000,0.182621333000000,0.293746732000000,0.639771037000000,62.067000000000000,-0.013890700000000,-0.044754915000000,62.080890699999998,0.353454755000000,0.386786439000000,1.446846341000000,1.484552512000000,-93.539512410000000,44.065337769999999,1,0
998,998,39.905999999999999,64.561000000000007,40.029000000000003,49.541001190000003,0.235280330000000,0.236007543000000,0.382615848000000,0.620018277000000,49.186999999999998,-0.060158067000000,-0.058966338000000,49.247158069999998,0.447111189000000,0.445879201000000,1.617826893000000,1.616169780000000,-93.538315810000000,44.065299170000003,2,0
999,999,39.731000000000002,64.012000000000000,38.823999999999998,48.933258899999998,0.239467710000000,0.234049526000000,0.374019933000000,0.606511279000000,49.469000000000001,-0.058839703000000,-0.067746393000000,49.527839700000001,0.443788673000000,0.453013479000000,1.611134882000000,1.623572288000000,-93.538315810000000,44.065260570000000,2,0
1000,1000,38.896000000000001,63.186000000000000,38.344999999999999,48.220702459999998,0.241295988000000,0.237945965000000,0.381097322000000,0.606859114000000,49.131000000000000,-0.062178926000000,-0.067672171000000,49.193178930000002,0.450391535000000,0.456059789000000,1.624485808000000,1.632222108000000,-93.538315810000000,44.065221970000003,2,0
1001,1001,37.701000000000001,61.228999999999999,37.906999999999996,46.930077390000001,0.236537316000000,0.237824725000000,0.385559543000000,0.619102059000000,46.850000000000001,-0.061734765000000,-0.059627148000000,46.911734760000002,0.450186624000000,0.448011562000000,1.624068327000000,1.621124006000000,-93.538315810000000,44.065183370000000,2,0
1002,1002,36.950000000000003,59.432000000000002,36.829000000000001,45.657567340000000,0.234033938000000,0.233259322000000,0.377512468000000,0.619682999000000,45.085000000000001,-0.057818048000000,-0.059089715000000,45.142818050000002,0.442445238000000,0.443763266000000,1.608443843000000,1.610201647000000,-93.538315810000000,44.065144770000003,2,0
1003,1003,35.462000000000003,57.259999999999998,36.468000000000004,44.219814820000003,0.228425851000000,0.235089838000000,0.387492445000000,0.636884387000000,42.590000000000003,-0.058930258000000,-0.048028485000000,42.648930260000000,0.445555081000000,0.434275428000000,1.614686143000000,1.599714916000000,-93.538315810000000,44.065106170000000,2,0
1004,1004,35.451999999999998,56.951999999999998,36.137000000000000,43.993398659999997,0.228121816000000,0.232673910000000,0.382106741000000,0.634516786000000,42.314999999999998,-0.056940587000000,-0.049479932000000,42.371940590000001,0.441449029000000,0.433712525000000,1.606453797000000,1.596248705000000,-93.538315810000000,44.065067569999997,2,0
1005,1005,34.475000000000001,55.231999999999999,34.905000000000001,42.651527809999997,0.228442428000000,0.231386625000000,0.378763549000000,0.631970597000000,41.084000000000003,-0.055909543000000,-0.051078548000000,41.139909539999998,0.439255606000000,0.434240029000000,1.602088470000000,1.595489070000000,-93.538315810000000,44.065028970000000,2,0
1006,1006,33.216000000000001,54.630000000000003,34.158000000000001,41.850959850000002,0.237134414000000,0.243767502000000,0.398860080000000,0.625260846000000,41.886000000000003,-0.066617488000000,-0.055808006000000,41.952617490000002,0.460189359000000,0.449097290000000,1.644689306000000,1.629444413000000,-93.538315810000000,44.064990369999997,2,0
1007,1007,35.149000000000001,56.326000000000001,36.406999999999996,43.717045210000002,0.223095631000000,0.231505876000000,0.384560907000000,0.646362248000000,41.095999999999997,-0.055655995000000,-0.041883924000000,41.151656000000003,0.439458962000000,0.425163122000000,1.602492247000000,1.583836648000000,-93.538315810000000,44.064951770000000,2,0
1008,1008,59.808999999999997,88.549999999999997,55.912999999999997,69.628735809999995,0.209608568000000,0.193726029000000,0.310895009000000,0.631428571000000,61.378000000000000,-0.023583262000000,-0.050284914000000,61.401583260000002,0.373437051000000,0.402049193000000,1.480546406000000,1.514131247000000,-93.539628210000004,44.065414969999999,1,0
1009,1009,59.688000000000002,87.560000000000002,55.549999999999997,69.077766429999997,0.206235062000000,0.189286102000000,0.303954285000000,0.634422111000000,59.881999999999998,-0.019708281000000,-0.048274638000000,59.901708280000001,0.365477430000000,0.396186306000000,1.466961533000000,1.502482121000000,-93.539512410000000,44.065299170000003,1,0
1010,1010,35.045999999999999,56.619000000000000,36.255000000000003,43.773501500000002,0.227252776000000,0.235346097000000,0.389334055000000,0.640332750000000,41.936999999999998,-0.059057223000000,-0.045825516000000,41.996057219999997,0.445989807000000,0.432302739000000,1.615562404000000,1.597418943000000,-93.538315810000000,44.064913169999997,2,0
1011,1011,59.000999999999998,86.816999999999993,55.948000000000000,68.674323670000007,0.203355707000000,0.190758343000000,0.309513742000000,0.644435998000000,58.685000000000002,-0.020893510000000,-0.042077456000000,58.705893510000003,0.368121216000000,0.390859329000000,1.471449636000000,1.497715459000000,-93.538277210000004,44.065646569999998,1,0
1012,1012,59.118000000000002,87.864999999999995,54.851999999999997,68.857190509999995,0.213186055000000,0.195580441000000,0.312023098000000,0.624275878000000,61.759999999999998,-0.025267174000000,-0.054857681000000,61.785267169999997,0.376749568000000,0.408420888000000,1.486264759000000,1.523799265000000,-93.538277210000004,44.065607970000002,1,0
1013,1013,60.601999999999997,88.516000000000005,56.890999999999998,70.105326809999994,0.202152619000000,0.187194034000000,0.302666247000000,0.642719960000000,59.539000000000001,-0.017830289000000,-0.043049576000000,59.556830290000001,0.361713062000000,0.388855383000000,1.460611861000000,1.491672460000000,-93.538277210000004,44.065569369999999,1,0
1014,1014,54.606999999999999,82.144999999999996,51.313000000000002,64.194364870000001,0.216017172000000,0.201371826000000,0.322311825000000,0.624663704000000,58.369999999999997,-0.030283147000000,-0.054804456000000,58.400283150000000,0.387048595000000,0.413174241000000,1.504294321000000,1.535786266000000,-93.538277210000004,44.065530770000002,3,0
1015,1015,53.045999999999999,79.207999999999998,50.225000000000001,62.210224250000003,0.210728848000000,0.197816323000000,0.318935986000000,0.634089991000000,55.145000000000003,-0.027091337000000,-0.048734375000000,55.172091340000001,0.380734030000000,0.403850338000000,1.493194586000000,1.520615434000000,-93.538277210000004,44.065492169999999,3,0
1016,1016,51.098999999999997,77.329999999999998,49.122000000000000,60.564036590000001,0.213585948000000,0.204245147000000,0.330752645000000,0.635225656000000,54.439000000000000,-0.032618234000000,-0.048206994000000,54.471618229999997,0.392132081000000,0.408697068000000,1.513336856000000,1.533352540000000,-93.538277210000004,44.065453570000003,3,0
1017,1017,51.680000000000000,79.013000000000005,50.137999999999998,61.718974969999998,0.216314404000000,0.209138975000000,0.339308547000000,0.634553808000000,56.207999999999998,-0.036835498000000,-0.048773717000000,56.244835500000001,0.400749521000000,0.413385266000000,1.528889319000000,1.544389456000000,-93.538277210000004,44.065414969999999,3,0
1018,1018,50.587000000000003,77.251000000000005,49.094000000000001,60.379307730000001,0.215675321000000,0.208576480000000,0.338616276000000,0.635512809000000,54.820999999999998,-0.036337124000000,-0.048150702000000,54.857337119999997,0.399761668000000,0.412270958000000,1.527091941000000,1.542402370000000,-93.538277210000004,44.065376370000003,3,0
1019,1019,52.131000000000000,79.444999999999993,50.188000000000002,62.042954289999997,0.216573702000000,0.207591050000000,0.335602300000000,0.631732645000000,56.570999999999998,-0.035549394000000,-0.050514953000000,56.606549389999998,0.398029403000000,0.413890670000000,1.523949282000000,1.543347550000000,-93.538277210000004,44.065337769999999,3,0
1020,1020,57.753999999999998,85.766000000000005,54.103000000000002,67.375727280000007,0.210576275000000,0.195178372000000,0.313273762000000,0.630821071000000,59.674999999999997,-0.024847310000000,-0.050711709000000,59.699847310000003,0.376031959000000,0.403716772000000,1.485022682000000,1.517669503000000,-93.539512410000000,44.065260570000000,1,0
1021,1021,50.926000000000002,77.188999999999993,49.226999999999997,60.483873129999999,0.213038883000000,0.204995512000000,0.332915019000000,0.637746311000000,54.225000000000001,-0.033227323000000,-0.046639826000000,54.258227320000003,0.393456729000000,0.407699535000000,1.515709068000000,1.532932395000000,-93.538277210000004,44.065299170000003,3,0
1022,1022,52.146000000000001,78.245000000000005,49.670999999999999,61.396779449999997,0.211658995000000,0.200159520000000,0.323327552000000,0.634813726000000,54.673000000000002,-0.029104420000000,-0.048347791000000,54.702104419999998,0.384898530000000,0.405413701000000,1.500498600000000,1.524993248000000,-93.538277210000004,44.065260570000000,3,0
1023,1023,50.631999999999998,76.935000000000002,49.491000000000000,60.365422580000001,0.211608194000000,0.206189689000000,0.336889697000000,0.643283291000000,53.747000000000000,-0.034170724000000,-0.043192626000000,53.781170719999999,0.395562365000000,0.405132084000000,1.519493601000000,1.531070517000000,-93.538277210000004,44.065221970000003,3,0
1024,1024,42.128000000000000,66.649000000000001,42.503999999999998,51.715399390000002,0.223310237000000,0.225424492000000,0.369999849000000,0.637728998000000,48.665999999999997,-0.050699030000000,-0.047219413000000,48.716699030000001,0.429046473000000,0.425414614000000,1.582059438000000,1.577385201000000,-93.538277210000004,44.065183370000000,2,0
1025,1025,36.662999999999997,59.381999999999998,38.000999999999998,45.878366339999999,0.227991811000000,0.236545369000000,0.391409965000000,0.639941396000000,44.100000000000001,-0.060082360000000,-0.046108052000000,44.160082359999997,0.448022232000000,0.433583051000000,1.619671058000000,1.600453284000000,-93.538277210000004,44.065144770000003,2,0
1026,1026,35.191000000000003,57.372999999999998,37.356000000000002,44.442990999999999,0.225310076000000,0.239639601000000,0.401789596000000,0.651107664000000,42.198999999999998,-0.062389163000000,-0.039059421000000,42.261389160000000,0.453250332000000,0.429213244000000,1.630331619000000,1.598238819000000,-93.538277210000004,44.065106170000000,2,0
1027,1027,33.542000000000002,55.505000000000003,34.899000000000001,42.519842390000001,0.237217959000000,0.246645030000000,0.405610549000000,0.628754166000000,42.569000000000003,-0.068950995000000,-0.053623352000000,42.637950990000000,0.465002222000000,0.449317514000000,1.654791008000000,1.633080342000000,-93.538277210000004,44.065067569999997,2,0
1028,1028,32.877000000000002,53.253000000000000,33.762999999999998,41.055731659999999,0.230244996000000,0.236572623000000,0.389100006000000,0.634011229000000,39.866000000000000,-0.060263735000000,-0.049917843000000,39.926263740000003,0.448068379000000,0.437378618000000,1.619764577000000,1.605484551000000,-93.538277210000004,44.065028970000000,2,0
1029,1029,32.930000000000000,53.950000000000003,33.725000000000001,41.361669149999997,0.236286557000000,0.241942910000000,0.395447277000000,0.625115848000000,41.244999999999997,-0.065071929000000,-0.055843456000000,41.310071929999999,0.457127249000000,0.447640787000000,1.638323717000000,1.625360729000000,-93.538277210000004,44.064990369999997,2,0
1030,1030,33.213000000000001,54.168999999999997,34.399999999999999,41.716279520000001,0.231456485000000,0.239820558000000,0.395530558000000,0.635049567000000,40.725000000000001,-0.062987962000000,-0.049342267000000,40.787987960000002,0.453555377000000,0.439499105000000,1.630957758000000,1.611997450000000,-93.538277210000004,44.064951770000000,2,0
1031,1031,54.000000000000000,81.224000000000004,50.659999999999997,63.455427340000000,0.216346946000000,0.201325209000000,0.321933683000000,0.623707279000000,57.787999999999997,-0.030255428000000,-0.055410901000000,57.818255430000001,0.386965974000000,0.413769121000000,1.504148148000000,1.536470508000000,-93.539512410000000,44.065221970000003,3,0
1032,1032,33.139000000000003,54.363000000000000,34.213999999999999,41.729793059999999,0.234968395000000,0.242554456000000,0.398288545000000,0.629361882000000,41.372999999999998,-0.065467153000000,-0.053102304000000,41.438467150000001,0.458154464000000,0.445451122000000,1.640453846000000,1.623107010000000,-93.538277210000004,44.064913169999997,2,0
1033,1033,61.357999999999997,89.262000000000000,57.418999999999997,70.780059269999995,0.200964679000000,0.185260922000000,0.299395929000000,0.643263651000000,59.747000000000000,-0.016154663000000,-0.042662193000000,59.763154659999998,0.358226919000000,0.386794831000000,1.454773624000000,1.487274060000000,-93.538238609999993,44.065646569999998,1,0
1034,1034,64.257999999999996,91.939999999999998,58.774999999999999,73.113051249999998,0.198254880000000,0.177223780000000,0.284142348000000,0.639275615000000,60.847000000000001,-0.009204877000000,-0.044912617000000,60.856204880000000,0.343653984000000,0.382363354000000,1.430794609000000,1.473926767000000,-93.538238609999993,44.065607970000002,1,0
1035,1035,62.866999999999997,91.323999999999998,59.253999999999998,72.579540690000002,0.198599595000000,0.184556816000000,0.299746147000000,0.648832727000000,60.527000000000001,-0.015508445000000,-0.039206353000000,60.542508439999999,0.356955299000000,0.382501241000000,1.452654016000000,1.481569316000000,-93.538238609999993,44.065569369999999,1,0
1036,1036,55.070999999999998,81.888999999999996,51.637999999999998,64.304241450000006,0.210986110000000,0.195808995000000,0.314315182000000,0.630585304000000,57.069000000000003,-0.025395815000000,-0.050879649000000,57.094395820000003,0.377157340000000,0.404421791000000,1.486971364000000,1.519186656000000,-93.538238609999993,44.065530770000002,1,0
1037,1037,52.984999999999999,79.305000000000007,49.887000000000000,62.143398730000001,0.213161900000000,0.198956837000000,0.319405847000000,0.629052393000000,55.738000000000000,-0.028137471000000,-0.051945086000000,55.766137469999997,0.382762473000000,0.408172591000000,1.496744362000000,1.527076378000000,-93.538238609999993,44.065492169999999,3,0
1038,1038,53.094000000000001,79.027000000000001,50.875000000000000,62.323096820000004,0.206413177000000,0.196282196000000,0.319191099000000,0.643767320000000,54.085000000000001,-0.025658484000000,-0.042634812000000,54.110658479999998,0.378001251000000,0.396148169000000,1.488435605000000,1.509747124000000,-93.538238609999993,44.065453570000003,1,0
1039,1039,52.402000000000001,77.933999999999997,49.685000000000002,61.341332410000000,0.208489853000000,0.195893690000000,0.316573880000000,0.637526625000000,53.780999999999999,-0.025392593000000,-0.046522350000000,53.806392590000002,0.377308420000000,0.399907148000000,1.487233312000000,1.513836317000000,-93.538238609999993,44.065414969999999,3,0
1040,1040,54.119000000000000,80.688000000000002,51.347000000000001,63.445341079999999,0.209524737000000,0.197089172000000,0.318344117000000,0.636364763000000,55.909999999999997,-0.026437251000000,-0.047284506000000,55.936437249999997,0.379439348000000,0.401716407000000,1.490936640000000,1.517270936000000,-93.538238609999993,44.065376370000003,1,0
1041,1041,54.889000000000003,82.480000000000004,52.097999999999999,64.627017890000005,0.213177568000000,0.200853176000000,0.323568388000000,0.631644035000000,57.972999999999999,-0.029743438000000,-0.050366555000000,58.002743440000003,0.386129132000000,0.408105542000000,1.502669023000000,1.529010735000000,-93.538238609999993,44.065337769999999,3,0
1042,1042,53.536000000000001,80.540999999999997,49.844999999999999,62.815815420000000,0.218181749000000,0.201414113000000,0.320602621000000,0.618877342000000,57.701000000000001,-0.030396581000000,-0.058492187000000,57.731396580000002,0.387123535000000,0.417062028000000,1.504426928000000,1.540643644000000,-93.539512410000000,44.065183370000000,3,0
1043,1043,54.143000000000001,80.885999999999996,51.567000000000000,63.595505430000003,0.209591673000000,0.198053751000000,0.320421270000000,0.637526890000000,56.061999999999998,-0.027255675000000,-0.046582992000000,56.089255680000001,0.381156528000000,0.401793135000000,1.493932734000000,1.518381148000000,-93.538238609999993,44.065299170000003,1,0
1044,1044,56.200000000000003,83.097999999999999,53.148000000000003,65.544965500000004,0.206311878000000,0.193096814000000,0.312222867000000,0.639582180000000,56.847999999999999,-0.022957089000000,-0.045159681000000,56.870957089999997,0.372311481000000,0.396106215000000,1.478612100000000,1.506361830000000,-93.538238609999993,44.065260570000000,1,0
1045,1045,53.241999999999997,79.760000000000005,51.405999999999999,62.819702319999998,0.207716302000000,0.199380460000000,0.324991421000000,0.644508526000000,54.872000000000000,-0.028313305000000,-0.042251963000000,54.900313310000001,0.383515207000000,0.398379205000000,1.498065437000000,1.515674301000000,-93.538238609999993,44.065221970000003,1,0
1046,1046,44.819000000000003,68.754999999999995,44.375000000000000,53.867533240000000,0.213123721000000,0.210752461000000,0.345900952000000,0.645407607000000,48.316000000000003,-0.038040127000000,-0.041975574000000,48.354040130000001,0.403579302000000,0.407738076000000,1.534059216000000,1.539153550000000,-93.538238609999993,44.065183370000000,3,0
1047,1047,38.670999999999999,60.438000000000002,39.258000000000003,47.220718079999997,0.216025754000000,0.219626875000000,0.363686488000000,0.649558225000000,42.947000000000003,-0.045520970000000,-0.039581692000000,42.992520970000001,0.419040909000000,0.412811419000000,1.562876574000000,1.555055666000000,-93.538238609999993,44.065144770000003,2,0
1048,1048,35.875999999999998,57.283000000000001,37.204000000000001,44.544236740000002,0.221086514000000,0.229789929000000,0.382575284000000,0.649477157000000,41.485999999999997,-0.054130390000000,-0.039868674000000,41.540130390000002,0.436529606000000,0.421702922000000,1.596694169000000,1.577484598000000,-93.538238609999993,44.065106170000000,2,0
1049,1049,34.838000000000001,57.064000000000000,36.390999999999998,43.948042129999997,0.231439870000000,0.241844574000000,0.400389112000000,0.637722557000000,42.899000000000001,-0.064623947000000,-0.047676802000000,42.963623949999999,0.456961990000000,0.439538238000000,1.637981514000000,1.614364943000000,-93.538238609999993,44.065067569999997,2,0
1050,1050,34.055000000000000,55.256999999999998,35.353000000000002,42.672839459999999,0.228465668000000,0.237392512000000,0.392927964000000,0.639792244000000,41.106000000000002,-0.060802952000000,-0.046226286000000,41.166802949999997,0.449455847000000,0.434406138000000,1.622581119000000,1.602495075000000,-93.538238609999993,44.065028970000000,2,0
1051,1051,35.457999999999998,56.676000000000002,36.152000000000001,43.880161970000003,0.225678788000000,0.230295005000000,0.379014683000000,0.637871409000000,41.741999999999997,-0.054836849000000,-0.047263146000000,41.796836849999998,0.437392551000000,0.429521884000000,1.598398105000000,1.588114208000000,-93.538238609999993,44.064990369999997,2,0
1052,1052,36.020000000000003,57.389000000000003,37.601999999999997,44.739423799999997,0.218450106000000,0.228768106000000,0.382908954000000,0.655212671000000,41.155999999999999,-0.053132943000000,-0.036227492000000,41.209132940000003,0.434781964000000,0.417191499000000,1.593253748000000,1.570611449000000,-93.538238609999993,44.064951770000000,2,0
1053,1053,58.771000000000001,86.712000000000003,54.540999999999997,68.185340719999999,0.209642319000000,0.192056804000000,0.307239779000000,0.628990221000000,60.112000000000002,-0.022160341000000,-0.051766788000000,60.134160340000001,0.370449284000000,0.402217542000000,1.475421551000000,1.512580989000000,-93.539512410000000,44.065144770000003,1,0
1054,1054,35.658000000000001,57.683000000000000,36.779000000000003,44.540304949999999,0.228585273000000,0.235962760000000,0.389395707000000,0.637605534000000,42.929000000000002,-0.059651091000000,-0.047589917000000,42.988651089999998,0.447035299000000,0.434566156000000,1.617673453000000,1.601084897000000,-93.538238609999993,44.064913169999997,2,0
1055,1055,61.481000000000002,88.108000000000004,58.162999999999997,70.535729939999996,0.191212060000000,0.178001056000000,0.291241004000000,0.660133019000000,56.572000000000003,-0.009793408000000,-0.032152759000000,56.581793410000003,0.345068822000000,0.369267375000000,1.433093151000000,1.459814804000000,-93.538200009999997,44.065646569999998,1,0
1056,1056,61.594999999999999,88.116000000000000,58.164000000000001,70.572479000000001,0.190792963000000,0.177147972000000,0.289698188000000,0.660084434000000,56.472999999999999,-0.009058328000000,-0.032165484000000,56.482058330000001,0.343515931000000,0.368538182000000,1.430570663000000,1.458136167000000,-93.538200009999997,44.065607970000002,1,0
1057,1057,60.468000000000004,86.969999999999999,57.777999999999999,69.662178179999998,0.190611460000000,0.179750132000000,0.295583315000000,0.664344027000000,55.694000000000003,-0.011279822000000,-0.029631218000000,55.705279820000001,0.348248323000000,0.368081431000000,1.438281405000000,1.460242478000000,-93.538200009999997,44.065569369999999,1,0
1058,1058,54.156999999999996,79.667000000000002,52.043999999999997,63.214949380000000,0.200097916000000,0.190623505000000,0.311934458000000,0.653269233000000,53.133000000000003,-0.020698560000000,-0.036614156000000,53.153698560000002,0.367879264000000,0.384957834000000,1.471037908000000,1.490662799000000,-93.538200009999997,44.065530770000002,1,0
1059,1059,48.969000000000001,73.875000000000000,47.765999999999998,58.129365329999999,0.208663108000000,0.202744945000000,0.331734996000000,0.646578680000000,51.015000000000001,-0.031172850000000,-0.041044487000000,51.046172849999998,0.389480110000000,0.399978814000000,1.508607486000000,1.521154914000000,-93.538200009999997,44.065492169999999,3,0
1060,1060,50.774000000000001,75.897999999999996,49.512000000000000,59.972059119999997,0.204338271000000,0.198339017000000,0.325609124000000,0.652349206000000,51.509999999999998,-0.027325977000000,-0.037354130000000,51.537325979999999,0.381663997000000,0.392363538000000,1.494820184000000,1.507401510000000,-93.538200009999997,44.065453570000003,1,0
1061,1061,52.070999999999998,76.619000000000000,49.960999999999999,60.767210790000000,0.200595448000000,0.190752972000000,0.311803783000000,0.652070635000000,51.206000000000003,-0.020820482000000,-0.037355514000000,51.226820480000001,0.368111580000000,0.385854065000000,1.471433235000000,1.491842029000000,-93.538200009999997,44.065414969999999,1,0
1062,1062,53.765000000000001,78.275999999999996,51.725999999999999,62.432327299999997,0.194857333000000,0.185631736000000,0.305185831000000,0.660815576000000,51.061000000000000,-0.016352229000000,-0.031886030000000,51.077352230000002,0.358896216000000,0.375619214000000,1.455891379000000,1.474756421000000,-93.538200009999997,44.065376370000003,1,0
1063,1063,55.853000000000002,81.795000000000002,54.378999999999998,65.235612140000001,0.194863817000000,0.188466233000000,0.311544512000000,0.664820588000000,53.357999999999997,-0.018751530000000,-0.029497935000000,53.376751530000000,0.364003245000000,0.375547113000000,1.464469232000000,1.477570265000000,-93.538200009999997,44.065337769999999,1,0
1064,1064,62.563000000000002,91.378000000000000,57.347000000000001,72.001727439999996,0.207641427000000,0.187182102000000,0.298310454000000,0.627579943000000,62.845999999999997,-0.017936655000000,-0.052498012000000,62.863936660000000,0.361691567000000,0.398914604000000,1.460575740000000,1.503535781000000,-93.539512410000000,44.065106170000000,1,0
1065,1065,51.829000000000001,77.242999999999995,49.965000000000003,60.962358649999999,0.205603246000000,0.196897855000000,0.321261077000000,0.646854731000000,52.692000000000000,-0.026153253000000,-0.040729011000000,52.718153250000000,0.379098529000000,0.394670275000000,1.490343244000000,1.508631993000000,-93.538200009999997,44.065299170000003,1,0
1066,1066,53.243000000000002,77.918000000000006,50.689999999999998,61.847953009999998,0.199804442000000,0.188127568000000,0.306632203000000,0.650555712000000,51.902999999999999,-0.018574547000000,-0.038229100000000,51.921574550000003,0.363393906000000,0.384525391000000,1.463441204000000,1.487584259000000,-93.538200009999997,44.065260570000000,1,0
1067,1067,49.189999999999998,73.593999999999994,47.790999999999997,58.079579359999997,0.205623974000000,0.198755538000000,0.325417039000000,0.649387178000000,50.207000000000001,-0.027718013000000,-0.039200352000000,50.234718010000002,0.382404653000000,0.394653103000000,1.496117097000000,1.510561149000000,-93.538200009999997,44.065221970000003,3,0
1068,1068,42.283000000000001,64.953999999999994,42.134000000000000,50.931811150000001,0.212252420000000,0.211410241000000,0.348232800000000,0.648674447000000,45.491000000000000,-0.038546974000000,-0.039943496000000,45.529546969999998,0.404731304000000,0.406206169000000,1.536172930000000,1.537979798000000,-93.538200009999997,44.065183370000000,3,0
1069,1069,37.917000000000002,59.798000000000002,38.890999999999998,46.640503050000000,0.217857070000000,0.223926726000000,0.371974024000000,0.650372922000000,42.787999999999997,-0.049150111000000,-0.039168119000000,42.837150110000003,0.426468943000000,0.416037922000000,1.577076245000000,1.563812384000000,-93.538200009999997,44.065144770000003,2,0
1070,1070,36.171999999999997,57.607999999999997,37.515000000000001,44.849639439999997,0.219842988000000,0.228577522000000,0.380982849000000,0.651211637000000,41.529000000000003,-0.053065235000000,-0.038744811000000,41.582065229999998,0.434455738000000,0.419552129000000,1.592613071000000,1.573396128000000,-93.538200009999997,44.065106170000000,2,0
1071,1071,35.518999999999998,57.262000000000000,37.642000000000003,44.562525989999997,0.220385220000000,0.234347550000000,0.394330692000000,0.657364395000000,41.363000000000000,-0.057776619000000,-0.034987694000000,41.420776619999998,0.444294964000000,0.420700713000000,1.612151243000000,1.581285176000000,-93.538200009999997,44.065067569999997,2,0
1072,1072,34.963999999999999,57.039999999999999,36.893999999999998,44.110505670000002,0.227075692000000,0.239946089000000,0.400580657000000,0.646809257000000,42.222000000000001,-0.062765908000000,-0.041803597000000,42.284765909999997,0.453766944000000,0.432175562000000,1.631392289000000,1.602462860000000,-93.538200009999997,44.065028970000000,2,0
1073,1073,35.802000000000000,57.640000000000001,37.341999999999999,44.716058889999999,0.223623318000000,0.233706470000000,0.389269162000000,0.647848716000000,42.136000000000003,-0.057477979000000,-0.040992782000000,42.193477979999997,0.443205620000000,0.426127633000000,1.609965924000000,1.587544905000000,-93.538200009999997,44.064990369999997,2,0
1074,1074,35.887000000000000,57.113999999999997,36.826999999999998,44.370086370000003,0.222068877000000,0.228244858000000,0.377879446000000,0.644798123000000,41.514000000000003,-0.052933112000000,-0.042796623000000,41.566933110000001,0.433886108000000,0.423333226000000,1.591495528000000,1.577851413000000,-93.538200009999997,44.064951770000000,2,0
1075,1075,65.108999999999995,95.162000000000006,59.539000000000001,74.921916339999996,0.208513773000000,0.187513649000000,0.298346107000000,0.625659402000000,65.676000000000002,-0.018240298000000,-0.053716391000000,65.694240300000004,0.362288730000000,0.400490947000000,1.461579812000000,1.505761143000000,-93.539512410000000,44.065067569999997,1,0
1076,1076,36.250999999999998,58.877000000000002,36.786999999999999,45.217693799999999,0.234370414000000,0.237847952000000,0.387823315000000,0.624811047000000,44.716000000000001,-0.061597241000000,-0.055908729000000,44.777597239999999,0.450225884000000,0.444355410000000,1.624148299000000,1.616229438000000,-93.538200009999997,44.064913169999997,2,0
1077,1077,37.387999999999998,57.265000000000001,35.180999999999997,44.402873520000000,0.224271642000000,0.209998627000000,0.334224509000000,0.614354318000000,41.960999999999999,-0.037908406000000,-0.061706487000000,41.998908409999999,0.402257911000000,0.427441184000000,1.531641168000000,1.562990150000000,-93.538161410000001,44.065646569999998,2,0
1078,1078,36.207000000000001,56.890000000000001,34.712000000000003,43.788666319999997,0.232058647000000,0.222166128000000,0.354251948000000,0.610159958000000,42.860999999999997,-0.048511451000000,-0.064887449000000,42.909511449999997,0.423432561000000,0.440580275000000,1.571243130000000,1.593461552000000,-93.538161410000001,44.065607970000002,2,0
1079,1079,38.212000000000003,60.122000000000000,38.156999999999996,46.657505569999998,0.223154115000000,0.222812049000000,0.364092594000000,0.634659526000000,43.875000000000000,-0.048539464000000,-0.049103604000000,43.923539460000001,0.424547355000000,0.425137555000000,1.573380090000000,1.574134935000000,-93.538161410000001,44.065569369999999,2,0
1080,1080,35.567000000000000,56.134999999999998,35.718000000000004,43.558103869999997,0.223284574000000,0.224291728000000,0.367390683000000,0.636287521000000,40.984999999999999,-0.049766128000000,-0.048107048000000,41.034766130000001,0.427097553000000,0.425364123000000,1.578288863000000,1.576063844000000,-93.538161410000001,44.065530770000002,2,0
1081,1081,34.064000000000000,54.590000000000003,34.085000000000001,42.040501980000002,0.231383474000000,0.231529316000000,0.376147630000000,0.624381755000000,41.030999999999999,-0.056220109000000,-0.055980577000000,41.087220109999997,0.439498930000000,0.439250270000000,1.602571630000000,1.602242773000000,-93.538161410000001,44.065492169999999,2,0
1082,1082,33.493000000000002,54.649000000000001,34.101999999999997,41.917540700000004,0.235752687000000,0.240021783000000,0.391487787000000,0.624018738000000,41.703000000000003,-0.063469782000000,-0.056495206000000,41.766469780000001,0.453894497000000,0.446711730000000,1.631654376000000,1.621892921000000,-93.538161410000001,44.065453570000003,2,0
1083,1083,34.014000000000003,55.231000000000002,34.506000000000000,42.418862130000001,0.234336414000000,0.237738809000000,0.387602989000000,0.624757835000000,41.942000000000000,-0.061505766000000,-0.055939750000000,42.003505769999997,0.450041395000000,0.444296741000000,1.623772564000000,1.616025867000000,-93.538161410000001,44.065414969999999,2,0
1084,1084,34.075000000000003,54.359999999999999,33.581000000000003,41.808287800000002,0.232820792000000,0.229377509000000,0.369799832000000,0.617752024000000,41.064000000000000,-0.054542027000000,-0.060210136000000,41.118542030000000,0.435824528000000,0.441720513000000,1.595304475000000,1.603081305000000,-93.538161410000001,44.065376370000003,2,0
1085,1085,33.310000000000002,55.314000000000000,33.537999999999997,42.007904570000001,0.246681241000000,0.248284889000000,0.399448136000000,0.606320281000000,43.780000000000001,-0.071053192000000,-0.068440268000000,43.851053190000002,0.467736011000000,0.465067218000000,1.660582408000000,1.656814592000000,-93.538161410000001,44.065337769999999,2,0
1086,1086,59.351999999999997,88.311999999999998,54.043999999999997,68.901918660000007,0.218012551000000,0.196120923000000,0.309335612000000,0.611966664000000,63.228000000000002,-0.025875027000000,-0.062716402000000,63.253875030000003,0.377713687000000,0.417147696000000,1.487936380000000,1.535088520000000,-93.539512410000000,44.065028970000000,3,0
1087,1087,35.097000000000001,56.018999999999998,35.154000000000003,43.227042019999999,0.229234896000000,0.229619386000000,0.373860834000000,0.627537086000000,41.786999999999999,-0.054511761000000,-0.053879781000000,41.841511760000003,0.436238092000000,0.435580891000000,1.596119326000000,1.595257054000000,-93.538161410000001,44.065299170000003,2,0
1088,1088,34.183999999999997,54.966999999999999,34.277999999999999,42.288289270000000,0.232471580000000,0.233121333000000,0.378747289000000,0.623610530000000,41.472000000000001,-0.057599106000000,-0.056532906000000,41.529599109999999,0.442210492000000,0.441105291000000,1.607974491000000,1.606504775000000,-93.538161410000001,44.065260570000000,2,0
1089,1089,34.814999999999998,55.740000000000002,34.801000000000002,42.934606969999997,0.231170208000000,0.231075037000000,0.375309395000000,0.624345174000000,41.863999999999997,-0.055832988000000,-0.055989342000000,41.919832990000003,0.438724106000000,0.438886486000000,1.601034037000000,1.601248485000000,-93.538161410000001,44.065221970000003,2,0
1090,1090,32.119000000000000,53.006999999999998,33.024000000000001,40.546092229999999,0.238792454000000,0.245377440000000,0.400905915000000,0.623012055000000,40.871000000000002,-0.068052476000000,-0.057328819000000,40.939052480000001,0.462884561000000,0.451898036000000,1.650331579000000,1.635131478000000,-93.538161410000001,44.065183370000000,2,0
1091,1091,31.244000000000000,50.972999999999999,31.648000000000000,39.055644790000002,0.236923525000000,0.239962538000000,0.390140204000000,0.620877720000000,39.054000000000002,-0.063508541000000,-0.058541255000000,39.117508540000003,0.453794663000000,0.448678872000000,1.631449238000000,1.624484400000000,-93.538161410000001,44.065144770000003,2,0
1092,1092,32.290999999999997,52.445999999999998,33.683999999999997,40.529427390000002,0.227761943000000,0.237853594000000,0.394785811000000,0.642260611000000,38.917000000000002,-0.061125983000000,-0.044657620000000,38.978125980000002,0.450235420000000,0.433239868000000,1.624167725000000,1.601485222000000,-93.538161410000001,44.065106170000000,2,0
1093,1093,33.042999999999999,52.485999999999997,33.408000000000001,40.672326830000003,0.224713137000000,0.227326404000000,0.373035820000000,0.636512594000000,38.521000000000001,-0.052345359000000,-0.048048967000000,38.573345359999998,0.432312089000000,0.427835253000000,1.588415095000000,1.582614938000000,-93.538161410000001,44.065067569999997,2,0
1094,1094,32.735999999999997,52.472000000000001,33.561000000000000,40.625514150000001,0.225687773000000,0.231621444000000,0.382132554000000,0.639598262000000,38.646999999999998,-0.055920316000000,-0.046195556000000,38.702920319999997,0.439656006000000,0.429562173000000,1.602883675000000,1.589653664000000,-93.538161410000001,44.065028970000000,2,0
1095,1095,32.640000000000001,52.459000000000003,33.076999999999998,40.461521679999997,0.229735986000000,0.232893454000000,0.380973434000000,0.630530510000000,39.201000000000001,-0.057228202000000,-0.052051178000000,39.258228199999998,0.441822725000000,0.436455305000000,1.607199755000000,1.600097556000000,-93.538161410000001,44.064990369999997,2,0
1096,1096,33.968000000000004,54.643000000000001,34.478999999999999,42.144528760000000,0.229777250000000,0.233323177000000,0.381936747000000,0.630986586000000,40.838999999999999,-0.057582257000000,-0.051770249000000,40.896582260000002,0.442553852000000,0.436530494000000,1.608661093000000,1.600682357000000,-93.538161410000001,44.064951770000000,2,0
1097,1097,59.552000000000000,87.567999999999998,54.194000000000003,68.681838850000005,0.212508914000000,0.190429581000000,0.301487205000000,0.618879043000000,61.390000000000001,-0.020839087000000,-0.058100281000000,61.410839090000003,0.367531222000000,0.407579930000000,1.470445997000000,1.517343164000000,-93.539512410000000,44.064990369999997,1,0
1098,1098,40.113999999999997,62.633000000000003,38.529000000000003,48.361518879999998,0.228646112000000,0.219169416000000,0.350664923000000,0.615154950000000,46.622999999999998,-0.045820946000000,-0.061527790000000,46.668820949999997,0.418248183000000,0.434737916000000,1.561375081000000,1.582477287000000,-93.538161410000001,44.064913169999997,2,0
1099,1099,32.283999999999999,52.140999999999998,32.726999999999997,40.133099659999999,0.231970607000000,0.235202843000000,0.384096097000000,0.627663451000000,39.271000000000001,-0.059268301000000,-0.053974324000000,39.330268300000000,0.445746804000000,0.440269858000000,1.615072482000000,1.607759328000000,-93.538122810000004,44.065646569999998,2,0
1100,1100,32.619000000000000,52.579999999999998,33.171999999999997,40.534089129999998,0.230294061000000,0.234286787000000,0.383666173000000,0.630886269000000,39.369000000000000,-0.058404508000000,-0.051864055000000,39.427404510000002,0.444191757000000,0.437419506000000,1.611943959000000,1.602945296000000,-93.538122810000004,44.065607970000002,2,0
1101,1101,32.700000000000003,52.515999999999998,33.579000000000001,40.639756790000000,0.226214312000000,0.232538490000000,0.383755834000000,0.639405134000000,38.753000000000000,-0.056702723000000,-0.046343701000000,38.809702719999997,0.441218467000000,0.430475271000000,1.605993884000000,1.591870465000000,-93.538122810000004,44.065569369999999,2,0
1102,1102,30.821000000000002,50.518000000000001,32.570999999999998,38.999454720000003,0.228939110000000,0.242159358000000,0.403891896000000,0.644740489000000,37.643999999999998,-0.064687912000000,-0.043179703000000,37.708687910000002,0.457490920000000,0.435383589000000,1.639077253000000,1.609209652000000,-93.538122810000004,44.065530770000002,2,0
1103,1103,31.105000000000000,50.677999999999997,32.238999999999997,39.051819549999998,0.230795386000000,0.239328467000000,0.395062974000000,0.636153755000000,38.012000000000000,-0.062540562000000,-0.048616934000000,38.074540560000003,0.452725661000000,0.438376369000000,1.629255747000000,1.609943592000000,-93.538122810000004,44.065492169999999,2,0
1104,1104,31.937000000000001,51.584000000000003,33.015999999999998,39.878721480000003,0.227306523000000,0.235234252000000,0.389010989000000,0.640043424000000,38.215000000000003,-0.058970112000000,-0.046007706000000,38.273970110000000,0.445800089000000,0.432390201000000,1.615179885000000,1.597407044000000,-93.538122810000004,44.065453570000003,2,0
1105,1105,31.981999999999999,51.817000000000000,33.177000000000000,40.035663860000000,0.227941917000000,0.236697335000000,0.391825688000000,0.640272497000000,38.475000000000001,-0.060202093000000,-0.045900014000000,38.535202089999999,0.448279528000000,0.433503755000000,1.620192608000000,1.600521303000000,-93.538122810000004,44.065414969999999,2,0
1106,1106,31.353000000000002,51.223999999999997,31.818000000000001,39.239834819999999,0.237152742000000,0.240636012000000,0.391477373000000,0.621154146000000,39.277000000000001,-0.064074479000000,-0.058383671000000,39.341074480000003,0.454929044000000,0.449071888000000,1.633783051000000,1.625793037000000,-93.538122810000004,44.065376370000003,2,0
1107,1107,31.178999999999998,51.569000000000003,31.533999999999999,39.267819560000000,0.243742878000000,0.246410789000000,0.398133323000000,0.611491400000000,40.424999999999997,-0.069288252000000,-0.064939361000000,40.494288249999997,0.464611188000000,0.460160715000000,1.653965810000000,1.647741980000000,-93.538122810000004,44.065337769999999,2,0
1108,1108,60.000000000000000,88.715000000000003,54.686000000000000,69.428403939999995,0.214791384000000,0.193087449000000,0.305384509000000,0.616423378000000,62.744000000000000,-0.023180810000000,-0.059756835000000,62.767180809999999,0.372294722000000,0.411530880000000,1.478583333000000,1.524956348000000,-93.539512410000000,44.064951770000000,1,0
1109,1109,32.625999999999998,52.540999999999997,33.176000000000002,40.520198800000003,0.229863533000000,0.233834701000000,0.383047066000000,0.631430692000000,39.280000000000001,-0.058005966000000,-0.051499455000000,39.338005969999998,0.443423591000000,0.436683670000000,1.610402746000000,1.601462815000000,-93.538122810000004,44.065299170000003,2,0
1110,1110,31.596000000000000,51.463999999999999,32.405999999999999,39.568503249999999,0.233187564000000,0.239200578000000,0.392229636000000,0.629682885000000,38.926000000000002,-0.062612371000000,-0.052791298000000,38.988612369999998,0.452509933000000,0.442387588000000,1.628813774000000,1.615141800000000,-93.538122810000004,44.065260570000000,2,0
1111,1111,31.742000000000001,51.988999999999997,32.942999999999998,39.981878950000002,0.232967515000000,0.241810082000000,0.398657163000000,0.633653273000000,39.292999999999999,-0.064711932000000,-0.050300838000000,39.357711930000001,0.456904020000000,0.442087476000000,1.637861508000000,1.617730846000000,-93.538122810000004,44.065221970000003,2,0
1112,1112,31.841000000000001,51.802999999999997,32.997999999999998,39.942742750000001,0.230146339000000,0.238654297000000,0.394147613000000,0.636990136000000,38.767000000000003,-0.061946812000000,-0.048059876000000,38.828946809999998,0.451588004000000,0.437267405000000,1.626927546000000,1.607705162000000,-93.538122810000004,44.065183370000000,2,0
1113,1113,31.943000000000001,51.152999999999999,32.286000000000001,39.494178699999999,0.228642628000000,0.231178396000000,0.378075182000000,0.631165328000000,38.076999999999998,-0.055752197000000,-0.051590369000000,38.132752199999999,0.438900438000000,0.434578757000000,1.601383715000000,1.595698267000000,-93.538122810000004,44.065144770000003,2,0
1114,1114,31.125000000000000,50.780000000000001,31.765000000000001,38.971738690000002,0.235147461000000,0.239973140000000,0.392002393000000,0.625541552000000,38.670000000000002,-0.063385238000000,-0.055502771000000,38.733385239999997,0.453812528000000,0.445694345000000,1.631485944000000,1.620465477000000,-93.538122810000004,44.065106170000000,2,0
1115,1115,33.332000000000001,52.789999999999999,33.768000000000001,40.980011990000001,0.222839935000000,0.225935301000000,0.371662146000000,0.639666604000000,38.479999999999997,-0.051090166000000,-0.045998832000000,38.531090169999999,0.429924357000000,0.424612768000000,1.583763351000000,1.576924309000000,-93.538122810000004,44.065067569999997,2,0
1116,1116,32.637999999999998,52.627000000000002,33.933999999999997,40.769091760000002,0.225123090000000,0.234433824000000,0.389413805000000,0.644802098000000,38.682000000000002,-0.058169951000000,-0.042948347000000,38.740169950000002,0.444441491000000,0.428682910000000,1.612445616000000,1.591671868000000,-93.538122810000004,44.065028970000000,2,0
1117,1117,33.213999999999999,53.548000000000002,34.384999999999998,41.444285190000002,0.226091187000000,0.234365275000000,0.388223839000000,0.642134160000000,39.497000000000000,-0.058180558000000,-0.044648237000000,39.555180559999997,0.444325071000000,0.430314428000000,1.612211718000000,1.593716761000000,-93.538122810000004,44.064990369999997,2,0
1118,1118,33.959000000000003,55.106000000000002,34.643999999999998,42.387465339999999,0.232693007000000,0.237433335000000,0.388581614000000,0.628679273000000,41.609000000000002,-0.061138640000000,-0.053386577000000,41.670138639999998,0.449524890000000,0.441521674000000,1.622721517000000,1.611965863000000,-93.538122810000004,44.064951770000000,2,0
1119,1119,59.402000000000001,87.679000000000002,55.982999999999997,69.162371600000000,0.206274958000000,0.192254608000000,0.310401985000000,0.638499527000000,59.972999999999999,-0.022240279000000,-0.045812158000000,59.995240279999997,0.370803634000000,0.396082958000000,1.476027743000000,1.505454285000000,-93.539628210000004,44.065376370000003,1,0
1120,1120,62.909999999999997,90.578000000000003,56.704999999999998,71.594923489999999,0.204610817000000,0.180261649000000,0.285876652000000,0.626035020000000,61.540999999999997,-0.011912861000000,-0.053241545000000,61.552912859999999,0.349177048000000,0.393916613000000,1.439802893000000,1.490461581000000,-93.539512410000000,44.064913169999997,1,0
1121,1121,41.430000000000000,64.984999999999999,40.283000000000001,50.206955739999998,0.227968236000000,0.221350374000000,0.356181576000000,0.619881511000000,48.256999999999998,-0.047601194000000,-0.058547492000000,48.304601190000000,0.422023299000000,0.433492262000000,1.568549360000000,1.583282827000000,-93.538122810000004,44.064913169999997,2,0
1122,1122,31.440000000000001,51.384000000000000,32.176000000000002,39.429616750000001,0.235311088000000,0.240799768000000,0.393776655000000,0.626187140000000,39.152000000000001,-0.064069565000000,-0.055109565000000,39.216069570000002,0.455204706000000,0.445984044000000,1.634351145000000,1.621805926000000,-93.538084209999994,44.065646569999998,2,0
1123,1123,31.858000000000001,51.000999999999998,32.161999999999999,39.371852930000003,0.228776909000000,0.231031029000000,0.377596307000000,0.630615086000000,37.981999999999999,-0.055640274000000,-0.051940081000000,38.037640269999997,0.438649018000000,0.434806174000000,1.600885178000000,1.595830319000000,-93.538084209999994,44.065607970000002,2,0
1124,1124,31.445000000000000,51.603000000000002,32.771999999999998,39.689048100000001,0.232877203000000,0.242727098000000,0.400946774000000,0.635079356000000,38.988999999999997,-0.065446382000000,-0.049405975000000,39.054446380000002,0.458444288000000,0.441966923000000,1.641055812000000,1.618622425000000,-93.538084209999994,44.065569369999999,2,0
1125,1125,30.079999999999998,50.267000000000003,31.366000000000000,38.364061499999998,0.241313742000000,0.251247713000000,0.412139401000000,0.623987905000000,39.088000000000001,-0.072999561000000,-0.056883263000000,39.160999560000000,0.472658653000000,0.456242976000000,1.671110372000000,1.647975534000000,-93.538084209999994,44.065530770000002,2,0
1126,1126,30.827999999999999,51.412999999999997,31.731999999999999,39.160277399999998,0.243466799000000,0.250300945000000,0.407551130000000,0.617197985000000,40.265999999999998,-0.072418906000000,-0.061314522000000,40.338418910000001,0.471087963000000,0.459767603000000,1.667737122000000,1.651763055000000,-93.538084209999994,44.065492169999999,2,0
1127,1127,32.389000000000003,52.808999999999997,32.228999999999999,40.317681159999999,0.240842125000000,0.239676988000000,0.385508505000000,0.610293700000000,41.000000000000000,-0.063566301000000,-0.065473869000000,41.063566299999998,0.453313363000000,0.455278428000000,1.630460959000000,1.633151937000000,-93.538084209999994,44.065453570000003,2,0
1128,1128,34.771999999999998,56.110999999999997,34.679000000000002,43.051013720000000,0.235428490000000,0.234796387000000,0.379670486000000,0.618042808000000,42.771000000000001,-0.059175547000000,-0.060212485000000,42.830175550000000,0.445057069000000,0.446130265000000,1.613683423000000,1.615123186000000,-93.538084209999994,44.065414969999999,2,0
1129,1129,33.700000000000003,54.628999999999998,32.469999999999999,41.530384620000000,0.245616435000000,0.236943699000000,0.374675522000000,0.594372952000000,43.088000000000001,-0.061664418000000,-0.075919503000000,43.149664420000001,0.448696535000000,0.463419825000000,1.621038576000000,1.641233998000000,-93.538084209999994,44.065376370000003,2,0
1130,1130,33.133000000000003,55.216000000000001,32.408999999999999,41.621090909999999,0.255094503000000,0.249951895000000,0.394762245000000,0.586949435000000,44.890000000000001,-0.073119793000000,-0.081513440000000,44.963119790000000,0.470508335000000,0.479064796000000,1.666495639000000,1.678801543000000,-93.538084209999994,44.065337769999999,2,0
1131,1131,54.189000000000000,79.001999999999995,51.067000000000000,62.678019040000002,0.200364659000000,0.186296371000000,0.302140665000000,0.646401357000000,52.747999999999998,-0.017027212000000,-0.040748299000000,52.765027210000000,0.360095158000000,0.385637265000000,1.457897359000000,1.486991968000000,-93.539473810000004,44.065646569999998,1,0
1132,1132,33.039000000000001,54.494999999999997,33.847000000000001,41.660932760000001,0.239395938000000,0.245116183000000,0.399649822000000,0.621102853000000,42.103999999999999,-0.067888714000000,-0.058569298000000,42.171888709999998,0.462447615000000,0.452897465000000,1.649414329000000,1.636196647000000,-93.538084209999994,44.065299170000003,2,0
1133,1133,33.167999999999999,53.662999999999997,33.119000000000000,41.136771690000003,0.236382068000000,0.236033214000000,0.381572088000000,0.617166390000000,41.039000000000001,-0.060256774000000,-0.060828679000000,41.099256769999997,0.447154690000000,0.447745901000000,1.617914858000000,1.618711576000000,-93.538084209999994,44.065260570000000,2,0
1134,1134,33.011000000000003,52.951999999999998,32.322000000000003,40.572372000000001,0.236928935000000,0.231971895000000,0.371749222000000,0.610401873000000,40.570999999999998,-0.056952276000000,-0.065107156000000,40.627952280000002,0.440253335000000,0.448715964000000,1.604071370000000,1.615377833000000,-93.538084209999994,44.065221970000003,2,0
1135,1135,32.462000000000003,53.223999999999997,32.738999999999997,40.654715760000002,0.240298516000000,0.242303293000000,0.392127977000000,0.615117240000000,41.247000000000000,-0.065671944000000,-0.062397298000000,41.312671940000001,0.457732695000000,0.454367872000000,1.639578584000000,1.634946032000000,-93.538084209999994,44.065183370000000,2,0
1136,1136,31.460000000000001,52.308000000000000,32.076000000000001,39.810920779999996,0.244302774000000,0.248877853000000,0.403311924000000,0.613214040000000,41.079999999999998,-0.071337316000000,-0.063892821000000,41.151337320000003,0.468722921000000,0.461123161000000,1.662682772000000,1.651980976000000,-93.538084209999994,44.065144770000003,2,0
1137,1137,32.948000000000000,54.042000000000002,34.006000000000000,41.482994519999998,0.234977548000000,0.242487642000000,0.398120187000000,0.629251323000000,41.130000000000003,-0.065413733000000,-0.053172006000000,41.195413729999999,0.458042281000000,0.445464631000000,1.640220954000000,1.623048261000000,-93.538084209999994,44.065106170000000,2,0
1138,1138,32.194000000000003,53.063000000000002,32.808000000000000,40.531882379999999,0.240311346000000,0.244777555000000,0.397891285000000,0.618283927000000,41.124000000000002,-0.067686444000000,-0.060405709000000,41.191686439999998,0.461881023000000,0.454417723000000,1.648226378000000,1.637889717000000,-93.538084209999994,44.065067569999997,2,0
1139,1139,33.037999999999997,54.186999999999998,34.043999999999997,41.580180970000001,0.235341054000000,0.242464890000000,0.397679622000000,0.628268773000000,41.292000000000002,-0.065423150000000,-0.053809300000000,41.357423150000002,0.458004076000000,0.446071341000000,1.640141655000000,1.623840703000000,-93.538084209999994,44.065028970000000,2,0
1140,1140,32.409999999999997,53.947000000000003,33.634000000000000,41.198433889999997,0.240602973000000,0.249394954000000,0.408493447000000,0.623463770000000,41.850000000000001,-0.071447025000000,-0.057165954000000,41.921447030000003,0.469582866000000,0.455009636000000,1.664517124000000,1.644095867000000,-93.538084209999994,44.064990369999997,2,0
1141,1141,34.584000000000003,55.978000000000002,34.826999999999998,42.982591319999997,0.234579609000000,0.236235949000000,0.383852158000000,0.622155132000000,42.545000000000002,-0.060295560000000,-0.057582404000000,42.605295560000002,0.447498177000000,0.444693967000000,1.618609762000000,1.614840208000000,-93.538084209999994,44.064951770000000,2,0
1142,1142,47.009000000000000,71.152000000000001,44.268000000000001,55.474045009999998,0.218455268000000,0.204322915000000,0.326729190000000,0.622161007000000,51.027000000000001,-0.032872209000000,-0.056497300000000,51.059872210000002,0.392269424000000,0.417382281000000,1.513582505000000,1.544167613000000,-93.539473810000004,44.065607970000002,3,0
1143,1143,36.603999999999999,58.951999999999998,36.087000000000003,45.156995360000003,0.237220284000000,0.233873331000000,0.375792430000000,0.612142082000000,45.213000000000001,-0.058540143000000,-0.064038346000000,45.271540139999999,0.443489248000000,0.449184714000000,1.610534368000000,1.618181357000000,-93.538084209999994,44.064913169999997,2,0
1144,1144,33.706000000000003,54.033999999999999,34.683999999999997,41.867837489999999,0.224858040000000,0.231684522000000,0.383142340000000,0.641892142000000,39.677999999999997,-0.055917140000000,-0.044733059000000,39.733917140000003,0.439763542000000,0.428155777000000,1.603097371000000,1.587900878000000,-93.538045609999998,44.065646569999998,2,0
1145,1145,33.024000000000001,53.713999999999999,34.070999999999998,41.378784469999999,0.231104210000000,0.238534437000000,0.392845615000000,0.634303906000000,40.332999999999998,-0.061919228000000,-0.049786026000000,40.394919229999999,0.451385629000000,0.438872197000000,1.626514050000000,1.609696264000000,-93.538045609999998,44.065607970000002,2,0
1146,1146,35.731000000000002,57.951999999999998,37.262999999999998,44.809484990000001,0.227159631000000,0.237193514000000,0.393849699000000,0.642997653000000,42.909999999999997,-0.060548623000000,-0.044169352000000,42.970548620000002,0.449119238000000,0.432205232000000,1.621896952000000,1.599380463000000,-93.538045609999998,44.065569369999999,2,0
1147,1147,34.353000000000002,55.953000000000003,35.375999999999998,43.059370620000003,0.232207449000000,0.239186765000000,0.393227744000000,0.632244920000000,42.177000000000000,-0.062529240000000,-0.051133814000000,42.239529240000003,0.452486630000000,0.440741395000000,1.628766047000000,1.612927835000000,-93.538045609999998,44.065530770000002,2,0
1148,1148,37.468000000000004,59.887000000000000,38.085000000000001,46.334907710000003,0.226394712000000,0.230280931000000,0.378252067000000,0.635947702000000,44.220999999999997,-0.054871530000000,-0.048493798000000,44.275871530000003,0.437368512000000,0.430740557000000,1.598350593000000,1.589680797000000,-93.538045609999998,44.065492169999999,2,0
1149,1149,40.369000000000000,63.463000000000001,39.844000000000001,49.141811339999997,0.225515234000000,0.222416981000000,0.360911421000000,0.627830389000000,46.713000000000001,-0.048347671000000,-0.053463348000000,46.761347669999999,0.423865621000000,0.429219939000000,1.572072630000000,1.578940380000000,-93.538045609999998,44.065453570000003,2,0
1150,1150,48.521999999999998,73.391999999999996,46.703000000000003,57.509246670000003,0.213045796000000,0.203996260000000,0.330669716000000,0.636350011000000,51.558999999999997,-0.032388193000000,-0.047491060000000,51.591388190000004,0.391692444000000,0.407743767000000,1.512551008000000,1.531919001000000,-93.538045609999998,44.065414969999999,3,0
1151,1151,55.417999999999999,82.117999999999995,52.457000000000001,64.720572460000000,0.207125034000000,0.194130991000000,0.313825974000000,0.638800263000000,56.360999999999997,-0.023857721000000,-0.045676420000000,56.384857719999999,0.374161035000000,0.397526816000000,1.481792919000000,1.509137111000000,-93.538045609999998,44.065376370000003,1,0
1152,1152,52.118000000000002,77.741000000000000,49.216999999999999,61.052605990000004,0.210838846000000,0.197314010000000,0.317737655000000,0.633089361000000,54.146999999999998,-0.026669124000000,-0.049348880000000,54.173669120000000,0.379839786000000,0.404073714000000,1.491634368000000,1.520354830000000,-93.538045609999998,44.065337769999999,3,0
1153,1153,45.082999999999998,68.132999999999996,41.981000000000002,53.031396170000001,0.220310751000000,0.203593132000000,0.323576893000000,0.616162506000000,49.201999999999998,-0.032325367000000,-0.060307867000000,49.234325370000001,0.390980075000000,0.420747929000000,1.511279196000000,1.547584579000000,-93.539473810000004,44.065569369999999,3,0
1154,1154,40.511000000000003,62.945999999999998,39.192999999999998,48.783300720000000,0.224654176000000,0.216853379000000,0.349106809000000,0.622644807000000,46.188000000000002,-0.043677532000000,-0.056612688000000,46.231677529999999,0.414227546000000,0.427833183000000,1.553800202000000,1.571008510000000,-93.538045609999998,44.065299170000003,2,0
1155,1155,39.716999999999999,61.347999999999999,38.752000000000002,47.758889910000001,0.219854348000000,0.214030574000000,0.347134627000000,0.631675034000000,44.226999999999997,-0.041083702000000,-0.050746333000000,44.268083699999998,0.409310986000000,0.419497236000000,1.544628245000000,1.557331912000000,-93.538045609999998,44.065260570000000,2,0
1156,1156,38.956000000000003,60.064999999999998,37.334000000000003,46.616169290000002,0.223195194000000,0.213177003000000,0.342195276000000,0.621559977000000,43.840000000000003,-0.040530967000000,-0.057184555000000,43.880530970000002,0.407820819000000,0.425393352000000,1.541867748000000,1.563858947000000,-93.538045609999998,44.065221970000003,2,0
1157,1157,39.447000000000003,61.722000000000001,38.658000000000001,47.819494130000002,0.224952741000000,0.220176141000000,0.356337285000000,0.626324487000000,45.338999999999999,-0.046458838000000,-0.054358600000000,45.385458839999998,0.419992101000000,0.428276849000000,1.564681725000000,1.575244425000000,-93.538045609999998,44.065183370000000,2,0
1158,1158,37.222999999999999,58.765000000000001,36.183000000000000,45.269881239999997,0.231093141000000,0.224423886000000,0.360203996000000,0.615723645000000,44.124000000000002,-0.050334794000000,-0.061350826000000,44.174334790000003,0.427325083000000,0.438836040000000,1.578728206000000,1.593696184000000,-93.538045609999998,44.065144770000003,2,0
1159,1159,35.667000000000002,57.298999999999999,35.237000000000002,43.958148500000000,0.235544630000000,0.232687219000000,0.374716347000000,0.614967102000000,43.694000000000003,-0.057449514000000,-0.062145192000000,43.751449510000000,0.441471686000000,0.446341224000000,1.606499005000000,1.613000827000000,-93.538045609999998,44.065106170000000,2,0
1160,1160,35.945999999999998,57.204999999999998,35.630000000000003,44.098464980000003,0.230307658000000,0.228220846000000,0.369586760000000,0.622847653000000,42.834000000000003,-0.053428689000000,-0.056863978000000,42.887428690000000,0.433844982000000,0.437422042000000,1.591414900000000,1.596101078000000,-93.538045609999998,44.065067569999997,2,0
1161,1161,36.945000000000000,58.270000000000003,36.460000000000001,45.054254419999999,0.227092053000000,0.223966812000000,0.362947834000000,0.625707911000000,43.134999999999998,-0.049720904000000,-0.054877539000000,43.184720900000002,0.426537995000000,0.431927909000000,1.577209365000000,1.584165082000000,-93.538045609999998,44.065028970000000,2,0
1162,1162,36.414999999999999,58.380000000000003,36.502000000000002,44.969147309999997,0.231145579000000,0.231710533000000,0.376803390000000,0.625248373000000,43.843000000000004,-0.056353154000000,-0.055425486000000,43.899353150000003,0.439807882000000,0.438845029000000,1.603185500000000,1.601912067000000,-93.538045609999998,44.064990369999997,2,0
1163,1163,38.301000000000002,60.518000000000001,37.764000000000003,46.745818430000000,0.228162211000000,0.224825185000000,0.363885022000000,0.624012690000000,44.970999999999997,-0.050493839000000,-0.055998184000000,45.021493839999998,0.428015732000000,0.433764783000000,1.580063184000000,1.587509933000000,-93.538045609999998,44.064951770000000,2,0
1164,1164,47.265000000000001,71.549999999999997,44.244000000000000,55.710305030000001,0.219902050000000,0.204393385000000,0.325662791000000,0.618364780000000,51.591000000000001,-0.032988060000000,-0.058925910000000,51.623988060000002,0.392393866000000,0.419966698000000,1.513805141000000,1.547469769000000,-93.539473810000004,44.065530770000002,3,0
1165,1165,39.360999999999997,61.372000000000000,37.951999999999998,47.455821589999999,0.227090279000000,0.218508334000000,0.350599704000000,0.618392752000000,45.430999999999997,-0.045185853000000,-0.059409453000000,45.476185850000000,0.417101772000000,0.432042213000000,1.559208353000000,1.578250835000000,-93.538045609999998,44.064913169999997,2,0
1166,1166,34.292000000000002,54.505000000000003,34.582999999999998,42.200790589999997,0.225623296000000,0.227631564000000,0.372837275000000,0.634492248000000,40.134999999999998,-0.052651970000000,-0.049349976000000,40.187651969999997,0.432835280000000,0.429395491000000,1.589437770000000,1.584971542000000,-93.538007010000001,44.065646569999998,2,0
1167,1167,34.991000000000000,55.993000000000002,35.603000000000002,43.309582229999997,0.226706101000000,0.230831795000000,0.379227533000000,0.635847338000000,41.392000000000003,-0.055342176000000,-0.048573708000000,41.447342180000000,0.438309030000000,0.431278523000000,1.600211483000000,1.590998655000000,-93.538007010000001,44.065607970000002,2,0
1168,1168,37.206000000000003,59.341000000000001,38.276000000000003,46.082147280000001,0.222492326000000,0.229266575000000,0.379863054000000,0.645017779000000,43.200000000000003,-0.053793492000000,-0.042682628000000,43.253793490000000,0.435634807000000,0.424078080000000,1.594930925000000,1.579943156000000,-93.538007010000001,44.065569369999999,2,0
1169,1169,35.706000000000003,56.688000000000002,35.738999999999997,43.839570790000003,0.226873570000000,0.227092668000000,0.370346836000000,0.630450889000000,41.930999999999997,-0.052286296000000,-0.051925733000000,41.983286300000003,0.431911209000000,0.431535405000000,1.587632331000000,1.587144016000000,-93.538007010000001,44.065530770000002,2,0
1170,1170,38.810000000000002,61.173000000000002,38.652999999999999,47.407476340000002,0.224629521000000,0.223668024000000,0.364633947000000,0.631863731000000,44.883000000000003,-0.049330621000000,-0.050916068000000,44.932330620000002,0.426023220000000,0.427680712000000,1.576217470000000,1.578346537000000,-93.538007010000001,44.065492169999999,2,0
1171,1171,41.558000000000000,65.379000000000005,40.555000000000000,50.484945050000000,0.228518680000000,0.222757324000000,0.358847278000000,0.620306215000000,48.645000000000003,-0.048801291000000,-0.058321807000000,48.693801290000003,0.424452943000000,0.434415530000000,1.573198903000000,1.586049884000000,-93.538007010000001,44.065453570000003,2,0
1172,1172,49.968000000000004,75.712000000000003,47.594000000000001,59.144728710000003,0.216325416000000,0.204837683000000,0.329687780000000,0.628618977000000,53.862000000000002,-0.033223680000000,-0.052404862000000,53.895223680000001,0.393178207000000,0.413554848000000,1.515209734000000,1.539970112000000,-93.538007010000001,44.065414969999999,3,0
1173,1173,57.191000000000003,84.271000000000001,53.438000000000002,66.402890920000004,0.207446332000000,0.191429501000000,0.307643370000000,0.634120872000000,57.912999999999997,-0.021567984000000,-0.048526424000000,57.934567979999997,0.369324993000000,0.398259377000000,1.473501075000000,1.507184652000000,-93.538007010000001,44.065376370000003,1,0
1174,1174,53.465000000000003,79.179000000000002,49.768999999999998,62.195320369999997,0.210725099000000,0.193857242000000,0.310274510000000,0.628563129000000,55.124000000000002,-0.023726379000000,-0.052092778000000,55.147726380000002,0.373671667000000,0.404068100000000,1.480950154000000,1.516702107000000,-93.538007010000001,44.065337769999999,3,0
1175,1175,56.183999999999997,84.096999999999994,52.738999999999997,65.854256719999995,0.213884388000000,0.198979192000000,0.318852665000000,0.627121063000000,59.271000000000001,-0.028180499000000,-0.053167547000000,59.299180499999999,0.382802204000000,0.409472482000000,1.496814040000000,1.528688304000000,-93.539473810000004,44.065492169999999,3,0
1176,1176,42.627000000000002,66.394999999999996,41.015999999999998,51.340917439999998,0.227077202000000,0.218011044000000,0.349498574000000,0.617757361000000,49.146999999999998,-0.044769992000000,-0.059802183000000,49.191769989999997,0.416238753000000,0.432035579000000,1.557580876000000,1.577691857000000,-93.538007010000001,44.065299170000003,2,0
1177,1177,40.399000000000001,63.331000000000003,39.287999999999997,48.943646870000002,0.227648305000000,0.221073942000000,0.355854877000000,0.620359697000000,46.975000000000001,-0.047353480000000,-0.058229034000000,47.022353480000000,0.421545405000000,0.432942959000000,1.567637813000000,1.582262705000000,-93.538007010000001,44.065260570000000,2,0
1178,1178,40.661000000000001,62.953000000000003,38.359999999999999,48.606881299999998,0.228788788000000,0.215144672000000,0.341618905000000,0.609343478000000,46.884999999999998,-0.042455661000000,-0.065145731000000,46.927455660000000,0.411253555000000,0.435161242000000,1.548240329000000,1.578567274000000,-93.538007010000001,44.065221970000003,2,0
1179,1179,41.232999999999997,63.590000000000003,40.008000000000003,49.478912860000001,0.220414450000000,0.213283344000000,0.344935586000000,0.629155528000000,45.939000000000000,-0.040487189000000,-0.052328576000000,45.979487190000000,0.408006558000000,0.420498177000000,1.542211336000000,1.557777963000000,-93.538007010000001,44.065183370000000,2,0
1180,1180,39.271000000000001,61.935000000000002,37.901000000000003,47.660750680000000,0.232279822000000,0.223939292000000,0.358012795000000,0.611948010000000,46.698000000000000,-0.050001797000000,-0.063789745000000,46.748001799999997,0.426490590000000,0.440904921000000,1.577117975000000,1.595877206000000,-93.538007010000001,44.065144770000003,2,0
1181,1181,35.680000000000000,57.036000000000001,34.006000000000000,43.522315089999999,0.241545946000000,0.230337806000000,0.363754045000000,0.596219931000000,44.386000000000003,-0.055901895000000,-0.074395922000000,44.441901899999998,0.437465651000000,0.456688437000000,1.598542601000000,1.624327848000000,-93.538007010000001,44.065106170000000,2,0
1182,1182,35.923999999999999,57.738999999999997,34.783000000000001,44.099066450000002,0.240465129000000,0.232909473000000,0.370499321000000,0.602417777000000,44.771000000000001,-0.057965215000000,-0.070401570000000,44.828965210000000,0.441849989000000,0.454744612000000,1.607254203000000,1.624622441000000,-93.538007010000001,44.065067569999997,2,0
1183,1183,37.109999999999999,58.740000000000002,35.442999999999998,45.032380750000002,0.236416833000000,0.225665102000000,0.358071084000000,0.603387811000000,44.927000000000000,-0.051685924000000,-0.069461434000000,44.978685919999997,0.429460062000000,0.448015617000000,1.582861762000000,1.607273660000000,-93.538007010000001,44.065028970000000,2,0
1184,1184,38.079000000000001,60.893000000000001,36.805999999999997,46.592736649999999,0.238474406000000,0.230509639000000,0.366985169000000,0.604437292000000,46.901000000000003,-0.055844098000000,-0.068969936000000,46.956844099999998,0.437759083000000,0.451399331000000,1.599122876000000,1.617332144000000,-93.538007010000001,44.064990369999997,2,0
1185,1185,37.866999999999997,60.439999999999998,36.350999999999999,46.217956430000001,0.239172108000000,0.229617423000000,0.364339208000000,0.601439444000000,46.661999999999999,-0.055148599000000,-0.070910009000000,46.717148600000002,0.436234736000000,0.452627831000000,1.596112710000000,1.617977533000000,-93.538007010000001,44.064951770000000,2,0
1186,1186,59.997000000000000,87.876000000000005,56.014000000000003,69.424778430000003,0.204758657000000,0.188533404000000,0.303497752000000,0.637420911000000,59.741000000000000,-0.019031130000000,-0.046380593000000,59.760031130000002,0.364124074000000,0.393537237000000,1.464673234000000,1.498563384000000,-93.539473810000004,44.065453570000003,1,0
1187,1187,38.338000000000001,60.393999999999998,36.515000000000001,46.370186920000002,0.234792298000000,0.223392618000000,0.354501181000000,0.604613041000000,45.935000000000002,-0.049692784000000,-0.068563443000000,45.984692780000003,0.425548550000000,0.445287996000000,1.575303876000000,1.601068838000000,-93.538007010000001,44.064913169999997,2,0
1188,1188,35.070000000000000,55.607999999999997,35.277999999999999,43.076257370000000,0.225088674000000,0.226493747000000,0.370722022000000,0.634405122000000,40.868000000000002,-0.051684715000000,-0.049372797000000,40.919684719999999,0.430883425000000,0.428472573000000,1.585628743000000,1.582509414000000,-93.537968410000005,44.065646569999998,2,0
1189,1189,35.399000000000001,55.953000000000003,35.497000000000000,43.373818600000000,0.224341090000000,0.224997811000000,0.367988542000000,0.634407449000000,41.009999999999998,-0.050409542000000,-0.049327941000000,41.060409540000002,0.428312712000000,0.427183324000000,1.580637871000000,1.579183379000000,-93.537968410000005,44.065607970000002,2,0
1190,1190,36.432000000000002,57.595999999999997,36.737000000000002,44.699727850000002,0.223098200000000,0.225081891000000,0.369412299000000,0.637839433000000,42.023000000000003,-0.050404925000000,-0.047139525000000,42.073404920000002,0.428457337000000,0.425048038000000,1.580917874000000,1.576535030000000,-93.537968410000005,44.065569369999999,2,0
1191,1191,35.969999999999999,55.954999999999998,35.009999999999998,43.399320369999998,0.223795724000000,0.217405494000000,0.351137661000000,0.625681351000000,40.930000000000000,-0.044093434000000,-0.054681530000000,40.974093430000003,0.415187107000000,0.426318106000000,1.555601890000000,1.569678303000000,-93.537968410000005,44.065530770000002,2,0
1192,1192,38.090000000000003,59.658999999999999,37.929000000000002,46.363252050000000,0.221663075000000,0.220656989000000,0.360565028000000,0.635763254000000,43.298999999999999,-0.046676690000000,-0.048337977000000,43.345676689999998,0.420824252000000,0.422565528000000,1.566264111000000,1.568474914000000,-93.537968410000005,44.065492169999999,2,0
1193,1193,40.655999999999999,63.768999999999998,40.036999999999999,49.404308399999998,0.224966504000000,0.221335887000000,0.358964403000000,0.627844250000000,46.844999999999999,-0.047421467000000,-0.053420277000000,46.892421470000002,0.421998259000000,0.428282884000000,1.568501574000000,1.576535584000000,-93.537968410000005,44.065453570000003,2,0
1194,1194,47.756999999999998,72.414000000000001,45.985999999999997,56.684009039999999,0.214129127000000,0.205182615000000,0.332371773000000,0.635042947000000,51.085000000000001,-0.033427421000000,-0.048349453000000,51.118427420000003,0.393786841000000,0.409631485000000,1.516301275000000,1.535502392000000,-93.537968410000005,44.065414969999999,3,0
1195,1195,50.796999999999997,75.736000000000004,47.430999999999997,59.346374969999999,0.213231878000000,0.197094829000000,0.315276478000000,0.626267561000000,53.244000000000000,-0.026558368000000,-0.053646732000000,53.270558370000003,0.379449425000000,0.408406266000000,1.490954190000000,1.525385577000000,-93.537968410000005,44.065376370000003,3,0
1196,1196,49.350999999999999,74.328000000000003,46.780000000000001,58.162247739999998,0.214574303000000,0.201950210000000,0.324802663000000,0.629372511000000,52.524999999999999,-0.030720584000000,-0.051836512000000,52.555720579999999,0.388073283000000,0.410556898000000,1.506109299000000,1.533182986000000,-93.537968410000005,44.065337769999999,3,0
1197,1197,51.450000000000003,79.233000000000004,48.244000000000000,61.243923029999998,0.227657267000000,0.212598425000000,0.337012822000000,0.608887711000000,58.771999999999998,-0.040256641000000,-0.065341732000000,58.812256640000001,0.406809823000000,0.433299648000000,1.540000000000000,1.573350311000000,-93.539473810000004,44.065414969999999,3,0
1198,1198,41.015999999999998,63.991999999999997,39.494000000000000,49.453898920000000,0.227699598000000,0.218802377000000,0.350703666000000,0.617170896000000,47.473999999999997,-0.045463731000000,-0.060209547000000,47.519463729999998,0.417611806000000,0.433097103000000,1.560171640000000,1.579941352000000,-93.537968410000005,44.065299170000003,2,0
1199,1199,40.652000000000001,63.134000000000000,39.228999999999999,48.912852780000001,0.225016857000000,0.216618812000000,0.348250383000000,0.621360915000000,46.387000000000000,-0.043500332000000,-0.057430339000000,46.430500330000001,0.413819670000000,0.428475043000000,1.553035521000000,1.571572632000000,-93.537968410000005,44.065260570000000,2,0
1200,1200,40.179000000000002,62.659999999999997,38.384999999999998,48.352993240000004,0.229326480000000,0.218603837000000,0.348791386000000,0.612591765000000,46.756000000000000,-0.045384637000000,-0.063169150000000,46.801384640000002,0.417267449000000,0.435948506000000,1.559521143000000,1.583423845000000,-93.537968410000005,44.065221970000003,2,0
1201,1201,40.472000000000001,63.448999999999998,39.024999999999999,48.944557099999997,0.229661571000000,0.221100644000000,0.354058802000000,0.615060915000000,47.401000000000003,-0.047487863000000,-0.061659648000000,47.448487860000000,0.421591575000000,0.436444339000000,1.567725835000000,1.586848368000000,-93.537968410000005,44.065183370000000,2,0
1202,1202,41.942999999999998,65.980000000000004,40.151000000000003,50.743401710000001,0.232959907000000,0.222723608000000,0.354674497000000,0.608532889000000,49.866000000000000,-0.049028189000000,-0.065971069000000,49.915028190000001,0.424394772000000,0.442127556000000,1.573087285000000,1.596127356000000,-93.537968410000005,44.065144770000003,2,0
1203,1203,42.203000000000003,64.334000000000003,38.777999999999999,49.744983159999997,0.227461137000000,0.207730648000000,0.326613439000000,0.602760593000000,47.686999999999998,-0.036127034000000,-0.069124316000000,47.723127030000001,0.398274927000000,0.433270534000000,1.524394000000000,1.567969525000000,-93.537968410000005,44.065106170000000,3,0
1204,1204,41.625000000000000,64.281999999999996,39.103000000000002,49.644941860000003,0.228561053000000,0.213932979000000,0.339156338000000,0.608304035000000,47.835999999999999,-0.041424729000000,-0.065773395000000,47.877424730000001,0.409140685000000,0.434823548000000,1.544312312000000,1.576791035000000,-93.537968410000005,44.065067569999997,2,0
1205,1205,42.468000000000004,66.106999999999999,40.341999999999999,50.993932440000002,0.229760399000000,0.217720470000000,0.346445268000000,0.610253075000000,49.404000000000003,-0.044667835000000,-0.064654808000000,49.448667839999999,0.415734222000000,0.436745955000000,1.556630875000000,1.583481522000000,-93.537968410000005,44.065028970000000,2,0
1206,1206,43.612000000000002,67.664000000000001,40.914999999999999,52.135914249999999,0.231065930000000,0.216147237000000,0.341837097000000,0.604679002000000,50.801000000000002,-0.043413868000000,-0.068223482000000,50.844413869999997,0.412999301000000,0.439119742000000,1.551499587000000,1.584833244000000,-93.537968410000005,44.064990369999997,2,0
1207,1207,43.283999999999999,67.683000000000007,40.710000000000001,51.999350139999997,0.234190372000000,0.219876179000000,0.347282121000000,0.601480431000000,51.372000000000000,-0.046713740000000,-0.070472122000000,51.418713740000001,0.419472726000000,0.444405051000000,1.563695592000000,1.595948104000000,-93.537968410000005,44.064951770000000,2,0
1208,1208,61.058000000000000,88.722999999999999,56.581000000000003,70.240680650000002,0.202677195000000,0.184703000000000,0.296834764000000,0.637726407000000,59.807000000000002,-0.015709288000000,-0.046082128000000,59.822709289999999,0.357219389000000,0.389974890000000,1.453093780000000,1.490412914000000,-93.539473810000004,44.065376370000003,1,0
1209,1209,45.316000000000003,69.896000000000001,42.619999999999997,54.023004579999998,0.227710251000000,0.213345832000000,0.338604805000000,0.609763077000000,51.856000000000002,-0.040889047000000,-0.064803082000000,51.896889049999999,0.408115689000000,0.433352127000000,1.542413276000000,1.574241110000000,-93.537968410000005,44.064913169999997,3,0
1210,1210,32.811000000000000,51.713999999999999,32.542999999999999,40.041421739999997,0.225580927000000,0.223637977000000,0.363645108000000,0.629288007000000,38.073999999999998,-0.049361055000000,-0.052566030000000,38.123361060000001,0.425971442000000,0.429322245000000,1.576117765000000,1.580428201000000,-93.537929809999994,44.065646569999998,2,0
1211,1211,32.082999999999998,50.817999999999998,31.282000000000000,39.116712270000001,0.231944049000000,0.225992449000000,0.362947752000000,0.615569286000000,38.271000000000001,-0.051687204000000,-0.061508281000000,38.322687199999997,0.430022534000000,0.440270301000000,1.583954119000000,1.597346339000000,-93.537929809999994,44.065607970000002,2,0
1212,1212,31.346000000000000,50.753000000000000,31.736999999999998,39.011433769999996,0.233448165000000,0.236385340000000,0.385350066000000,0.625322641000000,38.423000000000002,-0.060337679000000,-0.055529007000000,38.483337679999998,0.447751224000000,0.442781868000000,1.619122057000000,1.612452028000000,-93.537929809999994,44.065569369999999,2,0
1213,1213,31.579999999999998,50.680999999999997,31.613000000000000,39.009579719999998,0.231952843000000,0.232199949000000,0.377132365000000,0.623764330000000,38.168999999999997,-0.056808402000000,-0.056402691000000,38.225808399999998,0.440641890000000,0.440220978000000,1.604844839000000,1.604286784000000,-93.537929809999994,44.065530770000002,2,0
1214,1214,32.015999999999998,51.886000000000003,31.823000000000000,39.706777680000002,0.238248086000000,0.236823914000000,0.381535744000000,0.613325367000000,39.933000000000000,-0.061037805000000,-0.063372651000000,39.994037810000002,0.448493799000000,0.450905646000000,1.620627186000000,1.623893570000000,-93.537929809999994,44.065492169999999,2,0
1215,1215,32.542999999999999,52.764000000000003,32.351999999999997,40.372178740000003,0.238424391000000,0.237037992000000,0.381852516000000,0.613145326000000,40.633000000000003,-0.061226086000000,-0.063498755000000,40.694226090000001,0.448856102000000,0.451203242000000,1.621362505000000,1.624543796000000,-93.537929809999994,44.065453570000003,2,0
1216,1216,33.158000000000001,53.631000000000000,32.572000000000003,40.974269610000000,0.240080466000000,0.235893950000000,0.377612188000000,0.607335310000000,41.531999999999996,-0.060403314000000,-0.067276581000000,41.592403310000002,0.446918682000000,0.454024927000000,1.617437722000000,1.627070184000000,-93.537929809999994,44.065414969999999,2,0
1217,1217,33.710999999999999,54.192000000000000,32.186000000000000,41.267998020000000,0.243784463000000,0.232995461000000,0.367589784000000,0.593925303000000,42.487000000000002,-0.058261789000000,-0.076040270000000,42.545261789999998,0.441996319000000,0.460428880000000,1.607546498000000,1.632519528000000,-93.537929809999994,44.065376370000003,2,0
1218,1218,34.682000000000002,55.970999999999997,33.378000000000000,42.621140490000002,0.243786180000000,0.234840546000000,0.371697948000000,0.596344536000000,43.881999999999998,-0.059793116000000,-0.074512017000000,43.941793120000000,0.445132024000000,0.460365347000000,1.613834266000000,1.634561726000000,-93.537929809999994,44.065337769999999,2,0
1219,1219,60.645000000000003,88.539000000000001,55.831000000000003,69.842850040000002,0.206442426000000,0.186977156000000,0.298801324000000,0.630580874000000,60.601999999999997,-0.017735288000000,-0.050608980000000,60.619735290000001,0.361322318000000,0.396728143000000,1.459955479000000,1.500724031000000,-93.539473810000004,44.065337769999999,1,0
1220,1220,35.545000000000002,56.825000000000003,34.338999999999999,43.480626229999999,0.238462628000000,0.230377828000000,0.366700557000000,0.604293885000000,43.765999999999998,-0.055734005000000,-0.069059025000000,43.821733999999999,0.437534002000000,0.451382959000000,1.598677732000000,1.617159615000000,-93.537929809999994,44.065299170000003,2,0
1221,1221,36.963000000000001,58.972000000000001,35.603999999999999,45.135370350000002,0.238185722000000,0.229415750000000,0.364804164000000,0.603744150000000,45.377000000000002,-0.054917553000000,-0.069381704000000,45.431917550000001,0.435889922000000,0.450936387000000,1.595433271000000,1.615459328000000,-93.537929809999994,44.065260570000000,2,0
1222,1222,37.747000000000000,60.351999999999997,36.597000000000001,46.211615860000002,0.237685083000000,0.230430483000000,0.367549023000000,0.606392497000000,46.359999999999999,-0.055726970000000,-0.067679812000000,46.415726970000001,0.437623921000000,0.450045992000000,1.598855538000000,1.615413588000000,-93.537929809999994,44.065221970000003,2,0
1223,1223,40.762999999999998,63.533000000000001,38.649000000000001,48.961922139999999,0.230794564000000,0.218320933000000,0.346855150000000,0.608329530000000,47.654000000000003,-0.045225786000000,-0.065930253000000,47.699225790000000,0.416776613000000,0.438531821000000,1.558594804000000,1.586480752000000,-93.537929809999994,44.065183370000000,2,0
1224,1224,43.539999999999999,66.376999999999995,40.466999999999999,51.443223779999997,0.224888241000000,0.207765860000000,0.328826494000000,0.609653946000000,48.747000000000000,-0.036047718000000,-0.064655814000000,48.783047719999999,0.398336851000000,0.428670855000000,1.524506201000000,1.562120043000000,-93.537929809999994,44.065144770000003,3,0
1225,1225,45.935000000000002,69.049000000000007,42.521000000000001,53.807756769999997,0.219117738000000,0.201019272000000,0.318976581000000,0.615809063000000,49.642000000000003,-0.030094283000000,-0.060439986000000,49.672094280000003,0.386423649000000,0.418773438000000,1.503189289000000,1.542348716000000,-93.537929809999994,44.065106170000000,3,0
1226,1226,49.996000000000002,73.965999999999994,46.600999999999999,58.144138060000003,0.209934200000000,0.193365709000000,0.309846046000000,0.630032718000000,51.335000000000001,-0.023285238000000,-0.051151774000000,51.358285240000001,0.372792592000000,0.402662852000000,1.479438355000000,1.514491016000000,-93.537929809999994,44.065067569999997,3,0
1227,1227,49.418999999999997,74.141999999999996,46.466999999999999,58.018548220000000,0.214596388000000,0.200087406000000,0.320686435000000,0.626729789000000,52.398000000000003,-0.029144611000000,-0.053451196000000,52.427144609999999,0.384770536000000,0.410692134000000,1.500273174000000,1.531362003000000,-93.537929809999994,44.065028970000000,3,0
1228,1228,53.186000000000000,78.992000000000004,49.808999999999997,62.046818719999997,0.210702777000000,0.195236726000000,0.313297478000000,0.630557525000000,54.988999999999997,-0.024900680000000,-0.050879458000000,55.013900679999999,0.376136129000000,0.403942407000000,1.485202873000000,1.518003547000000,-93.537929809999994,44.064990369999997,3,0
1229,1229,55.280999999999999,81.480000000000004,51.667999999999999,64.199069530000003,0.207518089000000,0.191567772000000,0.307886665000000,0.634118802000000,56.011000000000003,-0.021687744000000,-0.048531808000000,56.032687740000000,0.369572879000000,0.398381512000000,1.473924133000000,1.507474906000000,-93.537929809999994,44.064951770000000,1,0
1230,1230,59.345999999999997,88.296999999999997,55.244000000000000,69.210325479999995,0.212937524000000,0.196087861000000,0.313325902000000,0.625661121000000,62.003999999999998,-0.025692134000000,-0.053997545000000,62.029692130000001,0.377654727000000,0.407937026000000,1.487834058000000,1.523747148000000,-93.539628210000004,44.065337769999999,1,0
1231,1231,60.201999999999998,88.097999999999999,55.700000000000003,69.493473089999995,0.206417024000000,0.188105192000000,0.301252700000000,0.632250448000000,60.293999999999997,-0.018701961000000,-0.049598039000000,60.312701959999998,0.363353638000000,0.396599274000000,1.463373310000000,1.501743587000000,-93.539473810000004,44.065299170000003,1,0
1232,1232,58.936000000000000,86.123999999999995,54.228999999999999,67.900858889999995,0.207008791000000,0.187425893000000,0.299325120000000,0.629661883000000,59.082999999999998,-0.018132461000000,-0.051199012000000,59.101132460000002,0.362130690000000,0.397733950000000,1.461313968000000,1.502384771000000,-93.537929809999994,44.064913169999997,1,0
1233,1233,32.981999999999999,51.932000000000002,32.274000000000001,40.109666429999997,0.228287606000000,0.223166969000000,0.359992401000000,0.621466533000000,38.607999999999997,-0.049127897000000,-0.057586101000000,38.657127899999999,0.425159508000000,0.434007097000000,1.574555818000000,1.585974927000000,-93.537891209999998,44.065646569999998,2,0
1234,1234,32.168999999999997,51.125999999999998,31.180000000000000,39.246676450000002,0.234920079000000,0.227588691000000,0.363753238000000,0.609865822000000,38.902999999999999,-0.053194147000000,-0.065289364000000,38.956194150000002,0.432761787000000,0.445364721000000,1.589294041000000,1.605906359000000,-93.537891209999998,44.065607970000002,2,0
1235,1235,31.024999999999999,50.180000000000000,31.576000000000001,38.633434569999999,0.231705746000000,0.235884490000000,0.385963852000000,0.629254683000000,37.759000000000000,-0.059806173000000,-0.052966368000000,37.818806170000002,0.446902649000000,0.439830964000000,1.617405318000000,1.607951607000000,-93.537891209999998,44.065569369999999,2,0
1236,1236,30.254000000000001,49.448000000000000,31.117999999999999,37.985695309999997,0.234132828000000,0.240822062000000,0.395068335000000,0.629307555000000,37.524000000000001,-0.063999278000000,-0.053084281000000,37.587999279999998,0.455242230000000,0.444009780000000,1.634428505000000,1.619174714000000,-93.537891209999998,44.065530770000002,2,0
1237,1237,32.878999999999998,53.027999999999999,33.706000000000003,40.943423809999999,0.228630511000000,0.234544333000000,0.385988774000000,0.635626461000000,39.470999999999997,-0.058500330000000,-0.048820780000000,39.529500329999998,0.444629152000000,0.434609017000000,1.612822774000000,1.599536071000000,-93.537891209999998,44.065492169999999,2,0
1238,1238,30.949999999999999,50.584000000000003,30.928000000000001,38.614266530000002,0.240974940000000,0.240807516000000,0.387977710000000,0.611418630000000,39.289999999999999,-0.064501787000000,-0.064775658000000,39.354501790000000,0.455217747000000,0.455499564000000,1.634378029000000,1.634765077000000,-93.537891209999998,44.065453570000003,2,0
1239,1239,32.249000000000002,51.927999999999997,31.646000000000001,39.740762029999999,0.238216166000000,0.233781199000000,0.374616893000000,0.609420736000000,39.960999999999999,-0.058532416000000,-0.065821124000000,40.019532419999997,0.443332651000000,0.450883563000000,1.610220472000000,1.620373334000000,-93.537891209999998,44.065414969999999,2,0
1240,1240,31.731000000000002,51.240000000000002,31.164000000000001,39.173072630000000,0.239365079000000,0.235130347000000,0.376570734000000,0.608196721000000,39.585000000000001,-0.059724011000000,-0.066678933000000,39.644724009999997,0.445623811000000,0.452819719000000,1.614824619000000,1.624549466000000,-93.537891209999998,44.065376370000003,2,0
1241,1241,32.764000000000003,53.140999999999998,32.027999999999999,40.510238870000002,0.242526626000000,0.237203888000000,0.378213338000000,0.602698481000000,41.490000000000002,-0.061657043000000,-0.070394207000000,41.551657040000002,0.449136787000000,0.458158718000000,1.621932609000000,1.634250208000000,-93.537891209999998,44.065337769999999,2,0
1242,1242,57.530000000000001,85.563999999999993,54.512000000000000,67.336114980000005,0.208659109000000,0.195913176000000,0.316475130000000,0.637090365000000,59.085999999999999,-0.025414208000000,-0.046796150000000,59.111414210000000,0.377343176000000,0.400211657000000,1.487293586000000,1.514222367000000,-93.539473810000004,44.065260570000000,1,0
1243,1243,34.892000000000003,56.183000000000000,34.194000000000003,42.985310630000001,0.238520380000000,0.233774362000000,0.374307765000000,0.608618265000000,43.280000000000001,-0.058547606000000,-0.066348418000000,43.338547609999999,0.443321029000000,0.451402534000000,1.610197180000000,1.621068830000000,-93.537891209999998,44.065299170000003,2,0
1244,1244,36.820999999999998,58.186999999999998,35.914999999999999,44.838228610000002,0.230754587000000,0.224886325000000,0.361565668000000,0.617234090000000,43.637999999999998,-0.050698502000000,-0.060386639000000,43.688698500000001,0.428120923000000,0.438239937000000,1.580266696000000,1.593431324000000,-93.537891209999998,44.065260570000000,2,0
1245,1245,37.243000000000002,59.369999999999997,36.088000000000001,45.512568569999999,0.236417783000000,0.229027150000000,0.365584469000000,0.607849082000000,45.408999999999999,-0.054481880000000,-0.066667169000000,45.463481880000003,0.435225240000000,0.447905343000000,1.594125070000000,1.610936589000000,-93.537891209999998,44.065221970000003,2,0
1246,1246,39.490000000000002,61.933000000000000,37.792000000000002,47.691340420000003,0.231590670000000,0.221281169000000,0.352705442000000,0.610207805000000,46.584000000000003,-0.047746292000000,-0.064822038000000,46.631746290000002,0.421903674000000,0.439798292000000,1.568321094000000,1.591442825000000,-93.537891209999998,44.065183370000000,2,0
1247,1247,42.905999999999999,65.456999999999994,40.231999999999999,50.807340379999999,0.223198101000000,0.208106088000000,0.330994701000000,0.614632507000000,47.776000000000003,-0.036263670000000,-0.061456980000000,47.812263670000000,0.398935040000000,0.425637038000000,1.525590826000000,1.558634273000000,-93.537891209999998,44.065144770000003,3,0
1248,1248,45.085000000000001,69.540999999999997,42.311000000000000,53.724074760000001,0.228216427000000,0.213354736000000,0.338187098000000,0.608432436000000,51.686000000000000,-0.040920879000000,-0.065667115000000,51.726920880000002,0.408131239000000,0.434246453000000,1.542442054000000,1.575406354000000,-93.537891209999998,44.065106170000000,3,0
1249,1249,51.752000000000002,77.444000000000003,49.091999999999999,60.788889070000003,0.211330612000000,0.198860646000000,0.320733047000000,0.633903207000000,54.043999999999997,-0.027995154000000,-0.048882707000000,54.071995149999999,0.382591498000000,0.404882892000000,1.496444582000000,1.522971596000000,-93.537891209999998,44.065067569999997,3,0
1250,1250,50.335999999999999,76.052999999999997,47.329000000000001,59.323424109999998,0.217963655000000,0.203474986000000,0.325284594000000,0.622316016000000,54.441000000000003,-0.032135991000000,-0.056369518000000,54.473135990000003,0.390771234000000,0.416548484000000,1.510906707000000,1.542218314000000,-93.537891209999998,44.065028970000000,3,0
1251,1251,55.052999999999997,81.271000000000001,51.159999999999997,63.909190389999999,0.209592380000000,0.192321235000000,0.307853083000000,0.629498837000000,56.329000000000001,-0.022384844000000,-0.051455057000000,56.351384840000001,0.370922972000000,0.402108923000000,1.476231995000000,1.512727893000000,-93.537891209999998,44.064990369999997,1,0
1252,1252,55.838000000000001,82.784999999999997,52.262000000000000,65.070615779999997,0.209997442000000,0.194390541000000,0.312027420000000,0.631297940000000,57.469999999999999,-0.024160096000000,-0.050387406000000,57.494160100000002,0.374624877000000,0.402714608000000,1.482592500000000,1.515631049000000,-93.537891209999998,44.064951770000000,1,0
1253,1253,52.438000000000002,78.927999999999997,49.951999999999998,61.845439960000000,0.213129116000000,0.201650351000000,0.325374014000000,0.632880600000000,55.466000000000001,-0.030415072000000,-0.049610077000000,55.496415069999998,0.387542129000000,0.407982964000000,1.505168008000000,1.529709723000000,-93.539473810000004,44.065221970000003,3,0
1254,1254,57.406999999999996,84.944999999999993,53.274999999999999,66.706926920000001,0.211026047000000,0.193450039000000,0.309148265000000,0.627170522000000,59.207999999999998,-0.023387365000000,-0.052957925000000,59.231387359999999,0.372943447000000,0.404641879000000,1.479697598000000,1.516966370000000,-93.537891209999998,44.064913169999997,1,0
1255,1255,35.570000000000000,55.298000000000002,33.609999999999999,42.633030249999997,0.230375578000000,0.217106132000000,0.344545740000000,0.607797750000000,41.415999999999997,-0.044184515000000,-0.066228571000000,41.460184509999998,0.414666909000000,0.437854750000000,1.554624684000000,1.584245461000000,-93.537852610000002,44.065646569999998,2,0
1256,1256,33.735999999999997,53.963999999999999,31.829000000000001,41.082503299999999,0.244176998000000,0.230649943000000,0.362048290000000,0.589819139000000,42.363000000000000,-0.056334446000000,-0.078670448000000,42.419334450000001,0.437998624000000,0.461208709000000,1.599596870000000,1.630893693000000,-93.537852610000002,44.065607970000002,2,0
1257,1257,31.574999999999999,51.162999999999997,31.469000000000001,39.178783180000003,0.237540062000000,0.236747323000000,0.382063235000000,0.615073393000000,39.281999999999996,-0.060924462000000,-0.062223857000000,39.342924459999999,0.448364151000000,0.449706499000000,1.620364212000000,1.622179697000000,-93.537852610000002,44.065569369999999,2,0
1258,1258,30.699999999999999,50.673999999999999,31.032000000000000,38.614890480000000,0.242923718000000,0.245459238000000,0.396766120000000,0.612385050000000,39.616000000000000,-0.068448303000000,-0.064313293000000,39.684448300000000,0.463021330000000,0.458785698000000,1.650618893000000,1.644717216000000,-93.537852610000002,44.065530770000002,2,0
1259,1259,31.106000000000002,50.963999999999999,31.309000000000001,38.923711769999997,0.240430076000000,0.241964177000000,0.391205847000000,0.614335609000000,39.512999999999998,-0.065405410000000,-0.062898773000000,39.578405410000002,0.457162987000000,0.454586482000000,1.638397737000000,1.634852609000000,-93.537852610000002,44.065492169999999,2,0
1260,1260,32.119999999999997,51.706000000000003,31.533000000000001,39.579181920000003,0.237985215000000,0.233650657000000,0.374543438000000,0.609851855000000,39.759000000000000,-0.058408967000000,-0.065532815000000,39.817408970000002,0.443110734000000,0.450491759000000,1.609775841000000,1.619693417000000,-93.537852610000002,44.065453570000003,2,0
1261,1261,33.292999999999999,53.271999999999998,32.820999999999998,40.920849920000002,0.234162332000000,0.230797666000000,0.371743823000000,0.616102268000000,40.430000000000000,-0.055800513000000,-0.061335500000000,40.485800509999997,0.438250782000000,0.444000797000000,1.600096116000000,1.607722333000000,-93.537852610000002,44.065414969999999,2,0
1262,1262,31.475999999999999,51.081000000000003,31.303000000000001,39.072091260000001,0.238770227000000,0.237472292000000,0.382506731000000,0.612811026000000,39.383000000000003,-0.061607237000000,-0.063734411000000,39.444607240000003,0.449590771000000,0.451786735000000,1.622855509000000,1.625836670000000,-93.537852610000002,44.065376370000003,2,0
1263,1263,32.372999999999998,52.658000000000001,32.280000000000001,40.261124729999999,0.239237743000000,0.238560055000000,0.384542473000000,0.613012268000000,40.662999999999997,-0.062532925000000,-0.063642796000000,40.725532930000000,0.451428885000000,0.452573452000000,1.626602416000000,1.628161459000000,-93.537852610000002,44.065337769999999,2,0
1264,1264,50.993000000000002,77.825999999999993,48.188000000000002,60.495883249999999,0.221600028000000,0.208300018000000,0.332787638000000,0.619176111000000,56.470999999999997,-0.036359014000000,-0.058544577000000,56.507359010000002,0.399275895000000,0.422783379000000,1.526209480000000,1.555236750000000,-93.539473810000004,44.065183370000000,3,0
1265,1265,34.271999999999998,55.427000000000000,33.566000000000003,42.321777959999999,0.240727061000000,0.235844324000000,0.376872784000000,0.605589334000000,43.015999999999998,-0.060408064000000,-0.068426561000000,43.076408059999999,0.446834571000000,0.455125261000000,1.617267740000000,1.628516626000000,-93.537852610000002,44.065299170000003,2,0
1266,1266,36.073999999999998,57.573999999999998,34.978999999999999,44.119645640000002,0.236813981000000,0.229583120000000,0.366462698000000,0.607548546000000,44.094999999999999,-0.054968242000000,-0.066886424000000,44.149968240000000,0.436176092000000,0.448571857000000,1.595997117000000,1.612463691000000,-93.537852610000002,44.065260570000000,2,0
1267,1267,36.676000000000002,59.119999999999997,35.811000000000000,45.176435959999999,0.239887378000000,0.234289532000000,0.374160207000000,0.605734100000000,45.753000000000000,-0.059066767000000,-0.068268405000000,45.812066770000001,0.444196418000000,0.453724547000000,1.611953321000000,1.624815966000000,-93.537852610000002,44.065221970000003,2,0
1268,1268,38.314000000000000,60.883000000000003,37.188000000000002,46.753429920000002,0.234523592000000,0.227516961000000,0.363963296000000,0.610810900000000,46.264000000000003,-0.053109946000000,-0.064668402000000,46.317109950000003,0.432638820000000,0.444683164000000,1.589053610000000,1.604916549000000,-93.537852610000002,44.065183370000000,2,0
1269,1269,40.863999999999997,62.834000000000003,38.317999999999998,48.601259159999998,0.226927020000000,0.211865224000000,0.336035485000000,0.609829073000000,46.485999999999997,-0.039603988000000,-0.064702569000000,46.525603990000000,0.405527583000000,0.432047780000000,1.537637040000000,1.570931327000000,-93.537852610000002,44.065144770000003,2,0
1270,1270,42.826999999999998,66.117000000000004,40.311000000000000,51.090071899999998,0.227959066000000,0.213779556000000,0.339341133000000,0.609691910000000,49.095999999999997,-0.041266289000000,-0.064866169000000,49.137266289999999,0.408872926000000,0.433768542000000,1.543815817000000,1.575256990000000,-93.537852610000002,44.065106170000000,2,0
1271,1271,46.874000000000002,71.358000000000004,44.639000000000003,55.623065840000002,0.218602308000000,0.207084376000000,0.332694686000000,0.625564057000000,51.203000000000003,-0.035208232000000,-0.054419756000000,51.238208229999998,0.397137915000000,0.417511149000000,1.522336477000000,1.547305612000000,-93.537852610000002,44.065067569999997,3,0
1272,1272,44.634999999999998,69.259000000000000,42.677999999999997,53.573948860000002,0.226740350000000,0.216201029000000,0.345764997000000,0.616208724000000,51.204999999999998,-0.043238893000000,-0.060737552000000,51.248238890000003,0.413092904000000,0.431511198000000,1.551674695000000,1.575014950000000,-93.537852610000002,44.065028970000000,3,0
1273,1273,47.567999999999998,72.879000000000005,45.274000000000001,56.638615629999997,0.221777033000000,0.210142220000000,0.336703338000000,0.621221477000000,52.915999999999997,-0.037917946000000,-0.057297506000000,52.953917949999997,0.402509711000000,0.423011310000000,1.532101413000000,1.557527414000000,-93.537852610000002,44.064990369999997,3,0
1274,1274,48.719999999999999,73.671000000000006,45.759999999999998,57.431211730000001,0.218598804000000,0.203863029000000,0.325599301000000,0.621139933000000,52.862000000000002,-0.032488656000000,-0.057133172000000,52.894488660000000,0.391457051000000,0.417664154000000,1.512130542000000,1.544023714000000,-93.537852610000002,44.064951770000000,3,0
1275,1275,54.459000000000003,82.260999999999996,50.591000000000001,64.010686820000004,0.220616384000000,0.203349912000000,0.322794877000000,0.615005896000000,59.472000000000001,-0.032130521000000,-0.061040729000000,59.504130519999997,0.390550114000000,0.421312092000000,1.510512496000000,1.548029109000000,-93.539473810000004,44.065144770000003,3,0
1276,1276,55.241999999999997,82.450000000000003,52.192000000000000,64.739699119999997,0.211012947000000,0.197600442000000,0.318222222000000,0.633013948000000,57.466000000000001,-0.026917486000000,-0.049404900000000,57.492917490000004,0.380349771000000,0.404372896000000,1.492523804000000,1.521019783000000,-93.537852610000002,44.064913169999997,3,0
1277,1277,43.033000000000001,65.081000000000003,40.219999999999999,50.678805730000001,0.219801795000000,0.203932886000000,0.324741509000000,0.617999109000000,46.908999999999999,-0.032594011000000,-0.059143554000000,46.941594010000003,0.391580479000000,0.419814508000000,1.512350986000000,1.546782773000000,-93.537814010000005,44.065646569999998,3,0
1278,1278,42.078000000000003,64.432000000000002,38.868000000000002,49.775369179999998,0.228387589000000,0.209877007000000,0.330475149000000,0.603240626000000,47.917999999999999,-0.037989242000000,-0.068901760000000,47.955989240000001,0.402044609000000,0.434768934000000,1.531251485000000,1.572253851000000,-93.537814010000005,44.065607970000002,2,0
1279,1279,36.558999999999997,57.551000000000002,35.387000000000000,44.350565009999997,0.230721526000000,0.223058123000000,0.357474925000000,0.614880714000000,43.155999999999999,-0.049177973000000,-0.061848537000000,43.205177970000001,0.424971806000000,0.438228041000000,1.574195137000000,1.591368303000000,-93.537814010000005,44.065569369999999,2,0
1280,1280,33.819000000000003,54.758000000000003,33.372999999999998,41.856582330000002,0.239513774000000,0.236393195000000,0.379302224000000,0.609463457000000,42.323999999999998,-0.060774088000000,-0.065894219000000,42.384774090000001,0.447764527000000,0.453055684000000,1.619148999000000,1.626322729000000,-93.537814010000005,44.065530770000002,2,0
1281,1281,36.130000000000003,57.289000000000001,35.887000000000000,44.254126700000000,0.228092929000000,0.226495681000000,0.367777932000000,0.626420430000000,42.561000000000000,-0.051869209000000,-0.054500178000000,42.612869209999999,0.430886745000000,0.433630493000000,1.585635206000000,1.589202497000000,-93.537814010000005,44.065492169999999,2,0
1282,1282,36.814000000000000,57.709000000000003,35.923999999999999,44.632324060000002,0.226833053000000,0.221057309000000,0.356576051000000,0.622502556000000,42.680000000000000,-0.047294303000000,-0.056846075000000,42.727294299999997,0.421516645000000,0.431526720000000,1.567582985000000,1.580410009000000,-93.537814010000005,44.065453570000003,2,0
1283,1283,37.411999999999999,58.505000000000003,36.860999999999997,45.391724979999999,0.223422887000000,0.219908880000000,0.357169466000000,0.630048714000000,42.737000000000002,-0.046153730000000,-0.051963428000000,42.783153730000002,0.419529355000000,0.425623260000000,1.563803058000000,1.571548714000000,-93.537814010000005,44.065414969999999,2,0
1284,1284,34.335999999999999,54.799999999999997,33.761000000000003,42.118111769999999,0.233560499000000,0.229581763000000,0.369553047000000,0.616076642000000,41.503000000000000,-0.054758049000000,-0.061308250000000,41.557758049999997,0.436173772000000,0.442986100000000,1.595992544000000,1.604993260000000,-93.537814010000005,44.065376370000003,2,0
1285,1285,33.149999999999999,53.286999999999999,32.600999999999999,40.829940280000002,0.236895401000000,0.232967364000000,0.374043391000000,0.611800251000000,40.823000000000000,-0.057771468000000,-0.064228230000000,40.880771469999999,0.441948506000000,0.448642639000000,1.607450980000000,1.616414946000000,-93.537814010000005,44.065337769999999,2,0
1286,1286,60.287999999999997,88.042000000000002,55.351999999999997,69.401922670000005,0.207195843000000,0.187109823000000,0.298500721000000,0.628699939000000,60.444000000000003,-0.017865103000000,-0.051792500000000,60.461865099999997,0.361561351000000,0.398101659000000,1.460356953000000,1.502493182000000,-93.539473810000004,44.065106170000000,1,0
1287,1287,34.813000000000002,56.076000000000001,34.033000000000001,42.874653870000003,0.239262312000000,0.233944702000000,0.373979879000000,0.606908481000000,43.305999999999997,-0.058739053000000,-0.067480508000000,43.364739049999997,0.443610544000000,0.452665108000000,1.610777583000000,1.622978258000000,-93.537814010000005,44.065299170000003,2,0
1288,1288,36.552999999999997,57.719000000000001,35.582999999999998,44.473792500000002,0.230852890000000,0.224520536000000,0.360646799000000,0.616486772000000,43.302000000000000,-0.050400832000000,-0.060858650000000,43.352400830000001,0.427491454000000,0.438418074000000,1.579049599000000,1.593255282000000,-93.537814010000005,44.065260570000000,2,0
1289,1289,36.420000000000002,58.625000000000000,35.331000000000003,44.764519380000003,0.240734176000000,0.233626177000000,0.371855846000000,0.602660981000000,45.499000000000002,-0.058576732000000,-0.070270602000000,45.557576730000001,0.443069114000000,0.455185627000000,1.609692477000000,1.626047358000000,-93.537814010000005,44.065221970000003,2,0
1290,1290,37.261000000000003,59.878999999999998,36.625999999999998,45.881516390000002,0.236881923000000,0.232839201000000,0.373764749000000,0.611666862000000,45.871000000000002,-0.057664877000000,-0.064310811000000,45.928664879999999,0.441730390000000,0.448621483000000,1.607015378000000,1.616240119000000,-93.537814010000005,44.065183370000000,2,0
1291,1291,40.209000000000003,63.530000000000001,38.734000000000002,48.830138699999999,0.233574268000000,0.224804558000000,0.358757019000000,0.609696207000000,48.116999999999997,-0.050798397000000,-0.065292371000000,48.167798400000002,0.427980240000000,0.443121171000000,1.579994529000000,1.599780802000000,-93.537814010000005,44.065144770000003,2,0
1292,1292,39.113000000000000,62.222999999999999,37.310000000000002,47.586989109999998,0.239076214000000,0.228053209000000,0.360947115000000,0.599617505000000,48.023000000000003,-0.053840717000000,-0.072046795000000,48.076840720000000,0.433557827000000,0.452521513000000,1.590852146000000,1.616050567000000,-93.537814010000005,44.065106170000000,2,0
1293,1293,38.866999999999997,62.087000000000003,37.259000000000000,47.447066430000000,0.239880180000000,0.230005745000000,0.364549808000000,0.600109524000000,48.048000000000002,-0.055517209000000,-0.071805112000000,48.103517210000000,0.436898410000000,0.453833064000000,1.597421978000000,1.620056449000000,-93.537814010000005,44.065067569999997,2,0
1294,1294,38.033999999999999,60.619999999999997,36.680000000000000,46.428410679999999,0.237433275000000,0.228941553000000,0.364443154000000,0.605080831000000,46.526000000000003,-0.054475594000000,-0.068482421000000,46.580475589999999,0.435078785000000,0.449655829000000,1.593837093000000,1.613192673000000,-93.537814010000005,44.065028970000000,2,0
1295,1295,38.521999999999998,61.720999999999997,37.088999999999999,47.148772500000000,0.240292786000000,0.231427631000000,0.367340153000000,0.600913789000000,47.831000000000003,-0.056725308000000,-0.071333702000000,47.887725310000000,0.439325536000000,0.454493593000000,1.602227299000000,1.622581575000000,-93.537814010000005,44.064990369999997,2,0
1296,1296,39.627000000000002,63.753000000000000,38.264000000000003,48.644553770000002,0.241556595000000,0.233372026000000,0.370508016000000,0.600191364000000,49.615000000000002,-0.058422524000000,-0.071894327000000,49.673422520000003,0.442636936000000,0.456599105000000,1.608827315000000,1.627688543000000,-93.537814010000005,44.064951770000000,2,0
1297,1297,61.286000000000001,90.584000000000003,56.218000000000004,70.997413980000005,0.213156908000000,0.192914993000000,0.306297830000000,0.620617328000000,63.664000000000001,-0.022988351000000,-0.057085464000000,63.686988350000000,0.371986080000000,0.408561595000000,1.478053715000000,1.521153417000000,-93.539473810000004,44.065067569999997,1,0
1298,1298,44.447000000000003,69.599000000000004,41.697000000000003,53.410973960000000,0.235437690000000,0.220542588000000,0.347648205000000,0.599103435000000,53.054000000000002,-0.047342096000000,-0.072062308000000,53.101342099999997,0.420626319000000,0.446553391000000,1.565887461000000,1.599547649000000,-93.537814010000005,44.064913169999997,2,0
1299,1299,44.337000000000003,64.924000000000007,38.811000000000000,50.620118089999998,0.219252944000000,0.188420388000000,0.292221434000000,0.597791264000000,46.700000000000003,-0.019262251000000,-0.071509806000000,46.719262250000000,0.363920772000000,0.420217163000000,1.464330018000000,1.530700363000000,-93.537775409999995,44.065646569999998,3,0
1300,1300,44.316000000000003,66.602000000000004,39.875999999999998,51.606942799999999,0.225450330000000,0.200923205000000,0.313701754000000,0.598720759000000,49.012000000000000,-0.030237277000000,-0.071459077000000,49.042237280000002,0.386253311000000,0.430226337000000,1.502888347000000,1.556662355000000,-93.537775409999995,44.065607970000002,3,0
1301,1301,39.417000000000002,60.039999999999999,35.953000000000003,46.372116970000000,0.228754157000000,0.207355943000000,0.324751197000000,0.598817455000000,44.710000000000001,-0.035862935000000,-0.071677129000000,44.745862930000001,0.397615803000000,0.435615131000000,1.523200649000000,1.570579571000000,-93.537775409999995,44.065569369999999,2,0
1302,1302,36.231000000000002,57.017000000000003,34.334000000000003,43.750989349999998,0.235477982000000,0.222910947000000,0.352819364000000,0.602171282000000,43.469000000000001,-0.049329843000000,-0.070146259000000,43.518329840000000,0.424717960000000,0.446502939000000,1.573707598000000,1.602144055000000,-93.537775409999995,44.065530770000002,2,0
1303,1303,37.685000000000002,59.588000000000001,36.101999999999997,45.731985060000000,0.235221260000000,0.225170397000000,0.358061827000000,0.605860240000000,45.389000000000003,-0.051201500000000,-0.067817807000000,45.440201500000001,0.428609557000000,0.445962470000000,1.581212684000000,1.603970942000000,-93.537775409999995,44.065492169999999,2,0
1304,1304,40.713000000000001,61.133000000000003,37.902999999999999,47.719421160000003,0.217291743000000,0.200498792000000,0.319346918000000,0.620008833000000,43.649999999999999,-0.029587332000000,-0.057737801000000,43.679587329999997,0.385500553000000,0.415518449000000,1.501559698000000,1.537748894000000,-93.537775409999995,44.065453570000003,3,0
1305,1305,39.737000000000002,61.957999999999998,37.584000000000003,47.715755569999999,0.231542907000000,0.218506318000000,0.346601987000000,0.606604474000000,46.594999999999999,-0.045421061000000,-0.067062515000000,46.640421060000001,0.417098274000000,0.439834952000000,1.559201752000000,1.588394138000000,-93.537775409999995,44.065414969999999,2,0
1306,1306,35.244000000000000,56.015000000000001,32.683999999999997,42.614800310000000,0.245068294000000,0.227604949000000,0.354605207000000,0.583486566000000,44.101999999999997,-0.053842492000000,-0.082759010000000,44.155842489999998,0.432789656000000,0.462926051000000,1.589348542000000,1.629764654000000,-93.537775409999995,44.065376370000003,2,0
1307,1307,36.116000000000000,56.552000000000000,33.771999999999998,43.370658839999997,0.236163330000000,0.220529201000000,0.346984515000000,0.597184892000000,43.216000000000001,-0.047371085000000,-0.073324897000000,43.263371090000000,0.420603155000000,0.447825166000000,1.565843394000000,1.601226975000000,-93.537775409999995,44.065337769999999,2,0
1308,1308,54.356000000000002,82.495999999999995,49.244999999999997,63.731820350000000,0.228565152000000,0.205623593000000,0.321207209000000,0.596938033000000,61.390999999999998,-0.034377771000000,-0.072827611000000,61.425377769999997,0.394564577000000,0.435422470000000,1.517698138000000,1.568433906000000,-93.539473810000004,44.065028970000000,3,0
1309,1309,36.975000000000001,58.646999999999998,35.649999999999999,45.009420249999998,0.235200270000000,0.226642404000000,0.361368639000000,0.607874231000000,44.668999999999997,-0.052425498000000,-0.066556463000000,44.721425500000002,0.431138607000000,0.445875813000000,1.586125761000000,1.605518147000000,-93.537775409999995,44.065299170000003,2,0
1310,1310,36.290999999999997,57.774999999999999,34.564999999999998,44.157772180000002,0.239766960000000,0.228392831000000,0.361069562000000,0.598269148000000,44.694000000000003,-0.054167347000000,-0.072952865000000,44.748167350000003,0.434139518000000,0.453700751000000,1.591992505000000,1.618035662000000,-93.537775409999995,44.065260570000000,2,0
1311,1311,37.369000000000000,59.628000000000000,35.905000000000001,45.611071650000000,0.238830312000000,0.229481324000000,0.364352125000000,0.602149997000000,45.981999999999999,-0.055013469000000,-0.070435358000000,46.037013469999998,0.436002049000000,0.452043989000000,1.595654152000000,1.617031560000000,-93.537775409999995,44.065221970000003,2,0
1312,1312,38.357999999999997,61.591000000000001,36.600000000000001,46.919603029999998,0.243383466000000,0.232448549000000,0.366746121000000,0.594242665000000,48.223999999999997,-0.057779991000000,-0.075804290000000,48.281779989999997,0.441065312000000,0.459762495000000,1.605688513000000,1.630970599000000,-93.537775409999995,44.065183370000000,2,0
1313,1313,39.795000000000002,63.259999999999998,37.755000000000003,48.342216370000003,0.239966678000000,0.227693950000000,0.359341501000000,0.596822637000000,48.969999999999999,-0.053597046000000,-0.073879696000000,49.023597049999999,0.432942212000000,0.454076432000000,1.589646941000000,1.617748747000000,-93.537775409999995,44.065144770000003,2,0
1314,1314,39.183999999999997,62.430000000000000,36.512999999999998,47.490665489999998,0.245132307000000,0.228767689000000,0.357075928000000,0.584863047000000,49.162999999999997,-0.054822012000000,-0.081894199000000,49.217822009999999,0.434781252000000,0.462964131000000,1.593252348000000,1.631153242000000,-93.537775409999995,44.065106170000000,2,0
1315,1315,40.509000000000000,63.911000000000001,38.648000000000003,49.055284819999997,0.235120471000000,0.224114154000000,0.355804902000000,0.604715933000000,48.664999999999999,-0.050314536000000,-0.068525456000000,48.715314540000001,0.426791773000000,0.445828578000000,1.577698783000000,1.602601144000000,-93.537775409999995,44.065067569999997,2,0
1316,1316,38.981000000000002,62.079999999999998,37.722999999999999,47.597161999999997,0.236259360000000,0.228564926000000,0.364694180000000,0.607651418000000,47.456000000000003,-0.054088368000000,-0.066778591000000,47.510088369999998,0.434434175000000,0.447645397000000,1.592570740000000,1.610063115000000,-93.537775409999995,44.065028970000000,2,0
1317,1317,39.569000000000003,62.183999999999997,37.835999999999999,47.833455909999998,0.232751657000000,0.222253889000000,0.353818233000000,0.608452335000000,46.963000000000001,-0.048624175000000,-0.066005201000000,47.011624179999998,0.423584084000000,0.441783163000000,1.571533271000000,1.595145792000000,-93.537775409999995,44.064990369999997,2,0
1318,1318,40.716999999999999,64.614999999999995,38.856999999999999,49.473355669999997,0.237811536000000,0.226882619000000,0.359503573000000,0.601361913000000,49.655999999999999,-0.052786274000000,-0.070845904000000,49.708786269999997,0.431550846000000,0.450382187000000,1.586929292000000,1.611831514000000,-93.537775409999995,44.064951770000000,2,0
1319,1319,54.307000000000002,82.846999999999994,50.097999999999999,64.090262550000006,0.226913095000000,0.208087260000000,0.327834957000000,0.604705059000000,61.289000000000001,-0.036406554000000,-0.067875376000000,61.325406549999997,0.398901942000000,0.432264683000000,1.525530779000000,1.567067741000000,-93.539473810000004,44.064990369999997,3,0
1320,1320,43.545999999999999,69.210999999999999,41.183999999999997,52.859999029999997,0.240607299000000,0.227613363000000,0.358584941000000,0.595049920000000,53.692000000000000,-0.053569874000000,-0.075050831000000,53.745569869999997,0.432804081000000,0.455188926000000,1.589376751000000,1.619168441000000,-93.537775409999995,44.064913169999997,2,0
1321,1321,49.243000000000002,71.881000000000000,44.722000000000001,56.544402890000001,0.209471368000000,0.186899376000000,0.296301144000000,0.622167193000000,49.796999999999997,-0.017732113000000,-0.055896434000000,49.814732110000001,0.361182162000000,0.402304653000000,1.459720163000000,1.507289804000000,-93.537736809999998,44.065646569999998,3,0
1322,1322,52.728000000000002,77.093999999999994,47.042000000000002,60.378463560000000,0.214279527000000,0.187687757000000,0.294346460000000,0.610190157000000,54.417999999999999,-0.018515922000000,-0.063524516000000,54.436515919999998,0.362602236000000,0.411097939000000,1.462107419000000,1.518732439000000,-93.537736809999998,44.065607970000002,3,0
1323,1323,49.433000000000000,71.415000000000006,43.859000000000002,56.176316470000003,0.209798325000000,0.181897921000000,0.285521308000000,0.614142687000000,49.537999999999997,-0.013410480000000,-0.060789159000000,49.551410480000001,0.352144489000000,0.403404786000000,1.444682702000000,1.503400075000000,-93.537736809999998,44.065569369999999,3,0
1324,1324,44.241000000000000,67.188999999999993,40.652999999999999,52.039389600000000,0.225674049000000,0.205940949000000,0.324229623000000,0.605054399000000,49.484000000000002,-0.034531144000000,-0.067560477000000,49.518531140000000,0.395124027000000,0.430204213000000,1.518704369000000,1.562086611000000,-93.537736809999998,44.065530770000002,3,0
1325,1325,43.485999999999997,67.027000000000001,41.021999999999998,51.853818269999998,0.226690825000000,0.213015663000000,0.338763293000000,0.612022021000000,49.545999999999999,-0.040562246000000,-0.063326624000000,49.586562250000000,0.407538972000000,0.431567820000000,1.541346640000000,1.571578527000000,-93.537736809999998,44.065492169999999,3,0
1326,1326,48.457000000000001,71.912000000000006,44.365000000000002,56.236612680000000,0.215520229000000,0.194859141000000,0.308602179000000,0.616934587000000,51.002000000000002,-0.024719851000000,-0.059495915000000,51.026719849999999,0.375461960000000,0.412715074000000,1.484037394000000,1.528284064000000,-93.537736809999998,44.065453570000003,3,0
1327,1327,52.302000000000000,75.447000000000003,46.316000000000003,59.365873669999999,0.209512969000000,0.181175587000000,0.284221384000000,0.613887895000000,52.276000000000003,-0.012777985000000,-0.060923218000000,52.288777990000000,0.350835152000000,0.402953008000000,1.442526098000000,1.502110334000000,-93.537736809999998,44.065414969999999,3,0
1328,1328,47.692999999999998,69.530000000000001,42.021000000000001,54.389973310000002,0.215697588000000,0.186285968000000,0.290377915000000,0.604357831000000,49.345999999999997,-0.017330637000000,-0.067196252000000,49.363330640000001,0.360076398000000,0.413877542000000,1.457865934000000,1.520647940000000,-93.537736809999998,44.065376370000003,3,0
1329,1329,48.265000000000001,72.870000000000005,44.603999999999999,56.654108239999999,0.221580075000000,0.203120485000000,0.321503704000000,0.612103746000000,52.871000000000002,-0.031971956000000,-0.062896482000000,52.902971960000002,0.390144419000000,0.423058923000000,1.509789703000000,1.549974455000000,-93.537736809999998,44.065337769999999,3,0
1330,1330,56.552000000000000,85.713999999999999,51.433999999999997,66.308558660000003,0.227053763000000,0.204982216000000,0.321054254000000,0.600065334000000,63.442000000000000,-0.033769747000000,-0.070760971000000,63.475769749999998,0.393433268000000,0.432758743000000,1.515666997000000,1.564309265000000,-93.539473810000004,44.064951770000000,3,0
1331,1331,46.537999999999997,70.021000000000001,42.616000000000000,54.420735450000002,0.222028308000000,0.201468784000000,0.317582462000000,0.608617415000000,50.887999999999998,-0.030581436000000,-0.065076802000000,50.918581439999997,0.387220419000000,0.423989341000000,1.504598393000000,1.549361853000000,-93.537736809999998,44.065299170000003,3,0
1332,1332,41.066000000000003,65.081000000000003,39.064999999999998,49.826455959999997,0.237910915000000,0.226242852000000,0.357994693000000,0.600251994000000,50.030999999999999,-0.052258766000000,-0.071550561000000,50.083258770000000,0.430452630000000,0.450580902000000,1.584790338000000,1.611373094000000,-93.537736809999998,44.065260570000000,2,0
1333,1333,40.146999999999998,63.283000000000001,38.277000000000001,48.585486269999997,0.234850481000000,0.223687518000000,0.355102605000000,0.604854384000000,48.142000000000003,-0.049942487000000,-0.068417227000000,48.191942490000002,0.426056813000000,0.445376875000000,1.576282163000000,1.601519108000000,-93.537736809999998,44.065221970000003,2,0
1334,1334,40.738000000000000,64.480999999999995,38.819000000000003,49.410858339999997,0.236932845000000,0.225653162000000,0.357575301000000,0.602022301000000,49.405000000000001,-0.051707188000000,-0.070359211000000,49.456707190000003,0.429439541000000,0.448910553000000,1.582821935000000,1.608459741000000,-93.537736809999998,44.065183370000000,2,0
1335,1335,44.883000000000003,70.009000000000000,42.533000000000001,53.928347090000003,0.231284680000000,0.218692337000000,0.347240841000000,0.607536174000000,52.601999999999997,-0.045563284000000,-0.066462125000000,52.647563280000000,0.417420958000000,0.439373476000000,1.559811064000000,1.587996345000000,-93.537736809999998,44.065144770000003,2,0
1336,1336,45.756999999999998,70.841999999999999,42.978999999999999,54.648837909999997,0.229789081000000,0.215139066000000,0.340736213000000,0.606688123000000,52.948000000000000,-0.042500846000000,-0.066872627000000,52.990500849999997,0.411243789000000,0.436924928000000,1.548222130000000,1.580852253000000,-93.537736809999998,44.065106170000000,3,0
1337,1337,48.122999999999998,72.555000000000007,44.686999999999998,56.500675880000003,0.219821789000000,0.202456123000000,0.321511758000000,0.615905175000000,52.299999999999997,-0.031341578000000,-0.060431167000000,52.331341580000000,0.388968997000000,0.419943532000000,1.507699021000000,1.545353216000000,-93.537736809999998,44.065067569999997,3,0
1338,1338,47.240000000000002,71.679000000000002,44.253999999999998,55.761136880000002,0.220836953000000,0.205509633000000,0.327315342000000,0.617391426000000,51.863999999999997,-0.033970081000000,-0.059589515000000,51.897970080000000,0.394363629000000,0.421573801000000,1.517337003000000,1.550690224000000,-93.537736809999998,44.065028970000000,3,0
1339,1339,46.381999999999998,70.697000000000003,43.109999999999999,54.796069910000000,0.224794920000000,0.207680284000000,0.328718788000000,0.609785422000000,51.902000000000001,-0.035971259000000,-0.064567480000000,51.937971259999998,0.398186353000000,0.428509837000000,1.524233539000000,1.561821532000000,-93.537736809999998,44.064990369999997,3,0
1340,1340,47.659999999999997,72.456000000000003,44.261000000000003,56.215014770000003,0.223748380000000,0.206433781000000,0.326886824000000,0.610867285000000,52.991000000000000,-0.034871059000000,-0.063820364000000,53.025871060000000,0.395992383000000,0.426721404000000,1.520268569000000,1.558190472000000,-93.537736809999998,44.064951770000000,3,0
