OID_,SOURCE_ID,Red,Green,Blue,BI,GLI,NGRDI,VARI,BGI,ExG,ExR,ExB,ExGR,MGRVI,RGBVI,GRRI,VEG,X,Y,CLUSTER_ID,IS_SEED
1,1,21.463999999999999,37.984000000000002,20.204000000000001,27.759017560000000,0.291577408000000,0.277889921000000,0.420956070000000,0.531908172000000,34.299999999999997,-0.099613318000000,-0.121759654000000,34.399613320000000,0.515937684000000,0.537786465000000,1.769660827000000,1.805672760000000,-93.529936169999999,44.077728450000002,1,0
2,2,22.074000000000002,38.798000000000002,20.385000000000002,28.331928430000001,0.292674191000000,0.274740439000000,0.413070862000000,0.525413681000000,35.137000000000000,-0.097153476000000,-0.126253738000000,35.234153480000003,0.510915776000000,0.539725937000000,1.757633415000000,1.804846277000000,-93.529936169999999,44.077689450000001,1,0
3,3,25.568999999999999,40.439000000000000,22.039000000000001,30.412738579999999,0.258938717000000,0.225275724000000,0.338192818000000,0.544993694000000,33.270000000000003,-0.052726385000000,-0.108855498000000,33.322726379999999,0.428790685000000,0.487440388000000,1.581563612000000,1.661775850000000,-93.529936169999999,44.077650450000000,1,0
4,4,21.765000000000001,37.475000000000001,20.306000000000001,27.631048270000001,0.280966664000000,0.265192438000000,0.403503365000000,0.541854570000000,32.878999999999998,-0.088049682000000,-0.113727906000000,32.967049680000002,0.495535346000000,0.521257065000000,1.721801057000000,1.762047812000000,-93.529936169999999,44.077611449999999,1,0
5,5,23.062000000000001,39.829000000000001,21.445000000000000,29.314917189999999,0.283099102000000,0.266604125000000,0.404550499000000,0.538426774000000,35.151000000000003,-0.089430374000000,-0.116273003000000,35.240430369999999,0.497824032000000,0.524665959000000,1.727040153000000,1.769357333000000,-93.529936169999999,44.077572449999998,1,0
6,6,23.315999999999999,39.088999999999999,20.538000000000000,28.829355530000001,0.281270486000000,0.252752183000000,0.376740631000000,0.525416358000000,34.323999999999998,-0.077723256000000,-0.124613289000000,34.401723259999997,0.475150040000000,0.522761925000000,1.676488248000000,1.748829406000000,-93.529936169999999,44.077533449999997,1,0
7,7,22.780000000000001,39.110999999999997,20.515999999999998,28.690910160000001,0.287414210000000,0.263867121000000,0.394706949000000,0.524558308000000,34.926000000000002,-0.087601781000000,-0.126064533000000,35.013601780000002,0.493382091000000,0.531949248000000,1.716900790000000,1.777803362000000,-93.529936169999999,44.077494450000003,1,0
8,8,23.771000000000001,39.581000000000003,21.427000000000000,29.387255350000000,0.273110325000000,0.249558025000000,0.377101968000000,0.541345595000000,33.963999999999999,-0.074329728000000,-0.113037427000000,34.038329730000001,0.469853920000000,0.509304424000000,1.665096126000000,1.723665447000000,-93.529936169999999,44.077455450000002,1,0
9,9,25.594999999999999,40.948000000000000,21.971000000000000,30.629874139999998,0.265174337000000,0.230722991000000,0.344453917000000,0.536558562000000,34.329999999999998,-0.057787469000000,-0.115107215000000,34.387787469999999,0.438123320000000,0.497698943000000,1.599843719000000,1.683283355000000,-93.529936169999999,44.077416450000001,1,0
10,10,25.611999999999998,41.389000000000003,21.959000000000000,30.828674670000002,0.270097968000000,0.235474097000000,0.350273078000000,0.530551596000000,35.207000000000001,-0.062187500000000,-0.119676259000000,35.269187500000001,0.446206892000000,0.505670845000000,1.616000312000000,1.700967993000000,-93.529936169999999,44.077377450000000,1,0
11,11,21.998000000000001,39.085000000000001,20.106999999999999,28.377459819999999,0.299854500000000,0.279734132000000,0.417000195000000,0.514442881000000,36.064999999999998,-0.102079074000000,-0.134686538000000,36.167079070000000,0.518866357000000,0.550939304000000,1.776752432000000,1.830736667000000,-93.529936169999999,44.077338449999999,1,0
12,12,22.346000000000000,39.496000000000002,20.657000000000000,28.786509460000001,0.295003894000000,0.277319621000000,0.416413743000000,0.523014989000000,35.988999999999997,-0.099535752000000,-0.128197918000000,36.088535749999998,0.515030238000000,0.543316099000000,1.767475163000000,1.814343266000000,-93.529936169999999,44.077299449999998,1,0
13,13,23.489999999999998,39.154000000000003,21.052000000000000,29.028735879999999,0.274855515000000,0.250047890000000,0.376610887000000,0.537671758000000,33.765999999999998,-0.074890078000000,-0.115671000000000,33.840890080000001,0.470667772000000,0.512207182000000,1.666836952000000,1.728782967000000,-93.529936169999999,44.077260449999997,1,0
14,14,22.062000000000001,38.781999999999996,20.646000000000001,28.384459860000000,0.289809765000000,0.274801131000000,0.415941092000000,0.532360373000000,34.856000000000002,-0.096885507000000,-0.121212419000000,34.952885510000002,0.511012792000000,0.535102034000000,1.757864201000000,1.797126733000000,-93.529936169999999,44.077221450000003,1,0
15,15,22.722000000000001,39.198000000000000,21.518000000000001,28.958572780000001,0.278515281000000,0.266085271000000,0.407801594000000,0.548956579000000,34.155999999999999,-0.088535200000000,-0.108737026000000,34.244535200000001,0.496983434000000,0.517203193000000,1.725112226000000,1.756673388000000,-93.529936169999999,44.077182450000002,1,0
16,16,29.146000000000001,41.828000000000003,23.849000000000000,32.495362239999999,0.224374501000000,0.178685152000000,0.269114058000000,0.570168308000000,30.661000000000001,-0.010794849000000,-0.089001614000000,30.671794850000001,0.346313087000000,0.431335256000000,1.435119742000000,1.534247290000000,-93.529897169999998,44.077923450000000,2,0
17,17,23.446000000000002,37.631999999999998,20.024000000000001,28.088211739999998,0.267775027000000,0.232260388000000,0.345544892000000,0.532100340000000,31.794000000000000,-0.059278439000000,-0.118349732000000,31.853278440000000,0.440744845000000,0.502046857000000,1.605049902000000,1.691628557000000,-93.529897169999998,44.077884449999999,1,0
18,18,21.956000000000000,37.655999999999999,20.408000000000001,27.788047410000001,0.279989123000000,0.263369791000000,0.400469340000000,0.541958785000000,32.948000000000000,-0.086448388000000,-0.113531617000000,33.034448390000001,0.492572928000000,0.519758339000000,1.715066497000000,1.757335320000000,-93.529897169999998,44.077845449999998,1,0
19,19,21.873000000000001,38.052999999999997,20.048999999999999,27.859297309999999,0.289626190000000,0.269999666000000,0.405747674000000,0.526870418000000,34.183999999999997,-0.092914036000000,-0.124844014000000,34.276914040000001,0.503308252000000,0.535099678000000,1.739724775000000,1.790907500000000,-93.529897169999998,44.077806449999997,1,0
20,20,21.541000000000000,37.837000000000003,19.850999999999999,27.626771139999999,0.292843353000000,0.274445081000000,0.412275154000000,0.524645189000000,34.281999999999996,-0.096929155000000,-0.126791957000000,34.378929149999998,0.510443504000000,0.540018147000000,1.756510840000000,1.804956876000000,-93.529897169999998,44.077767450000003,1,0
21,21,21.712000000000000,37.865000000000002,20.238000000000000,27.777363760000000,0.287049626000000,0.271128120000000,0.410610336000000,0.534477750000000,33.780000000000001,-0.093568878000000,-0.119423667000000,33.873568880000001,0.505124320000000,0.530839732000000,1.743966470000000,1.785275999000000,-93.529897169999998,44.077728450000002,1,0
22,22,20.919000000000000,36.840000000000003,18.620000000000001,26.717625649999999,0.301548327000000,0.275645354000000,0.406780960000000,0.505428882000000,34.140999999999998,-0.098893675000000,-0.141033530000000,34.239893670000001,0.512361311000000,0.554001987000000,1.761078445000000,1.830693315000000,-93.529897169999998,44.077689450000001,1,0
23,23,21.727000000000000,37.164000000000001,19.486000000000001,27.282043059999999,0.286608217000000,0.262128339000000,0.391752316000000,0.524324615000000,33.115000000000002,-0.086073721000000,-0.126103321000000,33.201073719999997,0.490550343000000,0.530768568000000,1.710498458000000,1.773641942000000,-93.529897169999998,44.077650450000000,1,0
24,24,21.222000000000001,37.338000000000001,19.949999999999999,27.340458590000001,0.289206547000000,0.275204918000000,0.417404817000000,0.534308211000000,33.503999999999998,-0.097149408000000,-0.119831869000000,33.601149409999998,0.511658011000000,0.534109819000000,1.759400622000000,1.795988687000000,-93.529897169999998,44.077611449999999,1,0
25,25,20.344999999999999,36.847999999999999,18.550000000000001,26.556836090000001,0.309092201000000,0.288549298000000,0.427063116000000,0.503419453000000,34.801000000000002,-0.110439249000000,-0.143617232000000,34.911439250000001,0.532742116000000,0.565000900000000,1.811157533000000,1.867730089000000,-93.529897169999998,44.077572449999998,1,0
26,26,20.907000000000000,37.145000000000003,19.341000000000001,27.024235760000000,0.297211406000000,0.279714739000000,0.419467335000000,0.520689191000000,34.042000000000002,-0.101755973000000,-0.130084116000000,34.143755970000001,0.518835605000000,0.546707842000000,1.776677668000000,1.823342706000000,-93.529897169999998,44.077533449999997,1,0
27,27,20.756000000000000,37.061999999999998,19.675000000000001,27.027819030000000,0.294120728000000,0.282022899000000,0.427496526000000,0.530867196000000,33.692999999999998,-0.103281587000000,-0.122811093000000,33.796281590000000,0.522488662000000,0.541658744000000,1.785604163000000,1.817692521000000,-93.529897169999998,44.077494450000003,1,0
28,28,21.454999999999998,36.481999999999999,19.099000000000000,26.808115380000000,0.285505382000000,0.259367934000000,0.386914877000000,0.523518447000000,32.409999999999997,-0.083662184000000,-0.126478530000000,32.493662180000001,0.486039174000000,0.529191956000000,1.700396178000000,1.767553540000000,-93.529897169999998,44.077455450000002,1,0
29,29,22.722000000000001,37.840000000000003,19.344000000000001,27.822923520000000,0.285478912000000,0.249628480000000,0.366781503000000,0.511205074000000,33.613999999999997,-0.075453658000000,-0.134638200000000,33.689453659999998,0.469971009000000,0.530261435000000,1.665346360000000,1.757038844000000,-93.529897169999998,44.077416450000001,1,0
30,30,25.870999999999999,41.994000000000000,20.864000000000001,30.919848930000001,0.284976630000000,0.237574597000000,0.343035255000000,0.496832881000000,37.253000000000000,-0.065081315000000,-0.144083671000000,37.318081319999997,0.449763767000000,0.531298652000000,1.623207452000000,1.743738822000000,-93.529897169999998,44.077377450000000,1,0
31,31,22.449999999999999,37.985999999999997,19.138999999999999,27.768327379999999,0.292469441000000,0.257065325000000,0.376201661000000,0.503843521000000,34.383000000000003,-0.082387685000000,-0.140639648000000,34.465387679999999,0.482261562000000,0.541099004000000,1.692026726000000,1.784362772000000,-93.529897169999998,44.077338449999999,1,0
32,32,21.962000000000000,37.936999999999998,19.082999999999998,27.602574170000000,0.297889992000000,0.266698943000000,0.391390631000000,0.503018162000000,34.829000000000001,-0.091035932000000,-0.142067813000000,34.920035929999997,0.497977575000000,0.548945753000000,1.727392769000000,1.810141400000000,-93.529897169999998,44.077299449999998,1,0
33,33,21.635000000000002,36.468000000000004,19.831000000000000,27.026263830000001,0.275082603000000,0.255288023000000,0.387567935000000,0.543791817000000,31.469999999999999,-0.079285036000000,-0.111691944000000,31.549285040000001,0.479336725000000,0.512161732000000,1.685602034000000,1.735188008000000,-93.529897169999998,44.077260449999997,1,0
34,34,21.282000000000000,36.435000000000002,19.343000000000000,26.799156690000000,0.284109432000000,0.262539633000000,0.394876739000000,0.530890627000000,32.244999999999997,-0.086169219000000,-0.121396315000000,32.331169220000000,0.491220857000000,0.526603555000000,1.712010149000000,1.767347871000000,-93.529897169999998,44.077221450000003,1,0
35,35,25.613000000000000,38.725000000000001,22.544000000000000,29.798676310000001,0.233211525000000,0.203798688000000,0.313729243000000,0.582156230000000,29.292999999999999,-0.032996478000000,-0.082449759000000,29.325996480000001,0.391343358000000,0.443999100000000,1.511927537000000,1.577571282000000,-93.529858169999997,44.077962450000001,2,0
36,36,25.318000000000001,38.695000000000000,21.927000000000000,29.547123259999999,0.241866249000000,0.208973177000000,0.317849166000000,0.566662359000000,30.145000000000000,-0.037814754000000,-0.093055620000000,30.182814749999999,0.400458420000000,0.459039132000000,1.528359270000000,1.603324264000000,-93.529858169999997,44.077923450000000,2,0
37,37,22.695000000000000,37.552000000000000,21.050999999999998,28.097214160000000,0.263845183000000,0.246601491000000,0.379043780000000,0.560582659000000,31.358000000000001,-0.071084160000000,-0.099394819000000,31.429084159999999,0.464929548000000,0.493880881000000,1.654637585000000,1.696593575000000,-93.529858169999997,44.077884449999999,1,0
38,38,21.933000000000000,36.994000000000000,20.548999999999999,27.518926369999999,0.270507427000000,0.255587422000000,0.392438376000000,0.555468454000000,31.506000000000000,-0.079115708000000,-0.103495395000000,31.585115710000000,0.479829983000000,0.504521731000000,1.686682168000000,1.723691738000000,-93.529858169999997,44.077845449999998,1,0
39,39,43.040999999999997,64.245999999999995,36.765999999999998,49.436204519999997,0.233726518000000,0.197647432000000,0.300690574000000,0.572269091000000,48.685000000000002,-0.027688420000000,-0.088672919000000,48.712688419999999,0.380433419000000,0.445727814000000,1.492669780000000,1.573087639000000,-93.531067170000000,44.077533449999997,2,0
40,40,21.824999999999999,37.390999999999998,19.928999999999998,27.517161600000001,0.283414567000000,0.262868144000000,0.396212488000000,0.532989222000000,33.027999999999999,-0.086373113000000,-0.119911555000000,33.114373110000002,0.491756107000000,0.525431999000000,1.713218786000000,1.765858581000000,-93.529858169999997,44.077806449999997,1,0
41,41,22.486999999999998,38.005000000000003,20.806999999999999,28.183780460000001,0.274223832000000,0.256529789000000,0.391029356000000,0.547480595000000,32.716000000000001,-0.080237149000000,-0.109167394000000,32.796237150000003,0.481381077000000,0.510646787000000,1.690087606000000,1.734357651000000,-93.529858169999997,44.077767450000003,1,0
42,42,22.454000000000001,37.591000000000001,20.437999999999999,27.898490049999999,0.273472568000000,0.252094263000000,0.382179918000000,0.543693969000000,32.289999999999999,-0.076480747000000,-0.111549023000000,32.366480750000001,0.474061216000000,0.509705866000000,1.674133785000000,1.727408226000000,-93.529858169999997,44.077728450000002,1,0
43,43,21.126000000000001,36.716999999999999,19.609999999999999,26.950560070000002,0.286397477000000,0.269539962000000,0.407789083000000,0.534085029000000,32.698000000000000,-0.092192685000000,-0.119595109000000,32.790192679999997,0.502567495000000,0.529872440000000,1.738000568000000,1.781636199000000,-93.529858169999997,44.077689450000001,1,0
44,44,21.984000000000002,37.677000000000000,20.696000000000002,27.875778019999998,0.276818544000000,0.263036154000000,0.402746054000000,0.549300634000000,32.673999999999999,-0.085859353000000,-0.108299215000000,32.759859349999999,0.492029745000000,0.514567259000000,1.713837336000000,1.748642218000000,-93.529858169999997,44.077650450000000,1,0
45,45,20.265000000000001,36.966999999999999,19.163000000000000,26.736054830000000,0.304387714000000,0.291829746000000,0.438729675000000,0.518381259000000,34.506000000000000,-0.112520453000000,-0.132715492000000,34.618520449999998,0.537853420000000,0.557423447000000,1.824179620000000,1.858462809000000,-93.529858169999997,44.077611449999999,1,0
46,46,21.108000000000001,36.948999999999998,19.260999999999999,26.967649670000000,0.293426799000000,0.272852541000000,0.408315290000000,0.521286097000000,33.529000000000003,-0.095680178000000,-0.129123878000000,33.624680179999999,0.507893192000000,0.541072885000000,1.750473754000000,1.804672632000000,-93.529858169999997,44.077572449999998,1,0
47,47,21.623999999999999,36.432000000000002,19.776000000000000,26.993691710000000,0.275362319000000,0.255064076000000,0.386833856000000,0.542819499000000,31.463999999999999,-0.079124268000000,-0.112365094000000,31.543124270000000,0.478967628000000,0.512644958000000,1.684794673000000,1.735667672000000,-93.529858169999997,44.077533449999997,1,0
48,48,21.352000000000000,37.353000000000002,19.680000000000000,27.315788550000001,0.290950250000000,0.272566221000000,0.410019218000000,0.526865312000000,33.673999999999999,-0.095173822000000,-0.125036678000000,33.769173819999999,0.507433982000000,0.537077373000000,1.749391158000000,1.797544338000000,-93.529858169999997,44.077494450000003,1,0
49,49,21.680000000000000,37.292000000000002,19.969999999999999,27.443982729999998,0.283342223000000,0.264735807000000,0.400287165000000,0.535503593000000,32.933999999999997,-0.087912645000000,-0.118238707000000,33.021912639999996,0.494793956000000,0.525181593000000,1.720110701000000,1.767820809000000,-93.529858169999997,44.077455450000002,1,0
50,50,41.835999999999999,61.853000000000002,35.283999999999999,47.682998929999997,0.231971956000000,0.193048443000000,0.292624808000000,0.570449291000000,46.585999999999999,-0.023620415000000,-0.089624603000000,46.609620419999999,0.372224919000000,0.443168800000000,1.478463524000000,1.564744393000000,-93.531067170000000,44.077494450000003,2,0
51,51,22.824000000000002,38.317000000000000,20.641999999999999,28.373812040000001,0.276169858000000,0.253397884000000,0.382552656000000,0.538716497000000,33.167999999999999,-0.077808346000000,-0.115160852000000,33.245808349999997,0.476217603000000,0.514126939000000,1.678803014000000,1.735928588000000,-93.529858169999997,44.077416450000001,1,0
52,52,24.280999999999999,40.942000000000000,20.288000000000000,29.874276949999999,0.295089875000000,0.255446698000000,0.370780016000000,0.495530262000000,37.314999999999998,-0.081259721000000,-0.146633766000000,37.396259720000003,0.479598170000000,0.545740286000000,1.686174375000000,1.790134188000000,-93.529858169999997,44.077377450000000,1,0
53,53,21.007999999999999,36.164999999999999,18.411000000000001,26.383127250000001,0.294508228000000,0.265107656000000,0.391027295000000,0.509083368000000,32.911000000000001,-0.089354890000000,-0.137457663000000,33.000354889999997,0.495397734000000,0.543539748000000,1.721487053000000,1.798817491000000,-93.529858169999997,44.077338449999999,1,0
54,54,20.632999999999999,36.241000000000000,17.719999999999999,26.160588489999999,0.307926197000000,0.274431199000000,0.398631047000000,0.488948980000000,34.128999999999998,-0.098597742000000,-0.153269700000000,34.227597740000000,0.510421302000000,0.564489678000000,1.756458101000000,1.847773135000000,-93.529858169999997,44.077299449999998,1,0
55,55,20.353000000000002,36.268000000000001,18.875000000000000,26.368403180000001,0.298020830000000,0.281079458000000,0.421634080000000,0.520431234000000,33.308000000000000,-0.102969694000000,-0.130377768000000,33.410969690000002,0.520997189000000,0.547918875000000,1.781948607000000,1.827250480000000,-93.529858169999997,44.077260449999997,1,0
56,56,20.228000000000002,35.491999999999997,18.670999999999999,25.932349739999999,0.291992392000000,0.273941134000000,0.411994926000000,0.526062211000000,32.085000000000001,-0.096420266000000,-0.125722198000000,32.181420269999997,0.509637185000000,0.538675421000000,1.754597588000000,1.802026008000000,-93.529858169999997,44.077221450000003,1,0
57,57,41.625000000000000,63.817000000000000,35.551000000000002,48.542502730000002,0.246364924000000,0.210466418000000,0.317523000000000,0.557077268000000,50.457999999999998,-0.039306916000000,-0.099619130000000,50.497306920000000,0.403078045000000,0.466967408000000,1.533141141000000,1.615821734000000,-93.531067170000000,44.077455450000002,2,0
58,58,22.831000000000000,36.520000000000003,21.061000000000000,27.679900539999998,0.249273082000000,0.230644808000000,0.357508488000000,0.576697700000000,29.148000000000000,-0.056665672000000,-0.087481968000000,29.204665670000001,0.437989858000000,0.470014486000000,1.599579519000000,1.643145928000000,-93.529819169999996,44.077884449999999,1,0
59,59,42.649999999999999,65.234999999999999,36.945000000000000,49.798128310000003,0.242186942000000,0.209343282000000,0.318367635000000,0.566337089000000,50.875000000000000,-0.038148174000000,-0.093295588000000,50.913148169999999,0.401108156000000,0.459571043000000,1.529542790000000,1.604459029000000,-93.531067170000000,44.077416450000001,2,0
60,60,19.989000000000001,34.786000000000001,19.260999999999999,25.694435439999999,0.278638511000000,0.270141488000000,0.416652588000000,0.553699764000000,30.321999999999999,-0.091866119000000,-0.105632395000000,30.413866120000002,0.503536671000000,0.517253561000000,1.740257141000000,1.761890036000000,-93.529819169999996,44.077845449999998,1,0
61,61,21.039999999999999,35.341000000000001,18.443999999999999,26.024661490000000,0.283190821000000,0.253649279000000,0.376967077000000,0.521886760000000,31.198000000000000,-0.078650184000000,-0.127222185000000,31.276650180000001,0.476632967000000,0.525900584000000,1.679705323000000,1.755001838000000,-93.529819169999996,44.077806449999997,1,0
62,62,21.651000000000000,36.353000000000002,19.111000000000001,26.805078689999998,0.281524306000000,0.253465278000000,0.378011467000000,0.525706269000000,31.943999999999999,-0.078345328000000,-0.124458277000000,32.022345330000000,0.476328970000000,0.523115090000000,1.679044848000000,1.750286249000000,-93.529819169999996,44.077767450000003,1,0
63,63,20.986000000000001,36.499000000000002,19.073000000000000,26.685629880000000,0.291348612000000,0.269861703000000,0.403858169000000,0.522562262000000,32.939000000000000,-0.092983098000000,-0.127965725000000,33.031983099999998,0.503085998000000,0.537917285000000,1.739207090000000,1.795454265000000,-93.529819169999996,44.077728450000002,1,0
64,64,20.160000000000000,36.795999999999999,17.890000000000001,26.333902840000000,0.318356891000000,0.292085118000000,0.425843444000000,0.486194152000000,35.542000000000002,-0.114528499000000,-0.156989017000000,35.656528500000000,0.538250119000000,0.579306294000000,1.825198413000000,1.899267710000000,-93.529819169999996,44.077689450000001,1,0
65,65,19.680000000000000,36.084000000000003,18.451000000000001,26.011515760000002,0.308588473000000,0.294168281000000,0.439632300000000,0.511334664000000,34.036999999999999,-0.114963282000000,-0.138147275000000,34.151963279999997,0.541479633000000,0.563869732000000,1.833536585000000,1.873334394000000,-93.529819169999996,44.077650450000000,1,0
66,66,19.873999999999999,35.966000000000001,18.356999999999999,25.984023820000001,0.305919410000000,0.288180516000000,0.429314623000000,0.510398710000000,33.701000000000001,-0.109740286000000,-0.138364085000000,33.810740289999998,0.532165727000000,0.560020044000000,1.809701117000000,1.858189004000000,-93.529819169999996,44.077611449999999,1,0
67,67,20.241000000000000,35.338999999999999,18.957000000000001,25.935245330000001,0.286504787000000,0.271644476000000,0.412254594000000,0.536432836000000,31.480000000000000,-0.093934556000000,-0.118051438000000,31.573934560000001,0.505954225000000,0.529928271000000,1.745911763000000,1.784433037000000,-93.529819169999996,44.077572449999998,1,0
68,68,20.257999999999999,35.250999999999998,19.391999999999999,26.006853130000000,0.280085700000000,0.270100344000000,0.415123072000000,0.550112054000000,30.852000000000000,-0.091985421000000,-0.108172121000000,30.943985420000001,0.503470409000000,0.519597838000000,1.740102675000000,1.765603597000000,-93.529819169999996,44.077533449999997,1,0
69,69,21.843000000000000,37.938000000000002,18.498000000000001,27.438321720000001,0.305764217000000,0.269232699000000,0.389869922000000,0.487585007000000,35.534999999999997,-0.093994558000000,-0.153819032000000,35.628994560000002,0.502072078000000,0.561609891000000,1.736849334000000,1.835695264000000,-93.529819169999996,44.077494450000003,1,0
70,70,40.601999999999997,62.326000000000001,35.512000000000000,47.589056249999999,0.241764044000000,0.211060159000000,0.322238044000000,0.569778263000000,48.537999999999997,-0.039607050000000,-0.091080613000000,48.577607049999997,0.404118305000000,0.458598176000000,1.535047535000000,1.605067136000000,-93.531067170000000,44.077377450000000,2,0
71,71,21.193999999999999,36.737000000000002,19.980000000000000,27.067774230000001,0.281731910000000,0.268301945000000,0.409554425000000,0.543865857000000,32.299999999999997,-0.090685526000000,-0.112500160000000,32.390685529999999,0.500569899000000,0.522345172000000,1.733367934000000,1.767752124000000,-93.529819169999996,44.077455450000002,1,0
72,72,20.992000000000001,36.524999999999999,18.533999999999999,26.572221370000001,0.297789937000000,0.270059287000000,0.398455737000000,0.507433265000000,33.524000000000001,-0.093834401000000,-0.139082984000000,33.617834400000000,0.503404283000000,0.548422737000000,1.739948552000000,1.813621261000000,-93.529819169999996,44.077416450000001,1,0
73,73,21.472999999999999,37.087000000000003,18.430000000000000,26.933252050000000,0.300419892000000,0.266632514000000,0.389085472000000,0.496939628000000,34.271000000000001,-0.091243019000000,-0.146577478000000,34.362243020000001,0.497870006000000,0.553128994000000,1.727145718000000,1.817311273000000,-93.529819169999996,44.077377450000000,1,0
74,74,20.353999999999999,35.953000000000003,18.533999999999999,26.143276260000000,0.298012528000000,0.277034827000000,0.412966934000000,0.515506356000000,33.018000000000001,-0.099643244000000,-0.133688753000000,33.117643240000000,0.514576764000000,0.548176246000000,1.766384986000000,1.822350911000000,-93.529819169999996,44.077338449999999,1,0
75,75,21.405000000000001,36.878000000000000,18.434000000000001,26.820224119999999,0.298578282000000,0.265480500000000,0.388290798000000,0.499864418000000,33.917000000000002,-0.090084336000000,-0.144301784000000,34.007084339999999,0.496002777000000,0.550225386000000,1.722868489000000,1.810766198000000,-93.529819169999996,44.077299449999998,1,0
76,76,19.896000000000001,35.539999999999999,18.077000000000002,25.727549079999999,0.303586330000000,0.282199293000000,0.418747825000000,0.508638154000000,33.106999999999999,-0.104547495000000,-0.139188987000000,33.211547500000002,0.522767262000000,0.556728222000000,1.786288701000000,1.844240590000000,-93.529819169999996,44.077260449999997,1,0
77,77,40.325000000000003,62.222999999999999,34.832000000000001,47.297200689999997,0.246935166000000,0.213539026000000,0.323379999000000,0.559793003000000,49.289000000000001,-0.041985733000000,-0.097963313000000,49.330985730000002,0.408453036000000,0.467581512000000,1.543037818000000,1.620145528000000,-93.531067170000000,44.077338449999999,2,0
78,78,38.616999999999997,60.210000000000001,32.267000000000003,45.305172910000003,0.258938653000000,0.218492922000000,0.324414063000000,0.535907657000000,49.536000000000001,-0.046883915000000,-0.114697850000000,49.582883920000000,0.417075033000000,0.488409650000000,1.559157884000000,1.655277212000000,-93.531067170000000,44.077299449999998,2,0
79,79,20.634000000000000,33.908000000000001,19.907000000000000,25.637232489999999,0.251714241000000,0.243372080000000,0.383253934000000,0.587088593000000,27.274999999999999,-0.067434082000000,-0.081105186000000,27.342434080000000,0.459526424000000,0.473556573000000,1.643307163000000,1.663053009000000,-93.529780169999995,44.077845449999998,1,0
80,80,19.949000000000002,33.329000000000001,18.974000000000000,24.958615869999999,0.262689310000000,0.251135553000000,0.390041978000000,0.569294008000000,27.734999999999999,-0.074743952000000,-0.093636162000000,27.809743950000001,0.472472695000000,0.491702759000000,1.670710311000000,1.698822393000000,-93.529780169999995,44.077806449999997,1,0
81,81,19.963999999999999,33.433999999999997,18.771000000000001,24.958259110000000,0.266403417000000,0.252256639000000,0.389002801000000,0.561434468000000,28.132999999999999,-0.075993848000000,-0.099136748000000,28.208993849999999,0.474330039000000,0.497855930000000,1.674714486000000,1.709432306000000,-93.529780169999995,44.077767450000003,1,0
82,82,18.963999999999999,33.387000000000000,17.298999999999999,24.314470770000000,0.296116929000000,0.275505721000000,0.411474381000000,0.518135801000000,30.510999999999999,-0.098167983000000,-0.131635319000000,30.609167979999999,0.512138395000000,0.545232043000000,1.760546298000000,1.815252862000000,-93.529780169999995,44.077728450000002,1,0
83,83,18.616000000000000,33.027999999999999,17.654000000000000,24.145862009999998,0.291089264000000,0.279064364000000,0.424007061000000,0.534516168000000,29.786000000000001,-0.100516609000000,-0.119951514000000,29.886516610000001,0.517803765000000,0.536952629000000,1.774172755000000,1.805798580000000,-93.529780169999995,44.077689450000001,1,0
84,84,19.007000000000001,33.191000000000003,17.923999999999999,24.387006830000001,0.285065771000000,0.271734549000000,0.413841396000000,0.540025911000000,29.451000000000001,-0.093853569000000,-0.115475885000000,29.544853570000001,0.506098923000000,0.527593689000000,1.746251381000000,1.780701603000000,-93.529780169999995,44.077650450000000,1,0
85,85,19.408000000000001,34.006000000000000,19.062000000000001,25.142516080000000,0.277436562000000,0.273299135000000,0.424953423000000,0.560548139000000,29.542000000000002,-0.094304321000000,-0.100987913000000,29.636304320000001,0.508609032000000,0.515246091000000,1.752164056000000,1.762691332000000,-93.529780169999995,44.077611449999999,1,0
86,86,20.096000000000000,33.738999999999997,19.216000000000001,25.241658640000001,0.263751288000000,0.253422495000000,0.394089951000000,0.569548594000000,28.166000000000000,-0.076721742000000,-0.093586672000000,28.242721740000000,0.476258273000000,0.493383310000000,1.678891322000000,1.704112698000000,-93.529780169999995,44.077572449999998,1,0
87,87,19.728000000000002,33.697000000000003,19.183000000000000,25.117519000000001,0.267936598000000,0.261469350000000,0.407949302000000,0.569279164000000,28.483000000000001,-0.083707030000000,-0.094215513000000,28.566707030000000,0.489475134000000,0.500053218000000,1.708079886000000,1.724088813000000,-93.529780169999995,44.077533449999997,1,0
88,88,42.549999999999997,64.834999999999994,36.173999999999999,49.405256129999998,0.244469610000000,0.207524328000000,0.312943225000000,0.557939385000000,50.945999999999998,-0.036674817000000,-0.098854130000000,50.982674820000000,0.397912039000000,0.463951796000000,1.523736780000000,1.608375540000000,-93.531067170000000,44.077260449999997,2,0
89,89,21.097999999999999,34.962000000000003,19.338999999999999,26.086164719999999,0.267186778000000,0.247306457000000,0.377549631000000,0.553143413000000,29.486999999999998,-0.071947904000000,-0.104608814000000,29.558947900000000,0.466105667000000,0.499478267000000,1.657123898000000,1.705865567000000,-93.529780169999995,44.077494450000003,1,0
90,90,20.253000000000000,34.399999999999999,18.838999999999999,25.484975510000002,0.275349423000000,0.258851298000000,0.395013123000000,0.547645349000000,29.707999999999998,-0.082264736000000,-0.109201001000000,29.790264740000001,0.485192744000000,0.512371731000000,1.698513800000000,1.739946020000000,-93.529780169999995,44.077455450000002,1,0
91,91,20.170000000000002,34.045000000000002,18.503000000000000,25.220705339999999,0.275535532000000,0.255925482000000,0.388524866000000,0.543486562000000,29.417000000000002,-0.079856432000000,-0.111950274000000,29.496856430000001,0.480386669000000,0.512871608000000,1.687902826000000,1.737092195000000,-93.529780169999995,44.077416450000001,1,0
92,92,19.641999999999999,33.683999999999997,18.585000000000001,24.938739909999999,0.275969506000000,0.263323707000000,0.404191013000000,0.551745636000000,29.140999999999998,-0.086011876000000,-0.106590091000000,29.227011879999999,0.492497916000000,0.513160379000000,1.714896650000000,1.746777777000000,-93.529780169999995,44.077377450000000,1,0
93,93,19.131000000000000,33.234999999999999,17.850000000000001,24.421185380000001,0.285052827000000,0.269335065000000,0.408622088000000,0.537084399000000,29.489000000000001,-0.091882192000000,-0.117423379000000,29.580882190000001,0.502237155000000,0.527696130000000,1.737232764000000,1.777792741000000,-93.529780169999995,44.077338449999999,1,0
94,94,20.864000000000001,34.082000000000001,18.175999999999998,25.345980590000000,0.271668968000000,0.240563462000000,0.359477835000000,0.533302036000000,29.123999999999999,-0.066633845000000,-0.118098520000000,29.190633840000000,0.454806895000000,0.507759095000000,1.633531442000000,1.710306521000000,-93.529780169999995,44.077299449999998,1,0
95,95,21.196999999999999,35.295000000000002,19.082000000000001,26.199062059999999,0.273394727000000,0.249557459000000,0.376851109000000,0.540643151000000,30.311000000000000,-0.074353614000000,-0.113533755000000,30.385353609999999,0.469852980000000,0.509784634000000,1.665094117000000,1.724409496000000,-93.529780169999995,44.077260449999997,1,0
96,96,41.334000000000003,63.841999999999999,35.594999999999999,48.481283480000002,0.248053643000000,0.214003195000000,0.323479111000000,0.557548322000000,50.755000000000003,-0.042440559000000,-0.099516236000000,50.797440559999998,0.409263212000000,0.469529019000000,1.544539604000000,1.623367655000000,-93.531067170000000,44.077221450000003,2,0
97,97,41.759000000000000,64.256000000000000,35.646999999999998,48.796708310000000,0.248186171000000,0.212205820000000,0.319704980000000,0.554765314000000,51.106000000000002,-0.040895935000000,-0.101298866000000,51.146895940000000,0.406123372000000,0.470011510000000,1.538734165000000,1.621995789000000,-93.531067170000000,44.077182450000002,2,0
98,98,40.164999999999999,61.277999999999999,33.786000000000001,46.582236620000003,0.247344878000000,0.208126731000000,0.312059358000000,0.551356115000000,48.604999999999997,-0.037321876000000,-0.103362444000000,48.642321879999997,0.398971327000000,0.469087413000000,1.525656666000000,1.616102015000000,-93.531067170000000,44.077143450000001,2,0
99,99,41.893999999999998,62.698999999999998,36.133000000000003,48.276514390000003,0.232867150000000,0.198913885000000,0.303900088000000,0.576293083000000,47.371000000000002,-0.028760854000000,-0.086073647000000,47.399760850000000,0.382686130000000,0.443975022000000,1.496610493000000,1.572183759000000,-93.531067170000000,44.077104450000000,2,0
100,100,39.686000000000000,61.055999999999997,34.143000000000001,46.434750569999999,0.246416013000000,0.212126025000000,0.320875689000000,0.559207940000000,48.283000000000001,-0.040742855000000,-0.098274827000000,48.323742860000003,0.405983813000000,0.466833253000000,1.538477045000000,1.617513046000000,-93.531067170000000,44.077065449999999,2,0
101,101,41.390999999999998,63.514000000000003,35.662999999999997,48.370420180000004,0.244872159000000,0.210886040000000,0.319502614000000,0.561498252000000,49.973999999999997,-0.039600763000000,-0.096649309000000,50.013600760000003,0.403813321000000,0.464215755000000,1.534488174000000,1.612518348000000,-93.531067170000000,44.077026449999998,2,0
102,102,42.823999999999998,64.266999999999996,37.447000000000003,49.552733099999998,0.231139101000000,0.200231579000000,0.307894435000000,0.582678513000000,48.262999999999998,-0.029842671000000,-0.081924477000000,48.292842669999999,0.385026415000000,0.440647173000000,1.500723893000000,1.569295659000000,-93.531067170000000,44.076987449999997,2,0
103,103,38.198000000000000,58.468000000000004,32.161000000000001,44.391906730000002,0.248682560000000,0.209691101000000,0.314239206000000,0.550061572000000,46.576999999999998,-0.038740326000000,-0.104346139000000,46.615740330000001,0.401718497000000,0.471277059000000,1.530656055000000,1.620900677000000,-93.531067170000000,44.076948450000003,2,0
104,104,37.520000000000003,57.439000000000000,32.103000000000002,43.732488799999999,0.245283223000000,0.209764214000000,0.316898944000000,0.558905970000000,45.255000000000003,-0.038650423000000,-0.098336245000000,45.293650419999999,0.401846759000000,0.465109583000000,1.530890192000000,1.612478274000000,-93.531067170000000,44.076909450000002,2,0
105,105,36.210999999999999,56.188000000000002,31.917999999999999,42.767147010000002,0.245128944000000,0.216203639000000,0.330302078000000,0.568057236000000,44.247000000000000,-0.044182212000000,-0.092527973000000,44.291182210000002,0.413097445000000,0.464031323000000,1.551683190000000,1.618277775000000,-93.531067170000000,44.076870450000001,2,0
106,106,37.646999999999998,56.133000000000003,33.863000000000000,43.645973720000001,0.221769981000000,0.197120921000000,0.308526795000000,0.603263677000000,40.756000000000000,-0.026849886000000,-0.068353141000000,40.782849890000001,0.379495900000000,0.423899138000000,1.491035142000000,1.544569752000000,-93.531067170000000,44.076831450000000,2,0
107,107,42.625000000000000,64.462000000000003,36.793999999999997,49.416726269999998,0.237612975000000,0.203918309000000,0.310656822000000,0.570785889000000,49.505000000000003,-0.033270550000000,-0.090007715000000,49.538270550000000,0.391554725000000,0.451981768000000,1.512304985000000,1.588231788000000,-93.531028169999999,44.077533449999997,2,0
108,108,42.274999999999999,64.492000000000004,35.662999999999997,49.051820409999998,0.246691990000000,0.208088642000000,0.312457808000000,0.552983316000000,51.045999999999999,-0.037260409000000,-0.102252334000000,51.083260410000001,0.398904372000000,0.467906285000000,1.525535186000000,1.614431123000000,-93.531028169999999,44.077494450000003,2,0
109,109,41.938000000000002,64.647999999999996,34.854999999999997,48.829740850000000,0.254758866000000,0.213067382000000,0.316599518000000,0.539150476000000,52.503000000000000,-0.041959545000000,-0.112067929000000,52.544959540000001,0.407629327000000,0.481751556000000,1.541513663000000,1.639462448000000,-93.531028169999999,44.077455450000002,2,0
110,110,42.347999999999999,65.924999999999997,36.212000000000003,49.835622039999997,0.253267430000000,0.217755119000000,0.327181138000000,0.549290861000000,53.289999999999999,-0.045941101000000,-0.105396408000000,53.335941099999999,0.415794394000000,0.478364922000000,1.556744120000000,1.640040998000000,-93.531028169999999,44.077416450000001,2,0
111,111,40.447000000000003,63.439000000000000,35.468000000000004,48.022375179999997,0.251305518000000,0.221319523000000,0.336051916000000,0.559088258000000,50.963000000000001,-0.048891313000000,-0.098912123000000,51.011891310000003,0.421969974000000,0.474426477000000,1.568447598000000,1.638579569000000,-93.531028169999999,44.077377450000000,2,0
112,112,36.600999999999999,57.767000000000003,31.693999999999999,43.516928219999997,0.256972512000000,0.224292133000000,0.337715799000000,0.548652345000000,47.238999999999997,-0.051765005000000,-0.106260412000000,47.290765000000000,0.427098251000000,0.484092936000000,1.578290211000000,1.655787718000000,-93.531028169999999,44.077338449999999,2,0
113,113,35.771999999999998,57.286000000000001,30.178000000000001,42.708443600000003,0.269341133000000,0.231189151000000,0.342143766000000,0.526795378000000,48.622000000000000,-0.058466682000000,-0.122016294000000,48.680466680000002,0.438918785000000,0.504941692000000,1.601420105000000,1.694721145000000,-93.531028169999999,44.077299449999998,2,0
114,114,39.286999999999999,60.078000000000003,33.203000000000003,45.662799090000000,0.247427925000000,0.209238666000000,0.314243826000000,0.552664869000000,47.665999999999997,-0.038291292000000,-0.102542092000000,47.704291290000000,0.400924527000000,0.469069566000000,1.529208135000000,1.617332907000000,-93.531028169999999,44.077260449999997,2,0
115,115,40.545999999999999,62.588000000000001,34.337000000000003,47.399948770000002,0.251390840000000,0.213721954000000,0.320391878000000,0.548619544000000,50.292999999999999,-0.042362389000000,-0.105594635000000,50.335362390000000,0.408772382000000,0.475569549000000,1.543629458000000,1.631476735000000,-93.531028169999999,44.077221450000003,2,0
116,116,39.973999999999997,60.945000000000000,33.234000000000002,46.248288100000003,0.249525879000000,0.207800315000000,0.309832311000000,0.545311346000000,48.682000000000002,-0.037132230000000,-0.107469829000000,48.719132230000000,0.398397442000000,0.473110641000000,1.524616000000000,1.621307553000000,-93.531028169999999,44.077182450000002,2,0
117,117,36.189999999999998,56.359999999999999,30.556999999999999,42.504493680000003,0.256164086000000,0.217936251000000,0.325359315000000,0.542175302000000,45.972999999999999,-0.046252447000000,-0.110312167000000,46.019252450000003,0.416108906000000,0.483522448000000,1.557336281000000,1.647595252000000,-93.531028169999999,44.077143450000001,2,0
118,118,33.551000000000002,52.704999999999998,29.178999999999998,39.811642630000001,0.253836089000000,0.222059915000000,0.335581758000000,0.553628688000000,42.680000000000000,-0.049669511000000,-0.102693291000000,42.729669510000001,0.423249157000000,0.478820167000000,1.570892075000000,1.645651331000000,-93.531028169999999,44.077104450000000,2,0
119,119,32.484000000000002,52.259999999999998,28.544000000000000,39.162387529999997,0.262715345000000,0.233361654000000,0.351886121000000,0.546192116000000,43.491999999999997,-0.059868653000000,-0.108558718000000,43.551868650000003,0.442619296000000,0.493089432000000,1.608792021000000,1.679575026000000,-93.531028169999999,44.077065449999999,2,0
120,120,41.343000000000004,63.844000000000001,36.116999999999997,48.613227530000003,0.244837873000000,0.213914267000000,0.325770957000000,0.565707036000000,50.228000000000002,-0.042205458000000,-0.093983185000000,50.270205460000000,0.409108031000000,0.463774326000000,1.544251748000000,1.615332673000000,-93.531184170000003,44.077455450000002,2,0
121,121,35.103000000000002,55.920999999999999,30.943999999999999,42.098733099999997,0.257435817000000,0.228708912000000,0.346504660000000,0.553352050000000,45.795000000000002,-0.055562115000000,-0.103300866000000,45.850562109999998,0.434680650000000,0.484392188000000,1.593054725000000,1.661377660000000,-93.531028169999999,44.077026449999998,2,0
122,122,36.351999999999997,56.412999999999997,31.753000000000000,42.864699860000002,0.247171574000000,0.216256131000000,0.328804170000000,0.562866715000000,44.720999999999997,-0.044332546000000,-0.096040733000000,44.765332549999997,0.413188781000000,0.467668060000000,1.551854093000000,1.623351202000000,-93.531028169999999,44.076987449999997,2,0
123,123,36.939999999999998,56.734999999999999,31.564000000000000,43.126596280000001,0.247101234000000,0.211315719000000,0.318703611000000,0.556340883000000,44.966000000000001,-0.040075376000000,-0.100171672000000,45.006075379999999,0.404565821000000,0.468178701000000,1.535868977000000,1.618451484000000,-93.531028169999999,44.076948450000003,2,0
124,124,39.118000000000002,59.030000000000001,33.222999999999999,45.160921719999997,0.240119537000000,0.202877287000000,0.306692337000000,0.562815518000000,45.719000000000001,-0.032463786000000,-0.095285870000000,45.751463790000003,0.389714250000000,0.456699693000000,1.509023979000000,1.593376571000000,-93.531028169999999,44.076909450000002,2,0
125,125,40.134999999999998,61.142000000000003,34.271000000000001,46.632119940000003,0.243418577000000,0.207421231000000,0.313509238000000,0.560514867000000,47.878000000000000,-0.036540561000000,-0.097106560000000,47.914540559999999,0.397730670000000,0.462058081000000,1.523408496000000,1.605680025000000,-93.531028169999999,44.076870450000001,2,0
126,126,39.460000000000001,56.990000000000002,33.427999999999997,44.431156049999998,0.219898538000000,0.181752203000000,0.278156834000000,0.586559045000000,41.091999999999999,-0.013443385000000,-0.078464405000000,41.105443389999998,0.351880436000000,0.422338781000000,1.444247339000000,1.526276168000000,-93.531028169999999,44.076831450000000,2,0
127,127,41.841000000000001,63.893999999999998,35.722999999999999,48.680061780000003,0.244575168000000,0.208568591000000,0.314988859000000,0.559097881000000,50.223999999999997,-0.037584301000000,-0.098133722000000,50.261584300000003,0.399747810000000,0.463994479000000,1.527066753000000,1.609606984000000,-93.531184170000003,44.077416450000001,2,0
128,128,42.256999999999998,63.956000000000003,35.450000000000003,48.760388589999998,0.244165179000000,0.204297026000000,0.306643302000000,0.554287323000000,50.204999999999998,-0.033856406000000,-0.101127323000000,50.238856409999997,0.392223703000000,0.463883811000000,1.513500722000000,1.604666104000000,-93.530989169999998,44.077611449999999,2,0
129,129,42.149999999999999,64.278999999999996,35.377000000000002,48.853333120000002,0.247621127000000,0.207922653000000,0.311447954000000,0.550366372000000,51.030999999999999,-0.037156397000000,-0.104023807000000,51.068156399999999,0.398612555000000,0.469621551000000,1.525005931000000,1.616609152000000,-93.530989169999998,44.077572449999998,2,0
130,130,42.369999999999997,64.412999999999997,36.241000000000000,49.185572239999999,0.242073497000000,0.206427989000000,0.312480508000000,0.562634872000000,50.215000000000003,-0.035623392000000,-0.095617519000000,50.250623390000001,0.395982182000000,0.459754275000000,1.520250177000000,1.601444431000000,-93.530989169999998,44.077533449999997,2,0
131,131,41.716999999999999,63.564999999999998,35.463000000000001,48.437043959999997,0.244481425000000,0.207518854000000,0.312923416000000,0.557901361000000,49.950000000000003,-0.036670574000000,-0.098879534000000,49.986670570000001,0.397902409000000,0.463974048000000,1.523719347000000,1.608399768000000,-93.530989169999998,44.077494450000003,2,0
132,132,41.493000000000002,63.094000000000001,35.853000000000002,48.263027579999999,0.239969735000000,0.206536185000000,0.314269503000000,0.568247377000000,48.841999999999999,-0.035629450000000,-0.091852749000000,48.877629450000001,0.396172752000000,0.455920944000000,1.520593835000000,1.596400496000000,-93.531184170000003,44.077377450000000,2,0
133,133,40.667999999999999,64.016999999999996,33.619999999999997,47.896996819999998,0.265645852000000,0.223040550000000,0.328558362000000,0.525173001000000,53.746000000000002,-0.051204223000000,-0.122547992000000,53.797204219999998,0.424941499000000,0.499670823000000,1.574136914000000,1.677129714000000,-93.530989169999998,44.077455450000002,2,0
134,134,43.188000000000002,70.072999999999993,37.225999999999999,52.157465909999999,0.270819732000000,0.237372087000000,0.353587164000000,0.531245986000000,59.731999999999999,-0.063858008000000,-0.119323264000000,59.795858010000003,0.449421303000000,0.506679706000000,1.622510883000000,1.704793128000000,-93.530989169999998,44.077416450000001,3,0
135,135,45.667000000000002,71.924000000000007,39.704000000000001,54.267683079999998,0.255114105000000,0.223290898000000,0.337116592000000,0.552027140000000,58.476999999999997,-0.050797546000000,-0.103871070000000,58.527797550000003,0.425373189000000,0.480932052000000,1.574966606000000,1.650088233000000,-93.530989169999998,44.077377450000000,3,0
136,136,37.185000000000002,57.816000000000003,31.629000000000001,43.687556280000003,0.253830389000000,0.217166135000000,0.325553872000000,0.547063097000000,46.817999999999998,-0.045463160000000,-0.106889363000000,46.863463160000002,0.414771192000000,0.479454429000000,1.554820492000000,1.640908142000000,-93.530989169999998,44.077338449999999,2,0
137,137,35.433000000000000,55.463999999999999,30.024999999999999,41.766228020000000,0.257786899000000,0.220370309000000,0.329067552000000,0.541342132000000,45.469999999999999,-0.048442798000000,-0.111055060000000,45.518442800000003,0.420328190000000,0.486066603000000,1.565320464000000,1.654071419000000,-93.530989169999998,44.077299449999998,2,0
138,138,40.965000000000003,61.030999999999999,34.399000000000001,46.855114940000000,0.236534195000000,0.196733205000000,0.296847493000000,0.563631597000000,46.698000000000000,-0.026980461000000,-0.094375894000000,46.724980459999998,0.378805153000000,0.451043220000000,1.489832784000000,1.579069645000000,-93.530989169999998,44.077260449999997,2,0
139,139,40.173000000000002,62.039999999999999,34.701000000000001,47.141598510000001,0.247323502000000,0.213935605000000,0.323897974000000,0.559332689000000,49.206000000000003,-0.042346290000000,-0.098299663000000,49.248346290000001,0.409145268000000,0.468227359000000,1.544320812000000,1.621488048000000,-93.530989169999998,44.077221450000003,2,0
140,140,38.774999999999999,60.896000000000001,33.469000000000001,45.941982990000000,0.255354676000000,0.221940183000000,0.334143984000000,0.549609170000000,49.548000000000002,-0.049654499000000,-0.105448400000000,49.597654499999997,0.423042380000000,0.481526615000000,1.570496454000000,1.649372238000000,-93.530989169999998,44.077182450000002,2,0
141,141,34.307000000000002,54.433000000000000,30.978000000000002,41.229270440000001,0.250248348000000,0.226797386000000,0.348429764000000,0.569103301000000,43.581000000000003,-0.053485691000000,-0.092415510000000,43.634485689999998,0.431404590000000,0.472013006000000,1.586644125000000,1.641501210000000,-93.530989169999998,44.077143450000001,2,0
142,142,31.492000000000001,50.441000000000003,28.183000000000000,37.992639789999998,0.256650286000000,0.231274334000000,0.352539535000000,0.558731984000000,41.207000000000001,-0.057686440000000,-0.099756620000000,41.264686439999998,0.439064088000000,0.482761019000000,1.601708370000000,1.662028174000000,-93.530989169999998,44.077104450000000,2,0
143,143,40.203000000000003,62.200000000000003,35.454000000000001,47.406424760000000,0.243645561000000,0.214808160000000,0.328563533000000,0.570000000000000,48.743000000000002,-0.042912583000000,-0.091140820000000,48.785912580000002,0.410667095000000,0.461539826000000,1.547148223000000,1.613286373000000,-93.531184170000003,44.077338449999999,2,0
144,144,30.701000000000001,50.588999999999999,27.724000000000000,37.728938929999998,0.267870905000000,0.244654939000000,0.371280290000000,0.548024274000000,42.753000000000000,-0.069785532000000,-0.108017319000000,42.822785529999997,0.461675794000000,0.500847899000000,1.647796489000000,1.704725083000000,-93.530989169999998,44.077065449999999,1,0
145,145,32.420999999999999,53.274999999999999,29.419000000000000,39.811323459999997,0.265514579000000,0.243348581000000,0.370559909000000,0.552210230000000,44.710000000000001,-0.068501933000000,-0.105011510000000,44.778501929999997,0.459487016000000,0.496946934000000,1.643225070000000,1.697263035000000,-93.530989169999998,44.077026449999998,1,0
146,146,35.017000000000003,55.061999999999998,31.552000000000000,41.847113950000001,0.246500993000000,0.222526893000000,0.342491500000000,0.573026770000000,43.555000000000000,-0.049643594000000,-0.089526519000000,43.604643590000002,0.424055322000000,0.465824611000000,1.572436245000000,1.627953427000000,-93.530989169999998,44.076987449999997,2,0
147,147,36.558999999999997,55.874000000000002,31.416000000000000,42.604496679999997,0.243558142000000,0.208962167000000,0.316551125000000,0.562265096000000,43.773000000000003,-0.037879999000000,-0.096016924000000,43.810879999999997,0.400439087000000,0.462098912000000,1.528324079000000,1.607464218000000,-93.530989169999998,44.076948450000003,2,0
148,148,43.530000000000001,61.847000000000001,36.125000000000000,48.390522259999997,0.216568559000000,0.173823510000000,0.264497776000000,0.584102705000000,44.039000000000001,-0.006395669000000,-0.079659651000000,44.045395669999998,0.337451067000000,0.417322804000000,1.420790260000000,1.511807799000000,-93.530989169999998,44.076909450000002,2,1
149,149,37.665999999999997,58.255000000000003,32.811999999999998,44.305755550000001,0.246176225000000,0.214645385000000,0.326245068000000,0.563247790000000,46.031999999999996,-0.042899645000000,-0.095687974000000,46.074899649999999,0.410383327000000,0.466082459000000,1.546620294000000,1.619332375000000,-93.530989169999998,44.076870450000001,2,0
150,150,45.173999999999999,60.948999999999998,36.485999999999997,48.602808809999999,0.197673390000000,0.148648267000000,0.226531872000000,0.598631643000000,40.238000000000000,0.016090149000000,-0.069200401000000,40.221909850000003,0.290869394000000,0.385337005000000,1.349205295000000,1.448664710000000,-93.530989169999998,44.076831450000000,2,0
151,151,39.673999999999999,62.113000000000000,34.591999999999999,47.005877320000003,0.251697801000000,0.220450549000000,0.333938537000000,0.556920451000000,49.960000000000001,-0.048170173000000,-0.100339495000000,50.008170170000000,0.420467053000000,0.475223417000000,1.565584514000000,1.638702485000000,-93.531184170000003,44.077299449999998,2,0
152,152,45.561000000000000,70.007999999999996,39.212000000000003,53.274464580000000,0.245754908000000,0.211535966000000,0.320167110000000,0.560107416000000,55.243000000000002,-0.040202609000000,-0.097629554000000,55.283202609999996,0.404951383000000,0.465720905000000,1.536577336000000,1.615315832000000,-93.530950169999997,44.077650450000000,2,0
153,153,43.965000000000003,67.649000000000001,37.439999999999998,51.351929620000000,0.248695219000000,0.212195603000000,0.319303260000000,0.553444988000000,53.893000000000001,-0.040911348000000,-0.102197861000000,53.933911350000002,0.406105504000000,0.470930874000000,1.538701240000000,1.623260145000000,-93.530950169999997,44.077611449999999,2,0
154,154,45.228000000000002,69.334000000000003,38.024999999999999,52.594917889999998,0.249705976000000,0.210418813000000,0.314958778000000,0.548432227000000,55.414999999999999,-0.039418823000000,-0.105507022000000,55.454418820000001,0.402994605000000,0.473021247000000,1.532988414000000,1.624151285000000,-93.530950169999997,44.077572449999998,2,0
155,155,45.250999999999998,70.025000000000006,39.174999999999997,53.184691569999998,0.247794864000000,0.214910302000000,0.325541057000000,0.559443056000000,55.624000000000002,-0.043208526000000,-0.098283598000000,55.667208530000003,0.410845131000000,0.468947708000000,1.547479614000000,1.623592820000000,-93.530950169999997,44.077533449999997,2,0
156,156,39.430999999999997,61.975000000000001,35.060000000000002,46.992580930000003,0.249237809000000,0.222314261000000,0.339794411000000,0.565711981000000,49.459000000000003,-0.049621151000000,-0.094463090000000,49.508621150000003,0.423688308000000,0.470665199000000,1.571732901000000,1.634445193000000,-93.531184170000003,44.077260449999997,2,0
157,157,44.396999999999998,68.251999999999995,38.552000000000000,52.011812169999999,0.244038587000000,0.211763975000000,0.321942859000000,0.564847917000000,53.555000000000000,-0.040318516000000,-0.094438529000000,53.595318519999999,0.405350423000000,0.462602099000000,1.537311080000000,1.611301800000000,-93.530950169999997,44.077494450000003,2,0
158,158,45.116000000000000,71.908000000000001,37.972000000000001,53.690740060000003,0.267637415000000,0.228944490000000,0.338916156000000,0.528063637000000,60.728000000000002,-0.056424682000000,-0.120952799000000,60.784424680000001,0.435083810000000,0.502275322000000,1.593846972000000,1.688019158000000,-93.530950169999997,44.077455450000002,3,0
159,159,58.823000000000000,91.947000000000003,50.652999999999999,69.474509830000002,0.253666019000000,0.219698879000000,0.330852902000000,0.550893449000000,74.418000000000006,-0.047635076000000,-0.104421044000000,74.465635079999998,0.419165640000000,0.478815751000000,1.563113068000000,1.642918724000000,-93.530950169999997,44.077416450000001,3,0
160,160,60.902000000000001,93.201999999999998,52.240000000000002,71.003952960000007,0.244576793000000,0.209598713000000,0.317089453000000,0.560502993000000,73.262000000000000,-0.038475555000000,-0.097245377000000,73.300475559999995,0.401556402000000,0.463854946000000,1.530360251000000,1.610574912000000,-93.530950169999997,44.077377450000000,3,0
161,161,47.023000000000003,72.750000000000000,40.237000000000002,55.144480530000003,0.250214814000000,0.214797993000000,0.323463589000000,0.553085911000000,58.240000000000002,-0.043233548000000,-0.102607337000000,58.283233549999999,0.410649372000000,0.473301964000000,1.547115241000000,1.629527459000000,-93.530950169999997,44.077338449999999,2,0
162,162,40.476999999999997,61.856999999999999,34.296999999999997,47.049478170000000,0.246564024000000,0.208923720000000,0.314240781000000,0.554456246000000,48.939999999999998,-0.037979668000000,-0.101303511000000,48.977979670000003,0.400371574000000,0.467549263000000,1.528201201000000,1.614881330000000,-93.530950169999997,44.077299449999998,2,0
163,163,40.991999999999997,63.377000000000002,34.814000000000000,47.989591890000000,0.251520537000000,0.214479395000000,0.321831644000000,0.549315998000000,50.948000000000000,-0.043023933000000,-0.105166579000000,50.991023929999997,0.410093893000000,0.475692965000000,1.546082162000000,1.632515508000000,-93.530950169999997,44.077260449999997,2,0
164,164,39.670999999999999,62.939000000000000,35.259000000000000,47.533507630000003,0.253714991000000,0.226761524000000,0.345473712000000,0.560209091000000,50.948000000000000,-0.053671239000000,-0.098473188000000,51.001671240000000,0.431343049000000,0.478082253000000,1.586524161000000,1.650050901000000,-93.530950169999997,44.077221450000003,2,0
165,165,35.968000000000004,58.686000000000000,32.828000000000003,44.028101650000004,0.260925616000000,0.240010987000000,0.367450587000000,0.559383839000000,48.576000000000001,-0.065348834000000,-0.099832133000000,48.641348829999998,0.453876306000000,0.489380532000000,1.631616993000000,1.682011461000000,-93.530950169999997,44.077182450000002,2,0
166,166,34.061000000000000,55.040999999999997,31.145000000000000,41.471574310000001,0.256012962000000,0.235460483000000,0.361992512000000,0.565850911000000,44.875999999999998,-0.061170757000000,-0.095120876000000,44.937170760000001,0.446183805000000,0.481300112000000,1.615953730000000,1.664839295000000,-93.530950169999997,44.077143450000001,2,0
167,167,39.573999999999998,61.311999999999998,34.719999999999999,46.657408199999999,0.245432109000000,0.215470928000000,0.328537315000000,0.566283925000000,48.329999999999998,-0.043570343000000,-0.093683170000000,48.373570340000001,0.411821903000000,0.464654740000000,1.549300045000000,1.618303604000000,-93.531184170000003,44.077221450000003,2,0
168,168,30.677000000000000,51.304000000000002,28.939000000000000,38.343380420000003,0.265016274000000,0.251607080000000,0.388880510000000,0.564069078000000,42.991999999999997,-0.075335377000000,-0.097271908000000,43.067335380000003,0.473254267000000,0.495570183000000,1.672392998000000,1.705190952000000,-93.530950169999997,44.077104450000000,1,0
169,169,30.395000000000000,51.539999999999999,28.922999999999998,38.369986330000003,0.269473762000000,0.258070422000000,0.398871954000000,0.561175786000000,43.762000000000000,-0.081067672000000,-0.099657219000000,43.843067670000003,0.483912130000000,0.502690980000000,1.695673631000000,1.723936839000000,-93.530950169999997,44.077065449999999,1,0
170,170,31.931999999999999,53.837000000000003,29.966000000000001,40.066762410000003,0.269950228000000,0.255395306000000,0.392541620000000,0.556606052000000,45.776000000000003,-0.078906122000000,-0.102688037000000,45.854906120000003,0.479513499000000,0.503605382000000,1.685988977000000,1.722045597000000,-93.530950169999997,44.077026449999998,1,0
171,171,32.649999999999999,53.323000000000000,30.544000000000000,40.175866569999997,0.255840791000000,0.240459214000000,0.372963611000000,0.572810982000000,43.451999999999998,-0.065338105000000,-0.090642567000000,43.517338109999997,0.454631355000000,0.480674593000000,1.633169985000000,1.669837316000000,-93.530950169999997,44.076987449999997,2,0
172,172,34.789000000000001,55.722999999999999,32.508000000000003,42.316652810000001,0.246997085000000,0.231284250000000,0.360906144000000,0.583385676000000,44.149000000000001,-0.057050886000000,-0.083009267000000,44.206050890000000,0.439081001000000,0.466039719000000,1.601741930000000,1.638324624000000,-93.530950169999997,44.076948450000003,2,0
173,173,42.579000000000001,61.469000000000001,36.195999999999998,47.963734969999997,0.218939781000000,0.181550823000000,0.278400047000000,0.588849664000000,44.162999999999997,-0.013251191000000,-0.076970138000000,44.176251190000002,0.351515450000000,0.420564880000000,1.443645929000000,1.523873107000000,-93.530950169999997,44.076909450000002,2,0
174,174,36.335999999999999,58.540999999999997,33.087000000000003,44.128989509999997,0.255537385000000,0.234039862000000,0.359362356000000,0.565193625000000,47.658999999999999,-0.059943422000000,-0.095489356000000,47.718943420000002,0.443772251000000,0.480591116000000,1.611101937000000,1.662146764000000,-93.530950169999997,44.076870450000001,2,0
175,175,44.381999999999998,63.494999999999997,37.814999999999998,49.770644539999999,0.214128985000000,0.177174004000000,0.272801233000000,0.595558705000000,44.792999999999999,-0.009336134000000,-0.072440491000000,44.802336130000000,0.343563339000000,0.412144049000000,1.430647560000000,1.509004028000000,-93.530950169999997,44.076831450000000,2,0
176,176,40.075000000000003,61.902000000000001,34.372000000000000,46.972678629999997,0.248962174000000,0.214038460000000,0.322860735000000,0.555264773000000,49.356999999999999,-0.042515897000000,-0.101072982000000,49.399515899999997,0.409324745000000,0.471155894000000,1.544653774000000,1.625667922000000,-93.531184170000003,44.077182450000002,2,0
177,177,61.978999999999999,94.275000000000006,53.835999999999999,72.174526810000003,0.238972944000000,0.206689109000000,0.315335195000000,0.571052771000000,72.734999999999999,-0.035719930000000,-0.089983340000000,72.770719929999998,0.396442059000000,0.454095022000000,1.521079721000000,1.594124289000000,-93.530911169999996,44.077689450000001,3,0
178,178,61.825000000000003,93.268000000000001,53.076000000000001,71.503641459999997,0.237645014000000,0.202736423000000,0.308213337000000,0.569069777000000,71.635000000000005,-0.032247837000000,-0.091087530000000,71.667247840000002,0.389465031000000,0.452198730000000,1.508580671000000,1.587212580000000,-93.530911169999996,44.077650450000000,3,0
179,179,59.701000000000001,92.170000000000002,51.301000000000002,69.979308610000004,0.248315512000000,0.213793285000000,0.322849756000000,0.556591082000000,73.337999999999994,-0.042272557000000,-0.100154549000000,73.380272559999995,0.408896888000000,0.470027154000000,1.543860237000000,1.623820257000000,-93.530911169999996,44.077611449999999,3,0
180,180,63.284999999999997,95.320999999999998,54.470999999999997,73.162317500000000,0.236337460000000,0.201984793000000,0.307639122000000,0.571448054000000,72.885999999999996,-0.031547281000000,-0.089458740000000,72.917547279999994,0.388134528000000,0.449913445000000,1.506217903000000,1.583353570000000,-93.530911169999996,44.077572449999998,3,0
181,181,41.634999999999998,63.520000000000003,35.195999999999998,48.328811420000001,0.246278284000000,0.208121345000000,0.312826084000000,0.554093199000000,50.209000000000003,-0.037270842000000,-0.101499811000000,50.246270840000001,0.398961858000000,0.467149598000000,1.525639486000000,1.613427117000000,-93.531184170000003,44.077143450000001,2,0
182,182,60.572000000000003,93.405000000000001,52.725999999999999,71.118427720000000,0.244951817000000,0.213233145000000,0.324273341000000,0.564487982000000,73.512000000000000,-0.041625908000000,-0.094766888000000,73.553625909999994,0.407918882000000,0.464060729000000,1.542049132000000,1.614955246000000,-93.530911169999996,44.077533449999997,3,0
183,183,59.406999999999996,92.602999999999994,51.954000000000001,70.246531050000002,0.248999383000000,0.218380370000000,0.331774206000000,0.561040139000000,73.844999999999999,-0.046249338000000,-0.097406405000000,73.891249340000002,0.416879750000000,0.470674281000000,1.558789368000000,1.629949839000000,-93.530911169999996,44.077494450000003,3,0
184,184,58.277999999999999,91.543000000000006,50.054000000000002,68.997219869999995,0.256518129000000,0.222031624000000,0.333426885000000,0.546781294000000,74.754000000000005,-0.049800125000000,-0.107404128000000,74.803800129999999,0.423200302000000,0.483579062000000,1.570798586000000,1.652419950000000,-93.530911169999996,44.077455450000002,3,0
185,185,61.215000000000003,96.140000000000001,52.585999999999999,72.469449240000003,0.256399450000000,0.221950367000000,0.333352423000000,0.546973164000000,78.478999999999999,-0.049723494000000,-0.107266327000000,78.528723490000004,0.423059968000000,0.483379153000000,1.570530099000000,1.652038536000000,-93.530911169999996,44.077416450000001,3,0
186,186,62.572000000000003,95.302999999999997,52.682000000000002,72.510482269999997,0.246361080000000,0.207322249000000,0.311151883000000,0.552784278000000,75.352000000000004,-0.036580118000000,-0.102339034000000,75.388580120000000,0.397556518000000,0.467421145000000,1.523093396000000,1.612900427000000,-93.530911169999996,44.077377450000000,3,0
187,187,61.966999999999999,94.897000000000006,53.463000000000001,72.350171770000003,0.243637460000000,0.209927071000000,0.318468874000000,0.563379243000000,74.364000000000004,-0.038716855000000,-0.095322046000000,74.402716859999998,0.402132417000000,0.462114159000000,1.531411881000000,1.608568988000000,-93.530911169999996,44.077338449999999,3,0
188,188,57.152999999999999,88.301000000000002,49.334000000000003,67.075518549999998,0.247678292000000,0.214143303000000,0.324053267000000,0.558702619000000,70.114999999999995,-0.042542662000000,-0.098740169000000,70.157542660000004,0.409507668000000,0.468837084000000,1.544993264000000,1.622567826000000,-93.530911169999996,44.077299449999998,3,0
189,189,52.521000000000001,81.325999999999993,45.256000000000000,61.699484740000003,0.249108202000000,0.215208410000000,0.325145895000000,0.556476404000000,64.875000000000000,-0.043531376000000,-0.100319928000000,64.918531380000005,0.411364607000000,0.471262159000000,1.548447288000000,1.627148338000000,-93.530911169999996,44.077260449999997,3,0
190,190,46.732999999999997,75.433999999999997,42.799999999999997,56.880288460000003,0.255136210000000,0.234932510000000,0.361623849000000,0.567383408000000,61.335000000000001,-0.060665466000000,-0.094043051000000,61.395665469999997,0.445288108000000,0.479830282000000,1.614148460000000,1.662100883000000,-93.530911169999996,44.077221450000003,3,0
191,191,38.691000000000003,65.216999999999999,35.677000000000000,48.384222289999997,0.273757092000000,0.255283520000000,0.388767569000000,0.547050616000000,56.066000000000003,-0.079160368000000,-0.109389977000000,56.145160369999999,0.479329305000000,0.509951004000000,1.685585795000000,1.731727941000000,-93.530911169999996,44.077182450000002,1,0
192,192,41.085999999999999,63.116000000000000,35.780000000000001,48.138332790000000,0.243064924000000,0.211416288000000,0.321972465000000,0.566892705000000,49.366000000000000,-0.039973711000000,-0.093040534000000,49.405973709999998,0.404741889000000,0.460894179000000,1.536192377000000,1.608582834000000,-93.531184170000003,44.077104450000000,2,0
193,193,38.182000000000002,62.655999999999999,36.143999999999998,47.222975329999997,0.255392260000000,0.242706123000000,0.378304016000000,0.576864147000000,50.985999999999997,-0.067170869000000,-0.087999883000000,51.053170870000002,0.458409080000000,0.479798023000000,1.640982662000000,1.671232496000000,-93.530911169999996,44.077143450000001,2,0
194,194,33.729999999999997,57.777999999999999,33.625000000000000,43.230586430000002,0.263521603000000,0.262796695000000,0.415458770000000,0.581968916000000,48.201000000000001,-0.084358243000000,-0.085532993000000,48.285358240000001,0.491639718000000,0.492820915000000,1.712955826000000,1.714735193000000,-93.530911169999996,44.077104450000000,1,0
195,195,31.413000000000000,54.875999999999998,31.780999999999999,40.858226039999998,0.269205417000000,0.271911831000000,0.430450576000000,0.579142066000000,46.558000000000000,-0.092299483000000,-0.087935970000000,46.650299480000001,0.506383658000000,0.502040760000000,1.746920065000000,1.740157955000000,-93.530911169999996,44.077065449999999,1,0
196,196,31.577000000000002,54.774999999999999,31.930000000000000,40.893897080000002,0.266056848000000,0.268644617000000,0.426261438000000,0.582930169000000,46.042999999999999,-0.089339037000000,-0.085160887000000,46.132339039999998,0.501123208000000,0.496948999000000,1.734648637000000,1.728238907000000,-93.530911169999996,44.077026449999998,1,0
197,197,32.073999999999998,55.139000000000003,32.773000000000003,41.404992960000001,0.259420414000000,0.264467453000000,0.423677443000000,0.594370591000000,45.430999999999997,-0.085304952000000,-0.077149001000000,45.516304949999999,0.494358008000000,0.486169485000000,1.719118289000000,1.706820527000000,-93.530911169999996,44.076987449999997,1,0
198,198,33.457000000000001,57.149000000000001,34.305000000000000,43.058921159999997,0.255608041000000,0.261483787000000,0.420809577000000,0.600272971000000,46.536000000000001,-0.082532363000000,-0.073027996000000,46.618532360000003,0.489498702000000,0.479924222000000,1.708132827000000,1.693954679000000,-93.530911169999996,44.076948450000003,1,0
199,199,40.473999999999997,61.408999999999999,37.450000000000003,47.650507019999999,0.223640295000000,0.205480797000000,0.324911148000000,0.609845462000000,44.893999999999998,-0.034057976000000,-0.064442738000000,44.928057979999998,0.394312778000000,0.426592061000000,1.517245639000000,1.556990962000000,-93.530911169999996,44.076909450000002,2,0
200,200,36.962000000000003,61.244000000000000,35.444000000000003,46.091554240000001,0.256970456000000,0.247255768000000,0.386890156000000,0.578734243000000,50.082000000000001,-0.071060232000000,-0.086961467000000,50.153060230000001,0.466021141000000,0.482274344000000,1.656944971000000,1.680246215000000,-93.530911169999996,44.076870450000001,2,0
201,201,50.822000000000003,73.477999999999994,45.311000000000000,57.835914129999999,0.209071575000000,0.182268705000000,0.286824748000000,0.616660769000000,50.823000000000000,-0.013720808000000,-0.059209603000000,50.836720810000003,0.352816192000000,0.402011993000000,1.445791193000000,1.502121263000000,-93.530911169999996,44.076831450000000,2,0
202,202,39.536000000000001,61.387000000000000,34.276000000000003,46.570030570000000,0.249061479000000,0.216511598000000,0.327861719000000,0.558359262000000,48.962000000000003,-0.044649739000000,-0.099117597000000,49.006649740000000,0.413633200000000,0.471011608000000,1.552686159000000,1.628285463000000,-93.531184170000003,44.077065449999999,2,0
203,203,61.570000000000000,94.394999999999996,51.783000000000001,71.607169130000003,0.249673168000000,0.210463886000000,0.315073621000000,0.548577785000000,75.436999999999998,-0.039456457000000,-0.105410401000000,75.476456459999994,0.403073608000000,0.472954856000000,1.533133019000000,1.624109944000000,-93.530872169999995,44.077806449999997,3,0
204,204,61.878000000000000,94.974999999999994,53.165999999999997,72.285916250000000,0.245598274000000,0.211006484000000,0.319201057000000,0.559789418000000,74.906000000000006,-0.039738309000000,-0.097813055000000,74.945738309999996,0.404024296000000,0.465509231000000,1.534875077000000,1.614427303000000,-93.530872169999995,44.077767450000003,3,0
205,205,63.996000000000002,97.194000000000003,54.816000000000003,74.267434559999998,0.241302682000000,0.205955704000000,0.312087540000000,0.563985431000000,75.575999999999993,-0.035182356000000,-0.094680703000000,75.611182360000001,0.395150033000000,0.458418861000000,1.518751172000000,1.599113809000000,-93.530872169999995,44.077728450000002,3,0
206,206,63.545999999999999,97.358000000000004,54.712000000000003,74.184628290000006,0.244295053000000,0.210137722000000,0.318404400000000,0.561967173000000,76.457999999999998,-0.038928465000000,-0.096287845000000,76.496928470000000,0.402501824000000,0.463273508000000,1.532086992000000,1.610387161000000,-93.530872169999995,44.077689450000001,3,0
207,207,63.427000000000000,95.236999999999995,54.353000000000002,73.137585200000004,0.235825001000000,0.200486563000000,0.304953456000000,0.570713063000000,72.694000000000003,-0.030228573000000,-0.089865128000000,72.724228569999994,0.385478856000000,0.449181003000000,1.501521434000000,1.580736213000000,-93.530872169999995,44.077650450000000,3,0
208,208,61.863999999999997,95.375000000000000,52.999000000000002,72.416478609999999,0.248310772000000,0.213121427000000,0.321479279000000,0.555690695000000,75.887000000000000,-0.041692748000000,-0.100725844000000,75.928692749999996,0.407723738000000,0.470109391000000,1.541688219000000,1.623170985000000,-93.530872169999995,44.077611449999999,3,0
209,209,40.241000000000000,62.609999999999999,35.027000000000001,47.491195359999999,0.249152069000000,0.217489378000000,0.329809507000000,0.559447373000000,49.951999999999998,-0.045493842000000,-0.098436299000000,49.997493839999997,0.415332836000000,0.471052587000000,1.555875848000000,1.629459078000000,-93.531184170000003,44.077026449999998,2,0
210,210,62.530999999999999,95.284999999999997,53.381000000000000,72.661058679999996,0.243596688000000,0.207545496000000,0.313630488000000,0.560224589000000,74.658000000000001,-0.036655824000000,-0.097310094000000,74.694655819999994,0.397949274000000,0.462363866000000,1.523804193000000,1.606235244000000,-93.530872169999995,44.077572449999998,3,0
211,211,62.552999999999997,96.436000000000007,54.023000000000003,73.328631139999999,0.246555156000000,0.213115373000000,0.322799764000000,0.560195363000000,76.296000000000006,-0.041602351000000,-0.097664920000000,76.337602349999997,0.407713163000000,0.466953756000000,1.541668665000000,1.618799161000000,-93.530872169999995,44.077533449999997,3,0
212,212,60.808999999999997,95.171000000000006,51.960000000000001,71.775333090000004,0.255922748000000,0.220297474000000,0.330340319000000,0.545964632000000,77.572999999999993,-0.048275464000000,-0.107853227000000,77.621275460000007,0.420202128000000,0.482754263000000,1.565080827000000,1.649226273000000,-93.530872169999995,44.077494450000003,3,0
213,213,60.570999999999998,95.325999999999993,51.335000000000001,71.626751389999995,0.260267453000000,0.222935656000000,0.332386527000000,0.538520446000000,78.745999999999995,-0.050796209000000,-0.113191978000000,78.796796209999997,0.424760581000000,0.490112270000000,1.573789437000000,1.662926554000000,-93.530872169999995,44.077455450000002,3,0
214,214,60.451999999999998,95.156999999999996,51.420999999999999,71.538843049999997,0.259577679000000,0.223026946000000,0.333099781000000,0.540380634000000,78.441000000000003,-0.050834179000000,-0.111904555000000,78.491834179999998,0.424918036000000,0.488874279000000,1.574091841000000,1.661231011000000,-93.530872169999995,44.077416450000001,3,0
215,215,64.915000000000006,97.197999999999993,54.454000000000001,74.446057749999994,0.239118449000000,0.199138872000000,0.299863458000000,0.560237865000000,75.027000000000001,-0.029168802000000,-0.096794064000000,75.056168799999995,0.383085976000000,0.455432007000000,1.497311869000000,1.587542109000000,-93.530872169999995,44.077377450000000,3,0
216,216,64.522999999999996,97.474000000000004,54.472999999999999,74.457383640000003,0.241928497000000,0.203405001000000,0.306452513000000,0.558846462000000,75.951999999999998,-0.032992101000000,-0.097989560000000,75.984992099999999,0.390647511000000,0.459929775000000,1.510686112000000,1.598309245000000,-93.530872169999995,44.077338449999999,3,0
217,217,61.798000000000002,92.796999999999997,52.640999999999998,71.183684679999999,0.237157246000000,0.200517481000000,0.304048885000000,0.567270494000000,71.155000000000001,-0.030302650000000,-0.092163524000000,71.185302649999997,0.385533708000000,0.451618154000000,1.501618175000000,1.583992287000000,-93.530872169999995,44.077299449999998,3,0
218,218,55.832000000000001,86.858000000000004,48.021000000000001,65.745825800000006,0.251695975000000,0.217436401000000,0.327731359000000,0.552867899000000,69.863000000000000,-0.045583107000000,-0.102923271000000,69.908583109999995,0.415240802000000,0.475599378000000,1.555702823000000,1.635769668000000,-93.530872169999995,44.077260449999997,3,0
219,219,47.345999999999997,76.870999999999995,43.491999999999997,57.857147130000001,0.257191921000000,0.237688883000000,0.365747910000000,0.565779032000000,62.904000000000003,-0.063124817000000,-0.095297211000000,62.967124820000002,0.449956994000000,0.483160443000000,1.623600727000000,1.670160663000000,-93.530872169999995,44.077221450000003,3,0
220,220,40.427000000000000,62.177999999999997,34.950000000000003,47.335499409999997,0.245222372000000,0.211987720000000,0.321498781000000,0.562095918000000,48.978999999999999,-0.040567046000000,-0.096310567000000,49.019567049999999,0.405741889000000,0.464703037000000,1.538031514000000,1.614428952000000,-93.531184170000003,44.076987449999997,2,0
221,221,40.537999999999997,68.042000000000002,37.384000000000000,50.565491080000001,0.271777427000000,0.253306318000000,0.386313838000000,0.549425355000000,58.161999999999999,-0.077339618000000,-0.107590913000000,58.239339620000003,0.476066276000000,0.506777336000000,1.678474518000000,1.724362396000000,-93.530872169999995,44.077182450000002,3,0
222,222,39.893000000000001,64.372000000000000,36.762000000000000,48.602642170000003,0.253599092000000,0.234776771000000,0.362635735000000,0.571086808000000,52.088999999999999,-0.060426727000000,-0.091508718000000,52.149426730000002,0.445023772000000,0.477195072000000,1.613616424000000,1.658139233000000,-93.530872169999995,44.077143450000001,2,0
223,223,33.444000000000003,57.073999999999998,32.816000000000003,42.633447230000002,0.265442774000000,0.261053050000000,0.409517868000000,0.574972842000000,47.887999999999998,-0.083127118000000,-0.090255728000000,47.971127119999998,0.488795336000000,0.495975440000000,1.706554240000000,1.717360788000000,-93.530872169999995,44.077104450000000,1,0
224,224,31.669000000000000,55.988999999999997,32.029000000000003,41.487148699999999,0.274824108000000,0.277441876000000,0.437182045000000,0.572058797000000,48.280000000000001,-0.097357274000000,-0.093146290000000,48.377357269999997,0.515224839000000,0.511061319000000,1.767943415000000,1.761301293000000,-93.530872169999995,44.077065449999999,1,0
225,225,32.652000000000001,57.079000000000001,32.948000000000000,42.464636460000001,0.270129841000000,0.272224761000000,0.430181568000000,0.577235060000000,48.558000000000000,-0.092649924000000,-0.089272003000000,48.650649919999999,0.506886061000000,0.503525513000000,1.748101188000000,1.742855781000000,-93.530872169999995,44.077026449999998,1,0
226,226,31.917999999999999,55.564000000000000,32.521000000000001,41.487878799999997,0.265932664000000,0.270295604000000,0.430232347000000,0.585289036000000,46.689000000000000,-0.090654400000000,-0.083619576000000,46.779654399999998,0.503784832000000,0.496769044000000,1.740835892000000,1.730020043000000,-93.530872169999995,44.076987449999997,1,0
227,227,33.765999999999998,57.299999999999997,33.390999999999998,42.966621300000000,0.261024335000000,0.258427953000000,0.408045080000000,0.582739965000000,47.442999999999998,-0.080570800000000,-0.084789124000000,47.523570800000002,0.484498660000000,0.488760295000000,1.696973287000000,1.703295972000000,-93.530872169999995,44.076948450000003,1,0
228,228,39.049999999999997,60.975999999999999,36.607999999999997,46.844141360000002,0.234269521000000,0.219203007000000,0.345737803000000,0.600367358000000,46.293999999999997,-0.046152495000000,-0.071174086000000,46.340152490000001,0.418306409000000,0.444580682000000,1.561485275000000,1.595426826000000,-93.530872169999995,44.076909450000002,2,0
229,229,36.481999999999999,61.052999999999997,34.630000000000003,45.671442689999999,0.263919511000000,0.251919824000000,0.390604880000000,0.567212094000000,50.994000000000000,-0.075498052000000,-0.095115954000000,51.069498050000000,0.473772350000000,0.493723886000000,1.673510224000000,1.702797003000000,-93.530872169999995,44.076870450000001,1,0
230,230,45.613000000000000,69.381000000000000,41.103999999999999,53.490833309999999,0.230819722000000,0.206689045000000,0.321667343000000,0.592438852000000,52.045000000000002,-0.035380338000000,-0.075820318000000,52.080380339999998,0.396441946000000,0.439381402000000,1.521079517000000,1.574726127000000,-93.530872169999995,44.076831450000000,2,0
231,231,38.945000000000000,60.954999999999998,33.563000000000002,46.038751859999998,0.254101986000000,0.220320320000000,0.331790705000000,0.550619309000000,49.402000000000001,-0.048193132000000,-0.104649229000000,49.450193130000002,0.420241671000000,0.479510599000000,1.565155989000000,1.644623187000000,-93.531184170000003,44.076948450000003,2,0
232,232,63.442999999999998,97.921999999999997,54.789999999999999,74.421494280000005,0.247108193000000,0.213670870000000,0.323518649000000,0.559526970000000,77.611000000000004,-0.042107747000000,-0.098151789000000,77.653107750000004,0.408683210000000,0.467875115000000,1.543464212000000,1.620700652000000,-93.530833169999994,44.077923450000000,3,0
233,233,66.382000000000005,98.411000000000001,56.981999999999999,76.022459769999998,0.229422898000000,0.194358984000000,0.297084713000000,0.579020638000000,73.457999999999998,-0.024692594000000,-0.084032014000000,73.482692589999999,0.374568487000000,0.438257410000000,1.482495255000000,1.559823369000000,-93.530833169999994,44.077884449999999,3,0
234,234,63.921999999999997,97.772000000000006,53.988999999999997,74.297147069999994,0.247668724000000,0.209346049000000,0.314284388000000,0.552192857000000,77.632999999999996,-0.038395237000000,-0.102870416000000,77.671395239999995,0.401113012000000,0.469490269000000,1.529551641000000,1.618035527000000,-93.530833169999994,44.077845449999998,3,0
235,235,64.137000000000000,96.981999999999999,54.265000000000001,74.080481730000002,0.241902128000000,0.203855535000000,0.307382035000000,0.559536821000000,75.561999999999998,-0.033383167000000,-0.097551350000000,75.595383170000005,0.391443809000000,0.459813658000000,1.512106896000000,1.598654358000000,-93.530833169999994,44.077806449999997,3,0
236,236,62.954999999999998,96.858999999999995,53.758000000000003,73.563850880000004,0.248058345000000,0.212146620000000,0.319680169000000,0.555012957000000,77.004999999999995,-0.040838687000000,-0.101126552000000,77.045838689999997,0.406019836000000,0.469789333000000,1.538543404000000,1.621620647000000,-93.530833169999994,44.077767450000003,3,0
237,237,63.534999999999997,96.652000000000001,54.841999999999999,73.905232769999998,0.240396431000000,0.206739623000000,0.314367080000000,0.567417125000000,74.927000000000007,-0.035823075000000,-0.092421022000000,74.962823080000007,0.396531007000000,0.456668069000000,1.521240261000000,1.597630812000000,-93.530833169999994,44.077728450000002,3,0
238,238,63.759999999999998,97.647999999999996,54.670999999999999,74.362597550000004,0.245006008000000,0.209952419000000,0.317490655000000,0.559878339000000,76.864999999999995,-0.038800624000000,-0.097689271000000,76.903800619999998,0.402176874000000,0.464582591000000,1.531493099000000,1.611968475000000,-93.530833169999994,44.077689450000001,3,0
239,239,63.408999999999999,96.418999999999997,54.366999999999997,73.650289729999997,0.241656847000000,0.206534525000000,0.313006704000000,0.563861894000000,75.061999999999998,-0.035698312000000,-0.094797731000000,75.097698309999998,0.396169827000000,0.458982685000000,1.520588560000000,1.600520687000000,-93.530833169999994,44.077650450000000,3,0
240,240,39.813000000000002,61.613999999999997,33.887999999999998,46.653890550000000,0.251496732000000,0.214942767000000,0.322791276000000,0.550004869000000,49.527000000000001,-0.043423124000000,-0.104724532000000,49.570423120000001,0.410901713000000,0.475583966000000,1.547584960000000,1.632892130000000,-93.531184170000003,44.076909450000002,2,0
241,241,62.627000000000002,97.189999999999998,53.289999999999999,73.502519980000002,0.252864191000000,0.216266104000000,0.324452956000000,0.548307439000000,78.462999999999994,-0.044635793000000,-0.105974933000000,78.507635789999995,0.413206133000000,0.477850677000000,1.551886566000000,1.637602771000000,-93.530833169999994,44.077611449999999,3,0
242,242,63.262999999999998,96.869000000000000,54.313000000000002,73.791852079999998,0.244646884000000,0.209864362000000,0.317580019000000,0.560685049000000,76.162000000000006,-0.038708294000000,-0.097138194000000,76.200708289999994,0.402022430000000,0.463945586000000,1.531210976000000,1.610997805000000,-93.530833169999994,44.077572449999998,3,0
243,243,62.183000000000000,96.269999999999996,53.406999999999996,72.999876799999996,0.249732256000000,0.215123728000000,0.324495935000000,0.554762647000000,76.950000000000003,-0.043490041000000,-0.101483055000000,76.993490039999998,0.411217062000000,0.472392011000000,1.548172330000000,1.628627533000000,-93.530833169999994,44.077533449999997,3,0
244,244,61.460999999999999,96.629999999999995,52.875999999999998,72.825551369999999,0.256579225000000,0.222460482000000,0.334258423000000,0.547200662000000,78.923000000000002,-0.050171828000000,-0.107142823000000,78.973171829999998,0.423940703000000,0.483631005000000,1.572216528000000,1.652992640000000,-93.530833169999994,44.077494450000003,3,0
245,245,60.064999999999998,95.405000000000001,51.310000000000002,71.513715120000001,0.262868772000000,0.227310735000000,0.339285714000000,0.537812484000000,79.435000000000002,-0.054715156000000,-0.113990715000000,79.489715160000003,0.432285219000000,0.494103298000000,1.588362607000000,1.673914752000000,-93.530833169999994,44.077455450000002,3,0
246,246,59.119999999999997,94.558999999999997,50.804000000000002,70.752209149999999,0.264825677000000,0.230604051000000,0.344486027000000,0.537273025000000,79.194000000000003,-0.057662495000000,-0.114598280000000,79.251662499999995,0.437920278000000,0.497103670000000,1.599441813000000,1.682255690000000,-93.530833169999994,44.077416450000001,3,0
247,247,61.183999999999997,93.953000000000003,51.652999999999999,71.271033090000003,0.249611795000000,0.211226207000000,0.316657648000000,0.549774887000000,75.069000000000003,-0.040115093000000,-0.104641424000000,75.109115090000003,0.404409091000000,0.472728047000000,1.535581198000000,1.624659585000000,-93.530833169999994,44.077377450000000,3,0
248,248,62.648000000000003,94.850999999999999,52.365000000000002,72.257819249999997,0.245111005000000,0.204464790000000,0.306304335000000,0.552076415000000,74.688999999999993,-0.034040140000000,-0.102637899000000,74.723040139999995,0.392519950000000,0.465587829000000,1.514030775000000,1.607178505000000,-93.530833169999994,44.077338449999999,3,0
249,249,60.832000000000001,92.972999999999999,50.933999999999997,70.566241480000002,0.249166980000000,0.208972400000000,0.312439852000000,0.547836469000000,74.180000000000007,-0.038137336000000,-0.105819604000000,74.218137339999998,0.400457055000000,0.472268328000000,1.528356786000000,1.621463382000000,-93.530833169999994,44.077299449999998,3,0
250,250,57.347000000000001,90.093000000000004,48.462000000000003,67.710148189999998,0.260063987000000,0.222097124000000,0.330841197000000,0.537910825000000,74.376999999999995,-0.050061766000000,-0.113557799000000,74.427061769999995,0.423313412000000,0.489872231000000,1.571015049000000,1.661597253000000,-93.530833169999994,44.077260449999997,3,0
251,251,41.082999999999998,64.426000000000002,36.479999999999997,48.885283280000003,0.248475159000000,0.221241790000000,0.338162222000000,0.566231025000000,51.289000000000001,-0.048664333000000,-0.094049539000000,51.337664330000003,0.421835600000000,0.469429233000000,1.568191223000000,1.631489399000000,-93.531184170000003,44.076870450000001,2,0
252,252,50.438000000000002,80.347999999999999,44.098999999999997,60.400095890000003,0.259210212000000,0.228694203000000,0.345034434000000,0.548850002000000,66.159000000000006,-0.055664008000000,-0.106409355000000,66.214664010000007,0.434655473000000,0.487500385000000,1.593005274000000,1.665868857000000,-93.530833169999994,44.077221450000003,3,0
253,253,47.244000000000000,76.753000000000000,41.783000000000001,57.355144009999997,0.265856605000000,0.237981564000000,0.358929136000000,0.544382630000000,64.478999999999999,-0.064008927000000,-0.110126674000000,64.543008929999999,0.450451695000000,0.498031464000000,1.624608416000000,1.692439932000000,-93.530833169999994,44.077182450000002,3,0
254,254,43.037999999999997,71.388999999999996,39.085000000000001,53.154792790000002,0.269696444000000,0.247764951000000,0.376297417000000,0.547493311000000,60.655000000000001,-0.072540257000000,-0.108590859000000,60.727540259999998,0.466869937000000,0.503685802000000,1.658743436000000,1.712823416000000,-93.530833169999994,44.077143450000001,3,0
255,255,37.518000000000001,62.826000000000001,34.768000000000001,46.774353460000000,0.269609676000000,0.252212389000000,0.385933878000000,0.553401458000000,53.366000000000000,-0.076238972000000,-0.104733850000000,53.442238969999998,0.474256788000000,0.503220851000000,1.674556213000000,1.717547280000000,-93.530833169999994,44.077104450000000,1,0
256,256,36.786000000000001,62.347000000000001,34.037999999999997,46.184209600000003,0.275524504000000,0.257845521000000,0.392672248000000,0.545944472000000,53.869999999999997,-0.081448664000000,-0.110337836000000,53.951448659999997,0.483543016000000,0.512723869000000,1.694856739000000,1.739247012000000,-93.530833169999994,44.077065449999999,1,0
257,257,38.856999999999999,65.388999999999996,35.789999999999999,48.533534349999996,0.273243276000000,0.254513363000000,0.387577422000000,0.547339767000000,56.131000000000000,-0.078474107000000,-0.109136222000000,56.209474110000002,0.478059444000000,0.509145576000000,1.682811334000000,1.729521833000000,-93.530833169999994,44.077026449999998,1,0
258,258,38.720999999999997,64.893000000000001,36.795000000000002,48.525901380000001,0.264342286000000,0.252591349000000,0.391685000000000,0.567010309000000,54.270000000000003,-0.076089140000000,-0.095293037000000,54.346089139999997,0.474883966000000,0.494400468000000,1.675912296000000,1.704628796000000,-93.530833169999994,44.076987449999997,1,0
259,259,37.676000000000002,63.225999999999999,35.140999999999998,47.088207769999997,0.269158775000000,0.253215992000000,0.388528155000000,0.555799829000000,53.634999999999998,-0.077031527000000,-0.103118867000000,53.712031529999997,0.475916978000000,0.502406289000000,1.678150547000000,1.717530241000000,-93.530833169999994,44.076948450000003,1,0
260,260,44.930999999999997,68.415999999999997,40.040999999999997,52.608064960000000,0.233810030000000,0.207195603000000,0.320369410000000,0.585257834000000,51.859999999999999,-0.035938926000000,-0.080570840000000,51.895938930000000,0.397333664000000,0.444713262000000,1.522690347000000,1.582250728000000,-93.530833169999994,44.076909450000002,2,0
261,261,42.168999999999997,69.066999999999993,38.685000000000002,51.784824919999998,0.261566844000000,0.241810205000000,0.370746096000000,0.560108301000000,57.280000000000001,-0.066904570000000,-0.099439038000000,57.346904570000000,0.456904227000000,0.490340414000000,1.637861936000000,1.685576134000000,-93.530833169999994,44.076870450000001,3,0
262,262,41.054000000000002,61.703000000000003,35.790999999999997,47.517318969999998,0.232513196000000,0.200949814000000,0.308350506000000,0.580052834000000,46.561000000000000,-0.030512169000000,-0.083693738000000,46.591512170000001,0.386300494000000,0.443066728000000,1.502971696000000,1.573227357000000,-93.531184170000003,44.076831450000000,2,0
263,263,46.238999999999997,73.724000000000004,41.564000000000000,55.680156230000001,0.253537711000000,0.229112310000000,0.350578451000000,0.563778417000000,59.645000000000003,-0.055652615000000,-0.096172157000000,59.700652620000000,0.435370932000000,0.477545164000000,1.594411644000000,1.652020349000000,-93.530833169999994,44.076831450000000,3,0
264,264,63.874000000000002,96.430999999999997,54.265000000000001,73.764300000000006,0.240266108000000,0.203094102000000,0.307025651000000,0.562733976000000,74.722999999999999,-0.032657874000000,-0.095353498000000,74.755657869999993,0.390097758000000,0.456935963000000,1.509706610000000,1.593934206000000,-93.530794169999993,44.078001450000002,3,0
265,265,62.310000000000002,95.662000000000006,52.997999999999998,72.669439580000002,0.247906285000000,0.211126022000000,0.317716768000000,0.554013088000000,76.016000000000005,-0.039948808000000,-0.101743376000000,76.055948810000004,0.404233654000000,0.469659274000000,1.535259188000000,1.620283574000000,-93.530794169999993,44.077962450000001,3,0
266,266,63.598999999999997,98.480999999999995,55.073999999999998,74.780758750000004,0.248036498000000,0.215214709000000,0.325981721000000,0.559234776000000,78.289000000000001,-0.043482506000000,-0.098443501000000,78.332482510000006,0.411375582000000,0.469341834000000,1.548467743000000,1.624485667000000,-93.530794169999993,44.077923450000000,3,0
267,267,68.137000000000000,99.494000000000000,57.878000000000000,77.226009629999993,0.224530235000000,0.187059673000000,0.285705174000000,0.581723521000000,72.972999999999999,-0.018190848000000,-0.081880546000000,72.991190849999995,0.361470998000000,0.430221513000000,1.460205175000000,1.541748108000000,-93.530794169999993,44.077884449999999,3,0
268,268,64.927999999999997,98.197999999999993,55.633000000000003,75.174293210000002,0.239259584000000,0.203952773000000,0.309508526000000,0.566539033000000,75.834999999999994,-0.033364570000000,-0.092850123000000,75.868364569999997,0.391615615000000,0.454976527000000,1.512413751000000,1.592262863000000,-93.530794169999993,44.077845449999998,3,0
269,269,63.789000000000001,97.924999999999997,54.411000000000001,74.428711010000001,0.247253622000000,0.211088712000000,0.318127173000000,0.555639520000000,77.650000000000006,-0.039886177000000,-0.100634355000000,77.689886180000002,0.404168313000000,0.468485602000000,1.535139287000000,1.618618359000000,-93.530794169999993,44.077806449999997,3,0
270,270,62.697000000000003,96.951999999999998,53.463999999999999,73.459747269999994,0.250731298000000,0.214564451000000,0.322597354000000,0.551448139000000,77.742999999999995,-0.043057908000000,-0.103712115000000,77.786057909999997,0.410242210000000,0.474262030000000,1.546357880000000,1.630604817000000,-93.530794169999993,44.077767450000003,3,0
271,271,65.498999999999995,99.165999999999997,56.482999999999997,75.970046389999993,0.238359859000000,0.204457535000000,0.311207040000000,0.569580300000000,76.349999999999994,-0.033766527000000,-0.090843236000000,76.383766530000003,0.392507140000000,0.453269783000000,1.514007847000000,1.590543893000000,-93.530794169999993,44.077728450000002,3,0
272,272,63.773000000000003,97.944999999999993,55.308000000000000,74.652960239999999,0.243860546000000,0.211306101000000,0.321135232000000,0.564684262000000,76.808999999999997,-0.039915955000000,-0.094522315000000,76.848915950000006,0.404548981000000,0.462339192000000,1.535838051000000,1.610427227000000,-93.530794169999993,44.077689450000001,3,0
273,273,61.979999999999997,95.308000000000007,53.436999999999998,72.527347100000000,0.245721867000000,0.211891562000000,0.320921320000000,0.560676963000000,75.198999999999998,-0.040507771000000,-0.097265156000000,75.239507770000003,0.405573664000000,0.465614486000000,1.537721846000000,1.615571372000000,-93.530794169999993,44.077650450000000,3,0
274,274,60.820999999999998,94.909000000000006,52.299999999999997,71.745388520000006,0.253176382000000,0.218891671000000,0.329575558000000,0.551054168000000,76.697000000000003,-0.046914387000000,-0.104259001000000,76.743914390000000,0.417766654000000,0.478049401000000,1.560464313000000,1.640901882000000,-93.530794169999993,44.077611449999999,3,0
275,275,61.332000000000001,96.066999999999993,52.753000000000000,72.510600879999998,0.254879678000000,0.220681199000000,0.331928597000000,0.549127172000000,78.049000000000007,-0.048546766000000,-0.105698732000000,78.097546769999994,0.420866136000000,0.480846421000000,1.566343834000000,1.646943156000000,-93.530794169999993,44.077572449999998,3,0
276,276,61.731999999999999,96.640000000000001,52.935000000000002,72.920604420000004,0.255280941000000,0.220417751000000,0.331079223000000,0.547754553000000,78.613000000000000,-0.048342932000000,-0.106626851000000,78.661342930000004,0.420410294000000,0.481595226000000,1.565476576000000,1.647707536000000,-93.530794169999993,44.077533449999997,3,0
277,277,62.036999999999999,96.611999999999995,53.591999999999999,73.154107600000003,0.251236025000000,0.217933930000000,0.329107056000000,0.554713700000000,77.594999999999999,-0.045986402000000,-0.101691945000000,77.640986400000003,0.416104876000000,0.474713479000000,1.557328691000000,1.635093940000000,-93.530794169999993,44.077494450000003,3,0
278,278,59.597000000000001,94.120999999999995,50.652000000000001,70.654535490000001,0.261290960000000,0.224593086000000,0.334969825000000,0.538158328000000,77.992999999999995,-0.052283603000000,-0.113559720000000,78.045283600000005,0.427616326000000,0.491691872000000,1.579290904000000,1.667175009000000,-93.530794169999993,44.077455450000002,3,0
279,279,60.548000000000002,95.909000000000006,52.334000000000003,72.118985339999995,0.259061372000000,0.226010981000000,0.339607964000000,0.545663076000000,78.936000000000007,-0.053363411000000,-0.108440498000000,78.989363409999996,0.430054370000000,0.487563093000000,1.584015987000000,1.662814282000000,-93.530794169999993,44.077416450000001,3,0
280,280,61.746000000000002,94.721000000000004,52.591000000000001,71.996411109999997,0.247235655000000,0.210747314000000,0.317445801000000,0.555220067000000,75.105000000000004,-0.039589970000000,-0.100898315000000,75.144589969999998,0.403570284000000,0.468501446000000,1.534042691000000,1.618253965000000,-93.530794169999993,44.077377450000000,3,0
281,281,61.546999999999997,95.215999999999994,51.548999999999999,71.906001759999995,0.254790332000000,0.214776446000000,0.320004942000000,0.541390103000000,77.335999999999999,-0.043445409000000,-0.110638849000000,77.379445410000002,0.410611812000000,0.481535230000000,1.547045347000000,1.641117197000000,-93.530794169999993,44.077338449999999,3,0
282,282,59.448999999999998,93.369000000000000,49.079999999999998,69.906604750000000,0.264875519000000,0.221963381000000,0.326977578000000,0.525656267000000,78.209000000000003,-0.050225361000000,-0.122126024000000,78.259225360000002,0.423082446000000,0.498474474000000,1.570573096000000,1.674083337000000,-93.530794169999993,44.077299449999998,3,0
283,283,59.893999999999998,94.227999999999994,49.625999999999998,70.543006020000007,0.264907241000000,0.222771571000000,0.328567601000000,0.526658743000000,78.936000000000007,-0.050927616000000,-0.121481438000000,78.986927620000003,0.424477522000000,0.498397508000000,1.573246068000000,1.674920171000000,-93.530794169999993,44.077260449999997,3,0
284,284,59.180999999999997,93.930999999999997,50.418999999999997,70.397677720000004,0.263099152000000,0.226958044000000,0.338387232000000,0.536766350000000,78.262000000000000,-0.054427090000000,-0.114697024000000,78.316427090000005,0.431680258000000,0.494557929000000,1.587181697000000,1.674169688000000,-93.530794169999993,44.077221450000003,3,0
285,285,57.929000000000002,91.141999999999996,49.353999999999999,68.552778989999993,0.259010868000000,0.222799874000000,0.333072595000000,0.541506660000000,75.001000000000005,-0.050605518000000,-0.111106967000000,75.051605519999995,0.424526351000000,0.487899783000000,1.573339778000000,1.659550821000000,-93.530794169999993,44.077182450000002,3,0
286,286,56.622000000000000,90.072000000000003,50.110999999999997,67.897295940000006,0.255897127000000,0.228025686000000,0.346334241000000,0.556343814000000,73.411000000000001,-0.054882752000000,-0.101199665000000,73.465882750000006,0.433510675000000,0.481772732000000,1.590759775000000,1.656803342000000,-93.530794169999993,44.077143450000001,3,0
287,287,46.979999999999997,76.165000000000006,41.323000000000000,56.908751389999999,0.266077388000000,0.236997036000000,0.356688910000000,0.542545789000000,64.027000000000001,-0.063191624000000,-0.111345672000000,64.090191619999999,0.448786797000000,0.498517500000000,1.621221797000000,1.691989187000000,-93.530794169999993,44.077104450000000,3,0
288,288,45.505000000000003,74.579999999999998,40.103000000000002,55.501147240000002,0.270701288000000,0.242120165000000,0.363519292000000,0.537717887000000,63.552000000000000,-0.067876495000000,-0.115088521000000,63.619876499999997,0.457425077000000,0.505923555000000,1.638940776000000,1.709381706000000,-93.530794169999993,44.077065449999999,3,0
289,289,49.159999999999997,80.677999999999997,43.789000000000001,60.119663459999998,0.268995891000000,0.242748656000000,0.366279678000000,0.542762587000000,68.406999999999996,-0.068272792000000,-0.111580572000000,68.475272790000005,0.458480474000000,0.502940445000000,1.641131001000000,1.705593174000000,-93.530794169999993,44.077026449999998,3,0
290,290,50.908999999999999,82.718000000000004,45.740000000000002,61.984249089999999,0.262460652000000,0.238043210000000,0.361930661000000,0.552963079000000,68.787000000000006,-0.063809954000000,-0.104155168000000,68.850809949999999,0.450555865000000,0.492178177000000,1.624820759000000,1.683795824000000,-93.530794169999993,44.076987449999997,3,0
291,291,47.155999999999999,77.177000000000007,43.061999999999998,57.833996659999997,0.262237705000000,0.241456411000000,0.369393757000000,0.557964160000000,64.135999999999996,-0.066660295000000,-0.100900266000000,64.202660289999997,0.456309436000000,0.491510766000000,1.636631606000000,1.686884601000000,-93.530794169999993,44.076948450000003,3,0
292,292,54.593000000000004,80.438999999999993,46.874000000000002,62.311048370000002,0.226461339000000,0.191406481000000,0.293178157000000,0.582727284000000,59.411000000000001,-0.022037756000000,-0.081445362000000,59.433037759999998,0.369283722000000,0.433188208000000,1.473430660000000,1.550157940000000,-93.530794169999993,44.076909450000002,2,0
293,293,49.396000000000001,80.358000000000004,44.496000000000002,60.214248030000000,0.262458367000000,0.238620775000000,0.363156537000000,0.553722094000000,66.823999999999998,-0.064296126000000,-0.103664849000000,66.888296130000001,0.451531408000000,0.492122482000000,1.626811888000000,1.684402267000000,-93.530794169999993,44.076870450000001,3,0
294,294,57.000000000000000,89.465999999999994,50.637000000000000,67.865727539999995,0.248788250000000,0.221662365000000,0.338790971000000,0.565991550000000,71.295000000000002,-0.049040349000000,-0.094236009000000,71.344040350000000,0.422562460000000,0.469938782000000,1.569578947000000,1.632682202000000,-93.530794169999993,44.076831450000000,3,0
295,295,61.320999999999998,94.230999999999995,52.984999999999999,71.756896600000005,0.244926809000000,0.211569122000000,0.320863436000000,0.562288419000000,74.156000000000006,-0.040192388000000,-0.096155598000000,74.196192389999993,0.405009417000000,0.464225054000000,1.536684007000000,1.613301420000000,-93.530755170000006,44.078001450000002,3,0
296,296,61.386000000000003,93.727000000000004,52.204000000000001,71.363504070000005,0.245359482000000,0.208499610000000,0.314267945000000,0.556979312000000,73.864000000000004,-0.037558907000000,-0.099564435000000,73.901558910000006,0.399626617000000,0.465426231000000,1.526846512000000,1.611488130000000,-93.530755170000006,44.077962450000001,3,0
297,297,62.469000000000001,96.138999999999996,53.933999999999997,73.152716139999995,0.245803921000000,0.212284374000000,0.321665361000000,0.561000218000000,75.875000000000000,-0.040850279000000,-0.097069756000000,75.915850280000001,0.406260747000000,0.465710912000000,1.538987338000000,1.616147843000000,-93.530755170000006,44.077923450000000,3,0
298,298,65.474999999999994,96.741000000000000,56.591999999999999,74.940979380000002,0.226319843000000,0.192743009000000,0.296012270000000,0.584984650000000,71.415000000000006,-0.023198421000000,-0.080034551000000,71.438198420000006,0.371678222000000,0.432745024000000,1.477525773000000,1.551032078000000,-93.530755170000006,44.077884449999999,3,0
299,299,63.917999999999999,96.989000000000004,54.909999999999997,74.178804130000003,0.240244752000000,0.205528659000000,0.311999396000000,0.566146676000000,75.150000000000006,-0.034769272000000,-0.093203964000000,75.184769270000004,0.394397181000000,0.456554135000000,1.517397290000000,1.596128644000000,-93.530755170000006,44.077845449999998,3,0
300,300,60.878999999999998,92.634000000000000,52.334000000000003,70.772306619999995,0.241405651000000,0.206855445000000,0.313849712000000,0.564954552000000,72.055000000000007,-0.035965547000000,-0.094081527000000,72.090965550000007,0.396734930000000,0.458483108000000,1.521608436000000,1.600204693000000,-93.530755170000006,44.077806449999997,3,0
301,301,58.948999999999998,92.733000000000004,51.534999999999997,70.071987070000006,0.253360365000000,0.222729131000000,0.337344104000000,0.555735283000000,74.981999999999999,-0.050214303000000,-0.101290738000000,75.032214300000007,0.424404300000000,0.477898704000000,1.573105566000000,1.645115763000000,-93.530755170000006,44.077767450000003,3,0
302,302,61.344999999999999,94.378000000000000,53.517000000000003,71.959445059999993,0.243378192000000,0.212126661000000,0.323200204000000,0.567049524000000,73.894000000000005,-0.040599312000000,-0.092975530000000,73.934599309999996,0.405984926000000,0.461370870000000,1.538479094000000,1.610031254000000,-93.530755170000006,44.077728450000002,3,0
303,303,60.703000000000003,94.587999999999994,53.087000000000003,71.763438980000004,0.248826601000000,0.218203244000000,0.331542797000000,0.561244555000000,75.385999999999996,-0.046088359000000,-0.097256908000000,75.432088359999995,0.416572372000000,0.470387654000000,1.558209644000000,1.629347821000000,-93.530755170000006,44.077689450000001,3,0
304,304,61.551000000000002,94.512000000000000,53.902999999999999,72.172425840000002,0.241626653000000,0.211203168000000,0.322640955000000,0.570329694000000,73.569999999999993,-0.039723574000000,-0.090718497000000,73.609723570000000,0.404368749000000,0.458334393000000,1.535507140000000,1.604870614000000,-93.530755170000006,44.077650450000000,3,0
305,305,59.503000000000000,92.289000000000001,51.634999999999998,70.057214130000006,0.248346386000000,0.215992938000000,0.327346067000000,0.559492464000000,73.439999999999998,-0.044167195000000,-0.098315366000000,73.484167200000002,0.412730768000000,0.469798490000000,1.550997429000000,1.626005861000000,-93.530755170000006,44.077611449999999,3,0
306,306,58.323999999999998,93.637000000000000,50.521999999999998,70.052478489999999,0.264852087000000,0.232381993000000,0.348120545000000,0.539551673000000,78.427999999999997,-0.059182252000000,-0.113126534000000,78.487182250000004,0.440951966000000,0.496924862000000,1.605462588000000,1.684101734000000,-93.530755170000006,44.077572449999998,3,0
307,307,60.734000000000002,96.052000000000007,53.433999999999997,72.502408729999999,0.254466618000000,0.225262460000000,0.341725366000000,0.556302836000000,77.936000000000007,-0.052442203000000,-0.101057939000000,77.988442199999994,0.428767876000000,0.479561188000000,1.581519413000000,1.650418394000000,-93.530755170000006,44.077533449999997,3,0
308,308,60.603000000000002,95.096000000000004,53.085999999999999,71.958544130000007,0.251753153000000,0.221536426000000,0.336146492000000,0.558235888000000,76.503000000000000,-0.049102186000000,-0.099507149000000,76.552102189999999,0.422344848000000,0.475194025000000,1.569163243000000,1.639911187000000,-93.530755170000006,44.077494450000003,3,0
309,309,60.616000000000000,95.760000000000005,52.725999999999999,72.167185829999994,0.256437339000000,0.224740369000000,0.339064158000000,0.550605681000000,78.177999999999997,-0.052116192000000,-0.104942086000000,78.230116190000004,0.427869791000000,0.483093180000000,1.579780916000000,1.654871050000000,-93.530755170000006,44.077455450000002,3,0
310,310,58.878000000000000,93.867000000000004,51.090000000000003,70.445772700000006,0.261220952000000,0.229068055000000,0.344193596000000,0.544280738000000,77.766000000000005,-0.056113033000000,-0.109603356000000,77.822113029999997,0.435295223000000,0.490979959000000,1.594262713000000,1.671392306000000,-93.530755170000006,44.077416450000001,3,0
311,311,58.506999999999998,92.688000000000002,50.688000000000002,69.721846740000004,0.258616768000000,0.226072291000000,0.340085765000000,0.546866908000000,76.180999999999997,-0.053388349000000,-0.107610844000000,76.234388350000003,0.430159687000000,0.486772005000000,1.584220692000000,1.661737696000000,-93.530755170000006,44.077377450000000,3,0
312,312,56.502000000000002,90.397999999999996,48.442999999999998,67.604237190000006,0.265453680000000,0.230742001000000,0.344272119000000,0.535885750000000,75.850999999999999,-0.057822394000000,-0.115580287000000,75.908822389999997,0.438155770000000,0.498185854000000,1.599907968000000,1.684031925000000,-93.530755170000006,44.077338449999999,3,0
313,313,57.866000000000000,92.722999999999999,49.356000000000002,69.238822010000007,0.267278965000000,0.231471090000000,0.344324479000000,0.532295116000000,78.224000000000004,-0.058569107000000,-0.118155493000000,78.282569109999997,0.439399646000000,0.501285704000000,1.602374451000000,1.689541329000000,-93.530755170000006,44.077299449999998,3,0
314,314,56.991000000000000,91.968999999999994,47.780000000000001,68.286649359999998,0.274210364000000,0.234814715000000,0.345700731000000,0.519522883000000,79.167000000000002,-0.061917251000000,-0.127462641000000,79.228917249999995,0.445088181000000,0.512932589000000,1.613746030000000,1.711314030000000,-93.530755170000006,44.077260449999997,3,0
315,315,56.728000000000002,91.489000000000004,50.110999999999997,68.555124840000005,0.262714057000000,0.234527753000000,0.354320837000000,0.547727049000000,76.138999999999996,-0.060857771000000,-0.107567262000000,76.199857769999994,0.444600999000000,0.492961106000000,1.612766182000000,1.680769871000000,-93.530755170000006,44.077221450000003,3,0
316,316,57.101999999999997,90.546000000000006,49.496000000000002,68.090798539999994,0.258938441000000,0.226511704000000,0.340736816000000,0.546639277000000,74.494000000000000,-0.053784036000000,-0.107797346000000,74.547784039999996,0.430914252000000,0.487284071000000,1.585688767000000,1.662995197000000,-93.530755170000006,44.077182450000002,3,0
317,317,53.582999999999998,86.977999999999994,47.689000000000000,65.091092820000000,0.264086503000000,0.237583683000000,0.359580929000000,0.548288073000000,72.683999999999997,-0.063542098000000,-0.107375299000000,72.747542100000004,0.449779130000000,0.495020668000000,1.623238714000000,1.687466366000000,-93.530755170000006,44.077143450000001,3,0
318,318,45.570999999999998,74.509000000000000,40.060000000000002,55.477054480000000,0.270135394000000,0.240989340000000,0.361634591000000,0.537653169000000,63.387000000000000,-0.066876483000000,-0.115055576000000,63.453876479999998,0.455523747000000,0.505074327000000,1.635009107000000,1.706713883000000,-93.530755170000006,44.077104450000000,3,1
319,319,45.664000000000001,74.536000000000001,40.517000000000003,55.625064739999999,0.267333467000000,0.240199667000000,0.362335755000000,0.543589675000000,62.890999999999998,-0.065994263000000,-0.110829595000000,62.956994260000002,0.454194200000000,0.500345030000000,1.632270498000000,1.698584052000000,-93.530755170000006,44.077065449999999,3,0
320,320,49.088999999999999,81.951999999999998,44.616000000000000,60.872674990000000,0.272502125000000,0.250784106000000,0.380248771000000,0.544416244000000,70.198999999999998,-0.075302436000000,-0.110952595000000,70.274302440000000,0.471889803000000,0.508177699000000,1.669457516000000,1.723426335000000,-93.530755170000006,44.077026449999998,3,0
321,321,51.095999999999997,82.858999999999995,45.637000000000000,62.072943289999998,0.262849065000000,0.237116942000000,0.359643561000000,0.550779034000000,68.984999999999999,-0.063057374000000,-0.105612722000000,69.048057369999995,0.448989689000000,0.492933361000000,1.621633787000000,1.683809801000000,-93.530755170000006,44.076987449999997,3,0
322,322,47.207999999999998,77.131000000000000,42.354999999999997,57.653367780000004,0.265350149000000,0.240656592000000,0.364985851000000,0.549130700000000,64.698999999999998,-0.066227939000000,-0.106986454000000,64.765227940000003,0.454963691000000,0.496899276000000,1.633854431000000,1.693952762000000,-93.530755170000006,44.076948450000003,3,0
323,323,56.107999999999997,82.093000000000004,48.279000000000003,63.818049049999999,0.222654548000000,0.188023242000000,0.288972665000000,0.588101300000000,59.798999999999999,-0.018992921000000,-0.077769198000000,59.817992920000002,0.363206151000000,0.426585561000000,1.463124688000000,1.538208087000000,-93.530755170000006,44.076909450000002,2,0
324,324,51.249000000000002,81.751000000000005,45.183000000000000,61.512029960000000,0.258027038000000,0.229338346000000,0.347335937000000,0.552690487000000,67.069999999999993,-0.056135546000000,-0.103796658000000,67.126135550000001,0.435757554000000,0.485357802000000,1.595172589000000,1.663513075000000,-93.530755170000006,44.076870450000001,3,0
325,325,56.718000000000004,89.861000000000004,49.703000000000003,67.730640660000006,0.256169118000000,0.226110152000000,0.342117759000000,0.553109803000000,73.301000000000002,-0.053269276000000,-0.103304429000000,73.354269279999997,0.430224721000000,0.482459930000000,1.584347121000000,1.655556454000000,-93.530755170000006,44.076831450000000,3,0
326,326,56.631000000000000,88.442999999999998,50.392000000000003,67.252231870000003,0.246075327000000,0.219281194000000,0.335987833000000,0.569768099000000,69.863000000000000,-0.046860324000000,-0.091546356000000,69.909860320000007,0.418441926000000,0.465385454000000,1.561741802000000,1.623640525000000,-93.530716170000005,44.078001450000002,3,0
327,327,55.640999999999998,87.521000000000001,48.524999999999999,66.107291450000005,0.253846595000000,0.222684791000000,0.336866131000000,0.554438363000000,70.876000000000005,-0.050204761000000,-0.102176986000000,70.926204760000005,0.424327796000000,0.478763650000000,1.572958789000000,1.646293748000000,-93.530716170000005,44.077962450000001,3,0
328,328,57.500999999999998,90.271000000000001,49.832000000000001,68.162664919999997,0.254308294000000,0.221760550000000,0.334592608000000,0.552026675000000,73.209000000000003,-0.049440295000000,-0.103774215000000,73.258440289999996,0.422732091000000,0.479693745000000,1.569903132000000,1.646548371000000,-93.530716170000005,44.077923450000000,3,0
329,329,60.198999999999998,92.063000000000002,52.723999999999997,70.425695469999994,0.239701194000000,0.209270862000000,0.320118950000000,0.572694785000000,71.203000000000003,-0.037975276000000,-0.089027543000000,71.240975280000001,0.400981043000000,0.455096882000000,1.529311118000000,1.598344144000000,-93.530716170000005,44.077884449999999,3,0
330,330,56.542999999999999,87.787999999999997,50.033999999999999,66.851190340000002,0.244544626000000,0.216481560000000,0.331346702000000,0.569941222000000,68.998999999999995,-0.044389679000000,-0.091273635000000,69.043389680000004,0.413580952000000,0.462960381000000,1.552588296000000,1.617123336000000,-93.530716170000005,44.077845449999998,3,0
331,331,50.844000000000001,79.123000000000005,45.305999999999997,60.272146970000001,0.244091888000000,0.217586003000000,0.334026293000000,0.572602151000000,62.095999999999997,-0.045308747000000,-0.089543740000000,62.141308750000000,0.415500679000000,0.462040716000000,1.556191488000000,1.617115366000000,-93.530716170000005,44.077806449999997,3,0
332,332,49.738999999999997,80.284999999999997,45.332999999999998,60.483414349999997,0.256209856000000,0.234925860000000,0.360675869000000,0.564650931000000,65.498000000000005,-0.060735528000000,-0.095911769000000,65.558735530000007,0.445276821000000,0.481680762000000,1.614125736000000,1.664759356000000,-93.530716170000005,44.077767450000003,3,0
333,333,51.850000000000001,82.186000000000007,45.911999999999999,62.050712699999998,0.254106678000000,0.226327255000000,0.344242204000000,0.558635291000000,66.609999999999999,-0.053326517000000,-0.099524307000000,66.663326519999998,0.430597569000000,0.478813914000000,1.585072324000000,1.650589172000000,-93.530716170000005,44.077728450000002,3,0
334,334,55.331000000000003,88.438999999999993,48.981000000000002,66.538496730000006,0.258067499000000,0.230284482000000,0.349281035000000,0.553839370000000,72.566000000000003,-0.056941858000000,-0.103063538000000,72.622941859999997,0.437374578000000,0.485327695000000,1.598362582000000,1.664579778000000,-93.530716170000005,44.077689450000001,3,0
335,335,53.826000000000001,85.311000000000007,48.173000000000002,64.538988029999999,0.251715752000000,0.226287760000000,0.346125940000000,0.564675130000000,68.623000000000005,-0.053145054000000,-0.095396936000000,68.676145050000002,0.430529748000000,0.474626852000000,1.584940363000000,1.644597658000000,-93.530716170000005,44.077650450000000,3,0
336,336,51.176000000000002,81.784000000000006,45.170999999999999,61.503454840000003,0.258626859000000,0.230204573000000,0.348654159000000,0.552320747000000,67.221000000000004,-0.056910925000000,-0.104106528000000,67.277910930000004,0.437238087000000,0.486312078000000,1.598092856000000,1.665914924000000,-93.530716170000005,44.077611449999999,3,0
337,337,51.029000000000003,82.016000000000005,45.564999999999998,61.662393520000002,0.258753923000000,0.232906160000000,0.354218107000000,0.555562329000000,67.438000000000002,-0.059209451000000,-0.102037960000000,67.497209450000000,0.441844349000000,0.486257651000000,1.607242940000000,1.669015459000000,-93.530716170000005,44.077572449999998,3,0
338,338,56.018000000000001,90.718000000000004,49.295999999999999,67.818059210000001,0.265464690000000,0.236479119000000,0.356116585000000,0.543398223000000,76.122000000000000,-0.062708129000000,-0.110714577000000,76.184708130000004,0.447910045000000,0.497514631000000,1.619443750000000,1.689867559000000,-93.530716170000005,44.077533449999997,3,0
339,339,58.018000000000001,93.266999999999996,50.761000000000003,69.860577190000001,0.263296909000000,0.232997323000000,0.350652580000000,0.544254667000000,77.754999999999995,-0.059599299000000,-0.109883888000000,77.814599299999998,0.441999487000000,0.494141862000000,1.607552828000000,1.680699630000000,-93.530716170000005,44.077494450000003,3,0
340,340,56.493000000000002,91.826999999999998,48.780000000000001,68.320678610000002,0.271283058000000,0.238228155000000,0.354972875000000,0.531216309000000,78.381000000000000,-0.064621005000000,-0.119406393000000,78.445621000000003,0.450868336000000,0.507374571000000,1.625458021000000,1.706889687000000,-93.530716170000005,44.077455450000002,3,1
341,341,57.606999999999999,93.105999999999995,49.442999999999998,69.358738779999996,0.269936098000000,0.235540398000000,0.350538165000000,0.531039890000000,79.162000000000006,-0.062232459000000,-0.119335918000000,79.224232459999996,0.446319322000000,0.505380682000000,1.616227195000000,1.700606239000000,-93.530716170000005,44.077416450000001,3,0
342,342,55.945000000000000,90.313000000000002,48.835000000000001,67.505896579999998,0.265747742000000,0.234982018000000,0.352770906000000,0.540730570000000,75.846000000000004,-0.061457869000000,-0.112479689000000,75.907457870000002,0.445372124000000,0.498173109000000,1.614317633000000,1.689063625000000,-93.530716170000005,44.077377450000000,3,0
343,343,53.603000000000002,87.021000000000001,46.563000000000002,64.843527100000003,0.269415918000000,0.237640801000000,0.355280084000000,0.535077740000000,73.876000000000005,-0.063983076000000,-0.116636305000000,73.939983080000005,0.449875704000000,0.504216337000000,1.623435255000000,1.701364257000000,-93.530716170000005,44.077338449999999,3,0
344,344,51.792999999999999,84.212000000000003,44.722000000000001,62.647780160000003,0.271417194000000,0.238366237000000,0.355148275000000,0.531064456000000,71.909000000000006,-0.064748488000000,-0.119523923000000,71.973748490000006,0.451101575000000,0.507589397000000,1.625934007000000,1.707385601000000,-93.530716170000005,44.077299449999998,3,0
345,345,46.744000000000000,77.510999999999996,40.805000000000000,57.323656200000002,0.278157735000000,0.247611766000000,0.368687837000000,0.526441408000000,67.472999999999999,-0.073121289000000,-0.123494487000000,67.546121290000002,0.466614648000000,0.518052807000000,1.658202122000000,1.734956643000000,-93.530716170000005,44.077260449999997,3,0
346,346,46.069000000000003,76.896000000000001,41.697000000000003,57.078855939999997,0.273333941000000,0.250697353000000,0.379325196000000,0.542251873000000,66.025999999999996,-0.075302134000000,-0.112474038000000,66.101302129999993,0.471745873000000,0.509585065000000,1.669148451000000,1.725500890000000,-93.530716170000005,44.077221450000003,3,0
347,347,47.665999999999997,78.292000000000002,42.387999999999998,58.305023689999999,0.269747565000000,0.243144540000000,0.366471222000000,0.541409084000000,66.530000000000001,-0.068665724000000,-0.112558659000000,66.598665720000000,0.459144778000000,0.504186330000000,1.642512483000000,1.707970182000000,-93.530716170000005,44.077182450000002,3,0
348,348,48.023000000000003,79.757000000000005,43.901000000000003,59.426945009999997,0.268813783000000,0.248348724000000,0.378330691000000,0.550434445000000,67.590000000000003,-0.072953909000000,-0.106567413000000,67.662953909999999,0.467842298000000,0.502149250000000,1.660808363000000,1.711189694000000,-93.530716170000005,44.077143450000001,3,0
349,349,46.332999999999998,75.885999999999996,42.198999999999998,56.821907410000001,0.263166656000000,0.241803648000000,0.369320170000000,0.556084126000000,63.240000000000002,-0.067023075000000,-0.102223601000000,63.307023080000000,0.456893205000000,0.493068751000000,1.637839121000000,1.689612569000000,-93.530716170000005,44.077104450000000,3,0
350,350,41.631999999999998,70.381000000000000,38.484999999999999,52.178551820000003,0.274562091000000,0.256657709000000,0.390993907000000,0.546809508000000,60.645000000000003,-0.080374490000000,-0.109649298000000,60.725374490000000,0.481591458000000,0.511201151000000,1.690550538000000,1.735383142000000,-93.530716170000005,44.077065449999999,3,0
351,351,47.579000000000001,79.844999999999999,43.948999999999998,59.359076440000003,0.271326099000000,0.253217604000000,0.386534891000000,0.550428956000000,68.162000000000006,-0.077225701000000,-0.106880314000000,68.239225700000006,0.475919643000000,0.506028367000000,1.678156329000000,1.723096885000000,-93.530716170000005,44.077026449999998,3,0
352,352,50.545000000000002,83.430000000000007,46.338999999999999,62.350260210000002,0.265317884000000,0.245456242000000,0.375245333000000,0.555423708000000,69.975999999999999,-0.070249676000000,-0.102906042000000,70.046249680000003,0.463016321000000,0.496450016000000,1.650608369000000,1.699059730000000,-93.530716170000005,44.076987449999997,3,0
353,353,47.762000000000000,78.581000000000003,42.844000000000001,58.571297129999998,0.268622260000000,0.243931203000000,0.369094241000000,0.545220855000000,66.555999999999997,-0.069238180000000,-0.109933978000000,66.625238179999997,0.460463697000000,0.502191151000000,1.645261924000000,1.705886559000000,-93.530716170000005,44.076948450000003,3,0
354,354,53.508000000000003,79.219999999999999,46.079000000000001,61.270408040000000,0.228088533000000,0.193719486000000,0.296737412000000,0.581658672000000,58.853000000000002,-0.024097491000000,-0.082264117000000,58.877097489999997,0.373425350000000,0.435881178000000,1.480526276000000,1.556084005000000,-93.530716170000005,44.076909450000002,2,0
355,355,47.911999999999999,77.555999999999997,42.838000000000001,58.153782120000002,0.261780999000000,0.236267415000000,0.358755900000000,0.552349270000000,64.361999999999995,-0.062262783000000,-0.104469241000000,64.424262780000007,0.447551480000000,0.491172506000000,1.618717649000000,1.680195955000000,-93.530716170000005,44.076870450000001,3,0
356,356,53.085999999999999,84.591999999999999,47.106000000000002,63.751876039999999,0.256117843000000,0.228838304000000,0.347855849000000,0.556861169000000,68.992000000000004,-0.055587064000000,-0.100894017000000,69.047587059999998,0.434902103000000,0.482074159000000,1.593489809000000,1.658186013000000,-93.530716170000005,44.076831450000000,3,0
357,357,50.204999999999998,80.597999999999999,44.472000000000001,60.537422069999998,0.259968813000000,0.232357056000000,0.352051986000000,0.551775478000000,66.519000000000005,-0.058827557000000,-0.104619598000000,66.577827560000003,0.440909496000000,0.488422593000000,1.605377950000000,1.671526157000000,-93.530677170000004,44.078001450000002,3,0
358,358,50.993000000000002,81.457999999999998,44.558999999999997,61.158799569999999,0.260628008000000,0.230009588000000,0.346618577000000,0.547018095000000,67.364000000000004,-0.056877013000000,-0.107764533000000,67.420877009999998,0.436904977000000,0.489829727000000,1.597434942000000,1.670816276000000,-93.530677170000004,44.077962450000001,3,0
359,359,52.500000000000000,84.019000000000005,45.171999999999997,62.864807180000000,0.264822551000000,0.230876288000000,0.345046909000000,0.537640296000000,70.366000000000000,-0.057894998000000,-0.114360095000000,70.423895000000002,0.438384966000000,0.497062916000000,1.600361905000000,1.682518195000000,-93.530677170000004,44.077923450000000,3,0
360,360,53.811999999999998,85.727999999999994,47.737000000000002,64.611254169999995,0.256064907000000,0.228722947000000,0.347657484000000,0.556842572000000,69.906999999999996,-0.055485724000000,-0.100899737000000,69.962485720000004,0.434704672000000,0.481993534000000,1.593101910000000,1.657935207000000,-93.530677170000004,44.077884449999999,3,0
361,361,52.478999999999999,80.590000000000003,45.881000000000000,61.519264470000003,0.242043616000000,0.211251306000000,0.322418223000000,0.569313811000000,62.820000000000000,-0.039784297000000,-0.091403185000000,62.859784300000001,0.404453039000000,0.459078020000000,1.535661884000000,1.605931608000000,-93.530677170000004,44.077845449999998,3,0
362,362,42.253999999999998,66.986000000000004,37.783999999999999,50.662791630000001,0.252016261000000,0.226400586000000,0.346115092000000,0.564058161000000,53.933999999999997,-0.053259332000000,-0.095823811000000,53.987259330000001,0.430723481000000,0.475142288000000,1.585317366000000,1.645457473000000,-93.530677170000004,44.077806449999997,2,0
363,363,39.862000000000002,66.427000000000007,36.841999999999999,49.527293270000001,0.267944913000000,0.249931790000000,0.382521923000000,0.554623873000000,56.149999999999999,-0.074199160000000,-0.103738533000000,56.224199159999998,0.470474939000000,0.500574626000000,1.666424163000000,1.710722016000000,-93.530677170000004,44.077767450000003,3,0
364,364,42.470999999999997,70.453000000000003,37.838999999999999,52.278743200000001,0.273922320000000,0.247794977000000,0.372670973000000,0.537081459000000,60.595999999999997,-0.072919748000000,-0.115932954000000,60.668919750000001,0.466919971000000,0.510839410000000,1.658849568000000,1.723883443000000,-93.530677170000004,44.077728450000002,3,0
365,365,51.417000000000002,83.147000000000006,45.262000000000000,62.198017499999999,0.264722994000000,0.235798579000000,0.355311191000000,0.544361192000000,69.614999999999995,-0.062077786000000,-0.109996330000000,69.677077789999998,0.446757034000000,0.496305180000000,1.617111072000000,1.687248526000000,-93.530677170000004,44.077689450000001,3,0
366,366,46.665999999999997,76.352000000000004,41.597999999999999,56.972908949999997,0.267421400000000,0.241314279000000,0.364603292000000,0.544818734000000,64.439999999999998,-0.066941245000000,-0.110042766000000,64.506941249999997,0.456070402000000,0.500385486000000,1.636137659000000,1.699988200000000,-93.530677170000004,44.077650450000000,3,0
367,367,42.389000000000003,70.207999999999998,37.320000000000000,52.021703760000001,0.275784214000000,0.247066973000000,0.369555110000000,0.531563355000000,60.707000000000001,-0.072462763000000,-0.119799622000000,60.779462760000001,0.465706263000000,0.514075213000000,1.656278752000000,1.728033557000000,-93.530677170000004,44.077611449999999,3,0
368,368,41.844000000000001,67.873000000000005,35.975999999999999,50.503917479999998,0.271232312000000,0.237237620000000,0.352978669000000,0.530048768000000,57.926000000000002,-0.063773826000000,-0.120160886000000,57.989773829999997,0.449193852000000,0.507411900000000,1.622048561000000,1.705750151000000,-93.530677170000004,44.077572449999998,3,0
369,369,55.924999999999997,89.885999999999996,49.255000000000003,67.412050469999997,0.261770403000000,0.232911097000000,0.351723352000000,0.547971875000000,74.591999999999999,-0.059420914000000,-0.107291891000000,74.651420909999999,0.441852752000000,0.491496064000000,1.607259723000000,1.676690484000000,-93.530677170000004,44.077533449999997,3,0
370,370,58.308000000000000,93.025999999999996,50.816000000000003,69.847274810000002,0.260617394000000,0.229413086000000,0.345390875000000,0.546255885000000,76.927999999999997,-0.056368044000000,-0.108254267000000,76.984368040000007,0.435885367000000,0.489880992000000,1.595424299000000,1.670188603000000,-93.530677170000004,44.077494450000003,3,0
371,371,57.293999999999997,92.515000000000001,48.433000000000000,68.768653590000000,0.272746658000000,0.235106035000000,0.347429372000000,0.523515106000000,79.302999999999997,-0.062062530000000,-0.124639582000000,79.365062530000003,0.445582562000000,0.510334632000000,1.614741509000000,1.707659497000000,-93.530677170000004,44.077455450000002,3,0
372,372,57.244000000000000,92.408000000000001,47.906999999999996,68.583755729999993,0.274738160000000,0.234971801000000,0.345609121000000,0.518429140000000,79.665000000000006,-0.062089806000000,-0.128256369000000,79.727089809999995,0.445354787000000,0.513831052000000,1.614282720000000,1.712895309000000,-93.530677170000004,44.077416450000001,3,0
373,373,56.802000000000000,90.924000000000007,48.725000000000001,67.989623240000000,0.265579817000000,0.230981682000000,0.344663185000000,0.535887115000000,76.320999999999998,-0.058035846000000,-0.115596256000000,76.379035849999994,0.438564819000000,0.498375213000000,1.600718285000000,1.684599349000000,-93.530677170000004,44.077377450000000,3,0
374,374,52.453000000000003,85.546000000000006,45.070999999999998,63.510708719999997,0.273877952000000,0.239806086000000,0.356114411000000,0.526862741000000,73.567999999999998,-0.066159393000000,-0.122612116000000,73.634159389999994,0.453530984000000,0.511660056000000,1.630907670000000,1.715398912000000,-93.530677170000004,44.077338449999999,3,0
375,375,45.076000000000001,75.891999999999996,39.713000000000001,55.882507130000000,0.283189544000000,0.254745057000000,0.379250508000000,0.523283086000000,66.995000000000005,-0.079571325000000,-0.126298691000000,67.074571320000004,0.478441623000000,0.525781565000000,1.683645399000000,1.756183322000000,-93.530677170000004,44.077299449999998,3,0
376,376,38.377000000000002,65.563000000000002,35.497000000000000,48.412595150000001,0.279278049000000,0.261554743000000,0.397206435000000,0.541418178000000,57.252000000000002,-0.084878476000000,-0.113794760000000,57.336878480000003,0.489614524000000,0.518699016000000,1.708393048000000,1.753354072000000,-93.530677170000004,44.077260449999997,1,0
377,377,37.506999999999998,64.393000000000001,35.082999999999998,47.553655259999999,0.279060067000000,0.263846909000000,0.402382627000000,0.544826301000000,56.195999999999998,-0.086749451000000,-0.111523328000000,56.282749449999997,0.493349217000000,0.518205115000000,1.716826192000000,1.755450254000000,-93.530677170000004,44.077221450000003,1,0
378,378,39.289000000000001,66.420000000000002,36.409999999999997,49.264355000000002,0.274006301000000,0.256657427000000,0.391506371000000,0.548178260000000,57.140999999999998,-0.080322828000000,-0.108683568000000,57.221322829999998,0.481590994000000,0.510276984000000,1.690549518000000,1.733938321000000,-93.530677170000004,44.077182450000002,1,0
379,379,43.802999999999997,72.947000000000003,40.651000000000003,54.444073500000002,0.266726865000000,0.249627409000000,0.382974809000000,0.557267605000000,61.439999999999998,-0.073841971000000,-0.101877371000000,61.513841970000001,0.469969229000000,0.498546695000000,1.665342556000000,1.707275639000000,-93.530677170000004,44.077143450000001,3,0
380,380,45.700000000000003,75.881000000000000,42.183000000000000,56.644569169999997,0.266556782000000,0.248237800000000,0.380122925000000,0.555909912000000,63.878999999999998,-0.072671649000000,-0.102738087000000,63.951671650000002,0.467657601000000,0.498349976000000,1.660415755000000,1.705289685000000,-93.530677170000004,44.077104450000000,3,0
381,381,39.951000000000001,67.120999999999995,36.835000000000001,49.860232209999999,0.272267187000000,0.253754483000000,0.386833151000000,0.548785030000000,57.456000000000003,-0.077755773000000,-0.108069795000000,57.533755769999999,0.476806742000000,0.507566175000000,1.680083102000000,1.726134640000000,-93.530677170000004,44.077065449999999,1,0
382,382,44.405999999999999,73.992999999999995,40.677999999999997,55.080415660000000,0.269884584000000,0.249892313000000,0.380682184000000,0.549754707000000,62.902000000000001,-0.074332556000000,-0.107141824000000,62.976332560000003,0.470409364000000,0.503840122000000,1.666283836000000,1.715656374000000,-93.530677170000004,44.077026449999998,3,0
383,383,49.363000000000000,80.801000000000002,44.932000000000002,60.510032209999999,0.263023795000000,0.241526075000000,0.368852074000000,0.556082227000000,67.307000000000002,-0.066779367000000,-0.102207932000000,67.373779369999994,0.456426576000000,0.492846891000000,1.636873772000000,1.688950183000000,-93.530677170000004,44.076987449999997,3,0
384,384,49.707999999999998,81.334999999999994,44.173000000000002,60.656193469999998,0.268129923000000,0.241348260000000,0.364072752000000,0.543099527000000,68.789000000000001,-0.067024701000000,-0.111250114000000,68.856024700000006,0.456127554000000,0.501596149000000,1.636255733000000,1.701860230000000,-93.530677170000004,44.076948450000003,3,0
385,385,53.356999999999999,78.673000000000002,45.079999999999998,60.741574940000000,0.230308504000000,0.191744301000000,0.291155837000000,0.573004716000000,58.908999999999999,-0.022433516000000,-0.087860652000000,58.931433519999999,0.369889297000000,0.440280007000000,1.474464456000000,1.559597046000000,-93.530677170000004,44.076909450000002,2,0
386,386,45.314000000000000,74.462999999999994,41.042000000000002,55.625362109999998,0.265936196000000,0.243360578000000,0.370216549000000,0.551173066000000,62.570000000000000,-0.068545383000000,-0.105735019000000,62.638545379999996,0.459507136000000,0.497664047000000,1.643266982000000,1.698354798000000,-93.530677170000004,44.076870450000001,3,0
387,387,47.847000000000001,77.099999999999994,42.677999999999997,57.894032780000003,0.260190009000000,0.234123268000000,0.355577435000000,0.553540856000000,63.674999999999997,-0.060338255000000,-0.103509620000000,63.735338259999999,0.443913967000000,0.488628653000000,1.611386294000000,1.673914737000000,-93.530677170000004,44.076831450000000,3,0
388,388,48.798999999999999,79.242999999999995,44.009000000000000,59.435083720000002,0.261359205000000,0.237765733000000,0.362286245000000,0.555367667000000,65.677999999999997,-0.063495126000000,-0.102471941000000,65.741495130000004,0.450086908000000,0.490309031000000,1.623865243000000,1.680705046000000,-93.530638170000003,44.078001450000002,3,0
389,389,47.622000000000000,77.406000000000006,42.481000000000002,57.919999660000002,0.264210032000000,0.238218639000000,0.360812628000000,0.548807586000000,64.709000000000003,-0.064087303000000,-0.107054546000000,64.773087300000000,0.450852260000000,0.495171277000000,1.625425224000000,1.688449557000000,-93.530638170000003,44.077962450000001,3,0
390,390,50.454000000000001,80.834999999999994,43.984999999999999,60.593133729999998,0.262509322000000,0.231405525000000,0.347990928000000,0.544133111000000,67.230999999999995,-0.058191175000000,-0.109862273000000,67.289191169999995,0.439287838000000,0.492953669000000,1.602152456000000,1.677056310000000,-93.530638170000003,44.077923450000000,3,0
391,391,50.298000000000002,80.905000000000001,44.081000000000003,60.604296849999997,0.263208022000000,0.233279727000000,0.351311953000000,0.544848897000000,67.430999999999997,-0.059833185000000,-0.109488601000000,67.490833190000004,0.442479947000000,0.493955167000000,1.608513261000000,1.680758458000000,-93.530638170000003,44.077884449999999,3,0
392,392,50.694000000000003,77.765000000000001,45.094000000000001,59.583962319999998,0.237714768000000,0.210736500000000,0.324728603000000,0.579875265000000,59.741999999999997,-0.039143086000000,-0.084316606000000,59.781143090000000,0.403551336000000,0.451364904000000,1.534007969000000,1.594985001000000,-93.530638170000003,44.077845449999998,2,0
393,393,40.143999999999998,64.180000000000007,37.225999999999999,48.704511130000000,0.247849123000000,0.230397607000000,0.358222302000000,0.580024930000000,50.990000000000002,-0.056364535000000,-0.085225009000000,51.046364539999999,0.437567779000000,0.467566493000000,1.598744520000000,1.639430087000000,-93.530638170000003,44.077806449999997,2,0
394,394,38.877000000000002,63.606999999999999,35.106999999999999,47.573707820000003,0.264565254000000,0.241305960000000,0.367039197000000,0.551936108000000,53.229999999999997,-0.066713666000000,-0.105073733000000,53.296713670000003,0.456056409000000,0.495498362000000,1.636108753000000,1.692636663000000,-93.530638170000003,44.077767450000003,3,0
395,395,42.402000000000001,69.355999999999995,37.558999999999997,51.700621599999998,0.268670572000000,0.241181839000000,0.363266351000000,0.541539304000000,58.750999999999998,-0.066926070000000,-0.112334162000000,58.817926069999999,0.455847624000000,0.502539859000000,1.635677562000000,1.703089922000000,-93.530638170000003,44.077728450000002,3,0
396,396,51.021999999999998,80.736999999999995,44.773000000000003,60.899724089999999,0.255293098000000,0.225525391000000,0.341606695000000,0.554553674000000,65.679000000000002,-0.052716788000000,-0.102274942000000,65.731716789999993,0.429219926000000,0.480985701000000,1.582395829000000,1.652760698000000,-93.530638170000003,44.077689450000001,3,0
397,397,48.454000000000001,76.537999999999997,42.747000000000000,57.830676889999999,0.253298509000000,0.224686380000000,0.341467566000000,0.558506885000000,61.875000000000000,-0.051880600000000,-0.099512934000000,61.926880599999997,0.427776885000000,0.477569099000000,1.579601271000000,1.646913026000000,-93.530638170000003,44.077650450000000,3,0
398,398,42.520000000000003,68.802000000000007,37.546999999999997,51.482821770000001,0.264330113000000,0.236089901000000,0.356245341000000,0.545725415000000,57.536999999999999,-0.062296381000000,-0.109063673000000,57.599296379999998,0.447250743000000,0.495594136000000,1.618109125000000,1.686536736000000,-93.530638170000003,44.077611449999999,3,0
399,399,39.962000000000003,65.498000000000005,35.152999999999999,48.726046619999998,0.271120901000000,0.242139200000000,0.363207078000000,0.536703411000000,55.881000000000000,-0.067925441000000,-0.115805793000000,55.948925439999996,0.457457055000000,0.506640779000000,1.639007057000000,1.710503113000000,-93.530638170000003,44.077572449999998,3,0
400,400,55.033999999999999,87.228999999999999,47.866000000000000,65.647527380000000,0.257998688000000,0.226306208000000,0.341059568000000,0.548739525000000,71.558000000000007,-0.053549958000000,-0.106330965000000,71.611549960000005,0.430561427000000,0.485655110000000,1.585001999000000,1.660393128000000,-93.530638170000003,44.077533449999997,3,0
401,401,58.292999999999999,91.280000000000001,50.685000000000002,69.038833210000007,0.252392484000000,0.220541140000000,0.333579403000000,0.555269500000000,73.581999999999994,-0.048286710000000,-0.101474098000000,73.630286709999993,0.420623814000000,0.476445395000000,1.565882696000000,1.640531717000000,-93.530638170000003,44.077494450000003,3,0
402,402,57.865000000000002,91.739000000000004,49.167000000000002,68.755111889999995,0.263144126000000,0.226424427000000,0.337266147000000,0.535944364000000,76.445999999999998,-0.053971656000000,-0.115234114000000,76.499971660000000,0.430764415000000,0.494711826000000,1.585397045000000,1.673767816000000,-93.530638170000003,44.077455450000002,3,0
403,403,40.216999999999999,62.436000000000000,34.162999999999997,47.197357810000000,0.253407745000000,0.216447644000000,0.324412323000000,0.547168300000000,50.491999999999997,-0.044820781000000,-0.106769676000000,50.536820779999999,0.413521957000000,0.478799500000000,1.552477808000000,1.639153680000000,-93.531145170000002,44.077494450000003,2,0
404,404,56.869000000000000,90.310000000000002,48.238000000000000,67.618744699999993,0.264283739000000,0.227213121000000,0.337989307000000,0.534137969000000,75.513000000000005,-0.054720930000000,-0.116554854000000,75.567720929999993,0.432117814000000,0.496612377000000,1.588035661000000,1.677510272000000,-93.530638170000003,44.077416450000001,3,0
405,405,56.813000000000002,89.483000000000004,49.188000000000002,67.464518089999999,0.256047191000000,0.223314376000000,0.336429542000000,0.549691003000000,72.965000000000003,-0.050872706000000,-0.105480755000000,73.015872709999996,0.425413666000000,0.482579346000000,1.575044444000000,1.652474639000000,-93.530638170000003,44.077377450000000,3,0
406,406,53.808999999999997,85.346999999999994,45.591000000000001,63.921978930000002,0.263959955000000,0.226637730000000,0.337070486000000,0.534183978000000,71.293999999999997,-0.054206022000000,-0.116481458000000,71.348206020000006,0.431130584000000,0.496122754000000,1.586110130000000,1.676105230000000,-93.530638170000003,44.077338449999999,3,0
407,407,48.451999999999998,78.236000000000004,42.094999999999999,58.425043219999999,0.266882305000000,0.235097247000000,0.352085870000000,0.538051536000000,65.924999999999997,-0.061636539000000,-0.114365783000000,65.986636540000006,0.445567651000000,0.500129336000000,1.614711467000000,1.692134840000000,-93.530638170000003,44.077299449999998,3,0
408,408,38.241000000000000,64.950000000000003,35.371000000000002,48.069339579999998,0.276583199000000,0.258830712000000,0.393821881000000,0.544588145000000,56.287999999999997,-0.082364573000000,-0.111362423000000,56.370364570000000,0.485159003000000,0.514416771000000,1.698438848000000,1.743141283000000,-93.530638170000003,44.077260449999997,1,0
409,409,38.052999999999997,64.286000000000001,36.225000000000001,47.933882349999998,0.267655903000000,0.256334340000000,0.396784342000000,0.563497496000000,54.293999999999997,-0.079470858000000,-0.097940302000000,54.373470859999998,0.481059558000000,0.499753230000000,1.689380601000000,1.717304119000000,-93.530638170000003,44.077221450000003,1,0
410,410,39.216999999999999,64.831000000000003,35.951999999999998,48.420305499999998,0.266038832000000,0.246174842000000,0.376145442000000,0.554549521000000,54.493000000000002,-0.070908571000000,-0.103558571000000,54.563908570000002,0.464217171000000,0.497618898000000,1.653135120000000,1.701686446000000,-93.530638170000003,44.077182450000002,3,0
411,411,42.478999999999999,70.872000000000000,39.664999999999999,52.916972860000001,0.266204531000000,0.250487424000000,0.385324214000000,0.559670956000000,59.600000000000001,-0.074511162000000,-0.100257489000000,59.674511160000002,0.471397507000000,0.497618566000000,1.668400857000000,1.706918389000000,-93.530638170000003,44.077143450000001,3,0
412,412,44.582000000000001,74.421000000000006,42.061000000000000,55.663176600000000,0.264131473000000,0.250741578000000,0.387811598000000,0.565176496000000,62.198999999999998,-0.074543039000000,-0.096456067000000,62.273543040000000,0.471819248000000,0.494132089000000,1.669305998000000,1.701978926000000,-93.530638170000003,44.077104450000000,3,0
413,413,39.185000000000002,66.378000000000000,36.902000000000001,49.339844319999997,0.271347376000000,0.257599727000000,0.396047247000000,0.555937208000000,56.668999999999997,-0.080854947000000,-0.103289931000000,56.749854950000000,0.483139469000000,0.505812010000000,1.693964527000000,1.728166586000000,-93.530638170000003,44.077065449999999,1,0
414,414,40.469000000000001,63.029000000000003,34.936999999999998,47.717881939999998,0.251419608000000,0.217975227000000,0.329050043000000,0.554300401000000,50.652000000000001,-0.046031712000000,-0.101977101000000,50.698031710000002,0.416176573000000,0.475035691000000,1.557463738000000,1.635594416000000,-93.531145170000002,44.077455450000002,2,0
415,415,42.945999999999998,71.311000000000007,39.747000000000000,53.258619480000000,0.265978741000000,0.248256124000000,0.380687156000000,0.557375440000000,59.929000000000002,-0.072638373000000,-0.101719436000000,60.001638370000002,0.467688114000000,0.497374555000000,1.660480604000000,1.703839658000000,-93.530638170000003,44.077026449999998,3,0
416,416,48.098999999999997,78.253000000000000,43.777000000000001,58.746550360000001,0.260204041000000,0.238650753000000,0.365171057000000,0.559429031000000,64.629999999999995,-0.064153672000000,-0.099719625000000,64.694153670000006,0.451582022000000,0.488251674000000,1.626915320000000,1.678731872000000,-93.530638170000003,44.076987449999997,3,0
417,417,51.210999999999999,82.028000000000006,45.055000000000000,61.593052450000002,0.260408264000000,0.231291138000000,0.349462488000000,0.549263666000000,67.790000000000006,-0.057952595000000,-0.106290733000000,67.847952599999999,0.439092751000000,0.489301457000000,1.601765246000000,1.671554010000000,-93.530638170000003,44.076948450000003,3,0
418,418,53.603999999999999,79.486999999999995,45.799999999999997,61.343872240000003,0.230553685000000,0.194475960000000,0.296513959000000,0.576194849000000,59.570000000000000,-0.024827409000000,-0.085901471000000,59.594827410000001,0.374777498000000,0.440329589000000,1.482855757000000,1.562619971000000,-93.530638170000003,44.076909450000002,2,0
419,419,44.448000000000000,72.353999999999999,40.904000000000003,54.417715360000003,0.258002260000000,0.238917142000000,0.367677673000000,0.565331564000000,59.356000000000002,-0.064213156000000,-0.095674229000000,59.420213160000003,0.452031682000000,0.484460841000000,1.627834773000000,1.673505359000000,-93.530638170000003,44.076870450000001,3,0
420,420,49.405000000000001,77.346999999999994,44.402999999999999,58.864360589999997,0.245012113000000,0.220446226000000,0.339311953000000,0.574075271000000,60.886000000000003,-0.047792936000000,-0.088707896000000,60.933792939999996,0.420459572000000,0.463392178000000,1.565570286000000,1.622220856000000,-93.530638170000003,44.076831450000000,2,0
421,421,46.293999999999997,75.117000000000004,41.674999999999997,56.339754319999997,0.261394693000000,0.237400236000000,0.361480385000000,0.554801177000000,62.265000000000001,-0.063189973000000,-0.102841446000000,62.328189969999997,0.449468910000000,0.490402388000000,1.622607681000000,1.680407756000000,-93.530599170000002,44.078001450000002,3,0
422,422,43.515000000000001,71.849999999999994,39.526000000000003,53.598141759999997,0.267525503000000,0.245611754000000,0.373620433000000,0.550118302000000,60.658999999999999,-0.070559297000000,-0.106614329000000,60.729559299999998,0.463276303000000,0.500181683000000,1.651154774000000,1.704875121000000,-93.530599170000002,44.077962450000001,3,0
423,423,40.664000000000001,67.697000000000003,36.572000000000003,50.245914890000002,0.273517378000000,0.249471673000000,0.376561869000000,0.540230734000000,58.158000000000001,-0.074292259000000,-0.113819489000000,58.232292260000001,0.469710396000000,0.509999294000000,1.664789494000000,1.724637274000000,-93.530599170000002,44.077923450000000,3,0
424,424,40.113999999999997,66.343000000000004,36.588000000000001,49.494809119999999,0.267369668000000,0.246381168000000,0.375402539000000,0.551497520000000,55.984000000000002,-0.071190185000000,-0.105699605000000,56.055190179999997,0.464561729000000,0.499856924000000,1.653861495000000,1.705316197000000,-93.530599170000002,44.077884449999999,3,0
425,425,40.463999999999999,62.155000000000001,34.116999999999997,47.132964440000002,0.250031424000000,0.211374112000000,0.316647689000000,0.548901939000000,49.728999999999999,-0.040262989000000,-0.105248069000000,49.769262990000001,0.404668054000000,0.473464924000000,1.536056742000000,1.625855277000000,-93.531145170000002,44.077416450000001,2,0
426,426,40.878999999999998,66.319000000000003,37.688000000000002,49.965614000000002,0.256011932000000,0.237317860000000,0.365990505000000,0.568283599000000,54.070999999999998,-0.062727938000000,-0.093561835000000,54.133727940000000,0.449329583000000,0.481163591000000,1.622324421000000,1.666831365000000,-93.530599170000002,44.077845449999998,3,0
427,427,35.944000000000003,59.718000000000004,34.000000000000000,44.774288230000003,0.261336994000000,0.248520834000000,0.385553501000000,0.569342577000000,49.491999999999997,-0.072468418000000,-0.093458376000000,49.564468419999997,0.468128813000000,0.489552896000000,1.661417761000000,1.692466038000000,-93.530599170000002,44.077806449999997,1,0
428,428,35.485999999999997,59.606999999999999,32.606999999999999,44.254819300000001,0.272926265000000,0.253656946000000,0.386022469000000,0.547033067000000,51.121000000000002,-0.077733751000000,-0.109296789000000,51.198733750000002,0.476645633000000,0.508674835000000,1.679732852000000,1.727733294000000,-93.530599170000002,44.077767450000003,1,0
429,429,39.036000000000001,64.616000000000000,33.884000000000000,47.774338329999999,0.278562666000000,0.246787327000000,0.366643734000000,0.524390244000000,56.311999999999998,-0.072458120000000,-0.124901117000000,56.384458119999998,0.465239702000000,0.518838021000000,1.655292550000000,1.735179797000000,-93.530599170000002,44.077728450000002,1,0
430,430,47.619000000000000,76.715000000000003,41.152000000000001,57.289462350000001,0.266964216000000,0.234014831000000,0.349787214000000,0.536427035000000,64.659000000000006,-0.060720544000000,-0.115430913000000,64.719720539999997,0.443729718000000,0.500404086000000,1.611016611000000,1.691253325000000,-93.530599170000002,44.077689450000001,3,0
431,431,48.087000000000003,75.480000000000004,41.261000000000003,56.897744799999998,0.256387636000000,0.221685401000000,0.332818993000000,0.546648119000000,61.612000000000002,-0.049495231000000,-0.107473245000000,61.661495230000000,0.422602261000000,0.483393363000000,1.569655000000000,1.651751424000000,-93.530599170000002,44.077650450000000,3,0
432,432,41.234000000000002,67.170000000000002,35.249000000000002,49.848248570000003,0.274434004000000,0.239253164000000,0.354534892000000,0.524772964000000,57.856999999999999,-0.065730615000000,-0.124058669000000,57.922730610000002,0.452598642000000,0.512693239000000,1.628995489000000,1.716327130000000,-93.530599170000002,44.077611449999999,3,0
433,433,38.587000000000003,65.379000000000005,35.097999999999999,48.288162159999999,0.279163385000000,0.257699633000000,0.389034094000000,0.536839046000000,57.073000000000000,-0.081668872000000,-0.116793706000000,57.154668870000002,0.483303513000000,0.518781651000000,1.694327105000000,1.748650786000000,-93.530599170000002,44.077572449999998,1,0
434,434,44.936000000000000,72.969999999999999,39.174999999999997,54.401426520000001,0.268762144000000,0.237765678000000,0.356073211000000,0.536864465000000,61.829000000000001,-0.064040845000000,-0.115386329000000,61.893040849999998,0.450086815000000,0.503071106000000,1.623865053000000,1.699776715000000,-93.530599170000002,44.077533449999997,3,0
435,435,48.616999999999997,76.548000000000002,41.725999999999999,57.631785409999999,0.257777102000000,0.223153437000000,0.334747540000000,0.545095888000000,62.753000000000000,-0.050836774000000,-0.108643366000000,62.803836769999997,0.425136175000000,0.485663217000000,1.574510974000000,1.656726042000000,-93.530599170000002,44.077494450000003,3,0
436,436,41.313000000000002,63.539000000000001,34.994000000000000,48.195949089999999,0.249630012000000,0.211974974000000,0.318159695000000,0.550748359000000,50.771000000000001,-0.040764841000000,-0.104024427000000,50.811764840000002,0.405719592000000,0.472649856000000,1.537990463000000,1.625401514000000,-93.531145170000002,44.077377450000000,2,0
437,437,48.298999999999999,77.433999999999997,40.814000000000000,57.719437380000002,0.269508691000000,0.231721187000000,0.343091652000000,0.527081127000000,65.754999999999995,-0.058934715000000,-0.121853891000000,65.813934720000006,0.439826043000000,0.505158473000000,1.603221599000000,1.695686275000000,-93.530599170000002,44.077455450000002,3,0
438,438,51.621000000000002,83.093000000000004,43.259000000000000,61.753583890000002,0.273133997000000,0.233620856000000,0.344125526000000,0.520609438000000,71.305999999999997,-0.060815966000000,-0.126594483000000,71.366815970000005,0.443060068000000,0.511229970000000,1.609674357000000,1.707244628000000,-93.530599170000002,44.077416450000001,3,0
439,439,53.213999999999999,85.369000000000000,46.246000000000002,63.922579399999996,0.263799140000000,0.232027016000000,0.348235269000000,0.541718891000000,71.278000000000006,-0.058807871000000,-0.111587467000000,71.336807870000001,0.440347261000000,0.495130797000000,1.604258278000000,1.681013554000000,-93.530599170000002,44.077377450000000,3,0
440,440,51.706000000000003,82.859999999999999,44.414000000000001,61.945926510000000,0.265811182000000,0.231514647000000,0.345571923000000,0.536012551000000,69.599999999999994,-0.058507096000000,-0.115545871000000,69.658507099999994,0.439473918000000,0.498710401000000,1.602521951000000,1.685733812000000,-93.530599170000002,44.077338449999999,3,0
441,441,44.014000000000003,72.756000000000000,38.609000000000002,53.917599520000003,0.275665724000000,0.246141989000000,0.367728151000000,0.530664138000000,62.889000000000003,-0.071672491000000,-0.120372766000000,62.960672490000000,0.464162297000000,0.513973425000000,1.653019494000000,1.726737959000000,-93.530599170000002,44.077299449999998,3,0
442,442,37.966000000000001,64.781000000000006,35.350000000000001,47.915264149999999,0.277240509000000,0.260980856000000,0.397866374000000,0.545684691000000,56.246000000000002,-0.084206029000000,-0.110726518000000,56.330206029999999,0.488677402000000,0.515372235000000,1.706289838000000,1.747340773000000,-93.530599170000002,44.077260449999997,1,0
443,443,39.055999999999997,65.561999999999998,36.597999999999999,48.864303890000002,0.268258712000000,0.253359842000000,0.389679506000000,0.558219700000000,55.469999999999999,-0.077070587000000,-0.101438930000000,55.547070589999997,0.476154736000000,0.500895761000000,1.678666530000000,1.715399020000000,-93.530599170000002,44.077221450000003,1,0
444,444,38.619000000000000,64.658000000000001,35.765000000000001,48.135985669999997,0.269671085000000,0.252127773000000,0.385694395000000,0.553141143000000,54.932000000000002,-0.076174106000000,-0.104910746000000,55.008174109999999,0.474116699000000,0.503329041000000,1.674253606000000,1.717609342000000,-93.530599170000002,44.077182450000002,1,0
445,445,36.179000000000002,61.573000000000000,34.119000000000000,45.695588890000003,0.273195343000000,0.259779851000000,0.399069665000000,0.554122749000000,52.847999999999999,-0.082826399000000,-0.104696256000000,52.930826400000001,0.486713560000000,0.508761141000000,1.701898892000000,1.735449672000000,-93.530599170000002,44.077143450000001,1,0
446,446,36.131999999999998,62.158000000000001,34.960999999999999,46.157014310000001,0.272367189000000,0.264787873000000,0.410964961000000,0.562453747000000,53.222999999999999,-0.086852631000000,-0.099155729000000,53.309852630000002,0.494878517000000,0.507215418000000,1.720303332000000,1.739280574000000,-93.530599170000002,44.077104450000000,1,0
447,447,39.695999999999998,62.174999999999997,34.070000000000000,46.912215680000003,0.255325163000000,0.220661425000000,0.331543783000000,0.547969441000000,50.584000000000003,-0.048554888000000,-0.106494729000000,50.632554890000002,0.420831927000000,0.481641321000000,1.566278718000000,1.648055349000000,-93.531145170000002,44.077338449999999,2,0
448,448,34.005000000000003,57.945000000000000,32.130000000000003,42.997286539999998,0.273341574000000,0.260358891000000,0.400200602000000,0.554491328000000,49.755000000000003,-0.083317215000000,-0.104472921000000,49.838317210000000,0.487660837000000,0.508974991000000,1.704014116000000,1.736503496000000,-93.530599170000002,44.077065449999999,1,0
449,449,35.287999999999997,59.902999999999999,33.448999999999998,44.543791020000000,0.270861289000000,0.258585370000000,0.398675132000000,0.558386057000000,51.069000000000003,-0.081621580000000,-0.101635572000000,51.150621579999999,0.484756802000000,0.504961970000000,1.697545908000000,1.728071664000000,-93.530599170000002,44.077026449999998,1,0
450,450,37.917999999999999,63.292000000000002,35.533000000000001,47.280179349999997,0.265618517000000,0.250706452000000,0.386345296000000,0.561413765000000,53.133000000000003,-0.074642212000000,-0.099060281000000,53.207642210000003,0.471760970000000,0.496624122000000,1.669180864000000,1.705683735000000,-93.530599170000002,44.076987449999997,1,0
451,451,38.399999999999999,63.548000000000002,34.860999999999997,47.357497209999998,0.268695379000000,0.246674775000000,0.374856530000000,0.548577453000000,53.835000000000001,-0.071545001000000,-0.107760454000000,53.906545000000001,0.465051868000000,0.502079325000000,1.654895833000000,1.709046162000000,-93.530599170000002,44.076948450000003,1,0
452,452,37.357999999999997,61.085999999999999,35.101999999999997,46.040815100000003,0.255415348000000,0.241030434000000,0.374601370000000,0.574632485000000,49.712000000000003,-0.065781079000000,-0.089431357000000,49.777781079999997,0.455592893000000,0.479919831000000,1.635151775000000,1.669422662000000,-93.530599170000002,44.076909450000002,2,0
453,453,35.752000000000002,58.944000000000003,32.814999999999998,44.081080090000000,0.264519589000000,0.244910028000000,0.374783859000000,0.556714848000000,49.320999999999998,-0.069728886000000,-0.101975516000000,49.390728889999998,0.462102709000000,0.495136142000000,1.648690982000000,1.696430860000000,-93.530599170000002,44.076870450000001,1,0
454,454,38.119999999999997,61.170000000000002,34.536000000000001,46.143394600000001,0.254794970000000,0.232148253000000,0.355962566000000,0.564590486000000,49.683999999999997,-0.058299583000000,-0.095793045000000,49.742299580000001,0.440553821000000,0.479462583000000,1.604669465000000,1.658306923000000,-93.530599170000002,44.076831450000000,2,0
455,455,42.869000000000000,69.991000000000000,38.582000000000001,52.361124150000002,0.264328262000000,0.240315435000000,0.365141765000000,0.551242303000000,58.530999999999999,-0.065862839000000,-0.105493852000000,58.596862840000000,0.454389208000000,0.495179462000000,1.632671628000000,1.690972189000000,-93.530560170000001,44.078001450000002,3,0
456,456,39.005000000000003,65.450000000000003,36.119999999999997,48.681779360000000,0.270719573000000,0.253171222000000,0.386990561000000,0.551871658000000,55.774999999999999,-0.077133203000000,-0.105865197000000,55.852133199999997,0.475842971000000,0.505017134000000,1.677990001000000,1.721481757000000,-93.530560170000001,44.077962450000001,1,0
457,457,33.585000000000001,57.927999999999997,31.899000000000001,42.821924330000002,0.277776552000000,0.266005923000000,0.408343678000000,0.550666344000000,50.372000000000000,-0.088394970000000,-0.107521149000000,50.460394970000003,0.496854820000000,0.516000683000000,1.724817627000000,1.754655332000000,-93.530560170000001,44.077923450000000,1,0
458,458,40.506999999999998,63.417999999999999,34.755000000000003,47.855928919999997,0.255193025000000,0.220457060000000,0.331227411000000,0.548030528000000,51.573999999999998,-0.048371791000000,-0.106439285000000,51.622371790000003,0.420478321000000,0.481433506000000,1.565605945000000,1.647521989000000,-93.531145170000002,44.077299449999998,2,0
459,459,31.198000000000000,53.816000000000003,30.206000000000000,39.924426510000004,0.273480205000000,0.266050298000000,0.412676981000000,0.561282890000000,46.228000000000002,-0.087995140000000,-0.100048603000000,46.315995139999998,0.496926748000000,0.508995829000000,1.724982371000000,1.743644035000000,-93.530560170000001,44.077884449999999,1,0
460,460,33.325000000000003,56.747999999999998,31.698000000000000,42.172875689999998,0.271528521000000,0.260044630000000,0.401250535000000,0.558574752000000,48.472999999999999,-0.082885088000000,-0.101590691000000,48.555885089999997,0.487146829000000,0.506000923000000,1.702865716000000,1.731487078000000,-93.530560170000001,44.077845449999998,1,0
461,461,33.292000000000002,56.045000000000002,31.067000000000000,41.691557009999997,0.270508759000000,0.254687308000000,0.390475373000000,0.554322419000000,47.731000000000002,-0.078371150000000,-0.104242384000000,47.809371149999997,0.478346379000000,0.504573816000000,1.683437462000000,1.722663678000000,-93.530560170000001,44.077806449999997,1,0
462,462,33.573999999999998,56.277999999999999,30.294000000000000,41.681943320000002,0.275971523000000,0.252682188000000,0.381208234000000,0.538292050000000,48.688000000000002,-0.077192749000000,-0.115412914000000,48.765192749999997,0.475034253000000,0.513854277000000,1.676237565000000,1.734613979000000,-93.530560170000001,44.077767450000003,1,0
463,463,38.512999999999998,63.737000000000002,32.454000000000001,46.900314330000000,0.284754663000000,0.246689487000000,0.361396069000000,0.509186187000000,56.506999999999998,-0.072891674000000,-0.135863820000000,56.579891670000002,0.465076421000000,0.529431894000000,1.654947680000000,1.752020545000000,-93.530560170000001,44.077728450000002,1,0
464,464,46.215000000000003,73.804000000000002,38.966999999999999,55.079590080000003,0.268164440000000,0.229871937000000,0.340386419000000,0.527979513000000,62.426000000000002,-0.057256614000000,-0.121081101000000,62.483256609999998,0.436669760000000,0.503066458000000,1.596970681000000,1.690314730000000,-93.530560170000001,44.077689450000001,3,0
465,465,46.625999999999998,74.048000000000002,40.289999999999999,55.618864549999998,0.260327132000000,0.227240333000000,0.341137540000000,0.544106525000000,61.180000000000000,-0.054494173000000,-0.109602147000000,61.234494169999998,0.432164484000000,0.489636974000000,1.588126796000000,1.667276622000000,-93.530560170000001,44.077650450000000,3,0
466,466,39.460999999999999,64.605999999999995,33.884000000000000,47.886084310000001,0.275808785000000,0.241623185000000,0.358277646000000,0.524471411000000,55.866999999999997,-0.067854528000000,-0.124452885000000,55.934854530000003,0.456589849000000,0.514756372000000,1.637211424000000,1.722425764000000,-93.530560170000001,44.077611449999999,1,0
467,467,36.439000000000000,61.234000000000002,33.317999999999998,45.414728160000003,0.274215112000000,0.253857258000000,0.385284749000000,0.544109482000000,52.710999999999999,-0.078016047000000,-0.111372537000000,52.789016050000001,0.476976479000000,0.510816472000000,1.680452263000000,1.731313542000000,-93.530560170000001,44.077572449999998,1,0
468,468,37.180999999999997,62.752000000000002,33.502000000000002,46.341573380000000,0.279432378000000,0.255881441000000,0.384925712000000,0.533879398000000,54.820999999999998,-0.080178364000000,-0.118778431000000,54.901178360000003,0.480314162000000,0.519378972000000,1.687743740000000,1.747329730000000,-93.530560170000001,44.077533449999997,1,0
469,469,40.540999999999997,63.156999999999996,35.079000000000001,47.829264299999998,0.251042420000000,0.218094852000000,0.329588015000000,0.555425369000000,50.694000000000003,-0.046114270000000,-0.101215619000000,50.740114269999999,0.416384237000000,0.474347679000000,1.557855011000000,1.634764397000000,-93.531145170000002,44.077260449999997,2,0
470,470,40.698000000000000,66.165000000000006,35.561000000000000,49.324500839999999,0.268810915000000,0.238314477000000,0.357170907000000,0.537459382000000,56.070999999999998,-0.064510195000000,-0.115005898000000,56.135510189999998,0.451014152000000,0.503092023000000,1.625755565000000,1.700469123000000,-93.530560170000001,44.077494450000003,3,0
471,471,41.194000000000003,67.105000000000004,35.226999999999997,49.802838569999999,0.274361324000000,0.239254287000000,0.354595467000000,0.524953431000000,57.789000000000001,-0.065726071000000,-0.123930159000000,57.854726069999998,0.452600536000000,0.512567377000000,1.628999369000000,1.716133352000000,-93.530560170000001,44.077455450000002,3,0
472,472,46.116000000000000,75.575000000000003,39.097999999999999,55.877603399999998,0.278959571000000,0.242080351000000,0.356676716000000,0.517340390000000,65.936000000000007,-0.068491004000000,-0.129597174000000,66.004491000000002,0.457358188000000,0.520124129000000,1.638802151000000,1.731416914000000,-93.530560170000001,44.077416450000001,3,0
473,473,49.307000000000002,80.793999999999997,43.216000000000001,60.073492049999999,0.271790674000000,0.242019662000000,0.362398573000000,0.534891205000000,69.064999999999998,-0.067876781000000,-0.117077955000000,69.132876780000004,0.457256219000000,0.507802515000000,1.638590869000000,1.712140683000000,-93.530560170000001,44.077377450000000,3,0
474,474,48.344000000000001,78.778000000000006,41.484999999999999,58.492509050000002,0.273771651000000,0.239407813000000,0.355383771000000,0.526606413000000,67.727000000000004,-0.065812214000000,-0.122764773000000,67.792812209999994,0.452859486000000,0.511527748000000,1.629530035000000,1.714710135000000,-93.530560170000001,44.077338449999999,3,0
475,475,41.460000000000001,68.503000000000000,36.677000000000000,50.848778869999997,0.273627308000000,0.245928176000000,0.369006359000000,0.535407208000000,58.869000000000000,-0.071324332000000,-0.116988543000000,58.940324330000003,0.463805109000000,0.510523874000000,1.652267246000000,1.721106372000000,-93.530560170000001,44.077299449999998,3,0
476,476,37.430999999999997,62.503999999999998,34.374000000000002,46.509503160000001,0.270322590000000,0.250893081000000,0.382437730000000,0.549948803000000,53.203000000000003,-0.075204193000000,-0.107069519000000,53.278204189999997,0.472070575000000,0.504504795000000,1.669845850000000,1.717899817000000,-93.530560170000001,44.077260449999997,1,0
477,477,37.604999999999997,62.548000000000002,34.392000000000003,46.580389269999998,0.269410887000000,0.249048955000000,0.379297760000000,0.549849715000000,53.098999999999997,-0.073588762000000,-0.107021443000000,53.172588759999996,0.469007538000000,0.503104258000000,1.663289456000000,1.713500723000000,-93.530560170000001,44.077221450000003,1,0
478,478,36.603999999999999,62.079999999999998,34.078000000000003,46.025678700000000,0.274468544000000,0.258157351000000,0.394328700000000,0.548936856000000,53.478000000000002,-0.081607689000000,-0.108244829000000,53.559607690000000,0.484054766000000,0.510953353000000,1.695989509000000,1.736857918000000,-93.530560170000001,44.077182450000002,1,0
479,479,32.185000000000002,55.582999999999998,31.062000000000001,41.191390519999999,0.274744428000000,0.266589190000000,0.412619476000000,0.558839933000000,47.918999999999997,-0.088563494000000,-0.101794160000000,48.007563490000003,0.497799846000000,0.511038647000000,1.726984620000000,1.747530219000000,-93.530560170000001,44.077143450000001,1,0
480,480,39.524999999999999,62.399999999999999,34.305999999999997,47.020872179999998,0.256601437000000,0.224429728000000,0.338292492000000,0.549775641000000,50.969000000000001,-0.051860443000000,-0.105494344000000,51.020860440000000,0.427335139000000,0.483420596000000,1.578747628000000,1.654980225000000,-93.531145170000002,44.077221450000003,2,0
481,481,29.873999999999999,53.014000000000003,30.262000000000000,39.237434149999999,0.276184974000000,0.279171895000000,0.439706609000000,0.570830347000000,45.892000000000003,-0.098898807000000,-0.094098100000000,45.990898809999997,0.517974443000000,0.513237637000000,1.774586597000000,1.766977347000000,-93.530560170000001,44.077104450000000,1,0
482,482,29.004000000000001,51.308999999999997,29.555000000000000,38.067236670000000,0.273357861000000,0.277725897000000,0.439438118000000,0.576019802000000,44.058999999999997,-0.097420541000000,-0.090399388000000,44.156420539999999,0.515676781000000,0.508735938000000,1.769031858000000,1.757980375000000,-93.530560170000001,44.077065449999999,1,0
483,483,29.516999999999999,51.359000000000002,29.300000000000001,38.155341129999996,0.271773919000000,0.270067758000000,0.423491546000000,0.570493974000000,43.901000000000003,-0.091083358000000,-0.093840764000000,43.992083360000002,0.503417927000000,0.506167225000000,1.739980350000000,1.744261014000000,-93.530560170000001,44.077026449999998,1,0
484,484,30.193999999999999,51.845999999999997,29.960000000000001,38.718156600000000,0.265725132000000,0.263920039000000,0.415745008000000,0.577865216000000,43.537999999999997,-0.085485714000000,-0.088410714000000,43.623485709999997,0.493468152000000,0.496405269000000,1.717096112000000,1.721550469000000,-93.530560170000001,44.076987449999997,1,0
485,485,28.690999999999999,50.417999999999999,28.238000000000000,37.249308040000003,0.278306342000000,0.274646374000000,0.427099919000000,0.560077750000000,43.906999999999996,-0.095490326000000,-0.101398269000000,44.002490330000001,0.510765392000000,0.516622960000000,1.757275801000000,1.766613487000000,-93.530560170000001,44.076948450000003,1,0
486,486,29.009000000000000,50.017000000000003,28.381000000000000,37.187379270000001,0.270886269000000,0.265836560000000,0.414808964000000,0.567427075000000,42.643999999999998,-0.087558539000000,-0.095744225000000,42.731558540000002,0.496580252000000,0.504779994000000,1.724189045000000,1.736801029000000,-93.530560170000001,44.076909450000002,1,0
487,487,29.039999999999999,48.649999999999999,27.920999999999999,36.467914399999998,0.261498370000000,0.252413438000000,0.394020374000000,0.573915725000000,40.338999999999999,-0.075692873000000,-0.090526555000000,40.414692870000003,0.474589567000000,0.489669244000000,1.675275482000000,1.697340961000000,-93.530560170000001,44.076870450000001,1,0
488,488,29.384000000000000,48.795000000000002,27.795999999999999,36.592299269999998,0.261097112000000,0.248289183000000,0.385268841000000,0.569648530000000,40.409999999999997,-0.072256664000000,-0.093235197000000,40.482256659999997,0.467743160000000,0.489160841000000,1.660597604000000,1.691606070000000,-93.530560170000001,44.076831450000000,1,0
489,489,42.875000000000000,69.558000000000007,40.073000000000000,52.543398940000003,0.252936090000000,0.237323562000000,0.368753455000000,0.576109146000000,56.167999999999999,-0.062509016000000,-0.088231283000000,56.230509020000000,0.449339227000000,0.475895912000000,1.622344023000000,1.659270765000000,-93.530521170000000,44.078001450000002,3,0
490,490,38.429000000000002,64.042000000000002,36.585000000000001,48.016066860000002,0.261302425000000,0.249953645000000,0.388747230000000,0.571265732000000,53.070000000000000,-0.073649465000000,-0.092214647000000,53.143649459999999,0.470511242000000,0.489432474000000,1.666501861000000,1.694015419000000,-93.530521170000000,44.077962450000001,1,0
491,491,41.661000000000001,65.012000000000000,36.284999999999997,49.257149360000000,0.250411117000000,0.218902628000000,0.331746889000000,0.558127730000000,52.078000000000003,-0.046773178000000,-0.099420809000000,52.124773179999998,0.417785652000000,0.473123416000000,1.560500228000000,1.633972300000000,-93.531145170000002,44.077182450000002,2,0
492,492,33.145000000000003,56.841999999999999,32.826000000000001,42.454486469999999,0.265581253000000,0.263338038000000,0.414565875000000,0.577495514000000,47.713000000000001,-0.084999145000000,-0.088635568000000,47.797999150000003,0.492521243000000,0.496175028000000,1.714949464000000,1.720481259000000,-93.530521170000000,44.077923450000000,1,0
493,493,29.952999999999999,51.978999999999999,29.765999999999998,38.665287640000003,0.270282324000000,0.268832691000000,0.422229038000000,0.572654341000000,44.238999999999997,-0.089928199000000,-0.092272019000000,44.328928200000000,0.501426760000000,0.503767110000000,1.735352052000000,1.738974859000000,-93.530521170000000,44.077884449999999,1,0
494,494,30.393000000000001,53.189999999999998,29.994000000000000,39.380835380000001,0.275791973000000,0.272746850000000,0.425404467000000,0.563902989000000,45.993000000000002,-0.093679178000000,-0.098597427000000,46.086679179999997,0.507723706000000,0.512611418000000,1.750074030000000,1.757792342000000,-93.530521170000000,44.077845449999998,1,0
495,495,32.176000000000002,54.703000000000003,30.457000000000001,40.642104740000001,0.271874401000000,0.259291659000000,0.399259154000000,0.556770195000000,46.773000000000003,-0.082298698000000,-0.102809027000000,46.855298699999999,0.485914250000000,0.506603675000000,1.700118100000000,1.731487868000000,-93.530521170000000,44.077806449999997,1,0
496,496,33.539999999999999,56.015000000000001,30.488000000000000,41.601802720000002,0.272648786000000,0.250963095000000,0.380500110000000,0.544282781000000,48.002000000000002,-0.075464625000000,-0.111058537000000,48.077464630000001,0.472186703000000,0.508410276000000,1.670095408000000,1.724006285000000,-93.530521170000000,44.077767450000003,1,0
497,497,38.704000000000001,63.447000000000003,34.067000000000000,47.201984119999999,0.271069041000000,0.242219851000000,0.363418718000000,0.536936341000000,54.122999999999998,-0.067989546000000,-0.115646978000000,54.190989549999998,0.457592539000000,0.506543192000000,1.639287929000000,1.710451459000000,-93.530521170000000,44.077728450000002,1,0
498,498,45.713999999999999,73.424000000000007,40.433999999999997,55.123382599999999,0.260519494000000,0.232587420000000,0.352078675000000,0.550691872000000,60.700000000000003,-0.059060487000000,-0.105384403000000,60.759060490000003,0.441301778000000,0.489355881000000,1.606160039000000,1.673164165000000,-93.530521170000000,44.077689450000001,3,0
499,499,43.661000000000001,70.777000000000001,39.241000000000000,53.089618350000002,0.261307339000000,0.236949265000000,0.360599492000000,0.554431524000000,58.652000000000001,-0.062803636000000,-0.103069385000000,58.714803640000000,0.448705955000000,0.490292556000000,1.621057695000000,1.679709679000000,-93.530521170000000,44.077650450000000,3,0
500,500,37.003000000000000,62.369000000000000,34.055999999999997,46.256261940000002,0.274156397000000,0.255263052000000,0.388358136000000,0.546040501000000,53.679000000000002,-0.079179782000000,-0.110101328000000,53.758179779999999,0.479295575000000,0.510618277000000,1.685511986000000,1.732743441000000,-93.530521170000000,44.077611449999999,1,0
501,501,36.075000000000003,60.445000000000000,34.378999999999998,45.228749299999997,0.263588093000000,0.252486531000000,0.392172640000000,0.568764993000000,50.436000000000000,-0.075936409000000,-0.094075585000000,50.511936409999997,0.474710528000000,0.493147557000000,1.675537076000000,1.702621465000000,-93.530521170000000,44.077572449999998,1,0
502,502,40.631999999999998,63.465000000000003,34.569000000000003,47.867112610000000,0.255918192000000,0.219343497000000,0.328400069000000,0.544693926000000,51.728999999999999,-0.047453594000000,-0.108666869000000,51.776453590000003,0.418549901000000,0.482879011000000,1.561946249000000,1.648300860000000,-93.531145170000002,44.077143450000001,2,0
503,503,35.896000000000001,59.731000000000002,34.325000000000003,44.849826469999996,0.259596274000000,0.249249689000000,0.388812763000000,0.574659724000000,49.241000000000000,-0.072923849000000,-0.089848559000000,49.313923850000002,0.469341355000000,0.486604134000000,1.664001560000000,1.688984851000000,-93.530521170000000,44.077533449999997,1,0
504,504,38.435000000000002,64.293999999999997,36.313000000000002,48.061077910000002,0.264783413000000,0.251720546000000,0.389348952000000,0.564796093000000,53.840000000000003,-0.075408869000000,-0.096775075000000,53.915408870000000,0.473442260000000,0.495175612000000,1.672798231000000,1.704735182000000,-93.530521170000000,44.077494450000003,1,0
505,505,39.752000000000002,65.688999999999993,35.871000000000002,48.928501799999999,0.269346525000000,0.245985907000000,0.372818744000000,0.546073163000000,55.755000000000003,-0.071021569000000,-0.109471241000000,55.826021570000002,0.463901563000000,0.503240970000000,1.652470316000000,1.709978415000000,-93.530521170000000,44.077455450000002,3,0
506,506,43.340000000000003,71.167000000000002,38.234999999999999,52.930812430000003,0.271355774000000,0.243015711000000,0.364838997000000,0.537257437000000,60.759000000000000,-0.068684448000000,-0.115475770000000,60.827684450000000,0.458928640000000,0.506949518000000,1.642062760000000,1.712041207000000,-93.530521170000000,44.077416450000001,3,0
507,507,47.799999999999997,77.710999999999999,43.124000000000002,58.262391809999997,0.261818743000000,0.238313773000000,0.363054851000000,0.554927874000000,64.498000000000005,-0.063990275000000,-0.102810211000000,64.561990269999995,0.451012962000000,0.491050850000000,1.625753138000000,1.682451877000000,-93.530521170000000,44.077377450000000,3,0
508,508,47.191000000000003,76.352000000000004,42.737000000000002,57.396485239999997,0.258729269000000,0.236039274000000,0.360876668000000,0.559736484000000,62.776000000000003,-0.061851095000000,-0.099351696000000,62.837851090000001,0.447164958000000,0.485931347000000,1.617935623000000,1.672239976000000,-93.530521170000000,44.077338449999999,3,0
509,509,37.648000000000003,63.877000000000002,34.790999999999997,47.286561570000003,0.276308362000000,0.258350160000000,0.393038032000000,0.544656136000000,55.314999999999998,-0.081940491000000,-0.111282608000000,55.396940489999999,0.484371068000000,0.513992033000000,1.696690395000000,1.741871750000000,-93.530521170000000,44.077299449999998,1,0
510,510,35.552999999999997,60.533999999999999,33.759999999999998,44.974505980000004,0.271849607000000,0.259983140000000,0.400805429000000,0.557703109000000,51.755000000000003,-0.082865218000000,-0.102197201000000,51.837865219999998,0.487046226000000,0.506532589000000,1.702641127000000,1.732235361000000,-93.530521170000000,44.077260449999997,1,0
511,511,36.006999999999998,61.235999999999997,34.777000000000001,45.664689039999999,0.267458708000000,0.259442839000000,0.403883713000000,0.567917565000000,51.688000000000002,-0.082004242000000,-0.095047720000000,51.770004239999999,0.486161839000000,0.499320418000000,1.700669314000000,1.720467416000000,-93.530521170000000,44.077221450000003,1,0
512,512,34.497000000000000,58.973999999999997,32.908000000000001,43.783224140000002,0.272685093000000,0.261867317000000,0.404157654000000,0.558008614000000,50.542999999999999,-0.084493468000000,-0.102096076000000,50.627493469999997,0.490124590000000,0.507830950000000,1.709539960000000,1.736596988000000,-93.530521170000000,44.077182450000002,1,0
513,513,40.689000000000000,62.945000000000000,35.442000000000000,47.867188169999999,0.246306077000000,0.214755775000000,0.326372595000000,0.563062992000000,49.759000000000000,-0.043000949000000,-0.095819552000000,49.802000950000000,0.410575778000000,0.466301447000000,1.546978299000000,1.619759367000000,-93.531145170000002,44.077104450000000,2,0
514,514,30.216999999999999,52.981000000000002,30.219999999999999,39.299286889999998,0.273589385000000,0.273612346000000,0.429687795000000,0.570393160000000,45.524999999999999,-0.094140260000000,-0.094103229000000,45.619140260000002,0.509110769000000,0.509073995000000,1.753350763000000,1.753292799000000,-93.530521170000000,44.077143450000001,1,0
515,515,27.323000000000000,49.182000000000002,28.004999999999999,36.284503020000002,0.280014575000000,0.285719888000000,0.450701031000000,0.569415640000000,43.036000000000001,-0.104581380000000,-0.095445412000000,43.140581380000000,0.528310681000000,0.519366418000000,1.800021960000000,1.785304532000000,-93.530521170000000,44.077104450000000,1,0
516,516,27.327000000000002,49.075000000000003,28.920999999999999,36.476224199999997,0.271389526000000,0.284652234000000,0.458035846000000,0.589322466000000,41.902000000000001,-0.102705012000000,-0.081516858000000,42.004705010000002,0.526633030000000,0.505843524000000,1.795842939000000,1.762257804000000,-93.530521170000000,44.077065449999999,1,0
517,517,28.181999999999999,50.527000000000001,29.606999999999999,37.522336910000000,0.272375868000000,0.283893837000000,0.455073113000000,0.585963940000000,43.265000000000001,-0.102221278000000,-0.083802947000000,43.367221280000003,0.525439503000000,0.507354440000000,1.792881981000000,1.763672645000000,-93.530521170000000,44.077026449999998,1,0
518,518,28.631000000000000,50.064000000000000,29.792000000000002,37.477555600000002,0.263038391000000,0.272355296000000,0.438275770000000,0.595078300000000,41.704999999999998,-0.091998120000000,-0.077015679000000,41.796998119999998,0.507095558000000,0.492183055000000,1.748594181000000,1.725601074000000,-93.530521170000000,44.076987449999997,1,0
519,519,25.803000000000001,47.177000000000000,27.395000000000000,34.842264389999997,0.278925396000000,0.292874760000000,0.468882308000000,0.580685504000000,41.155999999999999,-0.110115068000000,-0.087910336000000,41.266115069999998,0.539475659000000,0.517911040000000,1.828353292000000,1.792263049000000,-93.530521170000000,44.076948450000003,1,0
520,520,26.370999999999999,47.436999999999998,27.385999999999999,35.098393150000000,0.276638117000000,0.285416215000000,0.453793460000000,0.577313068000000,41.116999999999997,-0.103935016000000,-0.089892681000000,41.220935019999999,0.527833813000000,0.514075918000000,1.798832050000000,1.776350854000000,-93.530521170000000,44.076909450000002,1,0
521,521,26.410000000000000,46.805999999999997,27.016999999999999,34.728509060000000,0.273294840000000,0.278572990000000,0.441481417000000,0.577212323000000,40.185000000000002,-0.098091447000000,-0.089613201000000,40.283091450000001,0.517023454000000,0.508649996000000,1.772283226000000,1.758923060000000,-93.530521170000000,44.076870450000001,1,0
522,522,27.122000000000000,46.723999999999997,27.425999999999998,34.980568589999997,0.262844942000000,0.265444303000000,0.422274882000000,0.586978855000000,38.899999999999999,-0.086432578000000,-0.082230034000000,38.986432579999999,0.495944052000000,0.491730087000000,1.722734312000000,1.716351882000000,-93.530521170000000,44.076831450000000,1,0
523,523,29.266999999999999,49.668999999999997,29.029000000000000,37.265934809999997,0.260362612000000,0.258462552000000,0.408800369000000,0.584449053000000,41.042000000000002,-0.080537211000000,-0.083623396000000,41.122537209999997,0.484555402000000,0.487673274000000,1.697099122000000,1.701719873000000,-93.530482169999999,44.078001450000002,1,0
524,524,40.780999999999999,62.396999999999998,34.661999999999999,47.462019249999997,0.246462941000000,0.209502026000000,0.315488353000000,0.555507476000000,49.350999999999999,-0.038476494000000,-0.100625363000000,49.389476490000000,0.401386746000000,0.467281741000000,1.530050759000000,1.615165595000000,-93.531145170000002,44.077065449999999,2,0
525,525,27.908000000000001,48.451000000000001,27.766999999999999,36.043317240000000,0.270204552000000,0.269031810000000,0.422765064000000,0.573094467000000,41.226999999999997,-0.090081248000000,-0.091977028000000,41.317081250000001,0.501748043000000,0.503640620000000,1.736097176000000,1.739027897000000,-93.530482169999999,44.077962450000001,1,0
526,526,26.731000000000002,46.883000000000003,27.512000000000000,34.973667210000002,0.267031059000000,0.273752275000000,0.437117696000000,0.586822516000000,39.523000000000003,-0.093542709000000,-0.082730455000000,39.616542709999997,0.509334841000000,0.498593097000000,1.753881261000000,1.737142203000000,-93.530482169999999,44.077923450000000,1,0
527,527,25.271999999999998,44.863000000000000,25.721000000000000,33.231173089999999,0.275250677000000,0.279332715000000,0.441099653000000,0.573323228000000,38.732999999999997,-0.098921299000000,-0.092363545000000,38.831921299999998,0.518229648000000,0.511759718000000,1.775205761000000,1.764825767000000,-93.530482169999999,44.077884449999999,1,0
528,528,25.754000000000001,45.930999999999997,25.513999999999999,33.783079950000001,0.283616293000000,0.281467532000000,0.437005913000000,0.555485402000000,40.594000000000001,-0.101599811000000,-0.105056636000000,40.695599809999997,0.521610971000000,0.525010279000000,1.783451114000000,1.789020159000000,-93.530482169999999,44.077845449999998,1,0
529,529,26.561000000000000,46.302999999999997,24.693999999999999,33.957071749999997,0.287437179000000,0.270943127000000,0.409840149000000,0.533313176000000,41.350999999999999,-0.093458250000000,-0.120250518000000,41.444458249999997,0.504826827000000,0.531479339000000,1.743270208000000,1.786097448000000,-93.530482169999999,44.077806449999997,1,0
530,530,27.588000000000001,47.284999999999997,25.917999999999999,34.970042860000000,0.277317053000000,0.263072135000000,0.402349096000000,0.548123083000000,41.064000000000000,-0.085938229000000,-0.109134744000000,41.149938229999997,0.492088339000000,0.515384114000000,1.713969842000000,1.749982532000000,-93.530482169999999,44.077767450000003,1,0
531,531,29.388000000000002,50.747999999999998,27.172000000000001,37.315464319999997,0.284304297000000,0.266546870000000,0.403292803000000,0.535429968000000,44.936000000000000,-0.089506840000000,-0.118418012000000,45.025506839999998,0.497731308000000,0.526640952000000,1.726827276000000,1.772503191000000,-93.530482169999999,44.077728450000002,1,0
532,532,30.431999999999999,51.707999999999998,28.134000000000000,38.259403390000003,0.276882617000000,0.259021183000000,0.393956227000000,0.544093757000000,44.850000000000001,-0.082550737000000,-0.111725339000000,44.932550740000003,0.485471149000000,0.514900686000000,1.699132492000000,1.744143509000000,-93.530482169999999,44.077689450000001,1,0
533,533,31.452999999999999,52.868000000000002,29.513999999999999,39.392862420000000,0.268555455000000,0.253969948000000,0.390734760000000,0.558258304000000,44.768999999999998,-0.077601792000000,-0.101448588000000,44.846601790000001,0.477162561000000,0.501358179000000,1.680857152000000,1.716852278000000,-93.530482169999999,44.077650450000000,1,0
534,534,27.888000000000002,49.792000000000002,26.971000000000000,36.443648959999997,0.289589039000000,0.281977343000000,0.431954880000000,0.541673361000000,44.725000000000001,-0.102710915000000,-0.114978357000000,44.827710920000001,0.522416696000000,0.534465061000000,1.785427424000000,1.805416753000000,-93.530482169999999,44.077611449999999,1,0
535,535,40.689000000000000,63.417000000000002,35.066000000000003,47.982409850000003,0.252131162000000,0.218315947000000,0.329200463000000,0.552943217000000,51.079000000000001,-0.046362774000000,-0.102927313000000,51.125362770000002,0.416767961000000,0.476260920000000,1.558578486000000,1.637711541000000,-93.531145170000002,44.077026449999998,2,0
536,536,27.312000000000001,48.548999999999999,27.356999999999999,35.829951129999998,0.279566704000000,0.279946217000000,0.437840178000000,0.563492554000000,42.429000000000002,-0.099906993000000,-0.099296634000000,42.528906990000003,0.519202588000000,0.518601089000000,1.777570299000000,1.776596087000000,-93.530482169999999,44.077572449999998,1,0
537,537,27.687999999999999,47.259999999999998,27.018000000000001,35.261429669999998,0.266803372000000,0.261141058000000,0.408345504000000,0.571688532000000,39.814000000000000,-0.083329737000000,-0.092528882000000,39.897329740000004,0.488939085000000,0.498203043000000,1.706876625000000,1.720856730000000,-93.530482169999999,44.077533449999997,1,0
538,538,28.395000000000000,49.265999999999998,27.730000000000000,36.525642499999996,0.274200327000000,0.268744930000000,0.417996836000000,0.562862826000000,42.406999999999996,-0.090263875000000,-0.099097646000000,42.497263869999998,0.501285124000000,0.510103913000000,1.735023772000000,1.748769888000000,-93.530482169999999,44.077494450000003,1,0
539,539,28.706000000000000,50.356999999999999,27.829000000000001,37.122837199999999,0.280949322000000,0.273844908000000,0.422590467000000,0.552634192000000,44.179000000000002,-0.095129664000000,-0.106616024000000,44.274129660000000,0.509483149000000,0.520878967000000,1.754232565000000,1.772451541000000,-93.530482169999999,44.077455450000002,1,0
540,540,29.866000000000000,51.509999999999998,28.274000000000001,38.055560839999998,0.278481013000000,0.265975226000000,0.407592934000000,0.548903126000000,44.880000000000003,-0.088441404000000,-0.108767898000000,44.968441400000003,0.496805061000000,0.517152108000000,1.724703676000000,1.756452845000000,-93.530482169999999,44.077416450000001,1,0
541,541,29.869000000000000,51.457000000000001,27.622000000000000,37.872394929999999,0.283176958000000,0.265450164000000,0.401981230000000,0.536797715000000,45.423000000000002,-0.088486250000000,-0.117360576000000,45.511486249999997,0.495953560000000,0.524863956000000,1.722756035000000,1.768211912000000,-93.530482169999999,44.077377450000000,1,0
542,542,30.806000000000001,52.588000000000001,28.706000000000000,38.895337410000003,0.277275819000000,0.261193851000000,0.398295787000000,0.545865977000000,45.664000000000001,-0.084385370000000,-0.110611954000000,45.748385370000001,0.489025306000000,0.515418130000000,1.707070051000000,1.747680333000000,-93.530482169999999,44.077338449999999,1,0
543,543,28.649000000000001,50.290999999999997,27.629999999999999,37.028668089999996,0.282434767000000,0.274157588000000,0.421789125000000,0.549402478000000,44.302999999999997,-0.095546589000000,-0.108933096000000,44.398546590000002,0.509983594000000,0.523258114000000,1.755419037000000,1.776717671000000,-93.530482169999999,44.077299449999998,1,0
544,544,27.641999999999999,48.798999999999999,27.843000000000000,36.150865430000003,0.275099129000000,0.276775552000000,0.435347134000000,0.570564971000000,42.113000000000000,-0.096852825000000,-0.094154424000000,42.209852820000002,0.514163742000000,0.511493855000000,1.765393242000000,1.761139078000000,-93.530482169999999,44.077260449999997,1,0
545,545,27.715000000000000,49.289000000000001,28.314000000000000,36.511228150000001,0.275207461000000,0.280167264000000,0.443088930000000,0.574448660000000,42.548999999999999,-0.099584117000000,-0.091621565000000,42.648584120000002,0.519552901000000,0.511704262000000,1.778423237000000,1.765805118000000,-93.530482169999999,44.077221450000003,1,0
546,546,40.508000000000003,63.506000000000000,35.774999999999999,48.144784160000000,0.249533929000000,0.221104851000000,0.337021351000000,0.563332598000000,50.728999999999999,-0.048607544000000,-0.096008985000000,50.777607539999998,0.421598850000000,0.471315359000000,1.567739706000000,1.633966031000000,-93.531145170000002,44.076987449999997,2,0
547,547,27.442000000000000,48.655999999999999,27.231999999999999,35.879667060000003,0.280538997000000,0.278772110000000,0.434125977000000,0.559684314000000,42.637999999999998,-0.099072873000000,-0.101918126000000,42.737072869999999,0.517339736000000,0.520147113000000,1.773048612000000,1.777590025000000,-93.530482169999999,44.077182450000002,1,0
548,548,26.687000000000001,47.829000000000001,27.975000000000001,35.507791800000000,0.272724854000000,0.283724301000000,0.454266131000000,0.584896193000000,40.996000000000002,-0.102127992000000,-0.084534252000000,41.098127990000002,0.525172490000000,0.507894511000000,1.792220932000000,1.764310107000000,-93.530482169999999,44.077143450000001,1,0
549,549,25.698000000000000,45.968000000000004,26.616000000000000,34.067852309999999,0.274675910000000,0.282839840000000,0.449944506000000,0.579011486000000,39.622000000000000,-0.101654423000000,-0.088577766000000,39.723654420000003,0.523778270000000,0.510926413000000,1.788777337000000,1.767991654000000,-93.530482169999999,44.077104450000000,1,0
550,550,24.747000000000000,46.060000000000002,26.968000000000000,33.966702480000002,0.280912156000000,0.301001313000000,0.486165287000000,0.585497178000000,40.405000000000001,-0.116739453000000,-0.084937868000000,40.521739449999998,0.551991233000000,0.521404906000000,1.861235705000000,1.808721733000000,-93.530482169999999,44.077065449999999,1,0
551,551,26.241000000000000,47.491000000000000,28.181000000000001,35.299451949999998,0.271478675000000,0.288205935000000,0.466510066000000,0.593396644000000,40.560000000000002,-0.105517451000000,-0.078867269000000,40.665517450000003,0.532205468000000,0.506160858000000,1.809801456000000,1.767322958000000,-93.530482169999999,44.077026449999998,1,0
552,552,25.475999999999999,46.268999999999998,27.251999999999999,34.314809439999998,0.274048986000000,0.289818106000000,0.467331940000000,0.588990469000000,39.810000000000002,-0.107100215000000,-0.081984303000000,39.917100220000002,0.534722448000000,0.510229738000000,1.816179934000000,1.775877134000000,-93.530482169999999,44.076987449999997,1,0
553,553,24.649000000000001,45.112000000000002,26.423999999999999,33.371112859999997,0.277083024000000,0.293330084000000,0.472183123000000,0.585742153000000,39.151000000000003,-0.110239642000000,-0.084404013000000,39.261239639999999,0.540181574000000,0.515097618000000,1.830175666000000,1.788283727000000,-93.530482169999999,44.076948450000003,1,0
554,554,24.681999999999999,44.177999999999997,25.852000000000000,32.808650849999999,0.272316221000000,0.283125182000000,0.453311012000000,0.585178143000000,37.822000000000003,-0.101604865000000,-0.084310330000000,37.923604869999998,0.524228292000000,0.507231998000000,1.789887367000000,1.762494651000000,-93.530482169999999,44.076909450000002,1,0
555,555,24.420999999999999,43.981999999999999,25.082000000000001,32.454626220000002,0.279783512000000,0.285966990000000,0.451536206000000,0.570278750000000,38.460999999999999,-0.104750495000000,-0.094851580000000,38.565750489999999,0.528698536000000,0.519009794000000,1.800990950000000,1.785044950000000,-93.530482169999999,44.076870450000001,1,0
556,556,26.138000000000002,45.098999999999997,26.457000000000001,33.749507129999998,0.263339239000000,0.266167862000000,0.423425636000000,0.586642719000000,37.603000000000002,-0.087065736000000,-0.082494319000000,37.690065740000001,0.497117286000000,0.492537131000000,1.725418930000000,1.718463188000000,-93.530482169999999,44.076831450000000,1,0
557,557,38.442999999999998,60.485999999999997,33.305000000000000,45.627635890000001,0.255417186000000,0.222816363000000,0.335898452000000,0.550623285000000,49.223999999999997,-0.050409123000000,-0.104806631000000,49.274409120000001,0.424554798000000,0.481526642000000,1.573394376000000,1.650388171000000,-93.531145170000002,44.076948450000003,2,0
558,558,25.460999999999999,43.301000000000002,25.706000000000000,32.578303400000003,0.257205903000000,0.259445624000000,0.414344110000000,0.593658345000000,35.435000000000002,-0.081039082000000,-0.077408223000000,35.516039079999999,0.486166400000000,0.482501364000000,1.700679471000000,1.695264653000000,-93.530443169999998,44.078001450000002,1,0
559,559,24.765999999999998,42.473999999999997,24.986999999999998,31.842035119999998,0.261282396000000,0.263355146000000,0.419094502000000,0.588289306000000,35.195000000000000,-0.084591280000000,-0.081236514000000,35.279591279999998,0.492549090000000,0.489177406000000,1.715012517000000,1.709946401000000,-93.530443169999998,44.077962450000001,1,0
560,560,24.119000000000000,41.990000000000002,24.515999999999998,31.336456500000001,0.266523395000000,0.270326279000000,0.429663645000000,0.583853298000000,35.344999999999999,-0.090740966000000,-0.084608000000000,35.435740969999998,0.503834219000000,0.497718350000000,1.740951117000000,1.731511986000000,-93.530443169999998,44.077923450000000,1,0
561,561,23.664999999999999,41.332000000000001,23.655000000000001,30.702472610000001,0.271910389000000,0.271812545000000,0.427337816000000,0.572316849000000,35.344000000000001,-0.092507783000000,-0.092665704000000,35.436507779999999,0.506224204000000,0.506381359000000,1.746545531000000,1.746791364000000,-93.530443169999998,44.077884449999999,1,0
562,562,24.004999999999999,41.771999999999998,23.814000000000000,31.028194729999999,0.271956335000000,0.270109613000000,0.423396802000000,0.570094800000000,35.725000000000001,-0.091136386000000,-0.094121061000000,35.816136389999997,0.503485337000000,0.506461054000000,1.740137471000000,1.744772696000000,-93.530443169999998,44.077845449999998,1,0
563,563,25.245000000000001,43.084000000000003,23.013999999999999,31.744738550000001,0.282004359000000,0.261075093000000,0.393666556000000,0.534165816000000,37.908999999999999,-0.084746505000000,-0.118940696000000,37.993746500000000,0.488831341000000,0.523236677000000,1.706634977000000,1.760036482000000,-93.530443169999998,44.077806449999997,1,0
564,564,24.638000000000002,42.807000000000002,23.901000000000000,31.679268159999999,0.276363555000000,0.269389873000000,0.417256109000000,0.558343262000000,37.075000000000003,-0.091014385000000,-0.102309899000000,37.166014380000000,0.502325529000000,0.513591956000000,1.737438104000000,1.755098136000000,-93.530443169999998,44.077767450000003,1,0
565,565,24.475999999999999,43.719000000000001,24.015000000000001,32.078787190000000,0.286524583000000,0.282176113000000,0.435559077000000,0.549303506000000,38.947000000000003,-0.102511658000000,-0.109510899000000,39.049511660000000,0.522730655000000,0.529605668000000,1.786198725000000,1.797544458000000,-93.530443169999998,44.077728450000002,1,0
566,566,25.190000000000001,43.359000000000002,24.106000000000002,32.122879779999998,0.275133442000000,0.265051277000000,0.408815787000000,0.555963007000000,37.421999999999997,-0.087345529000000,-0.103724570000000,37.509345529999997,0.495306213000000,0.511722356000000,1.721278285000000,1.746676165000000,-93.530443169999998,44.077689450000001,1,0
567,567,25.991000000000000,44.636000000000003,26.469000000000001,33.508767700000000,0.259729631000000,0.263992524000000,0.422233797000000,0.592996684000000,36.811999999999998,-0.084953036000000,-0.078060888000000,36.896953040000000,0.493586025000000,0.486663044000000,1.717363703000000,1.706973332000000,-93.530443169999998,44.077650450000000,1,0
568,568,38.363999999999997,57.811999999999998,31.268999999999998,43.938495650000000,0.248255127000000,0.202212610000000,0.299628700000000,0.540873867000000,45.991000000000000,-0.032189572000000,-0.110129075000000,46.023189570000000,0.388537928000000,0.471753199000000,1.506933584000000,1.613124194000000,-93.531145170000002,44.076909450000002,2,0
569,569,24.760000000000002,43.323000000000000,24.972000000000001,32.215631369999997,0.270674156000000,0.272652498000000,0.430586161000000,0.576414376000000,36.914000000000001,-0.093052496000000,-0.089862984000000,37.007052500000000,0.507572377000000,0.504400903000000,1.749717286000000,1.744756753000000,-93.530443169999998,44.077611449999999,1,0
570,570,25.044000000000000,42.923999999999999,25.274999999999999,32.189529030000003,0.260922250000000,0.263064972000000,0.418804019000000,0.588831423000000,35.529000000000003,-0.084321611000000,-0.080853254000000,35.613321610000000,0.492076673000000,0.488589677000000,1.713943460000000,1.708711191000000,-93.530443169999998,44.077572449999998,1,0
571,571,24.065999999999999,41.832999999999998,23.759000000000000,31.057271430000000,0.272573788000000,0.269609554000000,0.421618415000000,0.567948749000000,35.841000000000001,-0.090796136000000,-0.095589908000000,35.931796140000003,0.502679669000000,0.507461419000000,1.738261448000000,1.745708894000000,-93.530443169999998,44.077533449999997,1,0
572,572,24.667000000000002,42.713999999999999,24.390000000000001,31.769056140000000,0.270446518000000,0.267835146000000,0.419785537000000,0.571007164000000,36.371000000000002,-0.089137091000000,-0.093362827000000,36.460137090000003,0.499815682000000,0.504039671000000,1.731625248000000,1.738149465000000,-93.530443169999998,44.077494450000003,1,0
573,573,25.058000000000000,42.837000000000003,25.332999999999998,32.169720869999999,0.259309889000000,0.261860225000000,0.417720032000000,0.591381283000000,35.283000000000001,-0.083191745000000,-0.079062084000000,35.366191739999998,0.490113020000000,0.485955484000000,1.709513928000000,1.703311783000000,-93.530443169999998,44.077455450000002,1,0
574,574,23.981999999999999,42.363999999999997,24.512000000000000,31.467882910000000,0.271982105000000,0.277062671000000,0.439403356000000,0.578604475000000,36.234000000000002,-0.096735565000000,-0.088568976000000,36.330735570000002,0.514621110000000,0.506540907000000,1.766491535000000,1.753679703000000,-93.530443169999998,44.077416450000001,1,0
575,575,24.340000000000000,42.179000000000002,24.408000000000001,31.449717039999999,0.267531141000000,0.268179017000000,0.423618532000000,0.578676593000000,35.609999999999999,-0.089115444000000,-0.088068451000000,35.699115440000000,0.500371334000000,0.499324925000000,1.732908792000000,1.731299627000000,-93.530443169999998,44.077377450000000,1,0
576,576,24.506000000000000,42.691000000000003,23.855000000000000,31.581252570000000,0.276807010000000,0.270622200000000,0.419569932000000,0.558782882000000,37.021000000000001,-0.092063876000000,-0.102073540000000,37.113063879999999,0.504310526000000,0.514280513000000,1.742063168000000,1.757752282000000,-93.530443169999998,44.077338449999999,1,0
577,577,24.893999999999998,43.451000000000001,24.373000000000001,32.154542270000000,0.276384493000000,0.271519497000000,0.422018557000000,0.560930704000000,37.634999999999998,-0.092747902000000,-0.100614767000000,37.727747899999997,0.505753417000000,0.513581628000000,1.745440668000000,1.757777608000000,-93.530443169999998,44.077299449999998,1,0
578,578,23.678000000000001,42.970999999999997,24.382000000000001,31.631400270000000,0.282697273000000,0.289471710000000,0.456455391000000,0.567405925000000,37.881999999999998,-0.107895113000000,-0.097068032000000,37.989895109999999,0.534182224000000,0.523631225000000,1.814806994000000,1.797186919000000,-93.530443169999998,44.077260449999997,1,0
579,579,35.988000000000000,56.366999999999997,31.106000000000002,42.583087679999998,0.253798074000000,0.220659412000000,0.332723800000000,0.551847712000000,45.640000000000001,-0.048467127000000,-0.103827119000000,45.688467129999999,0.420828445000000,0.478926818000000,1.566272091000000,1.644184764000000,-93.531145170000002,44.076870450000001,2,0
580,580,23.677000000000000,43.119000000000000,24.581000000000000,31.749404460000001,0.282387580000000,0.291065333000000,0.460547199000000,0.570073517000000,37.979999999999997,-0.109121551000000,-0.095271239000000,38.089121550000002,0.536664935000000,0.523192019000000,1.821134434000000,1.798552583000000,-93.530443169999998,44.077221450000003,1,0
581,581,24.335999999999999,43.256000000000000,24.870999999999999,32.051464199999998,0.274869399000000,0.279914783000000,0.442873528000000,0.574972258000000,37.305000000000000,-0.099343521000000,-0.091242984000000,37.404343519999998,0.519152760000000,0.511165575000000,1.777449047000000,1.764624444000000,-93.530443169999998,44.077182450000002,1,0
582,582,24.866000000000000,43.523000000000003,25.506000000000000,32.471143710000000,0.266879157000000,0.272807030000000,0.435067509000000,0.586034970000000,36.673999999999999,-0.092769583000000,-0.083227009000000,36.766769580000002,0.507820214000000,0.498330015000000,1.750301617000000,1.735552534000000,-93.530443169999998,44.077143450000001,1,0
583,583,24.116000000000000,42.960999999999999,25.164999999999999,31.940080370000000,0.271007300000000,0.280945779000000,0.449632563000000,0.585763832000000,36.640999999999998,-0.099722469000000,-0.083801305000000,36.740722470000001,0.520785668000000,0.505098844000000,1.781431415000000,1.756351290000000,-93.530443169999998,44.077104450000000,1,0
584,584,23.989000000000001,43.029000000000003,25.475000000000001,32.020527719999997,0.270022579000000,0.284102778000000,0.458320295000000,0.592042576000000,36.594000000000001,-0.102109349000000,-0.079616836000000,36.696109350000000,0.525768476000000,0.503682167000000,1.793697111000000,1.758154865000000,-93.530443169999998,44.077065449999999,1,0
585,585,25.218000000000000,44.817000000000000,27.295999999999999,33.613403220000002,0.261136280000000,0.279845791000000,0.458574136000000,0.609054600000000,37.119999999999997,-0.097726315000000,-0.067836558000000,37.217726319999997,0.519043391000000,0.489527272000000,1.777182965000000,1.730935220000000,-93.530443169999998,44.077026449999998,1,0
586,586,26.568999999999999,44.808000000000000,26.725000000000001,33.802831490000003,0.254159961000000,0.255530493000000,0.408469945000000,0.596433673000000,36.322000000000003,-0.077586594000000,-0.075360339000000,36.399586589999998,0.479736211000000,0.477479559000000,1.686476721000000,1.683192149000000,-93.530443169999998,44.076987449999997,1,0
587,587,25.052000000000000,43.677999999999997,26.085000000000001,32.740380840000000,0.261522243000000,0.271002473000000,0.436768672000000,0.597211411000000,36.219000000000001,-0.090757791000000,-0.075504931000000,36.309757789999999,0.504922273000000,0.489716624000000,1.743493533000000,1.720191158000000,-93.530443169999998,44.076948450000003,1,0
588,588,25.558000000000000,43.866000000000000,25.759000000000000,32.868238980000001,0.261886098000000,0.263712837000000,0.419283179000000,0.587220171000000,36.414999999999999,-0.084939538000000,-0.081983127000000,36.499939540000000,0.493131135000000,0.490161056000000,1.716331481000000,1.711860055000000,-93.530443169999998,44.076909450000002,1,0
589,589,24.521000000000001,43.662999999999997,25.285000000000000,32.388620609999997,0.273604994000000,0.280740350000000,0.446210867000000,0.579094428000000,37.520000000000003,-0.099857707000000,-0.088414341000000,37.619857709999998,0.520460528000000,0.509186156000000,1.780637005000000,1.762537000000000,-93.530443169999998,44.076870450000001,1,0
590,590,37.274000000000001,56.957999999999998,32.965000000000003,43.666371750000003,0.237175206000000,0.208888700000000,0.321282256000000,0.578759788000000,43.677000000000000,-0.037535476000000,-0.084962696000000,43.714535480000002,0.400310075000000,0.450592076000000,1.528089285000000,1.591898058000000,-93.531145170000002,44.076831450000000,2,0
591,591,25.047000000000001,44.094000000000001,25.306999999999999,32.721436879999999,0.273086862000000,0.275480540000000,0.434525711000000,0.573932961000000,37.834000000000003,-0.095589107000000,-0.091735135000000,37.929589110000002,0.512098190000000,0.508278732000000,1.760450353000000,1.754406767000000,-93.530443169999998,44.076831450000000,1,0
592,592,24.532000000000000,41.555000000000000,23.928000000000001,31.097621740000001,0.263357908000000,0.257584699000000,0.403780925000000,0.575815185000000,34.649999999999999,-0.080099983000000,-0.089493973000000,34.730099979999999,0.483114791000000,0.492612419000000,1.693909995000000,1.708030312000000,-93.530404169999997,44.078001450000002,1,0
593,593,24.449000000000002,42.085000000000001,24.969000000000001,31.582441260000000,0.260143127000000,0.265067484000000,0.424299290000000,0.593299275000000,34.752000000000002,-0.085859480000000,-0.077903457000000,34.837859479999999,0.495332523000000,0.487350173000000,1.721338296000000,1.709316932000000,-93.530404169999997,44.077962450000001,1,0
594,594,24.245000000000001,41.573000000000000,24.265999999999998,31.117910760000001,0.263069947000000,0.263271446000000,0.417019638000000,0.583696149000000,34.634999999999998,-0.084698726000000,-0.084372364000000,34.719698729999998,0.492412844000000,0.492084846000000,1.714704063000000,1.714209775000000,-93.530404169999997,44.077923450000000,1,0
595,595,24.114000000000001,41.115000000000002,23.539000000000001,30.692087699999998,0.266216518000000,0.260635607000000,0.407795634000000,0.572516113000000,34.576999999999998,-0.082860941000000,-0.091929524000000,34.659860940000002,0.488113233000000,0.497250937000000,1.705026126000000,1.718783965000000,-93.530404169999997,44.077884449999999,1,0
596,596,23.948000000000000,42.122000000000000,23.335000000000001,31.049915800000001,0.281014545000000,0.275071893000000,0.425272025000000,0.553986041000000,36.960999999999999,-0.096133326000000,-0.105732342000000,37.057133329999999,0.511445495000000,0.520955721000000,1.758894271000000,1.774147793000000,-93.530404169999997,44.077845449999998,1,0
597,597,25.280000000000001,43.304000000000002,22.492000000000001,31.729086970000001,0.289001339000000,0.262801820000000,0.391043999000000,0.519397746000000,38.835999999999999,-0.086872502000000,-0.129729018000000,38.922872499999997,0.491648066000000,0.534667478000000,1.712974684000000,1.780944394000000,-93.530404169999997,44.077806449999997,1,0
598,598,24.922999999999998,43.689999999999998,24.446000000000002,32.288176090000000,0.277961813000000,0.273519595000000,0.424910001000000,0.559533074000000,38.011000000000003,-0.094540023000000,-0.101716116000000,38.105540019999999,0.508962216000000,0.516086265000000,1.752999238000000,1.764316246000000,-93.530404169999997,44.077767450000003,1,0
599,599,25.038000000000000,44.101999999999997,24.939000000000000,32.628420990000002,0.276644401000000,0.275730402000000,0.431302459000000,0.565484559000000,38.226999999999997,-0.096182995000000,-0.097656225000000,38.323183000000000,0.512497060000000,0.513956197000000,1.761402668000000,1.763728000000000,-93.530404169999997,44.077728450000002,1,0
600,600,24.260999999999999,41.883000000000003,24.126000000000001,31.224166310000001,0.267712424000000,0.266418723000000,0.419391689000000,0.576033235000000,35.378999999999998,-0.087710203000000,-0.089803922000000,35.466710200000001,0.497523740000000,0.499620226000000,1.726350934000000,1.729561732000000,-93.530404169999997,44.077689450000001,1,0
601,601,23.478000000000002,41.401000000000003,24.042000000000002,30.785695000000000,0.270729424000000,0.276252717000000,0.438891202000000,0.580710611000000,35.281999999999996,-0.095948089000000,-0.087068297000000,35.377948089999997,0.513330339000000,0.504535564000000,1.763395519000000,1.749510975000000,-93.530404169999997,44.077650450000000,1,0
602,602,23.745999999999999,41.564999999999998,24.672999999999998,31.092757299999999,0.263863655000000,0.272833060000000,0.438481224000000,0.593600385000000,34.710999999999999,-0.092467550000000,-0.078044986000000,34.803467550000001,0.507861954000000,0.493515128000000,1.750400067000000,1.728220027000000,-93.530404169999997,44.077611449999999,1,0
603,603,24.777999999999999,43.335000000000001,25.340000000000000,32.321237130000000,0.267216422000000,0.272444320000000,0.433848456000000,0.584746741000000,36.552000000000000,-0.092514954000000,-0.084095749000000,36.644514950000001,0.507238410000000,0.498862371000000,1.748930503000000,1.735917222000000,-93.530404169999997,44.077572449999998,1,0
604,604,25.242999999999999,43.338000000000001,25.645000000000000,32.522081309999997,0.260155273000000,0.263848588000000,0.421441215000000,0.591743966000000,35.787999999999997,-0.084878908000000,-0.078906034000000,35.872878909999997,0.493351948000000,0.487351618000000,1.716832389000000,1.707823321000000,-93.530404169999997,44.077533449999997,1,0
605,605,24.149000000000001,42.590000000000003,24.664999999999999,31.651458770000001,0.271400212000000,0.276315198000000,0.438299187000000,0.579126556000000,36.366000000000000,-0.096072382000000,-0.088169008000000,36.462072380000002,0.513429972000000,0.505603312000000,1.763634105000000,1.751261068000000,-93.530404169999997,44.077494450000003,1,0
606,606,24.527999999999999,42.180999999999997,24.908999999999999,31.629721390000000,0.261025867000000,0.264626962000000,0.422320574000000,0.590526540000000,34.924999999999997,-0.085592351000000,-0.079770351000000,35.010592350000003,0.494617156000000,0.488773536000000,1.719708089000000,1.710903758000000,-93.530404169999997,44.077455450000002,1,0
607,607,24.045999999999999,41.898000000000003,24.216000000000001,31.198649419999999,0.269078738000000,0.270714546000000,0.427818252000000,0.577975082000000,35.533999999999999,-0.091322094000000,-0.088682343000000,35.625322089999997,0.504459116000000,0.501828389000000,1.742410380000000,1.738327555000000,-93.530404169999997,44.077416450000001,1,0
608,608,24.184999999999999,42.279000000000003,25.178000000000001,31.656277679999999,0.262804191000000,0.272237602000000,0.438259943000000,0.595520235000000,35.195000000000000,-0.091879269000000,-0.076709369000000,35.286879270000000,0.506906672000000,0.491805368000000,1.748149680000000,1.724882016000000,-93.530404169999997,44.077377450000000,1,0
609,609,24.350999999999999,42.119999999999997,24.599000000000000,31.475791770000001,0.264959832000000,0.267319583000000,0.424364731000000,0.584021842000000,35.289999999999999,-0.088158559000000,-0.084346107000000,35.378158560000003,0.498982030000000,0.495167439000000,1.729703092000000,1.723876482000000,-93.530404169999997,44.077338449999999,1,0
610,610,24.007999999999999,42.957999999999998,24.016999999999999,31.615344990000001,0.282893214000000,0.282979422000000,0.441220983000000,0.559080963000000,37.890999999999998,-0.102731279000000,-0.102592792000000,37.993731279999999,0.523998437000000,0.523862477000000,1.789320227000000,1.789096915000000,-93.530404169999997,44.077299449999998,1,0
611,611,23.925999999999998,42.898000000000003,24.536000000000001,31.700195460000000,0.278076539000000,0.283909972000000,0.448637911000000,0.571961397000000,37.334000000000003,-0.102907180000000,-0.093559545000000,37.436907179999999,0.525464913000000,0.516292553000000,1.792944913000000,1.777976581000000,-93.530404169999997,44.077260449999997,1,0
612,612,25.021000000000001,44.005000000000003,26.437999999999999,32.971999789999998,0.262072575000000,0.275026801000000,0.445759369000000,0.600795364000000,36.551000000000002,-0.094020783000000,-0.073240174000000,36.645020780000003,0.511373448000000,0.490747386000000,1.758722673000000,1.726754880000000,-93.530404169999997,44.077221450000003,1,0
613,613,24.859000000000002,43.677000000000000,25.774000000000001,32.608533070000000,0.266119272000000,0.274571028000000,0.440063608000000,0.590104632000000,36.720999999999997,-0.094098187000000,-0.080515322000000,36.815098190000000,0.510644919000000,0.497161495000000,1.756989420000000,1.735967762000000,-93.530404169999997,44.077182450000002,1,0
614,614,25.904000000000000,44.610999999999997,26.984000000000002,33.611976009999999,0.255675181000000,0.265291073000000,0.429739726000000,0.604873238000000,36.334000000000003,-0.085594724000000,-0.070086873000000,36.419594719999999,0.495695422000000,0.480135008000000,1.722166461000000,1.698900228000000,-93.530404169999997,44.077143450000001,1,0
615,615,25.498999999999999,43.826999999999998,26.221000000000000,32.957274210000001,0.257824271000000,0.264374116000000,0.425194293000000,0.598284163000000,35.933999999999997,-0.085072268000000,-0.074493181000000,36.019072270000002,0.494206337000000,0.483582797000000,1.718773285000000,1.702866505000000,-93.530404169999997,44.077104450000000,1,0
616,616,24.771999999999998,43.768000000000001,25.905000000000001,32.661694349999998,0.266682584000000,0.277152028000000,0.445549431000000,0.591870773000000,36.859000000000002,-0.096216846000000,-0.079421886000000,36.955216849999999,0.514763407000000,0.498139064000000,1.766833522000000,1.740716033000000,-93.530404169999997,44.077065449999999,1,0
617,617,25.207999999999998,44.634999999999998,26.026000000000000,33.191761849999999,0.270711154000000,0.278152428000000,0.443366730000000,0.583085023000000,38.036000000000001,-0.097464248000000,-0.085518781000000,38.133464250000003,0.516355095000000,0.504548687000000,1.770668042000000,1.751938111000000,-93.530404169999997,44.077026449999998,1,0
618,618,26.048999999999999,44.869000000000000,27.090000000000000,33.791742890000002,0.256157394000000,0.265376914000000,0.429405859000000,0.603757605000000,36.598999999999997,-0.085711371000000,-0.070841156000000,36.684711370000002,0.495834715000000,0.480915945000000,1.722484548000000,1.700154376000000,-93.530404169999997,44.076987449999997,1,0
619,619,24.802000000000000,43.274000000000001,25.448000000000000,32.328413630000000,0.265340137000000,0.271343792000000,0.433330205000000,0.588066738000000,36.298000000000002,-0.091433215000000,-0.081762970000000,36.389433220000001,0.505471039000000,0.495837365000000,1.744778647000000,1.729902962000000,-93.530404169999997,44.076948450000003,1,0
620,620,25.454000000000001,44.289000000000001,25.974000000000000,33.086101380000002,0.265345771000000,0.270062945000000,0.430327401000000,0.586466165000000,37.149999999999999,-0.090406093000000,-0.082800338000000,37.240406090000000,0.503410176000000,0.495822736000000,1.739962285000000,1.728284215000000,-93.530404169999997,44.076909450000002,1,0
621,621,25.070000000000000,44.031999999999996,25.399999999999999,32.723497799999997,0.271370205000000,0.274405951000000,0.433893186000000,0.576853198000000,37.594000000000001,-0.094537682000000,-0.089648896000000,37.688537680000003,0.510380919000000,0.505529407000000,1.756362186000000,1.748730335000000,-93.530404169999997,44.076870450000001,1,0
622,622,25.099000000000000,44.469999999999999,25.062999999999999,32.841511689999997,0.278773849000000,0.278442985000000,0.435244686000000,0.563593434000000,38.777999999999999,-0.098607236000000,-0.099139826000000,38.876607239999998,0.516816899000000,0.517342688000000,1.771783736000000,1.772630801000000,-93.530404169999997,44.076831450000000,1,0
623,623,22.893999999999998,40.509999999999998,22.198000000000000,29.765452790000001,0.284889622000000,0.277837360000000,0.427510557000000,0.547963466000000,35.927999999999997,-0.098810775000000,-0.110193687000000,36.026810779999998,0.515854087000000,0.527092349000000,1.769459247000000,1.787744179000000,-93.530365169999996,44.078001450000002,1,0
624,624,23.199000000000002,40.939999999999998,22.808000000000000,30.190959270000000,0.280505446000000,0.276602379000000,0.429241973000000,0.557107963000000,35.872999999999998,-0.097316756000000,-0.103612546000000,35.970316760000003,0.513887782000000,0.520114948000000,1.764731238000000,1.774748426000000,-93.530365169999996,44.077962450000001,1,0
625,625,24.600999999999999,41.649000000000001,23.533000000000001,31.057207920000000,0.267545194000000,0.257328302000000,0.399091697000000,0.565031573000000,35.164000000000001,-0.080278004000000,-0.096931490000000,35.244278000000001,0.482693665000000,0.499531721000000,1.692979960000000,1.718187470000000,-93.530365169999996,44.077923450000000,1,0
626,626,24.216000000000001,41.149000000000001,23.097999999999999,30.622281980000000,0.269913280000000,0.259053010000000,0.400619869000000,0.561325913000000,34.984000000000002,-0.081916734000000,-0.099610006000000,35.065916729999998,0.485523298000000,0.503377613000000,1.699248431000000,1.726206358000000,-93.530365169999996,44.077884449999999,1,0
627,627,23.949000000000002,41.786999999999999,22.341000000000001,30.653049070000002,0.287100351000000,0.271358160000000,0.411061182000000,0.534639960000000,37.283999999999999,-0.093763412000000,-0.119322865000000,37.377763410000000,0.505494133000000,0.530909098000000,1.744832770000000,1.785687010000000,-93.530365169999996,44.077845449999998,1,0
628,628,25.134000000000000,43.920999999999999,22.036999999999999,31.866395919999999,0.301237659000000,0.272058504000000,0.399570377000000,0.501741764000000,40.670999999999999,-0.095874501000000,-0.143472533000000,40.766874500000000,0.506619170000000,0.553851726000000,1.747473542000000,1.825693848000000,-93.530365169999996,44.077806449999997,1,0
629,629,25.914000000000001,43.991000000000000,25.128000000000000,32.854019850000000,0.265709518000000,0.258593806000000,0.403711727000000,0.571207747000000,36.939999999999998,-0.081144445000000,-0.092723580000000,37.021144440000000,0.484770633000000,0.496463604000000,1.697576600000000,1.715077561000000,-93.530365169999996,44.077767450000003,1,0
630,630,25.364000000000001,44.250000000000000,24.384000000000000,32.639313979999997,0.280307853000000,0.271296004000000,0.417554720000000,0.551050847000000,38.752000000000002,-0.092984957000000,-0.107581012000000,38.844984959999998,0.505394223000000,0.519917261000000,1.744598644000000,1.767641101000000,-93.530365169999996,44.077728450000002,1,0
631,631,24.169000000000000,42.292999999999999,24.405999999999999,31.456272540000001,0.270432033000000,0.272697180000000,0.430949211000000,0.577069491000000,36.011000000000003,-0.093062464000000,-0.089411014000000,36.104062460000002,0.507644045000000,0.504013343000000,1.749886218000000,1.744209235000000,-93.530365169999996,44.077689450000001,1,0
632,632,23.962000000000000,42.201999999999998,24.387000000000000,31.357678580000002,0.271594616000000,0.275678617000000,0.436603873000000,0.577863608000000,36.055000000000000,-0.095583704000000,-0.089012822000000,36.150583699999999,0.512414405000000,0.505902865000000,1.761205242000000,1.750924459000000,-93.530365169999996,44.077650450000000,1,0
633,633,23.645000000000000,41.292000000000002,23.829999999999998,30.724497220000000,0.269946716000000,0.271755702000000,0.429294281000000,0.577109367000000,35.109000000000002,-0.092252752000000,-0.089335001000000,35.201252750000002,0.506132901000000,0.503228627000000,1.746331148000000,1.741804817000000,-93.530365169999996,44.077611449999999,1,0
634,634,25.010000000000002,43.369999999999997,24.318000000000001,32.134208790000002,0.274950760000000,0.268499561000000,0.416685579000000,0.560710168000000,37.411999999999999,-0.090142182000000,-0.100593325000000,37.502142180000000,0.500889024000000,0.511324620000000,1.734106357000000,1.750385126000000,-93.530365169999996,44.077572449999998,1,0
635,635,25.135999999999999,43.956000000000003,24.885999999999999,32.574332570000003,0.274696594000000,0.272390436000000,0.425734063000000,0.566157066000000,37.890000000000001,-0.093272894000000,-0.096997170000000,37.983272890000002,0.507151947000000,0.510854913000000,1.748726926000000,1.754557372000000,-93.530365169999996,44.077533449999997,1,0
636,636,24.143999999999998,43.156999999999996,24.068000000000001,31.752837190000001,0.283231494000000,0.282506946000000,0.439779798000000,0.557684732000000,38.101999999999997,-0.102391402000000,-0.103555911000000,38.204391399999999,0.523252981000000,0.524396808000000,1.787483433000000,1.789361033000000,-93.530365169999996,44.077494450000003,1,0
637,637,24.905000000000001,42.694000000000003,24.730000000000000,31.909296250000001,0.264791924000000,0.263154780000000,0.414961861000000,0.579238300000000,35.753000000000000,-0.084772932000000,-0.087426486000000,35.837772930000000,0.492222909000000,0.494889790000000,1.714274242000000,1.718304347000000,-93.530365169999996,44.077455450000002,1,0
638,638,24.811000000000000,42.689999999999998,24.632999999999999,31.858052409999999,0.266540082000000,0.264870150000000,0.417071009000000,0.577020379000000,35.936000000000000,-0.086337291000000,-0.089042047000000,36.022337290000003,0.495012132000000,0.497725188000000,1.720607795000000,1.724738129000000,-93.530365169999996,44.077416450000001,1,0
639,639,25.361999999999998,43.350000000000001,25.687000000000001,32.569287750000001,0.258811316000000,0.261788334000000,0.418082510000000,0.592549020000000,35.651000000000003,-0.083085626000000,-0.078265660000000,35.734085630000003,0.489995726000000,0.485142709000000,1.709250059000000,1.702018009000000,-93.530365169999996,44.077377450000000,1,0
640,640,24.908000000000001,43.122000000000000,25.024000000000001,32.177196500000001,0.266654917000000,0.267734823000000,0.423522299000000,0.580307036000000,36.311999999999998,-0.088666796000000,-0.086921572000000,36.400666800000003,0.499653515000000,0.497908315000000,1.731251004000000,1.728574437000000,-93.530365169999996,44.077338449999999,1,0
641,641,25.356999999999999,44.438000000000002,25.353999999999999,32.967350560000000,0.273413713000000,0.273386346000000,0.429355775000000,0.570547729000000,38.164999999999999,-0.093938980000000,-0.093983121000000,38.258938980000003,0.508748761000000,0.508792607000000,1.752494380000000,1.752563429000000,-93.530365169999996,44.077299449999998,1,0
642,642,24.591999999999999,43.874000000000002,24.829000000000001,32.384016539999998,0.279414445000000,0.281628838000000,0.441872723000000,0.565916032000000,38.326999999999998,-0.101240152000000,-0.097683692000000,38.428240150000001,0.521865978000000,0.518367726000000,1.784076122000000,1.778387142000000,-93.530365169999996,44.077260449999997,1,0
643,643,25.030000000000001,43.932000000000002,24.827999999999999,32.521537010000003,0.275961720000000,0.274092979000000,0.428286582000000,0.565146135000000,38.006000000000000,-0.094786225000000,-0.097801471000000,38.100786220000003,0.509880207000000,0.512872231000000,1.755173791000000,1.759916204000000,-93.530365169999996,44.077221450000003,1,0
644,644,24.847000000000001,43.597999999999999,24.864000000000001,32.333561039999999,0.273799002000000,0.273957192000000,0.430256304000000,0.570301390000000,37.484999999999999,-0.094441051000000,-0.094185984000000,37.579441050000000,0.509662888000000,0.509409698000000,1.754658510000000,1.754258921000000,-93.530365169999996,44.077182450000002,1,0
645,645,25.683000000000000,44.402999999999999,26.039999999999999,33.213072220000001,0.263881476000000,0.267100419000000,0.425010217000000,0.586446862000000,37.082999999999998,-0.087872168000000,-0.082672742000000,37.170872170000003,0.498627444000000,0.493423459000000,1.728886812000000,1.720957521000000,-93.530365169999996,44.077143450000001,1,0
646,646,25.170999999999999,43.738999999999997,25.478999999999999,32.638723440000000,0.266622263000000,0.269452910000000,0.427528724000000,0.582523606000000,36.828000000000003,-0.090048629000000,-0.085480300000000,36.918048630000001,0.502427160000000,0.497867313000000,1.737674308000000,1.730651026000000,-93.530365169999996,44.077104450000000,1,0
647,647,25.379000000000001,44.631999999999998,24.952999999999999,32.958364009999997,0.278890513000000,0.274999643000000,0.427293710000000,0.559083169000000,38.932000000000002,-0.095840529000000,-0.102120804000000,39.027840529999999,0.511330051000000,0.517553984000000,1.758619331000000,1.768560707000000,-93.530365169999996,44.077065449999999,1,0
648,648,25.853999999999999,44.298000000000002,25.274999999999999,33.012965860000001,0.268148148000000,0.262914814000000,0.410990039000000,0.570567520000000,37.466999999999999,-0.084906787000000,-0.093401239000000,37.551906789999997,0.491832125000000,0.500369538000000,1.713390578000000,1.726362348000000,-93.530365169999996,44.077026449999998,1,0
649,649,25.908000000000001,43.871000000000002,24.934999999999999,32.749775219999997,0.266255367000000,0.257427020000000,0.400566408000000,0.568370906000000,36.899000000000001,-0.080239458000000,-0.094621703000000,36.979239460000002,0.482855826000000,0.497396935000000,1.693337965000000,1.715061150000000,-93.530365169999996,44.076987449999997,1,0
650,650,25.210000000000001,43.866000000000000,25.053000000000001,32.595617619999999,0.271524331000000,0.270079333000000,0.423778479000000,0.571125701000000,37.469000000000001,-0.091066515000000,-0.093401608000000,37.560066519999999,0.503436570000000,0.505764815000000,1.740023800000000,1.743647347000000,-93.530365169999996,44.076948450000003,1,0
651,651,24.609999999999999,44.497999999999998,24.521000000000001,32.593473500000002,0.288611206000000,0.287781444000000,0.446049297000000,0.551058475000000,39.865000000000002,-0.107274456000000,-0.108605240000000,39.972274460000001,0.531541591000000,0.532840014000000,1.808126778000000,1.810309508000000,-93.530365169999996,44.076909450000002,1,0
652,652,25.213999999999999,44.451000000000001,24.218000000000000,32.650414599999998,0.285323926000000,0.276135793000000,0.423284265000000,0.544824638000000,39.469999999999999,-0.097476646000000,-0.112329176000000,39.567476650000003,0.513143865000000,0.527835319000000,1.762949155000000,1.786769143000000,-93.530365169999996,44.076870450000001,1,0
653,653,25.507999999999999,44.097999999999999,23.459000000000000,32.381148570000001,0.286002785000000,0.267074677000000,0.402843088000000,0.531974239000000,39.228999999999999,-0.090117660000000,-0.120941278000000,39.319117660000003,0.498585787000000,0.529385681000000,1.728790968000000,1.777676236000000,-93.530365169999996,44.076831450000000,1,0
654,654,23.420999999999999,40.899999999999999,23.108000000000001,30.305845999999999,0.274848242000000,0.271746397000000,0.424113751000000,0.564987775000000,35.271000000000001,-0.092767846000000,-0.097779913000000,35.363767850000002,0.506117955000000,0.511104810000000,1.746296059000000,1.754137439000000,-93.530326169999995,44.078001450000002,1,0
655,655,23.196000000000002,40.100000000000001,23.050000000000001,29.873996030000001,0.268525695000000,0.267062690000000,0.420016896000000,0.574812968000000,33.954000000000001,-0.088314456000000,-0.090681676000000,34.042314460000000,0.498566388000000,0.500934952000000,1.728746336000000,1.732385002000000,-93.530326169999995,44.077962450000001,1,0
656,656,25.123999999999999,41.332999999999998,23.779000000000000,31.118446330000001,0.256618200000000,0.243902072000000,0.379797554000000,0.575303027000000,33.762999999999998,-0.068258788000000,-0.089126291000000,33.831258790000000,0.460414882000000,0.481817064000000,1.645160006000000,1.675580294000000,-93.530326169999995,44.077923450000000,1,0
657,657,29.731999999999999,43.579999999999998,25.376999999999999,33.799410020000003,0.225284496000000,0.188891314000000,0.288891207000000,0.582308398000000,32.051000000000002,-0.019811732000000,-0.081591667000000,32.070811730000003,0.364767741000000,0.431358667000000,1.465760796000000,1.545141019000000,-93.530326169999995,44.077884449999999,2,0
658,658,25.239000000000001,41.994000000000000,22.863000000000000,31.215487209999999,0.271678401000000,0.249207978000000,0.377620014000000,0.544434919000000,35.886000000000003,-0.073914491000000,-0.110835109000000,35.959914490000003,0.469271999000000,0.506916850000000,1.663853560000000,1.719545861000000,-93.530326169999995,44.077845449999998,1,0
659,659,26.998000000000001,46.250999999999998,23.181999999999999,33.691997710000003,0.296617653000000,0.262843179000000,0.384544710000000,0.501221595000000,42.322000000000003,-0.087666829000000,-0.143068101000000,42.409666829999999,0.491715441000000,0.547296555000000,1.713126898000000,1.802302580000000,-93.530326169999995,44.077806449999997,1,0
660,660,26.097000000000001,43.829000000000001,24.489000000000001,32.668770870000003,0.268163537000000,0.253582358000000,0.390254638000000,0.558739647000000,37.072000000000003,-0.077246200000000,-0.101089869000000,37.149246200000000,0.476522414000000,0.500725164000000,1.679465073000000,1.715411358000000,-93.530326169999995,44.077767450000003,1,0
661,661,24.579000000000001,43.432000000000002,24.378000000000000,32.066351779999998,0.279095280000000,0.277205158000000,0.432081223000000,0.561291214000000,37.906999999999996,-0.097645824000000,-0.100691641000000,38.004645820000000,0.514848005000000,0.517859008000000,1.767036901000000,1.771875253000000,-93.530326169999995,44.077728450000002,1,0
662,662,24.568999999999999,42.863999999999997,24.927000000000000,31.949510100000001,0.267940602000000,0.271306334000000,0.430409824000000,0.581536954000000,36.231999999999999,-0.091678216000000,-0.086251624000000,36.323678219999998,0.505410828000000,0.500005737000000,1.744637551000000,1.736253492000000,-93.530326169999995,44.077689450000001,1,0
663,663,24.213000000000001,41.478000000000002,23.738000000000000,30.931033480000000,0.267403577000000,0.262821391000000,0.411531952000000,0.572303390000000,35.005000000000003,-0.084757741000000,-0.092193807000000,35.089757740000003,0.491679949000000,0.499154734000000,1.713046710000000,1.724386031000000,-93.530326169999995,44.077650450000000,1,0
664,664,24.074000000000002,40.792999999999999,22.954000000000001,30.389211029999998,0.268695476000000,0.257742766000000,0.398897717000000,0.562694580000000,34.558000000000000,-0.080725567000000,-0.098580066000000,34.638725569999998,0.483374331000000,0.501417685000000,1.694483675000000,1.721579644000000,-93.530326169999995,44.077611449999999,1,0
665,665,24.457999999999998,43.378999999999998,24.434999999999999,32.026034359999997,0.279135428000000,0.278918584000000,0.435947652000000,0.563290993000000,37.865000000000002,-0.099031125000000,-0.099380094000000,37.964031130000002,0.517572331000000,0.517916646000000,1.773611906000000,1.774167659000000,-93.530326169999995,44.077572449999998,1,0
666,666,26.041000000000000,44.359000000000002,25.273000000000000,33.088664180000002,0.267110375000000,0.260198864000000,0.405921067000000,0.569737821000000,37.404000000000003,-0.082589654000000,-0.093827935000000,37.486589649999999,0.487399126000000,0.498727710000000,1.703429208000000,1.720494846000000,-93.530326169999995,44.077533449999997,1,0
667,667,25.100000000000001,43.109999999999999,24.280999999999999,32.031490030000001,0.271672038000000,0.264037531000000,0.409979740000000,0.563233588000000,36.838999999999999,-0.086170546000000,-0.098567428000000,36.925170549999997,0.493659207000000,0.506100833000000,1.717529880000000,1.736608343000000,-93.530326169999995,44.077494450000003,1,0
668,668,24.222999999999999,42.244000000000000,24.257000000000001,31.409718850000001,0.270801997000000,0.271127025000000,0.426936745000000,0.574211722000000,36.008000000000003,-0.091836780000000,-0.091312111000000,36.099836779999997,0.505122560000000,0.504599996000000,1.743962350000000,1.743147971000000,-93.530326169999995,44.077455450000002,1,0
669,669,24.084000000000000,41.917000000000002,23.876000000000001,31.129500050000001,0.272197520000000,0.270192876000000,0.423335312000000,0.569601832000000,35.874000000000002,-0.091229124000000,-0.094469108000000,35.965229119999996,0.503619424000000,0.506849325000000,1.740450091000000,1.745484518000000,-93.530326169999995,44.077416450000001,1,0
670,670,23.927000000000000,41.920999999999999,24.199000000000002,31.174044599999998,0.270641368000000,0.273265703000000,0.432039185000000,0.577252451000000,35.716000000000001,-0.093542261000000,-0.089313359000000,35.809542260000001,0.508555462000000,0.504353278000000,1.752037447000000,1.745454896000000,-93.530326169999995,44.077377450000000,1,0
671,671,25.027999999999999,43.231999999999999,25.440000000000001,32.365620690000000,0.262875004000000,0.266686200000000,0.425128445000000,0.588452998000000,35.996000000000002,-0.087436499000000,-0.081280683000000,36.083436499999998,0.497956941000000,0.491792545000000,1.727345373000000,1.717979159000000,-93.530326169999995,44.077338449999999,1,0
672,672,24.417999999999999,42.985999999999997,24.431000000000001,31.837654229999998,0.275350279000000,0.275473266000000,0.432085263000000,0.568347834000000,37.122999999999998,-0.095832744000000,-0.095634562000000,37.218832740000003,0.512086575000000,0.511890209000000,1.760422639000000,1.760110649000000,-93.530326169999995,44.077299449999998,1,0
673,673,24.410000000000000,43.438000000000002,24.803999999999998,32.134853149999998,0.276743332000000,0.280450419000000,0.442059288000000,0.571020765000000,37.661999999999999,-0.099987048000000,-0.094033588000000,37.761987050000002,0.520001455000000,0.514135980000000,1.779516592000000,1.770053440000000,-93.530326169999995,44.077260449999997,1,0
674,674,25.844000000000001,45.106000000000002,26.910000000000000,33.796507079999998,0.262006351000000,0.271486963000000,0.437375114000000,0.596594688000000,37.457999999999998,-0.091195586000000,-0.075945228000000,37.549195589999997,0.505701137000000,0.490506478000000,1.745318062000000,1.721984004000000,-93.530326169999995,44.077221450000003,1,0
675,675,25.169000000000000,43.901000000000003,25.765000000000001,32.785218149999999,0.265742129000000,0.271203127000000,0.432559751000000,0.586888681000000,36.868000000000002,-0.091362893000000,-0.082564454000000,36.959362890000001,0.505244917000000,0.496478722000000,1.744248878000000,1.730707909000000,-93.530326169999995,44.077182450000002,1,0
676,676,25.989999999999998,45.162999999999997,26.547000000000001,33.763490529999999,0.264512155000000,0.269461583000000,0.429830068000000,0.587804176000000,37.789000000000001,-0.089836233000000,-0.081854657000000,37.878836229999997,0.502441143000000,0.494473103000000,1.737706810000000,1.725479681000000,-93.530326169999995,44.077143450000001,1,0
677,677,26.911000000000001,44.271999999999998,26.497000000000000,33.597137349999997,0.247520289000000,0.243892502000000,0.388510943000000,0.598504698000000,35.136000000000003,-0.067532760000000,-0.073466421000000,35.203532760000002,0.460398846000000,0.466485676000000,1.645126528000000,1.653641786000000,-93.530326169999995,44.077104450000000,2,0
678,678,24.494000000000000,43.323000000000000,23.978999999999999,31.894779119999999,0.282513932000000,0.277644248000000,0.429513208000000,0.553493525000000,38.173000000000002,-0.098385551000000,-0.106239923000000,38.271385549999998,0.515546881000000,0.523304994000000,1.768718870000000,1.781279001000000,-93.530326169999995,44.077065449999999,1,0
679,679,25.491000000000000,44.417999999999999,25.501000000000001,33.030545490000002,0.270646795000000,0.270737673000000,0.426206990000000,0.574114098000000,37.844000000000001,-0.091506131000000,-0.091359396000000,37.935506130000000,0.504496327000000,0.504350116000000,1.742497352000000,1.742269782000000,-93.530326169999995,44.077026449999998,1,0
680,680,25.701000000000001,43.753000000000000,24.835999999999999,32.617445770000003,0.267807857000000,0.259913036000000,0.404590076000000,0.567641076000000,36.969000000000001,-0.082422314000000,-0.095265670000000,37.051422310000000,0.486931517000000,0.499881476000000,1.702385121000000,1.721904188000000,-93.530326169999995,44.076987449999997,1,0
681,681,24.831000000000000,43.490000000000002,24.056999999999999,32.076460269999998,0.280360350000000,0.273107829000000,0.421538948000000,0.553161646000000,38.091999999999999,-0.094466215000000,-0.106196280000000,38.186466209999999,0.508302453000000,0.519950260000000,1.751439733000000,1.770006498000000,-93.530326169999995,44.076948450000003,1,0
682,682,25.012000000000000,43.819000000000003,24.053999999999998,32.271245309999998,0.282157069000000,0.273234444000000,0.420014740000000,0.548939958000000,38.572000000000003,-0.094764494000000,-0.109203854000000,38.666764489999998,0.508505371000000,0.522839123000000,1.751919079000000,1.774851790000000,-93.530326169999995,44.076909450000002,1,0
683,683,25.806999999999999,44.156999999999996,23.687999999999999,32.542091929999998,0.281686973000000,0.262277743000000,0.396533840000000,0.536449487000000,38.819000000000003,-0.085713065000000,-0.117389912000000,38.904713070000000,0.490793959000000,0.522624932000000,1.711047390000000,1.760567488000000,-93.530326169999995,44.076870450000001,1,0
684,684,24.870999999999999,44.447000000000003,22.408000000000001,32.125902910000001,0.305603901000000,0.282408610000000,0.417309742000000,0.504151011000000,41.615000000000002,-0.104960426000000,-0.142552820000000,41.719960430000000,0.523097755000000,0.559934122000000,1.787101443000000,1.850251761000000,-93.530326169999995,44.076831450000000,1,0
685,685,24.716999999999999,41.642000000000003,23.524999999999999,31.082749119999999,0.266426410000000,0.255052065000000,0.395130037000000,0.564934441000000,35.042000000000002,-0.078303146000000,-0.096869298000000,35.120303149999998,0.478947829000000,0.497765924000000,1.684751386000000,1.712710823000000,-93.530287169999994,44.078001450000002,1,0
686,686,24.553999999999998,41.296999999999997,23.474000000000000,30.872694520000000,0.264626173000000,0.254255820000000,0.395096397000000,0.568419013000000,34.566000000000003,-0.077485586000000,-0.094412538000000,34.643485589999997,0.477634471000000,0.494806876000000,1.681884825000000,1.707267046000000,-93.530287169999994,44.077962450000001,1,0
687,687,24.279000000000000,41.700000000000003,23.666000000000000,31.029230290000001,0.269937950000000,0.264038558000000,0.411717439000000,0.567529976000000,35.454999999999998,-0.085999219000000,-0.095572536000000,35.540999220000003,0.493660876000000,0.503269875000000,1.717533671000000,1.732221945000000,-93.530287169999994,44.077923450000000,1,0
688,688,25.053000000000001,42.905999999999999,23.959000000000000,31.846566150000001,0.272948436000000,0.262702512000000,0.405750000000000,0.558406750000000,36.799999999999997,-0.085204204000000,-0.101866881000000,36.885204199999997,0.491486273000000,0.508231782000000,1.712609268000000,1.738263096000000,-93.530287169999994,44.077884449999999,1,0
689,689,24.652999999999999,41.735999999999997,21.707999999999998,30.664318940000001,0.285836421000000,0.257316724000000,0.382332535000000,0.520126509000000,37.110999999999997,-0.081975550000000,-0.128776235000000,37.192975550000000,0.482674645000000,0.529949071000000,1.692937979000000,1.766197581000000,-93.530287169999994,44.077845449999998,1,0
690,690,25.161000000000001,43.652999999999999,21.823000000000000,31.701228470000000,0.300260630000000,0.268724387000000,0.393522164000000,0.499919822000000,40.322000000000003,-0.092981895000000,-0.144541412000000,40.414981890000000,0.501251969000000,0.552617784000000,1.734946942000000,1.819156552000000,-93.530287169999994,44.077806449999997,1,0
691,691,25.448000000000000,43.555000000000000,24.376000000000001,32.346190419999999,0.272291761000000,0.262408881000000,0.405740919000000,0.559660200000000,37.286000000000001,-0.084899174000000,-0.100971310000000,37.370899170000001,0.491007744000000,0.507165583000000,1.711529393000000,1.736235119000000,-93.530287169999994,44.077767450000003,1,0
692,692,24.405999999999999,43.180000000000000,24.527999999999999,31.946768330000001,0.276627197000000,0.277779422000000,0.436016536000000,0.568040760000000,37.426000000000002,-0.097830949000000,-0.095976724000000,37.523830949999997,0.515761927000000,0.513929622000000,1.769237073000000,1.766301791000000,-93.530287169999994,44.077728450000002,1,0
693,693,24.489999999999998,43.151000000000003,24.449000000000002,31.934946910000001,0.276269770000000,0.275882970000000,0.432047601000000,0.566591736000000,37.363000000000000,-0.096264524000000,-0.096887827000000,37.459264519999998,0.512740534000000,0.513357792000000,1.761984483000000,1.762967875000000,-93.530287169999994,44.077689450000001,1,0
694,694,24.370999999999999,42.332000000000001,23.507000000000001,31.297086730000000,0.277542213000000,0.269268249000000,0.415802389000000,0.555300954000000,36.786000000000001,-0.091038688000000,-0.104447401000000,36.877038689999999,0.502129409000000,0.515504107000000,1.736982479000000,1.757986733000000,-93.530287169999994,44.077650450000000,1,0
695,695,23.699000000000002,40.607999999999997,22.562999999999999,30.109473779999998,0.274196332000000,0.262941826000000,0.405064201000000,0.555629433000000,34.954000000000001,-0.085523196000000,-0.103831012000000,35.039523199999998,0.491876122000000,0.510268680000000,1.713490021000000,1.741748830000000,-93.530287169999994,44.077611449999999,1,0
696,696,24.405000000000001,43.676000000000002,24.262000000000000,32.103175569999998,0.284408796000000,0.283059885000000,0.439786394000000,0.555499588000000,38.685000000000002,-0.102974779000000,-0.105142783000000,38.787974779999999,0.524125329000000,0.526253205000000,1.789633272000000,1.793138901000000,-93.530287169999994,44.077572449999998,1,0
697,697,25.219000000000001,44.179000000000002,24.619000000000000,32.628602800000003,0.278734551000000,0.273206721000000,0.423412760000000,0.557255710000000,38.520000000000003,-0.094370167000000,-0.103304721000000,38.614370170000001,0.508460944000000,0.517333166000000,1.751814108000000,1.765917261000000,-93.530287169999994,44.077533449999997,1,0
698,698,24.518999999999998,43.843000000000004,23.756000000000000,32.081861680000003,0.289869889000000,0.282671660000000,0.433215263000000,0.541842483000000,39.411000000000001,-0.103306628000000,-0.114902625000000,39.514306630000000,0.523512926000000,0.534892365000000,1.788123496000000,1.807046850000000,-93.530287169999994,44.077494450000003,1,0
699,699,23.317000000000000,42.378000000000000,23.690999999999999,31.095770630000001,0.286481892000000,0.290143847000000,0.453790115000000,0.559040068000000,37.747999999999998,-0.108900723000000,-0.103042982000000,37.856900719999999,0.535230170000000,0.529528992000000,1.817472231000000,1.807867153000000,-93.530287169999994,44.077455450000002,1,0
700,700,23.542000000000002,41.957000000000001,23.739999999999998,30.974200090000000,0.279215830000000,0.281149331000000,0.440982782000000,0.565817384000000,36.631999999999998,-0.100832596000000,-0.097726330000000,36.732832600000002,0.521107729000000,0.518050585000000,1.782219013000000,1.777255356000000,-93.530287169999994,44.077416450000001,1,0
701,701,23.244000000000000,42.271999999999998,23.620000000000001,31.011341580000000,0.286740533000000,0.290432871000000,0.454172236000000,0.558762301000000,37.680000000000000,-0.109163525000000,-0.103257943000000,37.789163530000003,0.535680428000000,0.529934808000000,1.818619859000000,1.808927842000000,-93.530287169999994,44.077377450000000,1,0
702,702,23.498999999999999,42.744000000000000,24.241000000000000,31.447727090000001,0.283333834000000,0.290521263000000,0.458192467000000,0.567120532000000,37.747999999999998,-0.108808187000000,-0.097327704000000,37.856808190000002,0.535818084000000,0.524644785000000,1.818971020000000,1.800237885000000,-93.530287169999994,44.077338449999999,1,0
703,703,23.719999999999999,42.561999999999998,23.771000000000001,31.300813009999999,0.283776345000000,0.284270239000000,0.443226459000000,0.558502890000000,37.633000000000003,-0.103872164000000,-0.103079298000000,37.736872159999997,0.526032055000000,0.525254883000000,1.794350759000000,1.793067881000000,-93.530287169999994,44.077299449999998,1,0
704,704,23.968000000000000,43.027000000000001,23.795000000000002,31.580530809999999,0.286144511000000,0.284483917000000,0.441180556000000,0.553024845000000,38.290999999999997,-0.104326468000000,-0.106994162000000,38.395326470000001,0.526368271000000,0.528981800000000,1.795185247000000,1.799520993000000,-93.530287169999994,44.077260449999997,1,0
705,705,24.859000000000002,43.786999999999999,25.122000000000000,32.487875350000003,0.273294319000000,0.275733473000000,0.434886499000000,0.573731930000000,37.593000000000004,-0.095815203000000,-0.091888491000000,37.688815200000001,0.512501961000000,0.508611578000000,1.761414377000000,1.755252262000000,-93.530287169999994,44.077221450000003,1,0
706,706,23.859000000000002,43.606000000000002,25.114000000000001,32.153009779999998,0.280787165000000,0.292699918000000,0.466269982000000,0.575929918000000,38.238999999999997,-0.110212899000000,-0.091234513000000,38.349212899999998,0.539204444000000,0.520774056000000,1.827654135000000,1.796719234000000,-93.530287169999994,44.077182450000002,1,0
707,707,25.114999999999998,44.851999999999997,25.446999999999999,33.116033070000000,0.279055509000000,0.282090128000000,0.443328841000000,0.567354856000000,39.142000000000003,-0.101567904000000,-0.096696502000000,39.243567900000002,0.522594854000000,0.517805487000000,1.785865021000000,1.778072218000000,-93.530287169999994,44.077143450000001,1,0
708,708,25.048999999999999,43.884000000000000,24.940999999999999,32.533630490000000,0.274234527000000,0.273236331000000,0.428146027000000,0.568339258000000,37.777999999999999,-0.093906726000000,-0.095517396000000,37.871906729999999,0.508508395000000,0.510108423000000,1.751926225000000,1.754448798000000,-93.530287169999994,44.077104450000000,1,0
709,709,25.109999999999999,44.808999999999997,25.067000000000000,32.998550829999999,0.282134554000000,0.281740299000000,0.439200036000000,0.559418867000000,39.441000000000003,-0.101646558000000,-0.102280336000000,39.542646560000001,0.522042148000000,0.522665288000000,1.784508164000000,1.785526944000000,-93.530287169999994,44.077065449999999,1,0
710,710,24.992000000000001,45.012999999999998,24.960000000000001,33.034183470000002,0.286287845000000,0.285993858000000,0.444466644000000,0.554506476000000,40.073999999999998,-0.105556784000000,-0.106028537000000,40.179556779999999,0.528740699000000,0.529202063000000,1.801096351000000,1.801864952000000,-93.530287169999994,44.077026449999998,1,0
711,711,25.527999999999999,45.356999999999999,25.071000000000002,33.354116560000001,0.283873387000000,0.279734782000000,0.432815297000000,0.552748198000000,40.115000000000002,-0.100231356000000,-0.106898995000000,40.215231359999997,0.518867387000000,0.525436828000000,1.776754936000000,1.787474934000000,-93.530287169999994,44.076987449999997,1,0
712,712,25.135999999999999,45.591999999999999,24.270000000000000,33.163644050000002,0.297161960000000,0.289220676000000,0.440311679000000,0.532330233000000,41.777999999999999,-0.109492831000000,-0.122255205000000,41.887492829999999,0.533790523000000,0.546208213000000,1.813812858000000,1.835113223000000,-93.530287169999994,44.076948450000003,1,0
713,713,25.878000000000000,45.579999999999998,24.364000000000001,33.370704619999998,0.289373559000000,0.275714406000000,0.418354780000000,0.534532690000000,40.917999999999999,-0.097585106000000,-0.119705287000000,41.015585110000004,0.512471529000000,0.534353711000000,1.761341680000000,1.797058676000000,-93.530287169999994,44.076909450000002,1,0
714,714,25.413000000000000,45.362000000000002,23.492999999999999,32.941628489999999,0.299491513000000,0.281865065000000,0.421915317000000,0.517900445000000,41.817999999999998,-0.103787075000000,-0.132301523000000,41.921787080000001,0.522239307000000,0.550217413000000,1.784991933000000,1.832303331000000,-93.530287169999994,44.076870450000001,1,0
715,715,40.392000000000003,55.905999999999999,31.989999999999998,43.895157670000003,0.214067776000000,0.161104073000000,0.241245257000000,0.572210496000000,39.430000000000000,0.005010601000000,-0.086679970000000,39.424989400000001,0.314056948000000,0.415006355000000,1.384085958000000,1.495855610000000,-93.530248169999993,44.078001450000002,2,0
716,716,29.018000000000001,48.159999999999997,26.670000000000002,35.929184159999998,0.267301721000000,0.248024048000000,0.378989467000000,0.553779070000000,40.631999999999998,-0.072556043000000,-0.104209999000000,40.704556040000000,0.467301605000000,0.499621022000000,1.659659522000000,1.706953173000000,-93.530248169999993,44.077962450000001,1,0
717,717,28.239999999999998,48.302999999999997,26.622000000000000,35.774331080000003,0.275596166000000,0.262114106000000,0.401894994000000,0.551145892000000,41.744000000000000,-0.084980371000000,-0.106937430000000,41.828980369999996,0.490527131000000,0.512603622000000,1.710446176000000,1.744384459000000,-93.530248169999993,44.077923450000000,1,0
718,718,27.751000000000001,47.642000000000003,25.919000000000000,35.174198529999998,0.279374841000000,0.263830860000000,0.402049561000000,0.544036774000000,41.613999999999997,-0.086767609000000,-0.112083465000000,41.700767610000000,0.493323114000000,0.518722687000000,1.716766963000000,1.756257772000000,-93.530248169999993,44.077884449999999,1,0
719,719,28.146000000000001,48.420000000000002,25.152999999999999,35.446518990000001,0.290004596000000,0.264791161000000,0.394336063000000,0.519475423000000,43.540999999999997,-0.088632409000000,-0.129826286000000,43.629632409999999,0.494883857000000,0.536139362000000,1.720315498000000,1.785942437000000,-93.530248169999993,44.077845449999998,1,0
720,720,41.234000000000002,62.832000000000001,35.436999999999998,47.971810990000002,0.242138038000000,0.207541368000000,0.314706611000000,0.563996053000000,48.993000000000002,-0.036589894000000,-0.094766421000000,49.029589889999997,0.397942013000000,0.459718806000000,1.523791046000000,1.602641276000000,-93.531106170000001,44.077533449999997,2,0
721,721,28.574000000000002,49.475000000000001,24.893999999999998,35.981293000000001,0.298403076000000,0.267793309000000,0.393208541000000,0.503163214000000,45.481999999999999,-0.092006256000000,-0.142053369000000,45.574006259999997,0.499748058000000,0.549668019000000,1.731469168000000,1.812815429000000,-93.530248169999993,44.077806449999997,1,0
722,722,29.059999999999999,50.246000000000002,26.638999999999999,36.872665740000002,0.286783489000000,0.267142461000000,0.402263277000000,0.530171556000000,44.792999999999999,-0.090254377000000,-0.122246449000000,44.883254379999997,0.498695472000000,0.530658591000000,1.729043359000000,1.779860051000000,-93.530248169999993,44.077767450000003,1,0
723,723,28.899999999999999,50.496000000000002,26.931000000000001,37.015018470000001,0.287974340000000,0.272003627000000,0.411626799000000,0.533329373000000,45.161000000000001,-0.094388067000000,-0.120313749000000,45.255388070000002,0.506531061000000,0.532289439000000,1.747266436000000,1.788809284000000,-93.530248169999993,44.077728450000002,1,0
724,724,28.175000000000001,48.792999999999999,25.134000000000000,35.619776479999999,0.293429206000000,0.267877560000000,0.397769804000000,0.515114873000000,44.277000000000001,-0.091555503000000,-0.133253021000000,44.368555499999999,0.499884233000000,0.541488053000000,1.731783496000000,1.798917170000000,-93.530248169999993,44.077689450000001,1,0
725,725,27.689000000000000,48.113000000000000,24.841000000000001,35.112280710000000,0.293742773000000,0.269438801000000,0.400777065000000,0.516305364000000,43.695999999999998,-0.092886738000000,-0.132503999000000,43.788886740000002,0.502404414000000,0.541861463000000,1.737621438000000,1.801574332000000,-93.530248169999993,44.077650450000000,1,0
726,726,27.643000000000001,47.646000000000001,25.893999999999998,35.141504429999998,0.280556881000000,0.265682902000000,0.404960016000000,0.543466398000000,41.755000000000003,-0.088412085000000,-0.112611802000000,41.843412090000001,0.496331081000000,0.520559394000000,1.723618999000000,1.761545319000000,-93.530248169999993,44.077611449999999,1,0
727,727,27.109000000000002,48.677000000000000,25.980000000000000,35.493232270000000,0.294231038000000,0.284590822000000,0.433040196000000,0.533722292000000,44.265000000000001,-0.105382937000000,-0.120914647000000,44.370382939999999,0.526536438000000,0.541736564000000,1.795602936000000,1.821219391000000,-93.530248169999993,44.077572449999998,1,0
728,728,29.280000000000001,50.499000000000002,26.251000000000001,36.953044089999999,0.290470137000000,0.265972248000000,0.396409356000000,0.519832076000000,45.466999999999999,-0.089663303000000,-0.129657644000000,45.556663299999997,0.496800234000000,0.536799861000000,1.724692623000000,1.788563255000000,-93.530248169999993,44.077533449999997,1,0
729,729,29.254999999999999,50.597000000000001,27.132000000000001,37.202405200000001,0.284342656000000,0.267269448000000,0.404817906000000,0.536237326000000,44.807000000000002,-0.090106932000000,-0.117888656000000,44.897106930000000,0.498900928000000,0.526658755000000,1.729516322000000,1.773453709000000,-93.530248169999993,44.077494450000003,1,0
730,730,27.120999999999999,48.075000000000003,26.042999999999999,35.237253559999999,0.287889950000000,0.278658439000000,0.426301548000000,0.541716069000000,42.985999999999997,-0.099819240000000,-0.114726538000000,43.085819239999999,0.517159195000000,0.531858804000000,1.772611629000000,1.796715379000000,-93.530248169999993,44.077455450000002,1,0
731,731,40.267000000000003,62.198000000000000,34.783999999999999,47.257976919999997,0.247409086000000,0.214034060000000,0.324034810000000,0.559246278000000,49.344999999999999,-0.042435282000000,-0.098364287000000,49.387435279999998,0.409317069000000,0.468368221000000,1.544639531000000,1.621794685000000,-93.531106170000001,44.077494450000003,2,0
732,732,27.472999999999999,47.149000000000001,25.498000000000001,34.775191990000003,0.280622534000000,0.263675592000000,0.400537416000000,0.540796199000000,41.326999999999998,-0.086763883000000,-0.114380743000000,41.413763879999998,0.493070544000000,0.520781100000000,1.716194081000000,1.759363548000000,-93.530248169999993,44.077416450000001,1,0
733,733,26.744000000000000,46.804000000000002,25.125000000000000,34.337159550000003,0.286911333000000,0.272747050000000,0.414265948000000,0.536813093000000,41.738999999999997,-0.094883099000000,-0.117853922000000,41.833883100000001,0.507724025000000,0.530529591000000,1.750074783000000,1.786848224000000,-93.530248169999993,44.077377450000000,1,0
734,734,26.675000000000001,46.755000000000003,25.236999999999998,34.324392779999997,0.286050254000000,0.273457715000000,0.416658021000000,0.539771147000000,41.597999999999999,-0.095371299000000,-0.115775285000000,41.693371300000003,0.508863094000000,0.529105611000000,1.752764761000000,1.785409513000000,-93.530248169999993,44.077338449999999,1,0
735,735,26.401000000000000,46.359999999999999,24.449000000000002,33.882227409999999,0.291634743000000,0.274309039000000,0.413127173000000,0.527372735000000,41.869999999999997,-0.096683469000000,-0.124795803000000,41.966683470000000,0.510225901000000,0.538074453000000,1.755994091000000,1.801489310000000,-93.530248169999993,44.077299449999998,1,0
736,736,28.001000000000001,49.164000000000001,25.795000000000002,35.900496380000000,0.292734874000000,0.274256463000000,0.411971968000000,0.524672525000000,44.531999999999996,-0.096761849000000,-0.126757964000000,44.628761849999997,0.510141792000000,0.539855184000000,1.755794436000000,1.804434515000000,-93.530248169999993,44.077260449999997,1,0
737,737,27.506000000000000,49.405999999999999,26.077000000000002,35.951554440000002,0.296787952000000,0.284741003000000,0.430805547000000,0.527810387000000,45.228999999999999,-0.105813242000000,-0.125238618000000,45.334813240000003,0.526772630000000,0.545774254000000,1.796189922000000,1.828385644000000,-93.530248169999993,44.077221450000003,1,0
738,738,26.661000000000001,47.966000000000001,24.984000000000002,34.812575950000003,0.300094188000000,0.285486486000000,0.429164233000000,0.520868949000000,44.286999999999999,-0.106821536000000,-0.130391222000000,44.393821539999998,0.527944184000000,0.550970449000000,1.799107310000000,1.838452801000000,-93.530248169999993,44.077182450000002,1,0
739,739,28.853999999999999,51.033000000000001,27.111000000000001,37.291315910000002,0.291721245000000,0.277629652000000,0.420247840000000,0.531244489000000,46.100999999999999,-0.099416812000000,-0.122222845000000,46.200416810000000,0.515523656000000,0.538029674000000,1.768662924000000,1.805744144000000,-93.530248169999993,44.077143450000001,1,0
740,740,26.919000000000000,48.131000000000000,25.811000000000000,35.154105700000002,0.292176761000000,0.282638241000000,0.430796726000000,0.536265608000000,43.531999999999996,-0.103552414000000,-0.118931996000000,43.635552410000003,0.523460192000000,0.538549225000000,1.787993610000000,1.813195260000000,-93.530248169999993,44.077104450000000,1,0
741,741,28.065999999999999,50.082999999999998,27.302000000000000,36.703344299999998,0.288027055000000,0.281731052000000,0.433004897000000,0.545135076000000,44.798000000000002,-0.102328096000000,-0.112471195000000,44.900328100000003,0.522027534000000,0.531994037000000,1.784472315000000,1.800947995000000,-93.530248169999993,44.077065449999999,1,0
742,742,40.252000000000002,62.152999999999999,34.689999999999998,47.210927450000000,0.247751546000000,0.213866510000000,0.323429078000000,0.558138787000000,49.363999999999997,-0.042307889000000,-0.099106459000000,49.406307890000001,0.409024688000000,0.469004628000000,1.544097188000000,1.622485505000000,-93.531106170000001,44.077455450000002,2,0
743,743,29.780000000000001,52.619000000000000,28.684000000000001,38.636681260000003,0.285726503000000,0.277175694000000,0.425188495000000,0.545126285000000,46.774000000000001,-0.098367887000000,-0.112180982000000,46.872367890000000,0.514801091000000,0.528447748000000,1.766924110000000,1.789125456000000,-93.530248169999993,44.077026449999998,1,0
744,744,31.838000000000001,55.268000000000001,30.131000000000000,40.727088569999999,0.281539666000000,0.268982619000000,0.411232997000000,0.545179851000000,48.567000000000000,-0.091223760000000,-0.111608110000000,48.658223759999998,0.501668681000000,0.522001188000000,1.735913060000000,1.768061649000000,-93.530248169999993,44.076987449999997,1,0
745,745,36.319000000000003,61.662999999999997,32.944000000000003,45.485171450000003,0.280716967000000,0.258659754000000,0.389679879000000,0.534258794000000,54.063000000000002,-0.082614607000000,-0.118703695000000,54.145614610000003,0.484878758000000,0.521289646000000,1.697816570000000,1.753863673000000,-93.530248169999993,44.076948450000003,1,0
746,746,34.024000000000001,59.371000000000002,30.209000000000000,43.186154799999997,0.297904085000000,0.271395685000000,0.401148989000000,0.508817436000000,54.509000000000000,-0.094959710000000,-0.138170286000000,54.603959709999998,0.505554445000000,0.548478713000000,1.744974136000000,1.815465992000000,-93.530248169999993,44.076909450000002,1,0
747,747,31.521000000000001,54.884999999999998,28.056999999999999,39.971372740000000,0.296383778000000,0.270397889000000,0.400418173000000,0.511196137000000,50.192000000000000,-0.093965736000000,-0.136334012000000,50.285965740000002,0.503949501000000,0.546090887000000,1.741220139000000,1.810046562000000,-93.530248169999993,44.076870450000001,1,0
748,748,37.560000000000002,54.299999999999997,30.411999999999999,41.968771500000003,0.230093106000000,0.182233834000000,0.272425465000000,0.560073665000000,40.628000000000000,-0.014034284000000,-0.095878042000000,40.642034279999997,0.352753033000000,0.441534873000000,1.445686901000000,1.550971746000000,-93.530209170000006,44.077962450000001,2,0
749,749,30.202999999999999,49.488999999999997,26.468000000000000,36.796455240000000,0.271810291000000,0.242006726000000,0.362355328000000,0.534825921000000,42.307000000000002,-0.067867370000000,-0.117123210000000,42.374867369999997,0.457234483000000,0.507837609000000,1.638545840000000,1.712178890000000,-93.530209170000006,44.077923450000000,1,0
750,750,27.975999999999999,47.898000000000003,25.460000000000001,35.237700359999998,0.283853329000000,0.262566887000000,0.395168009000000,0.531546202000000,42.359999999999999,-0.086166538000000,-0.120926836000000,42.446166540000000,0.491265273000000,0.526178644000000,1.712110380000000,1.766690707000000,-93.530209170000006,44.077884449999999,1,0
751,751,41.048999999999999,63.329000000000001,35.201000000000001,48.078730720000003,0.248427859000000,0.213454943000000,0.322072365000000,0.555843295000000,50.408000000000001,-0.041986259000000,-0.100642647000000,50.449986260000003,0.408306224000000,0.470274619000000,1.542765963000000,1.623779271000000,-93.531106170000001,44.077416450000001,2,0
752,752,28.859999999999999,48.734000000000002,25.524999999999999,35.867478220000002,0.283715172000000,0.256128051000000,0.381685840000000,0.523761645000000,43.082999999999998,-0.080780458000000,-0.126058243000000,43.163780459999998,0.480720105000000,0.526520982000000,1.688634789000000,1.759117358000000,-93.530209170000006,44.077845449999998,1,0
753,753,29.727000000000000,50.359000000000002,25.225000000000001,36.769661569999997,0.293993705000000,0.257623055000000,0.376077724000000,0.500903513000000,45.765999999999998,-0.083003675000000,-0.142853073000000,45.849003670000002,0.483177776000000,0.543586052000000,1.694049181000000,1.789268614000000,-93.530209170000006,44.077806449999997,1,0
754,754,30.199999999999999,50.883000000000003,26.234999999999999,37.369305199999999,0.286540540000000,0.255084296000000,0.377096704000000,0.515594599000000,45.331000000000003,-0.080163626000000,-0.131888406000000,45.411163629999997,0.479000959000000,0.531376080000000,1.684867550000000,1.765715308000000,-93.530209170000006,44.077767450000003,1,0
755,755,30.859999999999999,52.323000000000000,27.981999999999999,38.613591100000001,0.280167352000000,0.258021471000000,0.388815420000000,0.534793494000000,45.804000000000002,-0.082031215000000,-0.118276436000000,45.886031209999999,0.483831801000000,0.520426791000000,1.695495787000000,1.751680650000000,-93.530209170000006,44.077728450000002,1,0
756,756,29.495999999999999,50.116999999999997,25.963999999999999,36.768904440000000,0.287576914000000,0.259015487000000,0.384368767000000,0.518067722000000,44.774000000000001,-0.083565549000000,-0.130401508000000,44.857565549999997,0.485461816000000,0.532678586000000,1.699111744000000,1.772830926000000,-93.530209170000006,44.077689450000001,1,0
757,757,28.108000000000001,48.240000000000002,25.204999999999998,35.366883229999999,0.288177685000000,0.263687326000000,0.393641359000000,0.522491708000000,43.167000000000002,-0.087528680000000,-0.127549162000000,43.254528680000000,0.493089635000000,0.533224709000000,1.716237370000000,1.779683009000000,-93.530209170000006,44.077650450000000,1,0
758,758,27.803999999999998,48.265000000000001,25.867000000000001,35.457365619999997,0.285344305000000,0.268979479000000,0.407573403000000,0.535937014000000,42.859000000000002,-0.091620232000000,-0.118223199000000,42.950620229999998,0.501663616000000,0.528190885000000,1.735901309000000,1.778149680000000,-93.530209170000006,44.077611449999999,1,0
759,759,28.532000000000000,49.703000000000003,26.704999999999998,36.503973559999999,0.285619136000000,0.270607784000000,0.410848050000000,0.537291512000000,44.168999999999997,-0.092988374000000,-0.117362302000000,44.261988369999997,0.504287327000000,0.528547012000000,1.742008972000000,1.780822710000000,-93.530209170000006,44.077572449999998,1,0
760,760,30.160000000000000,51.149000000000001,26.638000000000002,37.574055080000001,0.285990848000000,0.258138705000000,0.383914690000000,0.520792195000000,45.500000000000000,-0.082679463000000,-0.128357435000000,45.582679460000001,0.484024174000000,0.530122327000000,1.695921751000000,1.767520289000000,-93.530209170000006,44.077533449999997,1,0
761,761,30.338999999999999,51.360999999999997,27.515999999999998,37.927727320000002,0.279411124000000,0.257307222000000,0.387974310000000,0.535737233000000,44.866999999999997,-0.081365368000000,-0.117552373000000,44.948365369999998,0.482659033000000,0.519225132000000,1.692903524000000,1.748866762000000,-93.530209170000006,44.077494450000003,1,0
762,762,40.255000000000003,62.369000000000000,34.673999999999999,47.302725299999999,0.249460351000000,0.215485656000000,0.325445180000000,0.555949270000000,49.808999999999997,-0.043787965000000,-0.100696296000000,49.852787960000001,0.411847555000000,0.471856728000000,1.549347907000000,1.628293315000000,-93.531106170000001,44.077377450000000,2,0
763,763,29.285000000000000,49.625000000000000,27.088000000000001,36.760538599999997,0.275518400000000,0.257762007000000,0.392497395000000,0.545853904000000,42.877000000000002,-0.081378894000000,-0.110396423000000,42.958378889999999,0.483405920000000,0.512719073000000,1.694553526000000,1.739135544000000,-93.530209170000006,44.077455450000002,1,0
764,764,28.024999999999999,48.027999999999999,25.530000000000001,35.326431599999999,0.284076706000000,0.263013951000000,0.395918690000000,0.531564920000000,42.500999999999998,-0.086559759000000,-0.120945434000000,42.587559759999998,0.491993587000000,0.526513100000000,1.713755575000000,1.767802124000000,-93.530209170000006,44.077416450000001,1,0
765,765,26.721000000000000,47.091000000000001,25.193000000000001,34.478308980000001,0.289316614000000,0.275971387000000,0.418972007000000,0.534985454000000,42.268000000000001,-0.097789001000000,-0.119395990000000,42.365788999999999,0.512881605000000,0.534249970000000,1.762321769000000,1.797218809000000,-93.530209170000006,44.077377450000000,1,0
766,766,27.404000000000000,48.334000000000003,25.946999999999999,35.404338629999998,0.288743426000000,0.276347408000000,0.420357093000000,0.536827078000000,43.317000000000000,-0.098032158000000,-0.118092147000000,43.415032160000003,0.513481331000000,0.533312382000000,1.763757116000000,1.796138432000000,-93.530209170000006,44.077338449999999,1,0
767,767,27.405999999999999,47.240000000000002,25.413000000000000,34.777995939999997,0.282832877000000,0.265707473000000,0.402859870000000,0.537955123000000,41.661000000000001,-0.088663688000000,-0.116549236000000,41.749663689999998,0.496370929000000,0.524284046000000,1.723710136000000,1.767596819000000,-93.530209170000006,44.077299449999998,1,0
768,768,29.128000000000000,49.764000000000003,26.143999999999998,36.553179600000000,0.285891473000000,0.261572783000000,0.391218624000000,0.525359698000000,44.256000000000000,-0.085540196000000,-0.125313226000000,44.341540199999997,0.489643969000000,0.529630898000000,1.708459215000000,1.771067769000000,-93.530209170000006,44.077260449999997,1,0
769,769,28.530999999999999,50.252000000000002,26.151000000000000,36.620378049999999,0.295271481000000,0.275706688000000,0.412695698000000,0.520397198000000,45.822000000000003,-0.098238893000000,-0.129992186000000,45.920238890000000,0.512459210000000,0.543853231000000,1.761312257000000,1.813148237000000,-93.530209170000006,44.077221450000003,1,0
770,770,29.677000000000000,50.250999999999998,26.478000000000002,36.999873039999997,0.283083424000000,0.257406666000000,0.384920486000000,0.526914887000000,44.347000000000001,-0.081792380000000,-0.123882112000000,44.428792379999997,0.482822393000000,0.525340182000000,1.693264144000000,1.758813566000000,-93.530209170000006,44.077182450000002,1,0
771,771,30.283000000000001,51.240000000000002,27.361000000000001,37.820726280000002,0.280007994000000,0.257068557000000,0.386931797000000,0.533977361000000,44.835999999999999,-0.081222218000000,-0.118792476000000,44.917222219999999,0.482266873000000,0.520239379000000,1.692038437000000,1.750187237000000,-93.530209170000006,44.077143450000001,1,0
772,772,28.513000000000002,49.500000000000000,27.236000000000001,36.537838219999998,0.279491305000000,0.269019266000000,0.413317053000000,0.550222222000000,43.250999999999998,-0.091039345000000,-0.108025729000000,43.342039339999999,0.501727806000000,0.518673093000000,1.736050223000000,1.762742388000000,-93.530209170000006,44.077104450000000,1,0
773,773,40.665999999999997,62.378000000000000,33.776000000000003,47.207190890000000,0.252582857000000,0.210706106000000,0.313449212000000,0.541472955000000,50.314000000000000,-0.039801199000000,-0.110302587000000,50.353801199999999,0.403498082000000,0.478194758000000,1.533910392000000,1.631727109000000,-93.531106170000001,44.077338449999999,2,0
774,774,27.963999999999999,50.104999999999997,26.687999999999999,36.536491640000001,0.294184500000000,0.283608090000000,0.430918044000000,0.532641453000000,45.558000000000000,-0.104579169000000,-0.121631967000000,45.662579170000001,0.524989419000000,0.541697393000000,1.791767987000000,1.819852125000000,-93.530209170000006,44.077065449999999,1,0
775,775,30.603000000000002,53.386000000000003,28.219000000000001,39.085037909999997,0.289563632000000,0.271261713000000,0.408517124000000,0.528584273000000,47.950000000000003,-0.093948738000000,-0.123693498000000,48.043948739999998,0.505339101000000,0.534912654000000,1.744469496000000,1.792224597000000,-93.530209170000006,44.077026449999998,1,0
776,776,33.590000000000003,56.628999999999998,30.437999999999999,41.879205599999999,0.277686901000000,0.255367495000000,0.385390007000000,0.537498455000000,49.229999999999997,-0.079589249000000,-0.116162344000000,49.309589250000002,0.479467676000000,0.516504839000000,1.685888657000000,1.742124765000000,-93.530209170000006,44.076987449999997,1,0
777,777,37.966000000000001,63.597999999999999,33.832000000000001,47.013214400000003,0.278390303000000,0.252372888000000,0.378432646000000,0.531966414000000,55.398000000000003,-0.077148513000000,-0.119894236000000,55.475148509999997,0.474522456000000,0.517949176000000,1.675130380000000,1.740688191000000,-93.530209170000006,44.076948450000003,1,0
778,778,41.561000000000000,66.659000000000006,35.473999999999997,49.763251760000003,0.267564522000000,0.231916466000000,0.345008660000000,0.532171200000000,56.283000000000001,-0.058969755000000,-0.118274945000000,56.341969759999998,0.440158879000000,0.501725108000000,1.603883448000000,1.690733493000000,-93.530209170000006,44.076909450000002,3,0
779,779,33.520000000000003,58.164000000000001,29.155999999999999,42.256019819999999,0.299725146000000,0.268792810000000,0.394127431000000,0.501272265000000,53.652000000000001,-0.092982456000000,-0.143541874000000,53.744982460000003,0.501362400000000,0.551730079000000,1.735202864000000,1.817699495000000,-93.530209170000006,44.076870450000001,1,0
780,780,34.060000000000002,51.923000000000002,28.141999999999999,39.361799130000001,0.250794951000000,0.207750369000000,0.308829377000000,0.541994877000000,41.643999999999998,-0.037143483000000,-0.109741073000000,41.681143480000003,0.398309610000000,0.475434270000000,1.524456841000000,1.624491333000000,-93.530170170000005,44.078001450000002,2,0
781,781,42.003999999999998,57.750999999999998,33.051000000000002,45.430836139999997,0.212256700000000,0.157856749000000,0.236072799000000,0.572301778000000,40.447000000000003,0.007940906000000,-0.086438866000000,40.439059090000001,0.308037585000000,0.412178151000000,1.374892867000000,1.489142204000000,-93.530170170000005,44.077962450000001,2,0
782,782,31.910000000000000,50.411999999999999,27.175000000000001,37.851017020000000,0.261017204000000,0.224751585000000,0.335503291000000,0.539058161000000,41.738999999999997,-0.052403262000000,-0.112943734000000,41.791403260000003,0.427889091000000,0.491184893000000,1.579818239000000,1.666618845000000,-93.530170170000005,44.077923450000000,2,0
783,783,39.152999999999999,61.314999999999998,32.837000000000003,46.082372630000002,0.260199363000000,0.220587650000000,0.327689965000000,0.535545951000000,50.640000000000001,-0.048766363000000,-0.115098458000000,50.688766360000002,0.420704287000000,0.490340122000000,1.566035808000000,1.660517326000000,-93.531106170000001,44.077299449999998,2,0
784,784,29.283000000000001,48.713999999999999,26.725999999999999,36.262133419999998,0.269941409000000,0.249124966000000,0.378986172000000,0.548630784000000,41.418999999999997,-0.073697278000000,-0.107880790000000,41.492697280000002,0.469133955000000,0.503993037000000,1.663559062000000,1.714952905000000,-93.530170170000005,44.077884449999999,1,0
785,785,27.933000000000000,47.500000000000000,25.379999999999999,35.026879630000003,0.281074484000000,0.259395755000000,0.390925619000000,0.534315789000000,41.686999999999998,-0.083261087000000,-0.118714848000000,41.770261089999998,0.486084736000000,0.521825144000000,1.700497619000000,1.755648113000000,-93.530170170000005,44.077845449999998,1,0
786,786,28.613000000000000,47.942999999999998,24.774000000000001,35.265592740000002,0.284706544000000,0.252494906000000,0.373295740000000,0.516738627000000,42.499000000000002,-0.077813086000000,-0.130853647000000,42.576813090000002,0.474724386000000,0.528588889000000,1.675567050000000,1.757910295000000,-93.530170170000005,44.077806449999997,1,0
787,787,29.481999999999999,49.420999999999999,25.478000000000002,36.335253999999999,0.285314885000000,0.252702686000000,0.373214787000000,0.515529835000000,43.881999999999998,-0.078042939000000,-0.131746199000000,43.960042940000001,0.475068161000000,0.529591899000000,1.676310969000000,1.759802752000000,-93.530170170000005,44.077767450000003,1,0
788,788,30.231999999999999,50.893999999999998,26.882000000000001,37.535827259999998,0.281141836000000,0.254690235000000,0.380908488000000,0.528195858000000,44.673999999999999,-0.079338568000000,-0.122761277000000,44.753338569999997,0.478351207000000,0.522349988000000,1.683448002000000,1.750590116000000,-93.530170170000005,44.077728450000002,1,0
789,789,30.565000000000001,50.627000000000002,26.998999999999999,37.533355630000003,0.275094763000000,0.247093310000000,0.370195413000000,0.533292512000000,43.689999999999998,-0.072427466000000,-0.118571785000000,43.762427469999999,0.465750193000000,0.512900182000000,1.656371667000000,1.726230323000000,-93.530170170000005,44.077689450000001,1,0
790,790,28.385999999999999,48.948000000000000,25.695000000000000,35.878985139999998,0.288300203000000,0.265885639000000,0.398187416000000,0.524944839000000,43.814999999999998,-0.089369013000000,-0.125935416000000,43.904369010000003,0.496659826000000,0.533240472000000,1.724371169000000,1.782521841000000,-93.530170170000005,44.077650450000000,1,0
791,791,27.317000000000000,47.404000000000003,24.443999999999999,34.597046310000003,0.293697849000000,0.268826702000000,0.399526623000000,0.515652688000000,43.046999999999997,-0.092373317000000,-0.132933999000000,43.139373319999997,0.501417096000000,0.541842084000000,1.735329648000000,1.800747453000000,-93.530170170000005,44.077611449999999,1,0
792,792,28.571000000000002,49.133000000000003,26.395000000000000,36.180334230000000,0.282578052000000,0.264619582000000,0.400748407000000,0.537215314000000,43.299999999999997,-0.087739556000000,-0.117004006000000,43.387739560000000,0.494605168000000,0.523934388000000,1.719680795000000,1.765648697000000,-93.530170170000005,44.077572449999998,1,0
793,793,30.469000000000001,50.813000000000002,27.292000000000002,37.661537379999999,0.275210651000000,0.250289117000000,0.376810520000000,0.537106646000000,43.865000000000002,-0.075122958000000,-0.116088566000000,43.940122959999997,0.471068327000000,0.512784618000000,1.667695034000000,1.729982224000000,-93.530170170000005,44.077533449999997,1,0
794,794,40.119000000000000,62.448999999999998,33.997999999999998,47.135534249999999,0.255161671000000,0.217709227000000,0.325652618000000,0.544412240000000,50.780999999999999,-0.046002665000000,-0.108751812000000,50.827002669999999,0.415714697000000,0.481760505000000,1.556594132000000,1.644814781000000,-93.531106170000001,44.077260449999997,2,0
795,795,29.917999999999999,50.555000000000000,27.065999999999999,37.342840029999998,0.279112427000000,0.256446261000000,0.386410021000000,0.535377312000000,44.125999999999998,-0.080620054000000,-0.117748910000000,44.206620049999998,0.481243684000000,0.518797160000000,1.689785413000000,1.747108517000000,-93.530170170000005,44.077494450000003,1,0
796,796,30.024000000000001,49.750999999999998,27.844999999999999,37.201911250000002,0.264553190000000,0.247282983000000,0.379876757000000,0.559687242000000,41.633000000000003,-0.071709719000000,-0.100055752000000,41.704709719999997,0.466066524000000,0.495033064000000,1.657041034000000,1.699141181000000,-93.530170170000005,44.077455450000002,1,0
797,797,29.091000000000001,48.664999999999999,25.972000000000001,36.005153749999998,0.277355259000000,0.251736200000000,0.377993203000000,0.533689510000000,42.267000000000003,-0.076523215000000,-0.118619852000000,42.343523210000001,0.473468194000000,0.516266530000000,1.672854147000000,1.737238365000000,-93.530170170000005,44.077416450000001,1,0
798,798,27.443999999999999,47.481000000000002,25.056999999999999,34.811261330000001,0.287943416000000,0.267427427000000,0.401800754000000,0.527726880000000,42.460999999999999,-0.090610310000000,-0.124034326000000,42.551610310000001,0.499156468000000,0.532536591000000,1.730104941000000,1.783331385000000,-93.530170170000005,44.077377450000000,1,0
799,799,27.815999999999999,48.341999999999999,25.922999999999998,35.509063390000001,0.285494904000000,0.269518632000000,0.408599582000000,0.536241777000000,42.945000000000000,-0.092079819000000,-0.118041555000000,43.037079820000002,0.502533112000000,0.528405027000000,1.737920621000000,1.779192227000000,-93.530170170000005,44.077338449999999,1,0
800,800,27.754000000000001,47.893000000000001,25.399000000000001,35.162163219999996,0.286244704000000,0.266223380000000,0.400792071000000,0.530328023000000,42.633000000000003,-0.089438474000000,-0.122067177000000,42.722438470000000,0.497207251000000,0.529841281000000,1.725625135000000,1.777337662000000,-93.530170170000005,44.077299449999998,1,0
801,801,28.545999999999999,49.075000000000003,25.788000000000000,36.001160560000002,0.287348181000000,0.264477397000000,0.396060425000000,0.525481406000000,43.816000000000003,-0.088102583000000,-0.125441693000000,43.904102580000000,0.494374164000000,0.531789297000000,1.719155048000000,1.778318463000000,-93.530170170000005,44.077260449999997,1,0
802,802,29.629999999999999,50.317000000000000,26.658999999999999,37.060489609999998,0.282590825000000,0.258758928000000,0.388211230000000,0.529820935000000,44.344999999999999,-0.082875260000000,-0.121891826000000,44.427875260000000,0.485041339000000,0.524397395000000,1.698177523000000,1.758991434000000,-93.530170170000005,44.077221450000003,1,0
803,803,30.908999999999999,50.942999999999998,27.184000000000001,37.813248940000001,0.273742179000000,0.244758833000000,0.366466672000000,0.533616002000000,43.792999999999999,-0.070347408000000,-0.118175648000000,43.863347410000003,0.461849689000000,0.510842705000000,1.648160730000000,1.720170528000000,-93.530170170000005,44.077182450000002,1,0
804,804,31.734999999999999,52.229999999999997,27.904000000000000,38.788814289999998,0.273133901000000,0.244089799000000,0.365583918000000,0.534252345000000,44.820999999999998,-0.069733349000000,-0.117676926000000,44.890733349999998,0.460729418000000,0.509875807000000,1.645816921000000,1.717856618000000,-93.530170170000005,44.077143450000001,1,0
805,805,40.619000000000000,63.654000000000003,34.878999999999998,48.021798930000003,0.255465815000000,0.220910495000000,0.331945125000000,0.547946712000000,51.810000000000002,-0.048776877000000,-0.106526676000000,51.858776880000001,0.421262757000000,0.481858314000000,1.567099141000000,1.648653864000000,-93.531106170000001,44.077221450000003,2,0
806,806,29.048999999999999,49.667000000000002,26.388000000000002,36.546690839999997,0.283625485000000,0.261928960000000,0.394014677000000,0.531298448000000,43.896999999999998,-0.085614249000000,-0.121059141000000,43.982614249999997,0.490225151000000,0.525851756000000,1.709766257000000,1.765351011000000,-93.530170170000005,44.077104450000000,1,0
807,807,27.704999999999998,49.156999999999996,25.516999999999999,35.754230350000000,0.297566255000000,0.279097603000000,0.417801149000000,0.519091889000000,45.091999999999999,-0.101290304000000,-0.131210502000000,45.193290300000001,0.517856528000000,0.547315275000000,1.774300668000000,1.823579999000000,-93.530170170000005,44.077065449999999,1,0
808,808,29.983000000000001,52.372000000000000,27.896000000000001,38.383996179999997,0.288181868000000,0.271859632000000,0.411116620000000,0.532651035000000,46.865000000000002,-0.094292115000000,-0.120793462000000,46.959292120000001,0.506299829000000,0.532633966000000,1.746723143000000,1.789196391000000,-93.530170170000005,44.077026449999998,1,0
809,809,32.463999999999999,55.235999999999997,29.774999999999999,40.790021729999999,0.279269994000000,0.259657925000000,0.393129046000000,0.539050619000000,48.232999999999997,-0.083306235000000,-0.115352203000000,48.316306240000003,0.486513988000000,0.518813187000000,1.701453918000000,1.751154352000000,-93.530170170000005,44.076987449999997,1,0
810,810,37.679000000000002,62.664000000000001,33.252000000000002,46.375925649999999,0.277169455000000,0.248995944000000,0.372404644000000,0.530639602000000,54.396999999999998,-0.074204873000000,-0.120597328000000,54.471204870000001,0.468919365000000,0.516224034000000,1.663101462000000,1.733782108000000,-93.530170170000005,44.076948450000003,1,0
811,811,36.209000000000003,60.048000000000002,31.239999999999998,44.320016490000000,0.280716628000000,0.247659910000000,0.366657951000000,0.520250466000000,52.646999999999998,-0.073377413000000,-0.127940265000000,52.720377409999998,0.466694889000000,0.522404253000000,1.658372228000000,1.741923786000000,-93.530170170000005,44.076909450000002,1,0
812,812,29.013000000000002,47.509999999999998,24.318000000000001,35.072873629999997,0.281015969000000,0.241718176000000,0.354314721000000,0.511850137000000,41.689000000000000,-0.068343233000000,-0.133525054000000,41.757343229999996,0.456749538000000,0.523725636000000,1.637541792000000,1.736687848000000,-93.530131170000004,44.078001450000002,1,0
813,813,37.194000000000003,54.182000000000002,28.954000000000001,41.462500630000001,0.241908866000000,0.185913150000000,0.272147640000000,0.534384113000000,42.216000000000001,-0.017538436000000,-0.113408128000000,42.233538439999997,0.359403969000000,0.463233839000000,1.456740334000000,1.583436540000000,-93.530131170000004,44.077962450000001,2,0
814,814,39.979999999999997,62.939000000000000,34.271999999999998,47.378926770000000,0.257962324000000,0.223078343000000,0.334450158000000,0.544527241000000,51.625999999999998,-0.050783215000000,-0.109031934000000,51.676783210000004,0.425006677000000,0.486001537000000,1.574262131000000,1.657127258000000,-93.531106170000001,44.077182450000002,2,0
815,815,32.673000000000002,50.088000000000001,27.306999999999999,37.956136620000002,0.250980294000000,0.210425200000000,0.314044073000000,0.545180482000000,40.195999999999998,-0.039482865000000,-0.107735218000000,40.235482869999998,0.403005801000000,0.475331281000000,1.533008906000000,1.627385269000000,-93.530131170000004,44.077923450000000,2,0
816,816,29.425000000000001,47.456000000000003,26.443999999999999,35.670658799999998,0.258938460000000,0.234531289000000,0.357495489000000,0.557231962000000,39.042999999999999,-0.060595209000000,-0.100986209000000,39.103595210000002,0.444607002000000,0.486424572000000,1.612778250000000,1.671176432000000,-93.530131170000004,44.077884449999999,1,0
817,817,27.834000000000000,46.496000000000002,24.887000000000000,34.428536330000000,0.276372046000000,0.251069555000000,0.377444734000000,0.535250344000000,40.271000000000001,-0.075878126000000,-0.117461725000000,40.346878130000000,0.472363256000000,0.514671801000000,1.670474959000000,1.733902983000000,-93.530131170000004,44.077845449999998,1,0
818,818,27.100000000000001,45.631000000000000,23.765999999999998,33.572910290000003,0.284222673000000,0.254788192000000,0.378453998000000,0.520830137000000,40.396000000000001,-0.079701960000000,-0.128072375000000,40.475701960000002,0.478512760000000,0.527512616000000,1.683800738000000,1.759041520000000,-93.530131170000004,44.077806449999997,1,0
819,819,27.292999999999999,46.213000000000001,23.887000000000000,33.917242360000003,0.287216412000000,0.257393954000000,0.381305548000000,0.516889187000000,41.246000000000002,-0.082170177000000,-0.131130574000000,41.328170180000001,0.482801513000000,0.532249675000000,1.693218041000000,1.770068795000000,-93.530131170000004,44.077767450000003,1,0
820,820,27.391999999999999,46.468000000000004,23.789999999999999,34.037042509999999,0.289720923000000,0.258272407000000,0.380986619000000,0.511965223000000,41.753999999999998,-0.083145929000000,-0.134787506000000,41.837145929999998,0.484243526000000,0.536341697000000,1.696407710000000,1.777950211000000,-93.530131170000004,44.077728450000002,1,0
821,821,27.584000000000000,46.878000000000000,24.172999999999998,34.364506249999998,0.288627133000000,0.259112030000000,0.383662431000000,0.515657665000000,41.999000000000002,-0.083747149000000,-0.132162011000000,42.082747150000003,0.485619998000000,0.534420344000000,1.699463457000000,1.775830943000000,-93.530131170000004,44.077689450000001,1,0
822,822,25.879999999999999,45.505000000000003,23.260999999999999,33.073421080000003,0.298742071000000,0.274917700000000,0.407800682000000,0.511174596000000,41.869000000000000,-0.097975614000000,-0.136715762000000,41.966975609999999,0.511199103000000,0.549523144000000,1.758307573000000,1.821900682000000,-93.530131170000004,44.077650450000000,1,0
823,823,26.327999999999999,45.741999999999997,23.123999999999999,33.267669609999999,0.298234660000000,0.269376995000000,0.396641196000000,0.505531022000000,42.031999999999996,-0.093312604000000,-0.140433221000000,42.125312600000001,0.502304764000000,0.549220815000000,1.737389851000000,1.814109363000000,-93.530131170000004,44.077611449999999,1,0
824,824,28.100000000000001,47.329999999999998,24.917000000000002,34.883595900000003,0.281987039000000,0.254938353000000,0.380694079000000,0.526452567000000,41.643000000000001,-0.079623706000000,-0.124031610000000,41.722623710000001,0.478760364000000,0.523743489000000,1.684341637000000,1.753138808000000,-93.530131170000004,44.077572449999998,1,0
825,825,41.008000000000003,63.503000000000000,35.186000000000000,48.139871450000001,0.250059055000000,0.215240501000000,0.324486116000000,0.554084059000000,50.811999999999998,-0.043607236000000,-0.101953514000000,50.855607239999998,0.411420518000000,0.472962344000000,1.548551502000000,1.629557606000000,-93.531106170000001,44.077143450000001,2,0
826,826,27.780000000000001,46.886000000000003,25.173999999999999,34.659080930000002,0.278192004000000,0.255886213000000,0.386042189000000,0.536919336000000,40.817999999999998,-0.080068109000000,-0.116610577000000,40.898068109999997,0.480322019000000,0.517306525000000,1.687760979000000,1.744040984000000,-93.530131170000004,44.077533449999997,1,0
827,827,27.411999999999999,46.761000000000003,24.460000000000001,34.333173780000003,0.286462990000000,0.260863117000000,0.389214089000000,0.523085477000000,41.649999999999999,-0.085004005000000,-0.126904788000000,41.735004000000004,0.488485040000000,0.530642830000000,1.705858748000000,1.771827056000000,-93.530131170000004,44.077494450000003,1,0
828,828,28.594999999999999,47.664000000000001,25.696000000000002,35.354468539999999,0.274276663000000,0.250055731000000,0.377133477000000,0.539107083000000,41.036999999999999,-0.074846746000000,-0.114654504000000,41.111846749999998,0.470680795000000,0.511229424000000,1.666864837000000,1.727268167000000,-93.530131170000004,44.077455450000002,1,0
829,829,26.736000000000001,45.158999999999999,23.765000000000001,33.261209649999998,0.282753038000000,0.256248696000000,0.382775815000000,0.526251688000000,39.817000000000000,-0.080792390000000,-0.124273469000000,39.897792389999999,0.480918642000000,0.524898371000000,1.689070916000000,1.756643780000000,-93.530131170000004,44.077416450000001,1,0
830,830,26.149999999999999,45.810000000000002,23.484999999999999,33.336285660000001,0.297228417000000,0.273207337000000,0.405569881000000,0.512660991000000,41.984999999999999,-0.096390591000000,-0.135481167000000,42.081390589999998,0.508461933000000,0.547214750000000,1.751816444000000,1.815655353000000,-93.530131170000004,44.077377450000000,1,0
831,831,26.257000000000001,46.231999999999999,24.292999999999999,33.748964039999997,0.293076202000000,0.275559050000000,0.414453482000000,0.525458557000000,41.914000000000001,-0.097871505000000,-0.126281747000000,42.011871509999999,0.512223538000000,0.540323067000000,1.760749514000000,1.806928525000000,-93.530131170000004,44.077338449999999,1,0
832,832,26.594999999999999,45.948999999999998,24.614000000000001,33.785863030000002,0.284325714000000,0.266789810000000,0.403797204000000,0.535680864000000,40.689000000000000,-0.089709545000000,-0.118254801000000,40.778709550000002,0.498124697000000,0.526660680000000,1.727730776000000,1.772845120000000,-93.530131170000004,44.077299449999998,1,0
833,833,26.265000000000001,45.716000000000001,24.562999999999999,33.581462399999999,0.285421060000000,0.270224087000000,0.410202877000000,0.537295476000000,40.603999999999999,-0.092652055000000,-0.117333029000000,40.696652059999998,0.503669681000000,0.528245965000000,1.740567295000000,1.779835176000000,-93.530131170000004,44.077260449999997,1,0
834,834,27.297999999999998,46.866999999999997,24.056000000000001,34.255839549999997,0.292098588000000,0.263857615000000,0.390528648000000,0.513282267000000,42.380000000000003,-0.088064670000000,-0.134274748000000,42.468064669999997,0.493366630000000,0.539687704000000,1.716865704000000,1.790690355000000,-93.530131170000004,44.077221450000003,1,0
835,835,27.544000000000000,47.357999999999997,24.507000000000001,34.650854480000000,0.290698863000000,0.264532322000000,0.393173926000000,0.517483846000000,42.664999999999999,-0.088486958000000,-0.131257733000000,42.753486959999996,0.494463406000000,0.537308532000000,1.719358118000000,1.787564485000000,-93.530131170000004,44.077182450000002,1,0
836,836,41.743000000000002,63.356999999999999,35.908000000000001,48.462947919999998,0.240075355000000,0.205651760000000,0.312377153000000,0.566756633000000,49.063000000000002,-0.034868944000000,-0.092801827000000,49.097868939999998,0.394614240000000,0.456229640000000,1.517787413000000,1.595830018000000,-93.531106170000001,44.077104450000000,2,0
837,837,28.960000000000001,47.930999999999997,24.475000000000001,35.284973129999997,0.284178517000000,0.246725885000000,0.361931471000000,0.510629864000000,42.427000000000000,-0.072874534000000,-0.134818381000000,42.499874530000000,0.465137167000000,0.528440237000000,1.655075967000000,1.750460007000000,-93.530131170000004,44.077143450000001,1,0
838,838,27.184000000000001,46.634999999999998,24.452000000000002,34.213512850000001,0.287317295000000,0.263495848000000,0.394008143000000,0.524327222000000,41.634000000000000,-0.087283125000000,-0.126204068000000,41.721283130000003,0.492778083000000,0.531821103000000,1.715531195000000,1.777118050000000,-93.530131170000004,44.077104450000000,1,0
839,839,26.594000000000001,46.375000000000000,24.021999999999998,33.837542980000002,0.293891160000000,0.271087722000000,0.404130999000000,0.517994609000000,42.134000000000000,-0.094270602000000,-0.131395697000000,42.228270600000002,0.505059363000000,0.541964323000000,1.743814394000000,1.803891314000000,-93.530131170000004,44.077065449999999,1,0
840,840,27.106000000000002,47.213999999999999,25.036000000000001,34.596234520000003,0.288503787000000,0.270559742000000,0.408002597000000,0.530266446000000,42.286000000000001,-0.093256572000000,-0.122424413000000,42.379256570000003,0.504210013000000,0.533235637000000,1.741828377000000,1.788520924000000,-93.530131170000004,44.077026449999998,1,0
841,841,27.722000000000001,47.494999999999997,25.233000000000001,34.933215320000002,0.284125858000000,0.262879402000000,0.395586588000000,0.531276977000000,42.034999999999997,-0.086452962000000,-0.121142857000000,42.121452959999999,0.491774446000000,0.526604437000000,1.713260227000000,1.767780225000000,-93.530131170000004,44.076987449999997,1,0
842,842,28.026000000000000,47.832999999999998,24.765999999999998,35.056180249999997,0.288795484000000,0.261102836000000,0.387665629000000,0.517759706000000,42.874000000000002,-0.085432050000000,-0.130788571000000,42.959432049999997,0.488876656000000,0.534492636000000,1.706736602000000,1.778485588000000,-93.530131170000004,44.076948450000003,1,0
843,843,29.670000000000002,48.420000000000002,25.298999999999999,35.892639449999997,0.275813687000000,0.240107568000000,0.355174177000000,0.522490706000000,41.871000000000002,-0.066564141000000,-0.125752256000000,41.937564139999999,0.454039039000000,0.514964279000000,1.631951466000000,1.720899722000000,-93.530092170000003,44.078001450000002,1,0
844,844,40.594999999999999,62.826999999999998,34.819000000000003,47.635941320000001,0.249865717000000,0.214963934000000,0.324067461000000,0.554204403000000,50.240000000000002,-0.043359061000000,-0.101854009000000,50.283359060000002,0.410938604000000,0.472652874000000,1.547653652000000,1.628809556000000,-93.531106170000001,44.077065449999999,2,0
845,845,32.341999999999999,50.234000000000002,26.707000000000001,37.783257180000000,0.259652576000000,0.216673125000000,0.320249154000000,0.531651869000000,41.418999999999997,-0.045342826000000,-0.117531547000000,41.464342830000000,0.413914124000000,0.489989021000000,1.553212541000000,1.655453920000000,-93.530092170000003,44.077962450000001,2,0
846,846,32.070999999999998,49.134000000000000,27.529000000000000,37.419000689999997,0.244938810000000,0.210122529000000,0.317888814000000,0.560284121000000,38.667999999999999,-0.038944580000000,-0.097424908000000,38.706944579999998,0.402475185000000,0.464438064000000,1.532038290000000,1.611962253000000,-93.530092170000003,44.077923450000000,2,0
847,847,30.239999999999998,47.654000000000003,27.126999999999999,36.153540380000003,0.248508269000000,0.223560223000000,0.343018102000000,0.569249171000000,37.941000000000003,-0.050637492000000,-0.092135859000000,37.991637490000002,0.425837442000000,0.469258502000000,1.575859788000000,1.633911465000000,-93.530092170000003,44.077884449999999,2,0
848,848,26.995999999999999,46.103999999999999,25.067000000000000,34.072067349999998,0.278261050000000,0.261395349000000,0.397809839000000,0.543705535000000,40.145000000000003,-0.084647590000000,-0.112157853000000,40.229647589999999,0.489354326000000,0.517031197000000,1.707808564000000,1.750494730000000,-93.530092170000003,44.077845449999998,1,0
849,849,26.503000000000000,45.450000000000003,24.651000000000000,33.544911740000003,0.279795008000000,0.263324670000000,0.400553888000000,0.542376238000000,39.746000000000002,-0.086391868000000,-0.113231336000000,39.832391870000002,0.492499484000000,0.519441900000000,1.714900200000000,1.756771170000000,-93.530092170000003,44.077806449999997,1,0
850,850,27.613000000000000,46.633000000000003,24.785000000000000,34.406446500000001,0.280563489000000,0.256175417000000,0.384545399000000,0.531490575000000,40.868000000000002,-0.080528319000000,-0.120507720000000,40.948528320000001,0.480798055000000,0.521243620000000,1.688805997000000,1.750675595000000,-93.530092170000003,44.077767450000003,1,0
851,851,27.108000000000001,46.564999999999998,24.756000000000000,34.234497339999997,0.284604880000000,0.264099467000000,0.397755382000000,0.531643939000000,41.265999999999998,-0.087512827000000,-0.120966382000000,41.353512830000000,0.493759906000000,0.527302090000000,1.717758595000000,1.770467636000000,-93.530092170000003,44.077728450000002,1,0
852,852,27.361999999999998,46.854999999999997,25.538000000000000,34.623015049999999,0.278357547000000,0.262648719000000,0.400439615000000,0.545043218000000,40.810000000000002,-0.085691945000000,-0.111290662000000,40.895691950000000,0.491398624000000,0.517117004000000,1.712411373000000,1.752205753000000,-93.530092170000003,44.077689450000001,1,0
853,853,25.652999999999999,44.560000000000002,23.672999999999998,32.680682050000001,0.287433368000000,0.269280618000000,0.406252686000000,0.531261221000000,39.793999999999997,-0.092088277000000,-0.121613446000000,39.886088280000003,0.502149355000000,0.531575580000000,1.737028808000000,1.784118434000000,-93.530092170000003,44.077650450000000,1,0
854,854,26.542000000000002,45.155000000000001,23.881000000000000,33.235292240000000,0.283423220000000,0.259606399000000,0.389263008000000,0.528867235000000,39.887000000000000,-0.083661512000000,-0.122639101000000,39.970661509999999,0.486429638000000,0.525707930000000,1.701265918000000,1.762181429000000,-93.530092170000003,44.077611449999999,1,0
855,855,40.673000000000002,62.301000000000002,34.460000000000001,47.339902580000000,0.247673167000000,0.210033601000000,0.315672709000000,0.553121138000000,49.469000000000001,-0.038991807000000,-0.102281823000000,49.507991810000000,0.402319245000000,0.469396199000000,1.531753252000000,1.618682948000000,-93.531106170000001,44.077026449999998,2,0
856,856,27.788000000000000,46.771999999999998,25.274999999999999,34.634369020000001,0.276119148000000,0.254613734000000,0.385188191000000,0.540387411000000,40.481000000000002,-0.078818050000000,-0.114058196000000,40.559818049999997,0.478225023000000,0.513943936000000,1.683172592000000,1.737148600000000,-93.530092170000003,44.077572449999998,1,0
857,857,28.167000000000002,47.142000000000003,25.937999999999999,35.064359379999999,0.270768049000000,0.251961917000000,0.384334933000000,0.550210004000000,40.179000000000002,-0.076132626000000,-0.106954280000000,40.255132629999999,0.473842062000000,0.505178056000000,1.673660667000000,1.720244499000000,-93.530092170000003,44.077533449999997,1,0
858,858,28.096000000000000,46.631999999999998,25.718000000000000,34.762739459999999,0.268225023000000,0.248046248000000,0.378208529000000,0.551509693000000,39.450000000000003,-0.072651972000000,-0.105796149000000,39.522651969999998,0.467338582000000,0.501177833000000,1.659738041000000,1.709342850000000,-93.530092170000003,44.077494450000003,1,0
859,859,27.835999999999999,46.436999999999998,25.288000000000000,34.499858979999999,0.272264004000000,0.250440941000000,0.379728488000000,0.544565756000000,39.750000000000000,-0.074995229000000,-0.110824520000000,39.824995229999999,0.471320356000000,0.507804161000000,1.668235379000000,1.722427212000000,-93.530092170000003,44.077455450000002,1,0
860,860,26.454999999999998,44.938000000000002,23.812000000000001,33.097342359999999,0.282632739000000,0.258890928000000,0.388453374000000,0.529885620000000,39.609000000000002,-0.082989339000000,-0.121854945000000,39.691989339999999,0.485257695000000,0.524455710000000,1.698658099000000,1.759251922000000,-93.530092170000003,44.077416450000001,1,0
861,861,25.875000000000000,45.366000000000000,23.986999999999998,33.181148010000001,0.290695193000000,0.273592454000000,0.412473018000000,0.528743993000000,40.869999999999997,-0.095990675000000,-0.123747217000000,40.965990679999997,0.509078910000000,0.536599905000000,1.753275362000000,1.798072931000000,-93.530092170000003,44.077377450000000,1,0
862,862,25.709000000000000,45.845999999999997,24.016999999999999,33.364775270000003,0.296751474000000,0.281419887000000,0.423597964000000,0.523862496000000,41.966000000000001,-0.103099234000000,-0.127884736000000,42.069099229999999,0.521535636000000,0.545874996000000,1.783266560000000,1.824155621000000,-93.530092170000003,44.077338449999999,1,0
863,863,24.806999999999999,44.740000000000002,23.388999999999999,32.476145959999997,0.299863448000000,0.286611931000000,0.431842801000000,0.522776039000000,41.283999999999999,-0.107710683000000,-0.129071619000000,41.391710680000003,0.529710087000000,0.550551339000000,1.803523199000000,1.839221675000000,-93.530092170000003,44.077299449999998,1,0
864,864,25.978999999999999,45.456000000000003,24.434999999999999,33.357785710000002,0.286557321000000,0.272653461000000,0.414404255000000,0.537552798000000,40.497999999999998,-0.094767915000000,-0.117315114000000,40.592767909999999,0.507573923000000,0.529961987000000,1.749720928000000,1.785788185000000,-93.530092170000003,44.077260449999997,1,0
865,865,27.132999999999999,47.006000000000000,25.036999999999999,34.509008940000001,0.286232231000000,0.268050554000000,0.404728932000000,0.532634132000000,41.841999999999999,-0.090947407000000,-0.120535210000000,41.932947409999997,0.500163789000000,0.529696025000000,1.732429145000000,1.779435913000000,-93.530092170000003,44.077221450000003,1,0
866,866,40.866999999999997,62.841000000000001,36.069000000000003,48.028032549999999,0.240580797000000,0.211883365000000,0.324871746000000,0.573972407000000,48.746000000000002,-0.040258412000000,-0.088314959000000,48.786258410000002,0.405559322000000,0.456380032000000,1.537695451000000,1.602993650000000,-93.531106170000001,44.076987449999997,2,0
867,867,26.280999999999999,46.606999999999999,23.741000000000000,33.796146190000002,0.301544305000000,0.278866206000000,0.413575600000000,0.509387002000000,43.192000000000000,-0.101559573000000,-0.138360120000000,43.293559569999999,0.517489163000000,0.553716865000000,1.773410449000000,1.834462513000000,-93.530092170000003,44.077182450000002,1,0
868,868,26.777999999999999,46.073999999999998,23.388999999999999,33.600198810000002,0.294986474000000,0.264865755000000,0.390109779000000,0.507639884000000,41.981000000000002,-0.089201068000000,-0.138500223000000,42.070201070000003,0.495004995000000,0.544356228000000,1.720591530000000,1.799894375000000,-93.530092170000003,44.077143450000001,1,0
869,869,27.332000000000001,46.079999999999998,24.486999999999998,34.009889700000002,0.280186694000000,0.255380592000000,0.383198774000000,0.531401910000000,40.341000000000001,-0.079829212000000,-0.120513999000000,40.420829210000001,0.479489255000000,0.520684753000000,1.685935899000000,1.748787700000000,-93.530092170000003,44.077104450000000,1,0
870,870,26.521000000000001,45.167999999999999,23.745999999999999,33.203334069999997,0.284979695000000,0.260109640000000,0.388941034000000,0.525726178000000,40.069000000000003,-0.084231152000000,-0.124939488000000,40.153231150000003,0.487253180000000,0.528249060000000,1.703103201000000,1.766952099000000,-93.530092170000003,44.077065449999999,1,0
871,871,27.277999999999999,47.345999999999997,24.777000000000001,34.639249069999998,0.290547677000000,0.268921527000000,0.402591931000000,0.523317704000000,42.637000000000000,-0.092119798000000,-0.127344795000000,42.729119799999999,0.501570111000000,0.536682418000000,1.735684434000000,1.792165512000000,-93.530092170000003,44.077026449999998,1,0
872,872,27.109000000000002,47.207999999999998,24.844999999999999,34.548358229999998,0.290100430000000,0.270449561000000,0.406270213000000,0.526287917000000,42.462000000000003,-0.093336157000000,-0.125300014000000,42.555336160000003,0.504032677000000,0.535840363000000,1.741414290000000,1.792727627000000,-93.530092170000003,44.076987449999997,1,0
873,873,27.212000000000000,46.240000000000002,24.565000000000001,34.068899639999998,0.282156152000000,0.259053532000000,0.389224129000000,0.531250000000000,40.703000000000003,-0.083079466000000,-0.120887193000000,40.786079469999997,0.485524153000000,0.523649477000000,1.699250331000000,1.758154810000000,-93.530092170000003,44.076948450000003,1,0
874,874,38.624000000000002,59.612000000000002,32.911000000000001,45.197853350000003,0.249996068000000,0.213648764000000,0.321285878000000,0.552086828000000,47.689000000000000,-0.042230474000000,-0.103217001000000,47.731230470000000,0.408644620000000,0.473068748000000,1.543392709000000,1.627891026000000,-93.531106170000001,44.076948450000003,2,0
875,875,27.963999999999999,44.832000000000001,25.320000000000000,33.827976190000001,0.254498139000000,0.231716028000000,0.355295307000000,0.564775161000000,36.380000000000003,-0.057915121000000,-0.095641893000000,36.437915120000000,0.439817249000000,0.478984725000000,1.603204120000000,1.657116236000000,-93.530053170000002,44.078001450000002,2,0
876,876,28.638000000000002,45.784999999999997,24.535000000000000,34.246009469999997,0.265277077000000,0.230399205000000,0.343709910000000,0.535874195000000,38.396999999999998,-0.057517331000000,-0.115564179000000,38.454517330000002,0.437570507000000,0.497921725000000,1.598749913000000,1.683230876000000,-93.530053170000002,44.077962450000001,1,0
877,877,29.434000000000001,45.968000000000004,25.045999999999999,34.673330270000001,0.255819036000000,0.219278003000000,0.328342204000000,0.544857292000000,37.456000000000003,-0.047391685000000,-0.108549697000000,37.503391690000001,0.418436395000000,0.482711255000000,1.561731331000000,1.647985006000000,-93.530053170000002,44.077923450000000,2,0
878,878,33.488000000000000,48.829000000000001,28.402999999999999,37.914147730000003,0.224175645000000,0.186364906000000,0.284545758000000,0.581683016000000,35.767000000000003,-0.017574061000000,-0.081871387000000,35.784574059999997,0.360218739000000,0.429663098000000,1.458104396000000,1.540304000000000,-93.530053170000002,44.077884449999999,2,0
879,879,26.303000000000001,44.991000000000000,24.893000000000001,33.345161259999998,0.274731190000000,0.262125845000000,0.402749941000000,0.553288435000000,38.786000000000001,-0.084905445000000,-0.105427968000000,38.870905440000001,0.490546276000000,0.511181308000000,1.710489298000000,1.742161454000000,-93.530053170000002,44.077845449999998,1,0
880,880,25.091000000000001,44.540999999999997,24.553000000000001,32.742982820000002,0.284287012000000,0.279325597000000,0.431464762000000,0.551244920000000,39.438000000000002,-0.099947975000000,-0.107945002000000,39.537947969999998,0.518218353000000,0.526100923000000,1.775178351000000,1.788037641000000,-93.530053170000002,44.077806449999997,1,0
881,881,25.282000000000000,44.621000000000002,24.102000000000000,32.716558339999999,0.287521821000000,0.276654793000000,0.422239689000000,0.540149257000000,39.857999999999997,-0.098145843000000,-0.115719377000000,39.956145839999998,0.513971314000000,0.531340289000000,1.764931572000000,1.793248189000000,-93.530053170000002,44.077767450000003,1,0
882,882,25.236000000000001,44.848999999999997,24.724000000000000,32.962426450000002,0.284537943000000,0.279845901000000,0.432375829000000,0.551272046000000,39.738000000000000,-0.100397642000000,-0.107958105000000,39.838397639999997,0.519043566000000,0.526491220000000,1.777183389000000,1.789355116000000,-93.530053170000002,44.077728450000002,1,0
883,883,25.707999999999998,45.744999999999997,25.814000000000000,33.763238809999997,0.279473051000000,0.280422096000000,0.439032406000000,0.564302110000000,39.968000000000004,-0.100278615000000,-0.098752917000000,40.068278610000000,0.519956597000000,0.518453837000000,1.779407188000000,1.776970692000000,-93.530053170000002,44.077689450000001,1,0
884,884,25.475999999999999,44.469999999999999,24.465000000000000,32.787923090000000,0.280808750000000,0.271552340000000,0.417624942000000,0.550146166000000,38.999000000000002,-0.093247609000000,-0.108239506000000,39.092247610000001,0.505806191000000,0.520718194000000,1.745564453000000,1.769261528000000,-93.530053170000002,44.077650450000000,1,0
885,885,38.140999999999998,57.692000000000000,32.398000000000003,44.093586639999998,0.241202003000000,0.204011144000000,0.308205249000000,0.561568328000000,44.844999999999999,-0.033491121000000,-0.096192028000000,44.878491120000000,0.391718741000000,0.458511766000000,1.512597992000000,1.597072088000000,-93.531106170000001,44.076909450000002,2,0
886,886,27.198000000000000,44.542000000000002,24.527000000000001,33.293115890000003,0.265316848000000,0.241761918000000,0.367356448000000,0.550648826000000,37.359000000000002,-0.067154892000000,-0.105998940000000,37.426154889999999,0.456823065000000,0.496743534000000,1.637693948000000,1.695047838000000,-93.530053170000002,44.077611449999999,1,0
887,887,27.882999999999999,46.249000000000002,25.635000000000002,34.513692519999999,0.266957046000000,0.247747262000000,0.378703837000000,0.554282255000000,38.979999999999997,-0.072296451000000,-0.103841952000000,39.052296450000000,0.466840460000000,0.499058763000000,1.658680917000000,1.705765809000000,-93.530053170000002,44.077572449999998,1,0
888,888,28.087000000000000,45.587000000000003,25.443000000000001,34.226697119999997,0.260144847000000,0.237532915000000,0.362837179000000,0.558119639000000,37.643999999999998,-0.063210146000000,-0.100555909000000,37.707210150000002,0.449693287000000,0.488241507000000,1.623064051000000,1.677388618000000,-93.530053170000002,44.077533449999997,1,0
889,889,28.404000000000000,46.338999999999999,25.652999999999999,34.699503100000001,0.263202372000000,0.239955581000000,0.365349358000000,0.553594165000000,38.621000000000002,-0.065474720000000,-0.103836806000000,38.686474720000000,0.453782939000000,0.493282132000000,1.631425151000000,1.687716595000000,-93.530053170000002,44.077494450000003,1,0
890,890,28.216000000000001,46.244000000000000,25.239000000000001,34.504382880000001,0.267453732000000,0.242116573000000,0.366266431000000,0.545778912000000,39.033000000000001,-0.067619535000000,-0.109423364000000,39.100619530000003,0.457419042000000,0.500364244000000,1.638928268000000,1.700923987000000,-93.530053170000002,44.077455450000002,1,0
891,891,27.427000000000000,45.417999999999999,24.606000000000002,33.766306129999997,0.271598457000000,0.246976457000000,0.372955492000000,0.541767581000000,38.802999999999997,-0.072038255000000,-0.112565289000000,38.875038259999997,0.465555267000000,0.506974641000000,1.655959456000000,1.716905595000000,-93.530053170000002,44.077416450000001,1,0
892,892,25.640000000000001,44.747999999999998,23.757000000000001,32.783065510000000,0.288704254000000,0.271466727000000,0.409770324000000,0.530906409000000,40.098999999999997,-0.094025174000000,-0.122026661000000,40.193025169999999,0.505668618000000,0.533504536000000,1.745241810000000,1.790138807000000,-93.530053170000002,44.077377450000000,1,0
893,893,25.587000000000000,45.063000000000002,23.846000000000000,32.934279269999998,0.291582771000000,0.275668790000000,0.416118280000000,0.529170273000000,40.692999999999998,-0.097794616000000,-0.123588300000000,40.790794620000000,0.512398719000000,0.537910771000000,1.761167781000000,1.802983727000000,-93.530053170000002,44.077338449999999,1,0
894,894,25.204999999999998,44.447000000000003,23.922999999999998,32.573699840000003,0.288113489000000,0.276259117000000,0.420783310000000,0.538236551000000,39.765999999999998,-0.097889394000000,-0.117069730000000,39.863889389999997,0.513340545000000,0.532305060000000,1.763419956000000,1.794341967000000,-93.530053170000002,44.077299449999998,1,0
895,895,25.192000000000000,44.345999999999997,23.559000000000001,32.435736779999999,0.290600467000000,0.275446518000000,0.416581483000000,0.531254228000000,39.941000000000003,-0.097502605000000,-0.122059787000000,40.038502600000001,0.512043867000000,0.536341393000000,1.760320737000000,1.800047788000000,-93.530053170000002,44.077260449999997,1,0
896,896,36.302000000000000,56.356999999999999,31.891999999999999,42.860418090000003,0.246091936000000,0.216438770000000,0.330031102000000,0.565892436000000,44.520000000000003,-0.044433204000000,-0.094003260000000,44.564433200000003,0.413506521000000,0.465721198000000,1.552448901000000,1.620869923000000,-93.531106170000001,44.076870450000001,2,0
897,897,26.160000000000000,45.616999999999997,24.677000000000000,33.537096960000000,0.284343744000000,0.271075693000000,0.413099788000000,0.540960607000000,40.396999999999998,-0.093236154000000,-0.114761441000000,40.490236150000001,0.505040019000000,0.526455491000000,1.743769113000000,1.777988681000000,-93.530053170000002,44.077221450000003,1,0
898,898,26.218000000000000,46.140000000000001,23.844999999999999,33.590014140000001,0.296586415000000,0.275325465000000,0.410652815000000,0.516796706000000,42.216999999999999,-0.098071786000000,-0.132605012000000,42.315071789999998,0.511850554000000,0.546003764000000,1.759859638000000,1.816345133000000,-93.530053170000002,44.077182450000002,1,0
899,899,25.596000000000000,45.570999999999998,23.023000000000000,32.974382919999996,0.304255121000000,0.280677842000000,0.414901130000000,0.505211648000000,42.523000000000003,-0.103371908000000,-0.141615883000000,42.626371910000003,0.520361573000000,0.557919062000000,1.780395374000000,1.844326684000000,-93.530053170000002,44.077143450000001,1,0
900,900,25.588000000000001,44.338000000000001,23.852000000000000,32.606348519999997,0.284080049000000,0.268140606000000,0.406954030000000,0.537958410000000,39.235999999999997,-0.090797415000000,-0.116713941000000,39.326797419999998,0.500309282000000,0.526178906000000,1.732765359000000,1.773781415000000,-93.530053170000002,44.077104450000000,1,0
901,901,24.440999999999999,43.414999999999999,22.812000000000001,31.636540320000002,0.295167918000000,0.279621552000000,0.421232573000000,0.525440516000000,39.576999999999998,-0.101442626000000,-0.126595932000000,39.678442629999999,0.518687829000000,0.543444369000000,1.776318481000000,1.817590532000000,-93.530053170000002,44.077065449999999,1,0
902,902,25.434000000000001,44.976999999999997,23.786000000000001,32.840994100000003,0.292683978000000,0.277556064000000,0.419152815000000,0.528848078000000,40.734000000000002,-0.099466013000000,-0.123959362000000,40.833466010000002,0.515406562000000,0.539577394000000,1.768380907000000,1.808272470000000,-93.530053170000002,44.077026449999998,1,0
903,903,25.628000000000000,44.811999999999998,24.488000000000000,32.987734449999998,0.282725061000000,0.272345258000000,0.417479109000000,0.546460769000000,39.508000000000003,-0.094100792000000,-0.110913534000000,39.602100790000001,0.507079450000000,0.523785000000000,1.748556267000000,1.775252602000000,-93.530053170000002,44.076987449999997,1,0
904,904,25.065999999999999,44.341000000000001,24.181999999999999,32.553534169999999,0.285898644000000,0.277709741000000,0.426202322000000,0.545364335000000,39.433999999999997,-0.098821443000000,-0.112045219000000,39.532821439999999,0.515651079000000,0.528707373000000,1.768969919000000,1.790246596000000,-93.530053170000002,44.076948450000003,1,0
905,905,36.287999999999997,54.735999999999997,32.302999999999997,42.254516320000000,0.229587281000000,0.202671823000000,0.314163587000000,0.590160041000000,40.881000000000000,-0.031889205000000,-0.077126663000000,40.912889210000003,0.389350727000000,0.437551104000000,1.508377425000000,1.567953729000000,-93.531106170000001,44.076831450000000,2,0
906,906,24.090000000000000,39.225999999999999,22.224000000000000,29.512219800000000,0.257586201000000,0.239054899000000,0.368344203000000,0.566562994000000,32.137999999999998,-0.064297405000000,-0.094837503000000,32.202297399999999,0.452264148000000,0.483739728000000,1.628310502000000,1.672619195000000,-93.530014170000001,44.078001450000002,1,0
907,907,25.875000000000000,41.116000000000000,23.170999999999999,31.074836130000001,0.252791785000000,0.227508173000000,0.347809220000000,0.563551902000000,33.186000000000000,-0.054246800000000,-0.096233446000000,33.240246800000001,0.432623754000000,0.476393041000000,1.589024155000000,1.648515548000000,-93.530014170000001,44.077962450000001,2,0
908,908,24.952000000000002,40.024000000000001,21.007000000000001,29.809489140000000,0.270532589000000,0.231962571000000,0.342786964000000,0.524860084000000,34.088999999999999,-0.059211705000000,-0.123445332000000,34.148211699999997,0.440237446000000,0.506918950000000,1.604039756000000,1.698650338000000,-93.530014170000001,44.077923450000000,1,0
909,909,27.626000000000001,41.843000000000004,22.814000000000000,31.804146070000002,0.247871405000000,0.204652435000000,0.304726182000000,0.545228593000000,33.246000000000002,-0.034314012000000,-0.107315540000000,33.280314009999998,0.392851231000000,0.470613946000000,1.514623905000000,1.614293971000000,-93.530014170000001,44.077884449999999,2,0
910,910,22.532000000000000,39.273000000000003,20.515999999999998,28.699394940000001,0.291938747000000,0.270868053000000,0.405459081000000,0.522394520000000,35.497999999999998,-0.093878840000000,-0.128164138000000,35.591878840000000,0.504706072000000,0.538802323000000,1.742987751000000,1.798248818000000,-93.530014170000001,44.077845449999998,1,0
911,911,22.181000000000001,39.756000000000000,20.986999999999998,28.942416770000001,0.296250408000000,0.283756075000000,0.429181929000000,0.527895160000000,36.344000000000001,-0.104946698000000,-0.125104915000000,36.448946700000000,0.525222538000000,0.544965030000000,1.792344800000000,1.825676406000000,-93.530014170000001,44.077806449999997,1,0
912,912,22.146000000000001,39.484000000000002,21.238000000000000,28.870308949999998,0.290833006000000,0.281324031000000,0.429243415000000,0.537888765000000,35.584000000000003,-0.102326592000000,-0.117666651000000,35.686326590000000,0.521384053000000,0.536459453000000,1.782895331000000,1.807924736000000,-93.530014170000001,44.077767450000003,1,0
913,913,22.350999999999999,40.179000000000002,21.933000000000000,29.410744810000001,0.289420901000000,0.285111147000000,0.439145750000000,0.545882177000000,36.073999999999998,-0.105224773000000,-0.112153251000000,36.179224769999998,0.527354507000000,0.534134799000000,1.797637690000000,1.808974335000000,-93.530014170000001,44.077728450000002,1,0
914,914,23.291000000000000,40.875999999999998,22.680000000000000,30.153498729999999,0.280145314000000,0.274050524000000,0.423867718000000,0.554848811000000,35.780999999999999,-0.095208816000000,-0.105058321000000,35.876208820000002,0.509812266000000,0.519582610000000,1.755012666000000,1.770617566000000,-93.530014170000001,44.077689450000001,1,0
915,915,28.923999999999999,43.305000000000000,24.347000000000001,33.189843879999998,0.238338302000000,0.199102853000000,0.300342509000000,0.562221452000000,33.338999999999999,-0.029110752000000,-0.095460570000000,33.368110750000000,0.383021970000000,0.454000469000000,1.497199557000000,1.585595428000000,-93.530014170000001,44.077650450000000,2,0
916,916,29.260000000000002,43.000999999999998,24.530000000000001,33.201177190000003,0.230428065000000,0.190157900000000,0.287884184000000,0.570451850000000,32.212000000000003,-0.021045345000000,-0.089460797000000,32.233045349999998,0.367043497000000,0.440752417000000,1.469617225000000,1.558491002000000,-93.530014170000001,44.077611449999999,2,0
917,917,24.885000000000002,41.505000000000003,22.373000000000001,30.781376290000001,0.274449596000000,0.250338906000000,0.377581389000000,0.539043489000000,35.752000000000002,-0.075098859000000,-0.114718971000000,35.827098860000000,0.471150984000000,0.511496077000000,1.667872212000000,1.728032248000000,-93.530014170000001,44.077572449999998,1,0
918,918,25.605000000000000,41.926000000000002,22.952000000000002,31.306015420000001,0.266560430000000,0.241681598000000,0.366114090000000,0.547440729000000,35.295000000000002,-0.067183891000000,-0.108232486000000,35.362183889999997,0.456688050000000,0.498876901000000,1.637414567000000,1.698155920000000,-93.530014170000001,44.077533449999997,1,0
919,919,24.949000000000002,41.381999999999998,21.873000000000001,30.623251809999999,0.277360209000000,0.247742383000000,0.369629763000000,0.528563143000000,35.942000000000000,-0.073164482000000,-0.121987665000000,36.015164480000003,0.466832330000000,0.516681910000000,1.658663674000000,1.732956049000000,-93.530014170000001,44.077494450000003,1,0
920,920,25.393000000000001,41.664000000000001,22.899999999999999,31.118608290000001,0.266180929000000,0.242644318000000,0.368480649000000,0.549635177000000,35.034999999999997,-0.067963583000000,-0.106762120000000,35.102963580000001,0.458305329000000,0.498142262000000,1.640767141000000,1.698210417000000,-93.530014170000001,44.077455450000002,1,0
921,921,25.370000000000001,41.478999999999999,22.395000000000000,30.906743420000002,0.269218118000000,0.240975931000000,0.362374589000000,0.539911763000000,35.192999999999998,-0.066794406000000,-0.113464210000000,35.259794409999998,0.455501182000000,0.503500723000000,1.634962554000000,1.704300694000000,-93.530014170000001,44.077416450000001,1,0
922,922,23.225999999999999,40.734999999999999,21.835000000000001,29.863883009999999,0.287747667000000,0.273744938000000,0.415634050000000,0.536025531000000,36.408999999999999,-0.095792345000000,-0.118490373000000,36.504792340000002,0.509323093000000,0.531830688000000,1.753853440000000,1.790295694000000,-93.530014170000001,44.077377450000000,1,0
923,923,23.030000000000001,41.241000000000000,21.713999999999999,30.014989459999999,0.296621760000000,0.283347077000000,0.427920201000000,0.526514876000000,37.738000000000000,-0.104657789000000,-0.126084782000000,37.842657789999997,0.524578104000000,0.545572360000000,1.790751194000000,1.826184979000000,-93.530014170000001,44.077338449999999,1,0
924,924,23.213000000000001,40.978999999999999,21.670999999999999,29.931889630000001,0.292284890000000,0.276763460000000,0.417817079000000,0.528831841000000,37.073999999999998,-0.098771298000000,-0.123913676000000,37.172771300000001,0.514144474000000,0.538979411000000,1.765347004000000,1.806221083000000,-93.530014170000001,44.077299449999998,1,0
925,925,22.809999999999999,40.395000000000003,20.359999999999999,29.249397290000001,0.303484995000000,0.278221660000000,0.410432956000000,0.504022775000000,37.619999999999997,-0.101250524000000,-0.142296416000000,37.721250519999998,0.516465151000000,0.556894597000000,1.770933801000000,1.839225792000000,-93.530014170000001,44.077260449999997,1,0
926,926,23.084000000000000,40.871000000000002,21.158999999999999,29.726604120000001,0.297646545000000,0.278117426000000,0.415622955000000,0.517702038000000,37.499000000000002,-0.100493456000000,-0.132156872000000,37.599493459999998,0.516299450000000,0.547509875000000,1.770533703000000,1.822623233000000,-93.530014170000001,44.077221450000003,1,0
927,927,23.838000000000001,41.707000000000001,21.155000000000001,30.305434710000000,0.299212660000000,0.272621863000000,0.402545618000000,0.507229002000000,38.420999999999999,-0.096122261000000,-0.139446367000000,38.517122260000001,0.507523238000000,0.550494371000000,1.749601477000000,1.820570269000000,-93.530014170000001,44.077182450000002,1,0
928,928,23.289999999999999,41.621000000000002,21.401000000000000,30.181310669999998,0.301337419000000,0.282402058000000,0.421305447000000,0.514187550000000,38.551000000000002,-0.104446659000000,-0.135086662000000,38.655446660000003,0.523087413000000,0.553125890000000,1.787075998000000,1.838128705000000,-93.530014170000001,44.077143450000001,1,0
929,929,21.786000000000001,40.100999999999999,21.056999999999999,29.017909679999999,0.303620627000000,0.295942605000000,0.448567230000000,0.525099125000000,37.359000000000002,-0.115747975000000,-0.128052662000000,37.474747970000003,0.544221214000000,0.556087317000000,1.840677499000000,1.861657470000000,-93.530014170000001,44.077104450000000,1,0
930,930,22.166000000000000,39.837000000000003,20.395000000000000,28.834436300000000,0.303620076000000,0.285002339000000,0.424701980000000,0.511961242000000,37.113000000000000,-0.106854535000000,-0.136945071000000,37.219854540000000,0.527183495000000,0.556584803000000,1.797211946000000,1.847743920000000,-93.530014170000001,44.077065449999999,1,0
931,931,23.800000000000001,41.841999999999999,21.266999999999999,30.383538600000001,0.299935534000000,0.274854514000000,0.406580282000000,0.508269203000000,38.616999999999997,-0.098056588000000,-0.138860187000000,38.715056590000003,0.511098118000000,0.551461825000000,1.758067227000000,1.825195670000000,-93.530014170000001,44.077026449999998,1,0
932,932,24.224000000000000,41.710000000000001,21.808000000000000,30.562041489999999,0.288817477000000,0.265204599000000,0.396274305000000,0.522848238000000,37.387999999999998,-0.088855964000000,-0.127405347000000,37.476855960000002,0.495555084000000,0.534147498000000,1.721846103000000,1.783155135000000,-93.530014170000001,44.076987449999997,1,0
933,933,24.731999999999999,42.290999999999997,22.713999999999999,31.177589709999999,0.281273669000000,0.261984692000000,0.396285179000000,0.537088269000000,37.136000000000003,-0.085429644000000,-0.116912756000000,37.221429639999997,0.490316061000000,0.521963391000000,1.709970888000000,1.759131344000000,-93.530014170000001,44.076948450000003,1,0
934,934,25.445000000000000,40.639000000000003,21.619000000000000,30.366415150000002,0.266584594000000,0.229919496000000,0.341706961000000,0.531976673000000,34.213999999999999,-0.057193026000000,-0.118267334000000,34.271193029999999,0.436751034000000,0.500282055000000,1.597131067000000,1.686187711000000,-93.529936169999999,44.077923450000000,1,0
935,935,23.980000000000000,39.280999999999999,20.952000000000002,29.194883480000001,0.272320922000000,0.241870979000000,0.361648822000000,0.533387643000000,33.630000000000003,-0.067792384000000,-0.118131405000000,33.697792380000003,0.457006368000000,0.508729253000000,1.638073394000000,1.713385339000000,-93.529936169999999,44.077884449999999,1,0
936,936,23.056000000000001,38.584000000000003,21.027999999999999,28.650078390000001,0.272853231000000,0.251914341000000,0.382350044000000,0.544992743000000,33.084000000000003,-0.076276189000000,-0.110620796000000,33.160276189999998,0.473763270000000,0.508679894000000,1.673490632000000,1.725593999000000,-93.529936169999999,44.077845449999998,1,0
937,937,23.052000000000000,38.719999999999999,21.331000000000000,28.784513570000001,0.271352700000000,0.253642427000000,0.387428600000000,0.550903926000000,33.057000000000002,-0.077580833000000,-0.106573770000000,33.134580829999997,0.476621648000000,0.506045264000000,1.679680722000000,1.723645581000000,-93.529936169999999,44.077806449999997,1,0
938,938,21.585999999999999,38.103000000000002,20.390000000000001,27.889939080000001,0.289638016000000,0.276717653000000,0.420290593000000,0.535128468000000,34.229999999999997,-0.098435295000000,-0.119344647000000,34.328435300000002,0.514071485000000,0.534731653000000,1.765171871000000,1.798996819000000,-93.529936169999999,44.077767450000003,1,0
