OID_,SOURCE_ID,Red,Green,Blue,BI,GLI,NGRDI,VARI,BGI,ExG,ExR,ExB,ExGR,MGRVI,RGBVI,GRRI,VEG,X,Y,CLUSTER_ID,IS_SEED
1,1,40.326999999999998,64.135999999999996,37.283999999999999,48.750350699999998,0.246066941000000,0.227918019000000,0.354411349000000,0.581327180000000,50.661000000000001,-0.054168342000000,-0.084223299000000,50.715168339999998,0.433326205000000,0.464640321000000,1.590398492000000,1.632497041000000,-93.539628210000004,44.065646569999998,3,0
2,2,38.753999999999998,62.752000000000002,36.085999999999999,47.405644590000001,0.252885038000000,0.236419522000000,0.366829716000000,0.575057369000000,50.664000000000001,-0.061750683000000,-0.088897610000000,50.725750679999997,0.447809116000000,0.475861787000000,1.619239304000000,1.658160790000000,-93.539628210000004,44.065299170000003,3,0
3,3,38.045000000000002,62.097999999999999,35.573999999999998,46.794205859999998,0.255678285000000,0.240186533000000,0.372516223000000,0.572868691000000,50.576999999999998,-0.065098698000000,-0.090588504000000,50.642098699999998,0.454172074000000,0.480413286000000,1.632224997000000,1.669136800000000,-93.539473810000004,44.064913169999997,3,0
4,4,67.519000000000005,98.221999999999994,61.000999999999998,77.303511450000002,0.209020076000000,0.185246861000000,0.293135383000000,0.621052310000000,67.924000000000007,-0.016297819000000,-0.056542678000000,67.940297819999998,0.358201535000000,0.401621326000000,1.454731261000000,1.504750250000000,-93.537736809999998,44.064913169999997,2,0
5,5,71.878000000000000,103.180000000000007,64.796999999999997,81.672538209999999,0.203142536000000,0.178809309000000,0.283890043000000,0.627999612000000,69.685000000000002,-0.010634758000000,-0.051965563000000,69.695634760000004,0.346538812000000,0.391322113000000,1.435487910000000,1.485929554000000,-93.537698210000002,44.065646569999998,2,0
6,6,70.060000000000002,102.650000000000006,62.441000000000003,80.300071770000002,0.215508539000000,0.188697817000000,0.295549973000000,0.608290307000000,72.799000000000007,-0.019417311000000,-0.064777951000000,72.818417310000001,0.364419788000000,0.413261484000000,1.465172709000000,1.522435545000000,-93.537698210000002,44.065607970000002,2,0
7,7,72.355000000000004,103.239999999999995,64.230000000000004,81.688915050000006,0.203736901000000,0.175887696000000,0.277331298000000,0.622142580000000,69.894999999999996,-0.008101741000000,-0.055532159000000,69.903101739999997,0.341219269000000,0.392734302000000,1.426853707000000,1.484587318000000,-93.537698210000002,44.065569369999999,2,0
8,8,66.590999999999994,98.432000000000002,59.875000000000000,76.829324979999996,0.217728018000000,0.192948862000000,0.302820786000000,0.608287955000000,70.397999999999996,-0.023142047000000,-0.064949444000000,70.421142050000000,0.372046699000000,0.416914645000000,1.478157709000000,1.531423779000000,-93.537698210000002,44.065530770000002,2,0
9,9,70.936000000000007,101.109999999999999,62.674999999999997,79.965208730000001,0.204296209000000,0.175383328000000,0.275886661000000,0.619869449000000,68.608999999999995,-0.007666975000000,-0.056939941000000,68.616666969999997,0.340299284000000,0.393841491000000,1.425369347000000,1.485366444000000,-93.537698210000002,44.065492169999999,2,0
10,10,73.186000000000007,103.620000000000005,63.777999999999999,81.977493420000002,0.204169620000000,0.172132167000000,0.269260714000000,0.615498938000000,70.275999999999996,-0.004819938000000,-0.059566721000000,70.280819940000001,0.334357495000000,0.393998170000000,1.415844560000000,1.482226918000000,-93.537698210000002,44.065453570000003,2,0
11,11,73.387000000000000,104.989999999999995,64.852999999999994,82.894437850000003,0.206019183000000,0.177169702000000,0.278381664000000,0.617706448000000,71.739999999999995,-0.009243103000000,-0.058363689000000,71.749243100000001,0.343555505000000,0.396871559000000,1.430634854000000,1.490758381000000,-93.537698210000002,44.065414969999999,2,0
12,12,72.100999999999999,103.799999999999997,62.146000000000001,81.312400690000004,0.214578452000000,0.180209322000000,0.278660279000000,0.598709056000000,73.352999999999994,-0.012008553000000,-0.070555815000000,73.365008549999999,0.349082065000000,0.412556990000000,1.439647162000000,1.512669064000000,-93.537698210000002,44.065376370000003,2,0
13,13,68.197999999999993,100.760000000000005,60.536000000000001,78.460504080000007,0.220394000000000,0.192722452000000,0.300326502000000,0.600793966000000,72.786000000000001,-0.023019338000000,-0.069760429000000,72.809019340000006,0.371641419000000,0.421828900000000,1.477462682000000,1.537276212000000,-93.537698210000002,44.065337769999999,2,0
14,14,41.615000000000002,65.242000000000004,37.887000000000000,49.745189240000002,0.242787614000000,0.221108584000000,0.342569233000000,0.580714877000000,50.981999999999999,-0.048229978000000,-0.084288122000000,51.030229980000001,0.421605304000000,0.459414637000000,1.567752012000000,1.617522538000000,-93.539435209999994,44.065646569999998,3,0
15,15,72.075000000000003,103.879999999999995,61.930999999999997,81.284087799999995,0.215802625000000,0.180756443000000,0.278932505000000,0.596178283000000,73.754000000000005,-0.012505990000000,-0.072205174000000,73.766505989999999,0.350074927000000,0.414781321000000,1.441276448000000,1.515947579000000,-93.537698210000002,44.065299170000003,2,0
16,16,68.900999999999996,100.980000000000004,60.345999999999997,78.710329509999994,0.219539442000000,0.188832183000000,0.292865294000000,0.597603486000000,72.712999999999994,-0.019626716000000,-0.071649285000000,72.732626719999999,0.364661417000000,0.420697979000000,1.465581051000000,1.531732737000000,-93.537698210000002,44.065260570000000,2,0
17,17,70.742000000000004,102.530000000000001,62.816000000000003,80.545393660000002,0.211158296000000,0.183457223000000,0.287788803000000,0.612659709000000,71.501999999999995,-0.014787706000000,-0.061788825000000,71.516787710000003,0.354967465000000,0.405764812000000,1.449351163000000,1.507852197000000,-93.537698210000002,44.065221970000003,2,0
18,18,70.504999999999995,102.629999999999995,62.340000000000003,80.395164710000003,0.214179027000000,0.185548849000000,0.289949907000000,0.607424730000000,72.415000000000006,-0.016659943000000,-0.065204374000000,72.431659940000003,0.358746635000000,0.411143726000000,1.455641444000000,1.516541505000000,-93.537698210000002,44.065183370000000,2,0
19,19,69.641999999999996,101.500000000000000,61.856000000000002,79.537041479999999,0.213759126000000,0.186149513000000,0.291510349000000,0.609418719000000,71.501999999999995,-0.017172680000000,-0.063955914000000,71.519172679999997,0.359830316000000,0.410298697000000,1.457453835000000,1.516145141000000,-93.537698210000002,44.065144770000003,2,0
20,20,68.625000000000000,100.180000000000007,60.957000000000001,78.445690069999998,0.214516491000000,0.186931667000000,0.292587716000000,0.608474745000000,70.778000000000006,-0.017866314000000,-0.064589445000000,70.795866309999994,0.361240350000000,0.411616377000000,1.459817851000000,1.518568689000000,-93.537698210000002,44.065106170000000,2,0
21,21,68.882999999999996,99.364999999999995,60.357999999999997,78.019995469999998,0.211875440000000,0.181173030000000,0.282528501000000,0.607437226000000,69.489000000000004,-0.012811562000000,-0.065019291000000,69.501811559999993,0.350830517000000,0.407365509000000,1.442518473000000,1.507398210000000,-93.537698210000002,44.065067569999997,2,0
22,22,70.507999999999996,101.180000000000007,63.034999999999997,79.962869900000001,0.204871644000000,0.178649644000000,0.282293172000000,0.622998616000000,68.816999999999993,-0.010517930000000,-0.055090468000000,68.827517929999999,0.346248525000000,0.394563017000000,1.435014466000000,1.489563219000000,-93.537698210000002,44.065028970000000,2,0
23,23,67.909999999999997,99.245000000000005,61.759999999999998,78.050487349999997,0.209714773000000,0.187460740000000,0.297310119000000,0.622298353000000,68.819999999999993,-0.018220737000000,-0.055832951000000,68.838220739999997,0.362193448000000,0.402703831000000,1.461419526000000,1.508354111000000,-93.537698210000002,44.064990369999997,2,0
24,24,65.655000000000001,96.959999999999994,58.755000000000003,75.639431189999996,0.218358307000000,0.192509916000000,0.301415367000000,0.605971535000000,69.510000000000005,-0.022780865000000,-0.066418214000000,69.532780860000003,0.371260879000000,0.418113374000000,1.476810601000000,1.532438491000000,-93.537698210000002,44.064951770000000,2,0
25,25,39.570999999999998,63.003999999999998,34.768000000000001,47.413717710000000,0.257897548000000,0.228447477000000,0.345583789000000,0.551837979000000,51.668999999999997,-0.055369404000000,-0.104328579000000,51.724369400000000,0.434233090000000,0.485229144000000,1.592176089000000,1.662282389000000,-93.539435209999994,44.065607970000002,3,0
26,26,67.358999999999995,99.683000000000007,61.654000000000003,78.049452459999998,0.214243298000000,0.193508219000000,0.306714237000000,0.618500647000000,70.352999999999994,-0.023526428000000,-0.058450519000000,70.376526429999998,0.373047514000000,0.410496199000000,1.479876483000000,1.524137382000000,-93.537698210000002,44.064913169999997,2,0
27,27,70.896000000000001,102.409999999999997,62.356000000000002,80.420398849999998,0.211694550000000,0.181840213000000,0.284037855000000,0.608885851000000,71.567999999999998,-0.013390364000000,-0.064124042000000,71.581390360000000,0.352039923000000,0.406947500000000,1.444510269000000,1.507589881000000,-93.537659610000006,44.065646569999998,2,0
28,28,67.921999999999997,100.870000000000005,60.109000000000002,78.318254289999999,0.223515712000000,0.195198825000000,0.303156887000000,0.595905621000000,73.709000000000003,-0.025247596000000,-0.073033320000000,73.734247600000003,0.376068470000000,0.427286816000000,1.485085834000000,1.546764464000000,-93.537659610000006,44.065607970000002,2,0
29,29,68.567999999999998,100.829999999999998,61.954000000000001,78.965303860000006,0.214153687000000,0.190450891000000,0.300268047000000,0.614440147000000,71.138000000000005,-0.020898026000000,-0.060921885000000,71.158898030000003,0.367569470000000,0.410595169000000,1.470511026000000,1.521029526000000,-93.537659610000006,44.065569369999999,2,0
30,30,64.878000000000000,97.355000000000004,58.173000000000002,75.434847910000002,0.225512256000000,0.200187385000000,0.312098789000000,0.597534795000000,71.659000000000006,-0.029608087000000,-0.072197672000000,71.688608090000002,0.384947983000000,0.430409462000000,1.500585715000000,1.556098246000000,-93.537659610000006,44.065530770000002,2,0
31,31,68.564999999999998,99.896000000000001,60.185000000000002,78.108053929999997,0.216234150000000,0.185983699000000,0.289362370000000,0.602476576000000,71.042000000000002,-0.017078803000000,-0.068389563000000,71.059078799999995,0.359531236000000,0.414909344000000,1.456953256000000,1.521591775000000,-93.537659610000006,44.065492169999999,2,0
32,32,68.304000000000002,100.510000000000005,60.670999999999999,78.419102170000002,0.218321490000000,0.190778016000000,0.297809382000000,0.603631479000000,72.045000000000002,-0.021284180000000,-0.067850186000000,72.066284179999997,0.368156515000000,0.418226115000000,1.471509721000000,1.530738394000000,-93.537659610000006,44.065453570000003,2,0
33,33,70.129999999999995,101.469999999999999,62.118000000000002,79.735027279999997,0.210902538000000,0.182634033000000,0.286257102000000,0.612180940000000,70.691999999999993,-0.014068236000000,-0.062061116000000,70.706068239999993,0.353477748000000,0.405379770000000,1.446884358000000,1.506532081000000,-93.537659610000006,44.065414969999999,2,0
34,34,69.677000000000007,101.409999999999997,61.299999999999997,79.365320780000005,0.215229616000000,0.185478733000000,0.289041508000000,0.604476876000000,71.843000000000004,-0.016619690000000,-0.067086369000000,71.859619690000002,0.358620089000000,0.413102731000000,1.455430056000000,1.518853149000000,-93.537659610000006,44.065376370000003,2,0
35,35,67.161000000000001,99.081000000000003,59.517000000000003,77.179267019999998,0.220059106000000,0.192009240000000,0.299086437000000,0.600690344000000,71.483999999999995,-0.022393792000000,-0.069796553000000,71.506393790000004,0.370364064000000,0.421290817000000,1.475275830000000,1.535846371000000,-93.537659610000006,44.065337769999999,2,0
36,36,39.380000000000003,62.857999999999997,35.386000000000003,47.448503879999997,0.254137529000000,0.229640642000000,0.351193682000000,0.562951414000000,50.950000000000003,-0.056138464000000,-0.096768006000000,51.006138460000003,0.436274429000000,0.478541646000000,1.596190960000000,1.654058168000000,-93.539435209999994,44.065569369999999,3,0
37,37,70.262000000000000,101.579999999999998,60.439999999999998,79.389836970000005,0.217029791000000,0.182248810000000,0.281126012000000,0.594999016000000,72.457999999999998,-0.013833186000000,-0.073031918000000,72.471833189999998,0.352780158000000,0.416876500000000,1.445731690000000,1.520073494000000,-93.537659610000006,44.065299170000003,2,0
38,38,68.338999999999999,101.010000000000005,60.154000000000003,78.510599580000004,0.222463262000000,0.192921127000000,0.299198681000000,0.595525196000000,73.527000000000001,-0.023247626000000,-0.073177257000000,73.550247630000001,0.371997059000000,0.425611648000000,1.478072550000000,1.542216409000000,-93.537659610000006,44.065260570000000,2,0
39,39,68.640000000000001,101.140000000000001,61.738000000000000,79.061853090000000,0.216143908000000,0.191424196000000,0.300808945000000,0.610421198000000,71.902000000000001,-0.021786643000000,-0.063523355000000,71.923786640000003,0.369315483000000,0.414156699000000,1.473484848000000,1.526412471000000,-93.537659610000006,44.065221970000003,2,0
40,40,66.176000000000002,99.078999999999994,59.337000000000003,76.847881740000005,0.224440867000000,0.199104414000000,0.310645971000000,0.598885738000000,72.644999999999996,-0.028641270000000,-0.071272352000000,72.673641270000005,0.383024744000000,0.428568724000000,1.497204425000000,1.552590601000000,-93.537659610000006,44.065183370000000,2,0
41,41,66.908000000000001,99.435000000000002,59.805999999999997,77.332091930000004,0.221620227000000,0.195541742000000,0.305311770000000,0.601458239000000,72.156000000000006,-0.025486737000000,-0.069452441000000,72.181486739999997,0.376680512000000,0.423781125000000,1.486145155000000,1.542728192000000,-93.537659610000006,44.065144770000003,2,0
42,42,66.328999999999994,99.125000000000000,58.527000000000001,76.704436189999996,0.227151461000000,0.198218236000000,0.306713926000000,0.590436318000000,73.394000000000005,-0.027968444000000,-0.076735080000000,73.421968440000001,0.381449156000000,0.433601813000000,1.494444361000000,1.558035553000000,-93.537659610000006,44.065106170000000,2,0
43,43,66.861999999999995,99.244000000000000,58.994999999999997,77.028801119999997,0.223931308000000,0.194947804000000,0.302321890000000,0.594443997000000,72.631000000000000,-0.025042981000000,-0.073971240000000,72.656042979999995,0.375620292000000,0.428076896000000,1.484310969000000,1.547491105000000,-93.537659610000006,44.065067569999997,2,0
44,44,67.338999999999999,99.147000000000006,60.146999999999998,77.421638099999996,0.217349131000000,0.191055104000000,0.299118856000000,0.606644679000000,70.808000000000007,-0.021499076000000,-0.065926851000000,70.829499080000005,0.368653595000000,0.416407506000000,1.472356287000000,1.528788692000000,-93.537659610000006,44.065028970000000,2,0
45,45,65.275999999999996,97.917000000000002,57.969000000000001,75.738805610000000,0.227495385000000,0.200014707000000,0.310204896000000,0.592021814000000,72.588999999999999,-0.029528581000000,-0.075783362000000,72.618528580000003,0.384641491000000,0.434031897000000,1.500045959000000,1.560534189000000,-93.537659610000006,44.064990369999997,2,0
46,46,65.611999999999995,99.545000000000002,58.686000000000000,76.720679880000006,0.231276362000000,0.205459048000000,0.318706502000000,0.589542418000000,74.792000000000002,-0.034346395000000,-0.077664256000000,74.826346389999998,0.394274424000000,0.440321775000000,1.517176736000000,1.574597705000000,-93.537659610000006,44.064951770000000,1,0
47,47,39.234999999999999,63.405999999999999,36.152000000000001,47.842356289999998,0.254328656000000,0.235490691000000,0.363533818000000,0.570166861000000,51.424999999999997,-0.061076567000000,-0.092174677000000,51.486076570000002,0.446235032000000,0.478400316000000,1.616057092000000,1.660702968000000,-93.539435209999994,44.065530770000002,3,0
48,48,67.483000000000004,100.799999999999997,60.805999999999997,78.341059740000006,0.222229295000000,0.197981971000000,0.309991905000000,0.603234127000000,73.311000000000007,-0.027604119000000,-0.068408348000000,73.338604119999999,0.381028809000000,0.424653947000000,1.493709527000000,1.546442287000000,-93.537659610000006,44.064913169999997,2,0
49,49,68.322000000000003,99.546000000000006,61.185000000000002,78.147096399999995,0.211762665000000,0.186003288000000,0.292680183000000,0.614640468000000,69.584999999999994,-0.017005671000000,-0.060627890000000,69.602005669999997,0.359566572000000,0.406618278000000,1.457012383000000,1.511538243000000,-93.537621009999995,44.065646569999998,2,0
50,50,65.170000000000002,98.052000000000007,57.798999999999999,75.723285730000001,0.229210870000000,0.201455686000000,0.311905372000000,0.589472933000000,73.135000000000005,-0.030829650000000,-0.077519331000000,73.165829650000006,0.387197208000000,0.436996735000000,1.504557312000000,1.565911302000000,-93.537621009999995,44.065607970000002,2,0
51,51,68.132999999999996,99.778000000000006,62.531999999999996,78.545116539999995,0.208620893000000,0.188462936000000,0.300297023000000,0.626711299000000,68.891000000000005,-0.019058075000000,-0.053085579000000,68.910058079999999,0.363997314000000,0.400611960000000,1.464459219000000,1.506895936000000,-93.537621009999995,44.065569369999999,2,0
52,52,64.635000000000005,96.679000000000002,58.305999999999997,75.109036079999996,0.222627956000000,0.198643639000000,0.311082634000000,0.603088571000000,70.417000000000002,-0.028185047000000,-0.068530189000000,70.445185050000006,0.382205710000000,0.425317173000000,1.495768546000000,1.547988203000000,-93.537621009999995,44.065530770000002,2,0
53,53,67.024000000000001,98.495000000000005,60.823000000000000,77.228921459999995,0.212854447000000,0.190135271000000,0.300594101000000,0.617523732000000,69.143000000000001,-0.020594499000000,-0.058949731000000,69.163594500000002,0.367002868000000,0.408239154000000,1.469548222000000,1.517832878000000,-93.537621009999995,44.065492169999999,2,0
54,54,68.004000000000005,99.953000000000003,62.383000000000003,78.542525449999999,0.210476759000000,0.190221307000000,0.302621858000000,0.624123338000000,69.519000000000005,-0.020610402000000,-0.054774681000000,69.539610400000001,0.367157339000000,0.403874853000000,1.469810599000000,1.512649424000000,-93.537621009999995,44.065453570000003,2,0
55,55,69.352999999999994,101.120000000000005,62.954000000000001,79.578680399999996,0.209037893000000,0.186346225000000,0.295454757000000,0.622567247000000,69.933000000000007,-0.017246505000000,-0.055625099000000,69.950246509999999,0.360185054000000,0.401554650000000,1.458047958000000,1.505815520000000,-93.537621009999995,44.065414969999999,2,0
56,56,66.613000000000000,99.772999999999996,60.838999999999999,77.660215510000000,0.220472296000000,0.199295614000000,0.314172833000000,0.609774187000000,72.093999999999994,-0.028671141000000,-0.064246452000000,72.122671139999994,0.383364473000000,0.421349929000000,1.497800730000000,1.543712974000000,-93.537621009999995,44.065376370000003,2,0
57,57,64.796999999999997,97.248000000000005,58.429000000000002,75.431586560000000,0.224315597000000,0.200259187000000,0.313185222000000,0.600824696000000,71.269999999999996,-0.029627983000000,-0.070064497000000,71.299627979999997,0.385075410000000,0.428231145000000,1.500810223000000,1.553410676000000,-93.537621009999995,44.065337769999999,2,0
58,58,39.450000000000003,63.713000000000001,35.993000000000002,47.997030870000003,0.256239248000000,0.235190911000000,0.361217806000000,0.564923956000000,51.982999999999997,-0.060960361000000,-0.095740033000000,52.043960360000000,0.445726563000000,0.481710595000000,1.615031686000000,1.665114456000000,-93.539435209999994,44.065492169999999,3,0
59,59,65.340000000000003,97.614999999999995,58.822000000000003,75.846405120000000,0.222510270000000,0.198060814000000,0.309940173000000,0.602591815000000,71.067999999999998,-0.027680959000000,-0.068826794000000,71.095680959999996,0.381169095000000,0.425157695000000,1.493954699000000,1.547160360000000,-93.537621009999995,44.065299170000003,2,0
60,60,66.638000000000005,99.042000000000002,60.231999999999999,77.196361379999999,0.219151018000000,0.195581845000000,0.307298384000000,0.608146039000000,71.213999999999999,-0.025447077000000,-0.065145720000000,71.239447080000005,0.376752072000000,0.419268865000000,1.486269096000000,1.537143357000000,-93.537621009999995,44.065260570000000,2,0
61,61,67.022999999999996,99.116000000000000,60.625000000000000,77.441277990000003,0.216595066000000,0.193169575000000,0.304158690000000,0.611657048000000,70.584000000000003,-0.023300877000000,-0.062800974000000,70.607300879999997,0.372441680000000,0.414820194000000,1.478835624000000,1.529077215000000,-93.537621009999995,44.065221970000003,2,0
62,62,65.622000000000000,98.673000000000002,60.737000000000002,76.879973509999999,0.219295346000000,0.201168630000000,0.319154483000000,0.615538192000000,70.986999999999995,-0.030227701000000,-0.060618934000000,71.017227700000007,0.386688435000000,0.419083146000000,1.503657310000000,1.542895029000000,-93.537621009999995,44.065183370000000,2,0
63,63,64.638999999999996,97.206999999999994,58.634000000000000,75.421807470000005,0.223934250000000,0.201228328000000,0.315544704000000,0.603187013000000,71.141000000000005,-0.030444485000000,-0.068574927000000,71.171444480000005,0.386794258000000,0.427453239000000,1.503844428000000,1.553473437000000,-93.537621009999995,44.065144770000003,2,0
64,64,66.799000000000007,99.108999999999995,60.801000000000002,77.419768970000007,0.216740634000000,0.194746486000000,0.307401029000000,0.613476072000000,70.617999999999995,-0.024658924000000,-0.061698477000000,70.642658920000002,0.375260760000000,0.414947518000000,1.483689876000000,1.530908589000000,-93.537621009999995,44.065106170000000,2,0
65,65,66.394000000000005,98.334999999999994,59.994999999999997,76.762263919999995,0.217548497000000,0.193900285000000,0.304972597000000,0.610108303000000,70.281000000000006,-0.023955608000000,-0.063820509000000,70.304955609999993,0.373748623000000,0.416496797000000,1.481082628000000,1.531919257000000,-93.537621009999995,44.065067569999997,2,0
66,66,66.311000000000007,98.515000000000001,60.636000000000003,76.982851859999997,0.216320912000000,0.195381797000000,0.309089164000000,0.615500178000000,70.082999999999998,-0.025190941000000,-0.060429695000000,70.108190940000000,0.376395070000000,0.414130502000000,1.485650948000000,1.530578154000000,-93.537621009999995,44.065028970000000,2,0
67,67,65.683000000000007,96.132999999999996,58.616999999999997,75.259025739999998,0.214697725000000,0.188176695000000,0.295060999000000,0.609748994000000,67.965999999999994,-0.018948161000000,-0.063825289000000,67.984948160000002,0.363482310000000,0.411819375000000,1.463590275000000,1.520125705000000,-93.537621009999995,44.064990369999997,2,0
68,68,65.456000000000003,98.701999999999998,60.411000000000001,76.759498129999997,0.221291115000000,0.202524397000000,0.320452640000000,0.612054467000000,71.537000000000006,-0.031454030000000,-0.062905388000000,71.568454029999998,0.389089835000000,0.422581459000000,1.507913713000000,1.548731121000000,-93.537621009999995,44.064951770000000,2,0
69,69,38.997000000000000,62.822000000000003,36.054000000000002,47.494773780000003,0.252088991000000,0.233993655000000,0.362274766000000,0.573907230000000,50.593000000000004,-0.059665054000000,-0.089549078000000,50.652665050000003,0.443693734000000,0.474648792000000,1.610944432000000,1.653592328000000,-93.539435209999994,44.065453570000003,3,0
70,70,64.759000000000000,98.076999999999998,59.470999999999997,76.047410319999997,0.224493108000000,0.204610774000000,0.322333478000000,0.606370505000000,71.924000000000007,-0.033352076000000,-0.066653772000000,71.957352080000007,0.392777687000000,0.428185045000000,1.514492194000000,1.558067751000000,-93.537621009999995,44.064913169999997,2,0
71,71,67.707999999999998,99.656999999999996,60.984000000000002,77.963536710000000,0.215307037000000,0.190894153000000,0.300326186000000,0.611938951000000,70.622000000000000,-0.021308611000000,-0.062533228000000,70.643308610000005,0.368364878000000,0.412671135000000,1.471864477000000,1.524031846000000,-93.537582409999999,44.065646569999998,2,0
72,72,67.716999999999999,99.914000000000001,61.060000000000002,78.095503679999993,0.216220082000000,0.192070679000000,0.302117837000000,0.611125568000000,71.051000000000002,-0.022345436000000,-0.063098242000000,71.073345439999997,0.370474143000000,0.414235019000000,1.475464064000000,1.527193121000000,-93.537582409999999,44.065607970000002,2,0
73,73,69.682000000000002,100.900000000000006,63.618000000000002,79.757217120000007,0.204416592000000,0.183008758000000,0.291855204000000,0.630505451000000,68.500000000000000,-0.014283518000000,-0.050532878000000,68.514283520000006,0.354156049000000,0.393310775000000,1.448006659000000,1.492579860000000,-93.537582409999999,44.065569369999999,2,0
74,74,65.557000000000002,97.302999999999997,59.072000000000003,75.839952620000005,0.219202155000000,0.194928159000000,0.305873511000000,0.607093306000000,69.977000000000004,-0.024886902000000,-0.065795829000000,70.001886900000002,0.375585212000000,0.419422719000000,1.484250347000000,1.536636738000000,-93.537582409999999,44.065530770000002,2,0
75,75,67.385999999999996,99.906000000000006,61.404000000000003,78.086561050000000,0.216133803000000,0.194390646000000,0.307116954000000,0.614617741000000,71.022000000000006,-0.024336237000000,-0.060956029000000,71.046336240000002,0.374625064000000,0.413871214000000,1.482592823000000,1.529206402000000,-93.537582409999999,44.065492169999999,2,0
76,76,66.530000000000001,98.584000000000003,59.853000000000002,76.870947189999995,0.218775402000000,0.194132539000000,0.304519243000000,0.607126917000000,70.784999999999997,-0.024190215000000,-0.065742087000000,70.809190209999997,0.374163801000000,0.418718209000000,1.481797685000000,1.534914309000000,-93.537582409999999,44.065453570000003,2,0
77,77,69.046000000000006,101.250000000000000,62.000000000000000,79.294624900000002,0.214225324000000,0.189106027000000,0.297370171000000,0.612345679000000,71.453999999999994,-0.019740331000000,-0.062205118000000,71.473740329999998,0.365153758000000,0.410854679000000,1.466413695000000,1.519928659000000,-93.537582409999999,44.065414969999999,2,0
78,78,66.724999999999994,99.105999999999995,60.515000000000001,77.322463499999998,0.218072097000000,0.195265059000000,0.307465152000000,0.610608843000000,70.971999999999994,-0.025142923000000,-0.063553144000000,70.997142920000002,0.376186705000000,0.417329957000000,1.485290371000000,1.534401703000000,-93.537582409999999,44.065376370000003,2,0
79,79,66.290000000000006,99.352000000000004,59.927999999999997,77.150392499999995,0.223087387000000,0.199599135000000,0.312749494000000,0.603188663000000,72.486000000000004,-0.029019816000000,-0.068505564000000,72.515019820000006,0.383903622000000,0.426063882000000,1.498747926000000,1.549958490000000,-93.537582409999999,44.065337769999999,2,0
80,80,38.366000000000000,61.008000000000003,35.520000000000003,46.388204029999997,0.245684067000000,0.227846318000000,0.354590159000000,0.582218725000000,48.130000000000003,-0.054083947000000,-0.083621214000000,48.184083950000002,0.433203342000000,0.463979952000000,1.590157952000000,1.631499567000000,-93.539435209999994,44.065414969999999,3,0
81,81,66.469999999999999,98.804000000000002,59.064999999999998,76.744523240000007,0.223037479000000,0.195638757000000,0.304437477000000,0.597799684000000,72.072999999999993,-0.025613023000000,-0.071824337000000,72.098613020000002,0.376853622000000,0.426363243000000,1.486445013000000,1.546073869000000,-93.537582409999999,44.065299170000003,2,0
82,82,68.099000000000004,100.109999999999999,61.442999999999998,78.389472400000002,0.214330335000000,0.190304918000000,0.299823914000000,0.613754870000000,70.677999999999997,-0.020776653000000,-0.061352829000000,70.698776649999999,0.367307444000000,0.410933075000000,1.470065640000000,1.521287435000000,-93.537582409999999,44.065260570000000,2,0
83,83,67.197000000000003,99.650000000000006,60.664999999999999,77.729877430000002,0.218356655000000,0.194507543000000,0.305635607000000,0.608780733000000,71.438000000000002,-0.024500686000000,-0.064695489000000,71.462500689999999,0.374833925000000,0.417917595000000,1.482953108000000,1.534321988000000,-93.537582409999999,44.065221970000003,2,0
84,84,64.707999999999998,97.379000000000005,58.575000000000003,75.500166730000004,0.224735176000000,0.201564592000000,0.315625242000000,0.601515727000000,71.474999999999994,-0.030761073000000,-0.069672168000000,71.505761070000005,0.387390185000000,0.428872444000000,1.504898931000000,1.555636573000000,-93.537582409999999,44.065183370000000,2,0
85,85,64.965999999999994,97.552999999999997,58.710999999999999,75.683883109999996,0.224067783000000,0.200511940000000,0.313916076000000,0.601836950000000,71.429000000000002,-0.029835917000000,-0.069419157000000,71.458835919999999,0.385523878000000,0.427758735000000,1.501600837000000,1.553085612000000,-93.537582409999999,44.065144770000003,2,0
86,86,66.427000000000007,99.572000000000003,60.902999999999999,77.537743329999998,0.219968512000000,0.199669878000000,0.315378321000000,0.611647853000000,71.813999999999993,-0.028973742000000,-0.063057179000000,71.842973740000005,0.384029254000000,0.420408387000000,1.498968793000000,1.542938706000000,-93.537582409999999,44.065106170000000,2,0
87,87,67.120999999999995,98.540999999999997,59.872999999999998,77.028854879999997,0.216270258000000,0.189663290000000,0.297006305000000,0.607594808000000,70.087999999999994,-0.020270025000000,-0.065261711000000,70.108270020000006,0.366155186000000,0.414565255000000,1.468109831000000,1.525051363000000,-93.537582409999999,44.065067569999997,2,0
88,88,66.153000000000006,98.344999999999999,60.470999999999997,76.821655530000001,0.216711927000000,0.195698428000000,0.309458121000000,0.614886369000000,70.066000000000003,-0.025473732000000,-0.060833270000000,70.091473730000004,0.376960086000000,0.414816339000000,1.486629480000000,1.531759342000000,-93.537582409999999,44.065028970000000,2,0
89,89,67.584000000000003,99.081999999999994,61.054000000000002,77.701202679999994,0.212746556000000,0.188988756000000,0.298242624000000,0.616196686000000,69.525999999999996,-0.019604778000000,-0.059750571000000,69.545604780000005,0.364942936000000,0.408144480000000,1.466057055000000,1.516512818000000,-93.537582409999999,44.064990369999997,2,0
90,90,65.350999999999999,97.847999999999999,59.192999999999998,76.045590610000005,0.222183362000000,0.199124995000000,0.312453128000000,0.604948492000000,71.152000000000001,-0.028582863000000,-0.067348646000000,71.180582860000001,0.383061316000000,0.424466203000000,1.497268596000000,1.547435956000000,-93.537582409999999,44.064951770000000,2,0
91,91,38.539000000000001,61.267000000000003,36.191000000000003,46.721473619999998,0.242335145000000,0.227721780000000,0.357274228000000,0.590709517000000,47.804000000000002,-0.053768833000000,-0.077939955000000,47.857768829999998,0.432989912000000,0.458176453000000,1.589740263000000,1.623368170000000,-93.539435209999994,44.065376370000003,3,0
92,92,64.459000000000003,96.838999999999999,58.551000000000002,75.190811060000001,0.223147072000000,0.200746444000000,0.315143021000000,0.604622105000000,70.668000000000006,-0.030004230000000,-0.067626416000000,70.698004229999995,0.385939847000000,0.426070748000000,1.502334817000000,1.551205127000000,-93.537582409999999,44.064913169999997,2,0
93,93,70.284999999999997,102.599999999999994,63.564999999999998,80.637564549999993,0.210440938000000,0.186916158000000,0.295600073000000,0.619541910000000,71.349999999999994,-0.017766970000000,-0.057555509000000,71.367766970000005,0.361212404000000,0.404089757000000,1.459770933000000,1.509448717000000,-93.537543810000003,44.065646569999998,2,0
94,94,72.572000000000003,103.409999999999997,64.789000000000001,81.971413319999996,0.201809513000000,0.175233831000000,0.277337602000000,0.626525481000000,69.459000000000003,-0.007514194000000,-0.052769644000000,69.466514189999998,0.340026503000000,0.389189216000000,1.424929725000000,1.479788434000000,-93.537543810000003,44.065607970000002,2,0
95,95,72.965000000000003,103.760000000000005,66.731999999999999,82.751009359999998,0.195333178000000,0.174253784000000,0.279972362000000,0.643138011000000,67.822999999999993,-0.006608970000000,-0.042451850000000,67.829608969999995,0.338237205000000,0.377163253000000,1.422051669000000,1.464971800000000,-93.537543810000003,44.065569369999999,2,0
96,96,66.108999999999995,97.131000000000000,58.469999999999999,75.770645020000003,0.218550939000000,0.190039206000000,0.296096211000000,0.601970535000000,69.683000000000007,-0.020650399000000,-0.068887285000000,69.703650400000001,0.366830370000000,0.418730185000000,1.469255321000000,1.530577510000000,-93.537543810000003,44.065530770000002,2,0
97,97,69.152000000000001,101.030000000000001,61.722999999999999,79.159730359999998,0.213810504000000,0.187317108000000,0.293917517000000,0.610937345000000,71.185000000000002,-0.018185033000000,-0.063033570000000,71.203185030000000,0.361934757000000,0.410269893000000,1.460984498000000,1.517335882000000,-93.537543810000003,44.065492169999999,2,0
98,98,67.831000000000003,99.307000000000002,59.600999999999999,77.492373839999999,0.218318888000000,0.188323421000000,0.292699257000000,0.600169172000000,71.182000000000002,-0.019156828000000,-0.069972965000000,71.201156830000002,0.363746321000000,0.418498421000000,1.464035618000000,1.528473131000000,-93.537543810000003,44.065453570000003,2,0
99,99,69.736000000000004,101.980000000000004,61.728000000000002,79.735763789999993,0.216132417000000,0.187775164000000,0.293159254000000,0.605295156000000,72.495999999999995,-0.018632306000000,-0.066657528000000,72.514632309999996,0.362759601000000,0.414514039000000,1.462372376000000,1.522995402000000,-93.537543810000003,44.065414969999999,2,0
100,100,67.084999999999994,98.799000000000007,59.368000000000002,76.998266319999999,0.219548775000000,0.191181790000000,0.297739307000000,0.600896770000000,71.144999999999996,-0.021664625000000,-0.069627795000000,71.166664620000006,0.368880810000000,0.420442621000000,1.472743534000000,1.533911967000000,-93.537543810000003,44.065376370000003,2,0
101,101,68.025000000000006,99.619000000000000,60.768999999999998,77.983368200000001,0.214747342000000,0.188458877000000,0.295616374000000,0.610014154000000,70.444000000000003,-0.019193303000000,-0.063667129000000,70.463193300000000,0.363990013000000,0.411881795000000,1.464446895000000,1.520498930000000,-93.537543810000003,44.065337769999999,2,0
102,102,36.768999999999998,59.207000000000001,34.540999999999997,44.909200579999997,0.248276444000000,0.233787614000000,0.365231546000000,0.583393855000000,47.103999999999999,-0.059229066000000,-0.083127868000000,47.163229070000000,0.443343554000000,0.468103361000000,1.610242324000000,1.644111091000000,-93.539435209999994,44.065337769999999,3,0
103,103,66.805999999999997,97.774000000000001,58.838000000000001,76.342882130000007,0.217639294000000,0.188163811000000,0.292863763000000,0.601775523000000,69.903999999999996,-0.019002945000000,-0.068932673000000,69.923002949999997,0.363459126000000,0.417258758000000,1.463551178000000,1.526776208000000,-93.537543810000003,44.065299170000003,2,0
104,104,66.756000000000000,98.647000000000006,60.033999999999999,77.010119029999998,0.217548537000000,0.192807869000000,0.302660175000000,0.608574006000000,70.504000000000005,-0.023015743000000,-0.064760443000000,70.527015739999996,0.371794331000000,0.416599396000000,1.477724849000000,1.530884950000000,-93.537543810000003,44.065260570000000,2,0
105,105,65.025000000000006,97.560000000000002,58.439999999999998,75.633850060000000,0.224916427000000,0.200110711000000,0.312400979000000,0.599015990000000,71.655000000000001,-0.029521547000000,-0.071231761000000,71.684521549999999,0.384811901000000,0.429335210000000,1.500346021000000,1.554650217000000,-93.537543810000003,44.065221970000003,2,0
106,106,68.019000000000005,99.263000000000005,60.155000000000001,77.670997490000005,0.215341292000000,0.186774429000000,0.291653831000000,0.606016340000000,70.352000000000004,-0.017747332000000,-0.066154583000000,70.369747329999996,0.360956986000000,0.413161138000000,1.459342243000000,1.520286847000000,-93.537543810000003,44.065183370000000,2,0
107,107,69.048000000000002,101.859999999999999,62.567000000000000,79.703022509999997,0.215023782000000,0.191986332000000,0.302858567000000,0.614245042000000,72.105000000000004,-0.022241353000000,-0.061103758000000,72.127241350000006,0.370323019000000,0.412051174000000,1.475205654000000,1.524427906000000,-93.537543810000003,44.065144770000003,2,0
108,108,66.596000000000004,99.275999999999996,59.664000000000001,77.137419129999998,0.222565669000000,0.197019388000000,0.307698102000000,0.600991176000000,72.292000000000002,-0.026787741000000,-0.069817679000000,72.318787740000005,0.379315042000000,0.425359356000000,1.490720163000000,1.546294247000000,-93.537543810000003,44.065106170000000,2,0
109,109,67.156000000000006,99.778999999999996,60.503000000000000,77.731139589999998,0.219728804000000,0.195423368000000,0.306514958000000,0.606370078000000,71.899000000000001,-0.025328221000000,-0.066280921000000,71.924328220000007,0.376469265000000,0.420337705000000,1.485779379000000,1.538302908000000,-93.537543810000003,44.065067569999997,2,0
110,110,68.518000000000001,99.924999999999997,61.140999999999998,78.353778530000000,0.213016943000000,0.186454765000000,0.292697247000000,0.611868902000000,70.191000000000003,-0.017421946000000,-0.062406788000000,70.208421950000002,0.360380756000000,0.408892223000000,1.458375901000000,1.514759559000000,-93.537543810000003,44.065028970000000,2,0
111,111,67.307000000000002,99.596999999999994,60.414999999999999,77.674034449999994,0.218624968000000,0.193464507000000,0.303223807000000,0.606594576000000,71.471999999999994,-0.023610873000000,-0.066056951000000,71.495610869999993,0.372969325000000,0.418507483000000,1.479742077000000,1.533941755000000,-93.537543810000003,44.064990369999997,2,0
112,112,68.143000000000001,99.677000000000007,61.542999999999999,78.244304639999996,0.211731097000000,0.187903706000000,0.296715188000000,0.617424280000000,69.668000000000006,-0.018646425000000,-0.058931911000000,69.686646429999996,0.362990998000000,0.406376009000000,1.462762133000000,1.513235393000000,-93.537543810000003,44.064951770000000,2,0
113,113,37.893000000000001,61.398000000000003,34.636000000000003,46.206948789999998,0.257350570000000,0.236728404000000,0.363544969000000,0.564122610000000,50.267000000000003,-0.062330971000000,-0.096377878000000,50.329330970000001,0.448332125000000,0.483503973000000,1.620299264000000,1.669523913000000,-93.539628210000004,44.065260570000000,3,0
114,114,36.509999999999998,58.935000000000002,33.649999999999999,44.492084779999999,0.253736106000000,0.234952067000000,0.362893438000000,0.570968016000000,47.710000000000001,-0.060583291000000,-0.091599210000000,47.770583289999998,0.445321296000000,0.477418653000000,1.614215283000000,1.658664568000000,-93.539435209999994,44.065299170000003,3,0
115,115,66.363000000000000,98.137000000000000,60.027999999999999,76.677418059999994,0.216580664000000,0.193155015000000,0.304138908000000,0.611675515000000,69.882999999999996,-0.023287964000000,-0.062788605000000,69.906287960000000,0.372415628000000,0.414795174000000,1.478790893000000,1.529030994000000,-93.537543810000003,44.064913169999997,2,0
116,116,73.156999999999996,103.939999999999998,65.616000000000000,82.585167560000002,0.199354975000000,0.173819997000000,0.276127771000000,0.631287281000000,69.106999999999999,-0.006263365000000,-0.049760829000000,69.113263360000005,0.337444647000000,0.384730416000000,1.420779966000000,1.473193480000000,-93.537505210000006,44.065646569999998,2,0
117,117,70.406999999999996,99.197999999999993,61.573999999999998,78.716254840000005,0.201027917000000,0.169753250000000,0.266506836000000,0.620718160000000,66.415000000000006,-0.002717375000000,-0.056209258000000,66.417717370000005,0.329997245000000,0.388346716000000,1.408922408000000,1.473241105000000,-93.537505210000006,44.065607970000002,2,0
118,118,68.686999999999998,99.183000000000007,61.591999999999999,78.206448839999993,0.207174915000000,0.181664383000000,0.286945558000000,0.620993517000000,68.087000000000003,-0.013166450000000,-0.056454664000000,68.100166450000003,0.351721279000000,0.398547247000000,1.443985034000000,1.497374119000000,-93.537505210000006,44.065569369999999,2,0
119,119,64.715999999999994,96.635999999999996,57.944000000000003,75.020406750000006,0.223503792000000,0.197828350000000,0.308680179000000,0.599610911000000,70.611999999999995,-0.027513498000000,-0.070746388000000,70.639513500000007,0.380755435000000,0.426989081000000,1.493231967000000,1.549217316000000,-93.537505210000006,44.065530770000002,2,0
120,120,69.129000000000005,100.870000000000005,62.863000000000000,79.383735340000001,0.208994043000000,0.186712863000000,0.296268295000000,0.623208090000000,69.748000000000005,-0.017561474000000,-0.055233572000000,69.765561469999994,0.360846023000000,0.401441783000000,1.459156071000000,1.506062685000000,-93.537505210000006,44.065492169999999,2,0
121,121,67.575999999999993,98.691999999999993,60.408999999999999,77.364664460000000,0.213293215000000,0.187143648000000,0.293938163000000,0.612096219000000,69.399000000000001,-0.018023884000000,-0.062288631000000,69.417023880000002,0.361622290000000,0.409331907000000,1.460459335000000,1.516015064000000,-93.537505210000006,44.065453570000003,2,0
122,122,65.971999999999994,98.207999999999998,59.313000000000002,76.409310120000001,0.221109042000000,0.196345474000000,0.307398896000000,0.603952835000000,71.131000000000000,-0.026162788000000,-0.067875951000000,71.157162790000001,0.378114067000000,0.422768475000000,1.488631541000000,1.542322046000000,-93.537505210000006,44.065414969999999,2,0
123,123,65.793999999999997,98.013000000000005,59.253999999999998,76.259283850000003,0.221064303000000,0.196688786000000,0.308159498000000,0.604552457000000,70.977999999999994,-0.026456440000000,-0.067503508000000,71.004456439999998,0.378725997000000,0.422654258000000,1.489695109000000,1.542547128000000,-93.537505210000006,44.065376370000003,2,0
124,124,66.212000000000003,97.331999999999994,59.212000000000003,76.078047889999993,0.216315513000000,0.190285183000000,0.298278572000000,0.608350799000000,69.239999999999995,-0.020808418000000,-0.064802744000000,69.260808420000004,0.367272016000000,0.414584672000000,1.470005437000000,1.525732594000000,-93.537505210000006,44.065337769999999,2,0
125,125,36.616999999999997,58.939000000000000,33.869000000000000,44.578468540000003,0.251597970000000,0.233601239000000,0.361859063000000,0.574644972000000,47.392000000000003,-0.059302299000000,-0.089027622000000,47.451302300000002,0.443026715000000,0.473829181000000,1.609607559000000,1.651970058000000,-93.539435209999994,44.065260570000000,3,0
126,126,66.793000000000006,98.364999999999995,60.146000000000001,76.929663520000005,0.215624604000000,0.191162402000000,0.300651354000000,0.611457327000000,69.790999999999997,-0.021547775000000,-0.062851081000000,69.812547780000003,0.368846040000000,0.413228612000000,1.472684263000000,1.524997757000000,-93.537505210000006,44.065299170000003,2,0
127,127,67.370000000000005,100.019999999999996,61.186000000000000,78.073563379999996,0.217543732000000,0.195053468000000,0.307427216000000,0.611737652000000,71.483999999999995,-0.024945751000000,-0.062821994000000,71.508945749999995,0.375808962000000,0.416385207000000,1.484637079000000,1.533008371000000,-93.537505210000006,44.065260570000000,2,0
128,128,65.983000000000004,99.156000000000006,60.106999999999999,77.024931190000004,0.222631180000000,0.200879259000000,0.315837078000000,0.606186212000000,72.221999999999994,-0.030099536000000,-0.066621383000000,72.252099540000003,0.386175385000000,0.425126275000000,1.502750709000000,1.550157315000000,-93.537505210000006,44.065221970000003,2,0
129,129,67.006000000000000,99.628000000000000,59.950000000000003,77.480201600000001,0.221635010000000,0.195770371000000,0.305781560000000,0.601738467000000,72.299999999999997,-0.025684073000000,-0.069281150000000,72.325684069999994,0.377088436000000,0.423785085000000,1.486851924000000,1.542978162000000,-93.537505210000006,44.065183370000000,2,0
130,130,67.274000000000001,99.709000000000003,60.908999999999999,77.840824850000004,0.217444391000000,0.194241330000000,0.305777099000000,0.610867625000000,71.234999999999999,-0.024245695000000,-0.063347551000000,71.259245699999994,0.374358238000000,0.416275672000000,1.482132770000000,1.532008994000000,-93.537505210000006,44.065144770000003,2,0
131,131,66.603999999999999,97.873000000000005,59.718000000000004,76.553807809999995,0.215556963000000,0.190111687000000,0.298485094000000,0.610158062000000,69.424000000000007,-0.020640068000000,-0.063640135000000,69.444640070000005,0.366960521000000,0.413206407000000,1.469476308000000,1.523860257000000,-93.537505210000006,44.065106170000000,2,0
132,132,66.093999999999994,97.488000000000000,59.786999999999999,76.260108290000005,0.215345154000000,0.191915981000000,0.302461583000000,0.613275480000000,69.094999999999999,-0.022189292000000,-0.061719397000000,69.117189289999999,0.370196962000000,0.412646105000000,1.474990166000000,1.525081423000000,-93.537505210000006,44.065067569999997,2,0
133,133,66.269999999999996,97.296999999999997,59.399000000000001,76.128532340000007,0.215213746000000,0.189689852000000,0.297855387000000,0.610491588000000,68.924999999999997,-0.020267664000000,-0.063410565000000,68.945267659999999,0.366202903000000,0.412616751000000,1.468190735000000,1.522693798000000,-93.537505210000006,44.065028970000000,2,0
134,134,66.727000000000004,98.998000000000005,60.298999999999999,77.220605919999997,0.218354450000000,0.194726203000000,0.306100962000000,0.609093113000000,70.969999999999999,-0.024688529000000,-0.064503770000000,70.994688530000005,0.375224532000000,0.417893471000000,1.483627317000000,1.534525067000000,-93.537505210000006,44.064990369999997,2,0
135,135,65.477000000000004,96.847999999999999,58.734999999999999,75.534920970000002,0.218566378000000,0.193260434000000,0.302838112000000,0.606465802000000,69.483999999999995,-0.023433457000000,-0.066131367000000,69.507433460000001,0.372604251000000,0.418420175000000,1.479114804000000,1.533616432000000,-93.537505210000006,44.064951770000000,2,0
136,136,37.188000000000002,59.311000000000000,33.933999999999997,44.915692960000001,0.250337297000000,0.229256262000000,0.353600256000000,0.572136703000000,47.500000000000000,-0.055567226000000,-0.090493970000000,47.555567230000001,0.435617167000000,0.471963068000000,1.594896203000000,1.644277411000000,-93.539435209999994,44.065221970000003,3,0
137,137,67.653000000000006,99.256000000000000,61.792999999999999,77.989436880000000,0.210594039000000,0.189342696000000,0.300648807000000,0.622561860000000,69.066000000000003,-0.019859031000000,-0.055731039000000,69.085859029999995,0.365579139000000,0.404160247000000,1.467133756000000,1.512072170000000,-93.537505210000006,44.064913169999997,2,0
138,138,75.906999999999996,104.019999999999996,66.739999999999995,83.738204440000004,0.186471127000000,0.156246700000000,0.248376580000000,0.641607383000000,65.393000000000001,0.009120798000000,-0.042908050000000,65.383879199999996,0.305046295000000,0.362209310000000,1.370361100000000,1.430369579000000,-93.537466609999996,44.065646569999998,2,0
139,139,74.034999999999997,102.609999999999999,64.516999999999996,82.000887419999998,0.193930861000000,0.161765122000000,0.254842680000000,0.628759380000000,66.668000000000006,0.004308307000000,-0.050945837000000,66.663691689999993,0.315280011000000,0.375836175000000,1.385966097000000,1.450954046000000,-93.537466609999996,44.065607970000002,2,0
140,140,67.093000000000004,99.525999999999996,61.234999999999999,77.795930810000002,0.216030301000000,0.194653671000000,0.307760191000000,0.615266363000000,70.724000000000004,-0.024558709000000,-0.060551932000000,70.748558709999998,0.375094974000000,0.413660686000000,1.483403634000000,1.529226948000000,-93.537466609999996,44.065569369999999,2,0
141,141,62.661000000000001,94.808999999999997,56.204000000000001,73.198444920000000,0.229357858000000,0.204153172000000,0.317460944000000,0.592812919000000,70.753000000000000,-0.033151436000000,-0.075457941000000,70.786151439999998,0.391969631000000,0.436987157000000,1.513046392000000,1.568844381000000,-93.537466609999996,44.065530770000002,1,0
142,142,66.863000000000000,99.105999999999995,60.204999999999998,77.281524379999993,0.218716183000000,0.194271219000000,0.304857986000000,0.607480879000000,71.144000000000005,-0.024307834000000,-0.065520352000000,71.168307830000003,0.374411654000000,0.418596723000000,1.482224848000000,1.534911492000000,-93.537466609999996,44.065492169999999,2,0
143,143,67.379999999999995,99.271000000000001,60.558999999999997,77.593359509999999,0.216254545000000,0.191363988000000,0.300597595000000,0.610037171000000,70.602999999999994,-0.021737600000000,-0.063766560000000,70.624737600000003,0.369207532000000,0.414365587000000,1.473300683000000,1.526605103000000,-93.537466609999996,44.065453570000003,2,0
144,144,67.174000000000007,100.319999999999993,61.009000000000000,78.099395549999997,0.220352591000000,0.197893656000000,0.311273888000000,0.608143939000000,72.456999999999994,-0.027467473000000,-0.065239406000000,72.484467469999998,0.380871655000000,0.421250433000000,1.493434960000000,1.542084406000000,-93.537466609999996,44.065414969999999,2,0
145,145,66.447999999999993,99.272000000000006,60.442000000000000,77.294894290000002,0.220179821000000,0.198069032000000,0.311784038000000,0.608852446000000,71.653999999999996,-0.027612066000000,-0.064790725000000,71.681612070000000,0.381183716000000,0.420921650000000,1.493980255000000,1.541862002000000,-93.537466609999996,44.065376370000003,2,0
146,146,67.349999999999994,98.376999999999995,61.325000000000003,77.405452550000007,0.209197705000000,0.187217532000000,0.297187793000000,0.623367250000000,68.078999999999994,-0.018000282000000,-0.055150362000000,68.097000280000003,0.361755392000000,0.401773301000000,1.460682999000000,1.506985553000000,-93.537466609999996,44.065337769999999,2,0
147,147,35.871000000000002,58.673999999999999,33.476999999999997,44.159092860000001,0.257102455000000,0.241186736000000,0.373403419000000,0.570559362000000,48.000000000000000,-0.066040212000000,-0.092220087000000,48.066040209999997,0.455855862000000,0.482779971000000,1.635694572000000,1.673752341000000,-93.539435209999994,44.065183370000000,3,0
148,148,67.183999999999997,99.528000000000006,61.384000000000000,77.862074840000005,0.215149073000000,0.194011229000000,0.307078839000000,0.616751065000000,70.488000000000000,-0.023982884000000,-0.059581930000000,70.511982880000005,0.373946961000000,0.412107186000000,1.481424149000000,1.526639776000000,-93.537466609999996,44.065299170000003,2,0
149,149,68.727999999999994,100.390000000000001,62.506000000000000,78.969804609999997,0.209467071000000,0.187218392000000,0.296983454000000,0.622631736000000,69.546000000000006,-0.018006770000000,-0.055614271000000,69.564006770000006,0.361756940000000,0.402268944000000,1.460685601000000,1.507579918000000,-93.537466609999996,44.065260570000000,2,0
150,150,67.326999999999998,99.789000000000001,61.488000000000000,78.041748639999994,0.215482669000000,0.194248307000000,0.307323816000000,0.616180140000000,70.763000000000005,-0.024195552000000,-0.059954332000000,70.787195550000007,0.374370706000000,0.412695956000000,1.482154262000000,1.527612627000000,-93.537466609999996,44.065221970000003,2,0
151,151,68.275999999999996,99.869000000000000,61.154000000000003,78.262892550000004,0.213593059000000,0.187891403000000,0.295286519000000,0.612342168000000,70.308000000000007,-0.018676924000000,-0.062160760000000,70.326676919999997,0.362968852000000,0.409809735000000,1.462724823000000,1.517380216000000,-93.537466609999996,44.065183370000000,2,0
152,152,67.015000000000001,98.445999999999998,59.820999999999998,76.944086150000004,0.216403895000000,0.189960172000000,0.297529345000000,0.607652926000000,70.055999999999997,-0.020529825000000,-0.065236459000000,70.076529820000005,0.366688440000000,0.414780674000000,1.469014400000000,1.525629454000000,-93.537466609999996,44.065144770000003,2,0
153,153,66.941999999999993,98.438999999999993,60.680000000000000,77.143870969999995,0.213423729000000,0.190451140000000,0.300828072000000,0.616422353000000,69.256000000000000,-0.020880205000000,-0.059660888000000,69.276880199999994,0.367569918000000,0.409255576000000,1.470511786000000,1.519399558000000,-93.537466609999996,44.065106170000000,2,0
154,154,67.364999999999995,98.917000000000002,60.936000000000000,77.536684240000000,0.213203121000000,0.189749943000000,0.299508287000000,0.616031622000000,69.533000000000001,-0.020271281000000,-0.059883460000000,69.553271280000004,0.366310849000000,0.408913813000000,1.468373785000000,1.518246281000000,-93.537466609999996,44.065067569999997,2,0
155,155,67.224999999999994,97.254999999999995,59.600999999999999,76.441731300000001,0.210633107000000,0.182575389000000,0.286329961000000,0.612832245000000,67.683999999999997,-0.014012790000000,-0.061645566000000,67.698012790000007,0.353371571000000,0.404884654000000,1.446708814000000,1.505876848000000,-93.537466609999996,44.065028970000000,2,0
156,156,68.599000000000004,99.715000000000003,61.817999999999998,78.465213419999998,0.209227308000000,0.184868757000000,0.292179988000000,0.619946849000000,69.013000000000005,-0.015975179000000,-0.057227157000000,69.028975180000003,0.357518789000000,0.402039982000000,1.453592618000000,1.504857069000000,-93.537466609999996,44.064990369999997,2,0
157,157,65.572000000000003,97.430000000000007,59.008000000000003,75.882005219999996,0.220010018000000,0.195445455000000,0.306344597000000,0.605645079000000,70.280000000000001,-0.025355615000000,-0.066748345000000,70.305355610000007,0.376508682000000,0.420848966000000,1.485847618000000,1.538963011000000,-93.537466609999996,44.064951770000000,2,0
158,158,36.631000000000000,59.463999999999999,33.914000000000001,44.825427500000004,0.255355644000000,0.237608616000000,0.367202200000000,0.570328266000000,48.383000000000003,-0.062923336000000,-0.092181311000000,48.445923340000000,0.449821288000000,0.480019561000000,1.623324507000000,1.665523538000000,-93.539435209999994,44.065144770000003,3,0
159,159,65.866000000000000,97.372000000000000,59.600000000000001,76.095983989999993,0.216351769000000,0.193006530000000,0.304000463000000,0.612085610000000,69.278000000000006,-0.023154040000000,-0.062520755000000,69.301154040000000,0.372149911000000,0.414389941000000,1.478334801000000,1.528375283000000,-93.537466609999996,44.064913169999997,2,0
160,160,76.049000000000007,104.879999999999995,65.085999999999999,83.704743390000004,0.195571325000000,0.159349800000000,0.248879950000000,0.620575896000000,68.625000000000000,0.006457330000000,-0.055929923000000,68.618542669999997,0.310807466000000,0.379326885000000,1.379110836000000,1.452485964000000,-93.537428009999999,44.065646569999998,2,0
161,161,75.671000000000006,104.500000000000000,64.111999999999995,83.179923029999998,0.198452906000000,0.160009102000000,0.248399521000000,0.613511962000000,69.216999999999999,0.005892346000000,-0.060352951000000,69.211107650000002,0.312029345000000,0.384793188000000,1.380978182000000,1.459350249000000,-93.537428009999999,44.065607970000002,2,0
162,162,68.587000000000003,100.590000000000003,62.930000000000000,79.125869280000003,0.209388723000000,0.189168740000000,0.301213211000000,0.625608907000000,69.662999999999997,-0.019681440000000,-0.053802772000000,69.682681439999996,0.365266488000000,0.401964525000000,1.466604459000000,1.509252480000000,-93.537428009999999,44.065569369999999,2,0
163,163,63.426000000000002,95.600999999999999,57.100999999999999,73.988586679999997,0.226719362000000,0.202324134000000,0.315670192000000,0.597284547000000,70.674999999999997,-0.031484121000000,-0.072455212000000,70.706484119999999,0.388735364000000,0.432392425000000,1.507284079000000,1.560945621000000,-93.537428009999999,44.065530770000002,2,0
164,164,65.900000000000006,99.363000000000000,59.640000000000001,76.969139639999995,0.225697421000000,0.202483314000000,0.316815466000000,0.600223423000000,73.186000000000007,-0.031582504000000,-0.070550415000000,73.217582500000006,0.389017124000000,0.430530208000000,1.507784522000000,1.558741476000000,-93.537428009999999,44.065492169999999,2,0
165,165,65.822999999999993,98.927999999999997,59.976999999999997,76.847591679999994,0.222631436000000,0.200939600000000,0.315965793000000,0.606269206000000,72.055999999999997,-0.030151116000000,-0.066570254000000,72.086151119999997,0.386282383000000,0.425121709000000,1.502939702000000,1.550216674000000,-93.537428009999999,44.065453570000003,2,0
166,166,66.769000000000005,99.715000000000003,60.950000000000003,77.709036549999993,0.219199814000000,0.197892891000000,0.312183751000000,0.611242040000000,71.710999999999999,-0.027429496000000,-0.063249118000000,71.738429499999995,0.380870293000000,0.419157685000000,1.493432581000000,1.539475596000000,-93.537428009999999,44.065414969999999,2,0
167,167,67.314999999999998,99.742999999999995,61.506000000000000,78.023422359999998,0.215240613000000,0.194112224000000,0.307222980000000,0.616644777000000,70.665000000000006,-0.024072032000000,-0.059653314000000,70.689072030000005,0.374127491000000,0.412265838000000,1.481735126000000,1.526941154000000,-93.537428009999999,44.065376370000003,2,0
168,168,66.518000000000001,98.506000000000000,60.936999999999998,77.117646769999993,0.214373110000000,0.193838472000000,0.307319838000000,0.618612064000000,69.557000000000002,-0.023812959000000,-0.058391492000000,69.580812960000003,0.373638107000000,0.410706595000000,1.480892390000000,1.524743719000000,-93.537428009999999,44.065337769999999,2,0
169,169,36.862000000000002,60.603999999999999,34.645000000000003,45.577508649999999,0.257898970000000,0.243592637000000,0.377930947000000,0.571661937000000,49.701000000000001,-0.068103337000000,-0.091597217000000,49.769103340000001,0.459896240000000,0.483999047000000,1.644077912000000,1.678389904000000,-93.539435209999994,44.065106170000000,3,0
170,170,67.798000000000002,100.120000000000005,61.709000000000003,78.376407770000000,0.214506880000000,0.192486809000000,0.304324492000000,0.616350380000000,70.733000000000004,-0.022657614000000,-0.059781297000000,70.755657610000000,0.371219501000000,0.411061781000000,1.476739727000000,1.523747924000000,-93.537428009999999,44.065299170000003,2,0
171,171,67.533000000000001,99.994000000000000,61.997000000000000,78.322270430000003,0.213821400000000,0.193765781000000,0.307599735000000,0.620007200000000,70.457999999999998,-0.023735209000000,-0.057502483000000,70.481735209999997,0.373508133000000,0.409706945000000,1.480668710000000,1.523446847000000,-93.537428009999999,44.065260570000000,2,0
172,172,66.716999999999999,99.555999999999997,60.683999999999997,77.556652589999999,0.219626784000000,0.197500496000000,0.311007775000000,0.609546386000000,71.710999999999999,-0.027107338000000,-0.064322317000000,71.738107339999999,0.380171840000000,0.419965691000000,1.492213379000000,1.540061197000000,-93.537428009999999,44.065221970000003,2,0
173,173,66.849000000000004,98.456999999999994,60.253000000000000,77.012972199999993,0.215458496000000,0.191209031000000,0.300876700000000,0.611972739000000,69.811999999999998,-0.021583710000000,-0.062523774000000,69.833583709999999,0.368929663000000,0.412919350000000,1.472826819000000,1.524668372000000,-93.537428009999999,44.065183370000000,2,0
174,174,65.171999999999997,97.159000000000006,58.676000000000002,75.564837150000002,0.221488154000000,0.197048007000000,0.308590999000000,0.603917290000000,70.469999999999999,-0.026778337000000,-0.067928165000000,70.496778340000006,0.379366021000000,0.423392630000000,1.490808936000000,1.543856641000000,-93.537428009999999,44.065144770000003,2,0
175,175,65.238000000000000,97.655000000000001,58.787999999999997,75.825511570000003,0.223225693000000,0.199007938000000,0.311387541000000,0.601996826000000,71.284000000000006,-0.028517555000000,-0.069251763000000,71.312517549999995,0.382853293000000,0.426369345000000,1.496903645000000,1.549706399000000,-93.537428009999999,44.065106170000000,2,0
176,176,63.762000000000000,95.689999999999998,57.307000000000002,74.176054070000006,0.225031925000000,0.200235808000000,0.312575261000000,0.598881806000000,70.311000000000007,-0.029632910000000,-0.071324374000000,70.340632909999997,0.385033920000000,0.429532855000000,1.500737116000000,1.555036514000000,-93.537428009999999,44.065067569999997,2,0
177,177,66.998999999999995,99.813000000000002,61.082999999999998,77.851640660000001,0.218316306000000,0.196712467000000,0.310359504000000,0.611974392000000,71.543999999999997,-0.026391101000000,-0.062734154000000,71.570391099999995,0.378768197000000,0.417650567000000,1.489768504000000,1.536342553000000,-93.537428009999999,44.065028970000000,2,0
178,178,66.558000000000007,98.466999999999999,59.731999999999999,76.797632940000000,0.218560503000000,0.193358582000000,0.303049585000000,0.606619477000000,70.644000000000005,-0.023517844000000,-0.066036653000000,70.667517840000002,0.372779842000000,0.418399780000000,1.479416449000000,1.533695633000000,-93.537428009999999,44.064990369999997,2,0
179,179,64.715999999999994,97.117000000000004,58.926000000000002,75.481003840000000,0.222074016000000,0.200212565000000,0.314857104000000,0.606752680000000,70.591999999999999,-0.029510009000000,-0.066228783000000,70.621510009999994,0.384992671000000,0.424174100000000,1.500664442000000,1.548239911000000,-93.537428009999999,44.064951770000000,2,0
180,180,36.374000000000002,59.847999999999999,34.389000000000003,45.046103420000001,0.256921437000000,0.243956684000000,0.379635470000000,0.574605668000000,48.933000000000000,-0.068328089000000,-0.089605010000000,49.001328090000001,0.460506392000000,0.482327149000000,1.645351075000000,1.676387037000000,-93.539435209999994,44.065067569999997,3,0
181,181,63.542000000000002,96.447999999999993,58.490000000000002,74.745975520000002,0.225016512000000,0.205675355000000,0.324197044000000,0.606440776000000,70.864000000000004,-0.034278653000000,-0.066651410000000,70.898278649999995,0.394655839000000,0.429044931000000,1.517862201000000,1.560319152000000,-93.537428009999999,44.064913169999997,2,0
182,182,74.353999999999999,102.750000000000000,64.813000000000002,82.233011989999994,0.192455326000000,0.160335170000000,0.252878681000000,0.630783455000000,66.332999999999998,0.005562238000000,-0.049652567000000,66.327437759999995,0.312633360000000,0.373192462000000,1.381902789000000,1.446566324000000,-93.537389410000003,44.065646569999998,2,0
183,183,71.078999999999994,100.250000000000000,61.472999999999999,79.333087820000003,0.204016190000000,0.170263061000000,0.265538523000000,0.613197007000000,67.947999999999993,-0.003176090000000,-0.060943635000000,67.951176090000004,0.330932550000000,0.393954187000000,1.410402510000000,1.480270282000000,-93.537389410000003,44.065607970000002,2,0
184,184,65.400999999999996,97.640000000000001,59.939000000000000,76.165486759999993,0.218139854000000,0.197735539000000,0.312690345000000,0.613877509000000,69.939999999999998,-0.027260741000000,-0.061554399000000,69.967260740000000,0.380590249000000,0.417247600000000,1.492943533000000,1.536935784000000,-93.537389410000003,44.065569369999999,2,0
185,185,62.058999999999997,93.906999999999996,55.841000000000001,72.544380459999999,0.228690868000000,0.204198351000000,0.318082397000000,0.594641507000000,69.914000000000001,-0.033164154000000,-0.074263835000000,69.947164150000006,0.392049430000000,0.435778648000000,1.513189062000000,1.567334782000000,-93.537389410000003,44.065530770000002,1,0
186,186,65.078000000000003,98.070999999999998,59.113000000000000,76.042562410000002,0.224613137000000,0.202226186000000,0.317130609000000,0.602757186000000,71.950999999999993,-0.031322493000000,-0.068895268000000,71.982322490000001,0.388561963000000,0.428593985000000,1.506976244000000,1.555999864000000,-93.537389410000003,44.065492169999999,2,0
187,187,65.308000000000007,98.710999999999999,60.350000000000001,76.705321159999997,0.222124551000000,0.203653235000000,0.322208182000000,0.611380697000000,71.763999999999996,-0.032445659000000,-0.063382196000000,71.796445660000003,0.391086307000000,0.423999942000000,1.511468733000000,1.551734589000000,-93.537389410000003,44.065453570000003,2,0
188,188,65.718999999999994,98.683999999999997,60.220999999999997,76.776922870000007,0.220928650000000,0.200513373000000,0.316417423000000,0.610240769000000,71.427999999999997,-0.029727010000000,-0.063994052000000,71.457727009999999,0.385526419000000,0.422078368000000,1.501605320000000,1.545933512000000,-93.537389410000003,44.065414969999999,2,0
189,189,65.591999999999999,98.920000000000002,60.384999999999998,76.884816639999997,0.221924729000000,0.202587045000000,0.320070683000000,0.610442782000000,71.863000000000000,-0.031530879000000,-0.063944828000000,71.894530880000005,0.389200706000000,0.423717386000000,1.508110745000000,1.550226636000000,-93.537389410000003,44.065376370000003,2,0
190,190,64.962999999999994,97.370999999999995,59.323000000000000,75.763934559999996,0.220845819000000,0.199637784000000,0.314607178000000,0.609247106000000,70.456000000000003,-0.028976301000000,-0.064598907000000,70.484976300000000,0.383972259000000,0.421998415000000,1.498868587000000,1.544891792000000,-93.537389410000003,44.065337769999999,2,0
191,191,38.313000000000002,61.606000000000002,35.061999999999998,46.520708829999997,0.253511168000000,0.233118826000000,0.359143963000000,0.569132877000000,49.837000000000003,-0.059029049000000,-0.092747868000000,49.896029050000003,0.442206226000000,0.477163952000000,1.607965965000000,1.656153195000000,-93.539435209999994,44.065028970000000,3,0
192,192,65.671000000000006,98.594999999999999,59.331000000000003,76.493620269999994,0.224052739000000,0.200431008000000,0.313756135000000,0.601764795000000,72.188000000000002,-0.029766052000000,-0.069462470000000,72.217766049999994,0.385380292000000,0.427738823000000,1.501347627000000,1.552972928000000,-93.537389410000003,44.065299170000003,2,0
193,193,66.430999999999997,97.867000000000004,60.186000000000000,76.623282029999999,0.214415342000000,0.191335257000000,0.301944060000000,0.614977469000000,69.117000000000004,-0.021665687000000,-0.060612783000000,69.138665689999996,0.369156014000000,0.410994797000000,1.473212807000000,1.522449738000000,-93.537389410000003,44.065260570000000,2,0
194,194,64.843000000000004,96.796000000000006,59.334000000000003,75.486431060000001,0.218444845000000,0.197681253000000,0.312330776000000,0.612979875000000,69.415000000000006,-0.027224141000000,-0.062127047000000,69.442224139999993,0.380493622000000,0.417805060000000,1.492774856000000,1.537569005000000,-93.537389410000003,44.065221970000003,2,0
195,195,65.210999999999999,97.724000000000004,59.158000000000001,75.943232440000003,0.222248974000000,0.199545831000000,0.313296781000000,0.605357947000000,71.078999999999994,-0.028945532000000,-0.067101620000000,71.107945529999995,0.383808951000000,0.424548135000000,1.498581528000000,1.547992070000000,-93.537389410000003,44.065183370000000,2,0
196,196,64.420000000000002,96.626000000000005,59.155999999999999,75.246157400000001,0.219917432000000,0.199980130000000,0.316085975000000,0.612216174000000,69.676000000000002,-0.029236792000000,-0.062704244000000,69.705236790000001,0.384580112000000,0.420292128000000,1.499937907000000,1.543126681000000,-93.537389410000003,44.065144770000003,2,0
197,197,64.906000000000006,98.076999999999998,59.963999999999999,76.218038239999998,0.222051934000000,0.203524294000000,0.321989148000000,0.611397168000000,71.284000000000006,-0.032333245000000,-0.063366630000000,71.316333250000000,0.390858397000000,0.423878553000000,1.511062151000000,1.551442245000000,-93.537389410000003,44.065106170000000,2,0
198,198,64.662999999999997,97.203999999999994,59.469999999999999,75.645229160000000,0.220615243000000,0.201035418000000,0.317792513000000,0.611806099000000,70.275000000000006,-0.030161247000000,-0.063007992000000,70.305161249999998,0.386452275000000,0.421472529000000,1.503239874000000,1.545736533000000,-93.537389410000003,44.065067569999997,2,0
199,199,65.631000000000000,97.564999999999998,60.148000000000003,76.254266090000002,0.216107993000000,0.195678816000000,0.309894418000000,0.616491570000000,69.350999999999999,-0.025438785000000,-0.059808188000000,69.376438789999995,0.376925094000000,0.413719582000000,1.486568847000000,1.530388434000000,-93.537389410000003,44.065028970000000,2,0
200,200,65.296000000000006,97.852999999999994,59.957000000000001,76.231268900000003,0.219507788000000,0.199553782000000,0.315499264000000,0.612725210000000,70.453000000000003,-0.028858928000000,-0.062361389000000,70.481858930000001,0.383823072000000,0.419584093000000,1.498606346000000,1.541786054000000,-93.537389410000003,44.064990369999997,2,0
201,201,63.939000000000000,97.028999999999996,58.749000000000002,75.175943770000003,0.225322498000000,0.205568809000000,0.323716726000000,0.605478774000000,71.370000000000005,-0.034200358000000,-0.067270170000000,71.404200360000004,0.394467978000000,0.429601662000000,1.517524516000000,1.560912581000000,-93.537389410000003,44.064951770000000,2,0
202,202,38.843000000000004,61.747999999999998,35.281999999999996,46.784661579999998,0.249826688000000,0.227704268000000,0.350717359000000,0.571386928000000,49.371000000000002,-0.054225637000000,-0.090917254000000,49.425225640000001,0.432959897000000,0.471199607000000,1.589681539000000,1.641406191000000,-93.539435209999994,44.064990369999997,3,0
203,203,63.286999999999999,96.034000000000006,58.292999999999999,74.444268579999999,0.224736010000000,0.205541015000000,0.324137863000000,0.607003769000000,70.488000000000000,-0.034153134000000,-0.066281581000000,70.522153130000007,0.394418968000000,0.428551798000000,1.517436440000000,1.559545240000000,-93.537389410000003,44.064913169999997,2,0
204,204,85.277000000000001,109.859999999999999,72.075999999999993,90.436600450000000,0.165397682000000,0.125978159000000,0.199762719000000,0.656071364000000,62.366999999999997,0.035656199000000,-0.033507352000000,62.331343799999999,0.248020115000000,0.325148775000000,1.288272336000000,1.362480869000000,-93.537350810000007,44.065646569999998,2,0
205,205,70.909999999999997,101.840000000000003,61.680000000000000,80.008408099999997,0.211407500000000,0.179044863000000,0.278473035000000,0.605655931000000,71.090000000000003,-0.010945698000000,-0.066066630000000,71.100945699999997,0.346966983000000,0.406755528000000,1.436186716000000,1.504452306000000,-93.537350810000007,44.065607970000002,2,0
206,206,67.266000000000005,99.222999999999999,60.853999999999999,77.616853410000004,0.215350036000000,0.191946615000000,0.302522838000000,0.613305383000000,70.325999999999993,-0.022215771000000,-0.061701482000000,70.348215769999996,0.370251855000000,0.412652267000000,1.475083995000000,1.525121369000000,-93.537350810000007,44.065569369999999,2,0
207,207,63.526000000000003,95.822000000000003,56.909999999999997,74.063388300000000,0.228172264000000,0.202675904000000,0.315273629000000,0.593913715000000,71.207999999999998,-0.031839747000000,-0.074670070000000,71.239839750000002,0.389357949000000,0.434987784000000,1.508390265000000,1.564655658000000,-93.537350810000007,44.065530770000002,2,0
208,208,66.129000000000005,99.361999999999995,59.673000000000002,77.042669160000003,0.224703105000000,0.200814546000000,0.314058100000000,0.600561583000000,72.921999999999997,-0.030117603000000,-0.070259011000000,72.952117599999994,0.386060625000000,0.428882286000000,1.502548050000000,1.554836972000000,-93.537350810000007,44.065492169999999,2,0
209,209,66.822000000000003,99.866000000000000,61.023000000000003,77.807891990000002,0.219450694000000,0.198238625000000,0.312724175000000,0.611048805000000,71.887000000000000,-0.027733399000000,-0.063386486000000,71.914733400000003,0.381485426000000,0.419584537000000,1.494507797000000,1.540376963000000,-93.537350810000007,44.065453570000003,2,0
210,210,66.885999999999996,99.394999999999996,60.351999999999997,77.449912690000005,0.219465813000000,0.195506402000000,0.306894240000000,0.607193521000000,71.552000000000007,-0.025391713000000,-0.065754767000000,71.577391710000001,0.376617448000000,0.419850015000000,1.486035942000000,1.537784993000000,-93.537350810000007,44.065414969999999,2,0
211,211,68.275000000000006,100.810000000000002,62.154000000000003,78.924545060000000,0.214399080000000,0.192418015000000,0.304261627000000,0.616545978000000,71.191000000000003,-0.022595669000000,-0.059654297000000,71.213595670000004,0.371096303000000,0.410870552000000,1.476528744000000,1.523441739000000,-93.537350810000007,44.065376370000003,2,0
212,212,66.340000000000003,97.876000000000005,59.953000000000003,76.539900669999994,0.215681038000000,0.192039753000000,0.302465880000000,0.612540357000000,69.459000000000003,-0.022304601000000,-0.062193256000000,69.481304600000001,0.370418734000000,0.413250135000000,1.475369310000000,1.525952234000000,-93.537350810000007,44.065337769999999,2,0
213,213,38.090000000000003,60.884999999999998,34.656999999999996,46.039616899999999,0.252024245000000,0.230310685000000,0.354410896000000,0.569220662000000,49.023000000000003,-0.056565793000000,-0.092531729000000,49.079565789999997,0.437419330000000,0.474809158000000,1.598451037000000,1.649525371000000,-93.539435209999994,44.064951770000000,3,0
214,214,65.760000000000005,97.355000000000004,59.039999999999999,75.912439090000007,0.218803793000000,0.193697698000000,0.303579150000000,0.606440347000000,69.909999999999997,-0.023816705000000,-0.066165515000000,69.933816699999994,0.373386387000000,0.418812147000000,1.480459246000000,1.534567525000000,-93.537350810000007,44.065299170000003,2,0
215,215,66.337000000000003,97.986000000000004,59.250000000000000,76.403351290000003,0.218886736000000,0.192602375000000,0.301209635000000,0.604678219000000,70.385000000000005,-0.022874855000000,-0.067253201000000,70.407874860000007,0.371426435000000,0.419073666000000,1.477094231000000,1.533725613000000,-93.537350810000007,44.065260570000000,2,0
216,216,66.893000000000001,98.061999999999998,59.710999999999999,76.716431990000004,0.215413599000000,0.188954563000000,0.296159401000000,0.608910689000000,69.519999999999996,-0.019637150000000,-0.064391586000000,69.539637150000004,0.364881462000000,0.413059599000000,1.465953089000000,1.522459472000000,-93.537350810000007,44.065221970000003,2,0
217,217,66.055000000000007,97.977999999999994,59.058999999999997,76.269078469999997,0.220643473000000,0.194613279000000,0.304103873000000,0.602778175000000,70.841999999999999,-0.024657989000000,-0.068560952000000,70.866657989999993,0.375022821000000,0.422088563000000,1.483279086000000,1.539618789000000,-93.537350810000007,44.065183370000000,2,0
218,218,67.031000000000006,99.251000000000005,60.805999999999997,77.548448510000000,0.216538630000000,0.193767215000000,0.305472335000000,0.612648739000000,70.665000000000006,-0.023812795000000,-0.062189988000000,70.688812799999994,0.373510696000000,0.414663602000000,1.480673121000000,1.529518863000000,-93.537350810000007,44.065144770000003,2,0
219,219,65.543999999999997,98.022000000000006,60.234000000000002,76.447069220000003,0.218338088000000,0.198562048000000,0.314307281000000,0.614494705000000,70.266000000000005,-0.027973190000000,-0.061190349000000,70.293973190000003,0.382060635000000,0.417543095000000,1.495514464000000,1.538185806000000,-93.537350810000007,44.065106170000000,2,0
220,220,67.090999999999994,99.135000000000005,60.918999999999997,77.545846800000007,0.215336521000000,0.192773694000000,0.304291263000000,0.614505472000000,70.260000000000005,-0.022926325000000,-0.060967224000000,70.282926320000001,0.371733153000000,0.412553888000000,1.477619949000000,1.525876116000000,-93.537350810000007,44.065067569999997,2,0
221,221,66.367999999999995,97.424999999999997,60.094999999999999,76.393173939999997,0.212836082000000,0.189611278000000,0.299494686000000,0.616833462000000,68.387000000000000,-0.020143107000000,-0.059368970000000,68.407143110000007,0.366061744000000,0.408252174000000,1.467951422000000,1.517297612000000,-93.537350810000007,44.065028970000000,2,0
222,222,65.399000000000001,98.337999999999994,59.622999999999998,76.381266409999995,0.222736853000000,0.201170169000000,0.316374359000000,0.606306819000000,71.653999999999996,-0.030351898000000,-0.066555337000000,71.684351899999996,0.386691165000000,0.425293137000000,1.503662136000000,1.550681619000000,-93.537350810000007,44.064990369999997,2,0
223,223,65.460999999999999,97.867000000000004,59.878000000000000,76.263724650000000,0.219249205000000,0.198410560000000,0.313252779000000,0.611830341000000,70.394999999999996,-0.027873803000000,-0.062891679000000,70.422873800000005,0.381791240000000,0.419205348000000,1.495042850000000,1.540089116000000,-93.537350810000007,44.064951770000000,2,0
224,224,38.859000000000002,62.999000000000002,36.220999999999997,47.577504220000002,0.253225117000000,0.236996603000000,0.367780368000000,0.574945634000000,50.917999999999999,-0.062257114000000,-0.089004121000000,50.980257109999997,0.448786064000000,0.476409662000000,1.621220309000000,1.659620994000000,-93.539628210000004,44.065221970000003,3,0
225,225,37.185000000000002,60.375999999999998,34.561999999999998,45.543083799999998,0.254572751000000,0.237707691000000,0.368116954000000,0.572446005000000,49.005000000000003,-0.062948919000000,-0.090742717000000,49.067948919999999,0.449988789000000,0.478673086000000,1.623665457000000,1.663702241000000,-93.539435209999994,44.064913169999997,3,0
226,226,64.186000000000007,97.049000000000007,57.956000000000003,75.049425790000001,0.227536049000000,0.203820510000000,0.318196342000000,0.597182866000000,71.956000000000003,-0.032796055000000,-0.072587834000000,71.988796050000005,0.391381920000000,0.433729622000000,1.511996386000000,1.564287620000000,-93.537350810000007,44.064913169999997,2,0
227,227,80.772000000000006,107.390000000000001,68.870999999999995,87.177869369999996,0.178740090000000,0.141463207000000,0.223135023000000,0.641316696000000,65.137000000000000,0.022140348000000,-0.042681679000000,65.114859650000000,0.277375618000000,0.349201689000000,1.329544892000000,1.402021736000000,-93.537312209999996,44.065646569999998,2,0
228,228,72.769000000000005,103.180000000000007,62.060000000000002,81.225782769999995,0.209652128000000,0.172839857000000,0.267023154000000,0.601473154000000,71.531000000000006,-0.005476264000000,-0.068467999000000,71.536476260000001,0.335652558000000,0.404300552000000,1.417911473000000,1.495102440000000,-93.537312209999996,44.065607970000002,2,0
229,229,66.037000000000006,97.765000000000001,59.704000000000001,76.340134070000005,0.217227823000000,0.193697269000000,0.304789717000000,0.610688897000000,69.789000000000001,-0.023772069000000,-0.063440802000000,69.812772069999994,0.373385620000000,0.415929202000000,1.480457925000000,1.531003241000000,-93.537312209999996,44.065569369999999,2,0
230,230,64.316999999999993,95.891999999999996,56.896000000000001,74.317128960000005,0.225468615000000,0.197086306000000,0.305624655000000,0.593334168000000,70.570999999999998,-0.026937196000000,-0.074791460000000,70.597937200000004,0.379434243000000,0.430652968000000,1.490927748000000,1.553055101000000,-93.537312209999996,44.065530770000002,2,0
231,231,66.983000000000004,100.120000000000005,59.741999999999997,77.631272159999995,0.224840579000000,0.198302843000000,0.308650255000000,0.596703955000000,73.515000000000001,-0.027965351000000,-0.072654015000000,73.542965350000003,0.381599655000000,0.429376824000000,1.494707612000000,1.552749139000000,-93.537312209999996,44.065492169999999,2,0
232,232,66.792000000000002,100.329999999999998,60.192000000000000,77.782510950000002,0.224866013000000,0.200679743000000,0.313644440000000,0.599940197000000,73.676000000000002,-0.030007831000000,-0.070656449000000,73.706007830000004,0.385821542000000,0.429190006000000,1.502126003000000,1.555081639000000,-93.537312209999996,44.065453570000003,2,0
233,233,67.992000000000004,100.370000000000005,60.859999999999999,78.317704610000007,0.218112090000000,0.192311804000000,0.301185094000000,0.606356481000000,71.888000000000005,-0.022603415000000,-0.066162934000000,71.910603420000001,0.370906081000000,0.417681500000000,1.476203083000000,1.531694038000000,-93.537312209999996,44.065414969999999,2,0
234,234,68.304000000000002,100.769999999999996,61.106000000000002,78.642593529999999,0.217948331000000,0.192022428000000,0.300700207000000,0.606390791000000,72.129999999999995,-0.022349466000000,-0.066129116000000,72.152349470000004,0.370387694000000,0.417410054000000,1.475316233000000,1.531051365000000,-93.537312209999996,44.065376370000003,2,1
235,235,66.489000000000004,98.882000000000005,59.607999999999997,76.923231659999999,0.221289380000000,0.195880777000000,0.306279134000000,0.602819522000000,71.667000000000002,-0.025768627000000,-0.068587735000000,71.692768630000003,0.377285386000000,0.423142772000000,1.487193370000000,1.542292367000000,-93.537312209999996,44.065337769999999,2,0
236,236,34.213000000000001,55.749000000000002,33.109000000000002,42.326848259999998,0.247041718000000,0.239389965000000,0.378801470000000,0.593894061000000,44.176000000000002,-0.063790820000000,-0.076349424000000,44.239790820000003,0.452829384000000,0.465769446000000,1.629468331000000,1.647363884000000,-93.539396609999997,44.065646569999998,3,0
237,237,66.890000000000001,99.173000000000002,59.668999999999997,77.179327090000001,0.220947662000000,0.194402124000000,0.303428765000000,0.601665776000000,71.787000000000006,-0.024484787000000,-0.069269754000000,71.811484789999994,0.374645574000000,0.422667067000000,1.482628196000000,1.540115162000000,-93.537312209999996,44.065299170000003,2,0
238,238,66.343999999999994,98.759000000000000,59.146000000000001,76.709659830000007,0.222991381000000,0.196331987000000,0.305925989000000,0.598892253000000,72.028000000000006,-0.026209258000000,-0.071146806000000,72.054209259999993,0.378090021000000,0.426206075000000,1.488589775000000,1.546620743000000,-93.537312209999996,44.065260570000000,2,0
239,239,65.778999999999996,97.852999999999994,58.814000000000000,76.072713120000003,0.222020674000000,0.196013005000000,0.305997062000000,0.601044424000000,71.113000000000000,-0.025904714000000,-0.069740072000000,71.138904710000006,0.377521229000000,0.424465248000000,1.487602426000000,1.544090884000000,-93.537312209999996,44.065221970000003,2,0
240,240,66.356999999999999,98.138000000000005,59.701999999999998,76.591225120000004,0.217838584000000,0.193203441000000,0.303274074000000,0.608347429000000,70.216999999999999,-0.023364273000000,-0.064921475000000,70.240364270000001,0.372502277000000,0.417092715000000,1.478939675000000,1.531914222000000,-93.537312209999996,44.065183370000000,2,0
241,241,67.191999999999993,98.469999999999999,60.000000000000000,77.052159309999993,0.215183937000000,0.188806123000000,0.296019383000000,0.609322636000000,69.748000000000005,-0.019503505000000,-0.064122449000000,69.767503509999997,0.364614557000000,0.412651391000000,1.465501845000000,1.521804113000000,-93.537312209999996,44.065144770000003,2,0
242,242,64.888000000000005,97.245000000000005,58.276000000000003,75.416918400000000,0.224539908000000,0.199570723000000,0.311553386000000,0.599269885000000,71.325999999999993,-0.029045093000000,-0.071043378000000,71.355045090000004,0.383853160000000,0.428703399000000,1.498659228000000,1.553264984000000,-93.537312209999996,44.065106170000000,2,0
243,243,65.076999999999998,97.709999999999994,58.299999999999997,75.677275379999998,0.225983933000000,0.200464411000000,0.312316365000000,0.596663596000000,72.043000000000006,-0.029862452000000,-0.072776780000000,72.072862450000002,0.385439555000000,0.431238620000000,1.501452126000000,1.557453991000000,-93.537312209999996,44.065067569999997,2,0
244,244,65.521000000000001,97.445999999999998,58.636000000000003,75.777975810000001,0.221705757000000,0.195898556000000,0.305997259000000,0.601728137000000,70.734999999999999,-0.025796582000000,-0.069293286000000,70.760796580000004,0.377317099000000,0.423901478000000,1.487248363000000,1.543261379000000,-93.537312209999996,44.065028970000000,2,0
245,245,63.991000000000000,95.459000000000003,57.588999999999999,74.215366070000002,0.221883020000000,0.197353402000000,0.308930798000000,0.603285180000000,69.337999999999994,-0.027053202000000,-0.068349006000000,69.365053200000006,0.379909934000000,0.424082927000000,1.491756653000000,1.545049900000000,-93.537312209999996,44.064990369999997,2,0
246,246,65.777000000000001,96.938000000000002,58.567000000000000,75.616759740000006,0.218502923000000,0.191506622000000,0.299199216000000,0.604169675000000,69.531999999999996,-0.021918638000000,-0.067534639000000,69.553918640000006,0.369463258000000,0.418482383000000,1.473737021000000,1.531828742000000,-93.537312209999996,44.064951770000000,2,0
247,247,33.609000000000002,54.128999999999998,31.035000000000000,40.917334330000003,0.252246938000000,0.233878137000000,0.361885615000000,0.573352547000000,43.613999999999997,-0.059579197000000,-0.089919426000000,43.673579199999999,0.443497417000000,0.474928630000000,1.610550745000000,1.653855235000000,-93.539396609999997,44.065607970000002,3,0
248,248,65.694999999999993,97.495999999999995,59.066000000000003,75.960725370000006,0.219641411000000,0.194869815000000,0.305411765000000,0.605829983000000,70.230999999999995,-0.024849611000000,-0.066605776000000,70.255849609999999,0.375481022000000,0.420230735000000,1.484070325000000,1.537578632000000,-93.537312209999996,44.064913169999997,2,0
249,249,76.218000000000004,101.420000000000002,65.837999999999994,82.522405379999995,0.176238634000000,0.141872797000000,0.225420394000000,0.649161901000000,60.783999999999999,0.021707273000000,-0.037978281000000,60.762292729999999,0.278147081000000,0.344220862000000,1.330656800000000,1.397135422000000,-93.537273610000000,44.065646569999998,2,0
250,250,72.811000000000007,100.329999999999998,62.079999999999998,80.044731290000001,0.196002992000000,0.158939824000000,0.247782750000000,0.618758098000000,65.769000000000005,0.006825071000000,-0.057044226000000,65.762174930000000,0.310047274000000,0.380222129000000,1.377951134000000,1.453089944000000,-93.537273610000000,44.065607970000002,2,0
251,251,66.046000000000006,96.311999999999998,59.262000000000000,75.608773970000001,0.211730810000000,0.186415206000000,0.293571041000000,0.615312734000000,67.316000000000003,-0.017361249000000,-0.060216587000000,67.333361249999996,0.360309432000000,0.406518226000000,1.458256367000000,1.511848465000000,-93.537273610000000,44.065569369999999,2,0
252,252,62.216000000000001,92.638000000000005,55.207000000000001,71.880554970000006,0.224159974000000,0.196456017000000,0.305297701000000,0.595943349000000,67.852999999999994,-0.026352345000000,-0.073065443000000,67.879352350000005,0.378311128000000,0.428329014000000,1.488973897000000,1.549431667000000,-93.537273610000000,44.065530770000002,2,0
253,253,63.122000000000000,94.638999999999996,56.555000000000000,73.347109079999996,0.225278762000000,0.199776878000000,0.311414343000000,0.597586619000000,69.600999999999999,-0.029247466000000,-0.072145803000000,69.630247470000000,0.384219257000000,0.430025662000000,1.499302937000000,1.555165942000000,-93.537273610000000,44.065492169999999,2,0
254,254,65.186999999999998,96.777000000000001,58.244999999999997,75.294118240000003,0.221214817000000,0.195043343000000,0.304572933000000,0.601847546000000,70.122000000000000,-0.025045298000000,-0.069179734000000,70.147045300000002,0.375790885000000,0.423090346000000,1.484605826000000,1.541330036000000,-93.537273610000000,44.065453570000003,2,0
255,255,66.352999999999994,98.150000000000006,58.979999999999997,76.408515030000004,0.220645891000000,0.193291308000000,0.301327673000000,0.600916964000000,70.966999999999999,-0.023517672000000,-0.069705526000000,70.990517670000003,0.372659487000000,0.422230406000000,1.479209682000000,1.538383526000000,-93.537273610000000,44.065414969999999,2,0
256,256,65.888999999999996,97.965000000000003,58.539999999999999,76.082045949999994,0.223190233000000,0.195759640000000,0.304574890000000,0.597560353000000,71.501000000000005,-0.025721917000000,-0.071984856000000,71.526721920000000,0.377069292000000,0.426629873000000,1.486818741000000,1.546539343000000,-93.537273610000000,44.065376370000003,2,0
257,257,63.274999999999999,94.656000000000006,56.194000000000003,73.305865150000002,0.226189435000000,0.198700698000000,0.308452186000000,0.593665483000000,69.843000000000004,-0.028352598000000,-0.074649854000000,69.871352599999994,0.382307158000000,0.431793506000000,1.495946266000000,1.556250661000000,-93.537273610000000,44.065337769999999,2,0
258,258,34.500000000000000,55.018999999999998,31.341000000000001,41.631713240000003,0.251292081000000,0.229213910000000,0.352693458000000,0.569639579000000,44.197000000000003,-0.055593248000000,-0.092186000000000,44.252593249999997,0.435544728000000,0.473626531000000,1.594753623000000,1.646575986000000,-93.539396609999997,44.065569369999999,3,0
259,259,65.849999999999994,98.475999999999999,60.287999999999997,76.742834669999993,0.219177319000000,0.198544357000000,0.313596955000000,0.612210082000000,70.813999999999993,-0.027985789000000,-0.062653263000000,70.841985789999995,0.382029177000000,0.419064428000000,1.495459377000000,1.540057063000000,-93.537273610000000,44.065299170000003,2,0
260,260,66.951999999999998,98.894000000000005,59.106000000000002,76.933115490000006,0.221494167000000,0.192600364000000,0.299250515000000,0.597670233000000,71.730000000000004,-0.022943561000000,-0.071773534000000,71.752943560000006,0.371422835000000,0.423865195000000,1.477088063000000,1.539686634000000,-93.537273610000000,44.065260570000000,2,0
261,261,66.097999999999999,97.790999999999997,58.384000000000000,76.027882480000002,0.222143071000000,0.193380886000000,0.300393346000000,0.597028356000000,71.099999999999994,-0.023636699000000,-0.072223797000000,71.123636700000006,0.372819742000000,0.424970369000000,1.479485007000000,1.541904329000000,-93.537273610000000,44.065221970000003,2,0
262,262,66.358000000000004,97.299000000000007,58.593000000000004,75.946514539999995,0.217954054000000,0.189060046000000,0.294496688000000,0.602195295000000,69.647000000000006,-0.019787627000000,-0.068701012000000,69.666787630000002,0.365071100000000,0.417738189000000,1.466273848000000,1.528315170000000,-93.537273610000000,44.065183370000000,2,0
263,263,66.376999999999995,97.072000000000003,59.390000000000001,76.061491380000007,0.213737571000000,0.187795581000000,0.294976888000000,0.611813911000000,68.376999999999995,-0.018597283000000,-0.062493549000000,68.395597280000004,0.362796358000000,0.410086108000000,1.462434277000000,1.517615270000000,-93.537273610000000,44.065144770000003,2,0
264,264,66.182000000000002,97.483999999999995,59.667999999999999,76.252776130000001,0.215443024000000,0.191255362000000,0.300986557000000,0.612079931000000,69.117999999999995,-0.021623219000000,-0.062457127000000,69.139623220000004,0.369012748000000,0.412886600000000,1.472968481000000,1.524677260000000,-93.537273610000000,44.065106170000000,2,0
265,265,65.938000000000002,96.828999999999994,59.091999999999999,75.752974750000007,0.215345416000000,0.189786628000000,0.297959971000000,0.610271716000000,68.628000000000000,-0.020354369000000,-0.063554780000000,68.648354370000007,0.366376744000000,0.412849468000000,1.468485547000000,1.523080418000000,-93.537273610000000,44.065067569999997,2,0
266,266,66.183999999999997,97.632999999999996,59.423999999999999,76.253385330000000,0.217088328000000,0.191976413000000,0.301255831000000,0.608646667000000,69.658000000000001,-0.022287125000000,-0.064680771000000,69.680287120000003,0.370305247000000,0.415836203000000,1.475175269000000,1.529061907000000,-93.537273610000000,44.065028970000000,2,0
267,267,65.745000000000005,95.960999999999999,59.128000000000000,75.337106680000005,0.211647911000000,0.186857631000000,0.294566086000000,0.616166985000000,67.049000000000007,-0.017741833000000,-0.059690990000000,67.066741829999998,0.361106933000000,0.406321804000000,1.459593885000000,1.512074510000000,-93.537273610000000,44.064990369999997,2,0
268,268,65.257000000000005,96.388000000000005,58.448999999999998,75.200638729999994,0.218243060000000,0.192588697000000,0.301668669000000,0.606392912000000,69.069999999999993,-0.022845693000000,-0.066150826000000,69.092845690000004,0.371401946000000,0.417894056000000,1.477052270000000,1.532251026000000,-93.537273610000000,44.064951770000000,2,0
269,269,33.344000000000001,54.137000000000000,31.481000000000002,40.962138879999998,0.251006649000000,0.237685898000000,0.371303571000000,0.581506179000000,43.448999999999998,-0.062670433000000,-0.084595081000000,43.511670430000002,0.449951946000000,0.472579867000000,1.623590451000000,1.654974188000000,-93.539396609999997,44.065530770000002,3,0
270,270,66.081000000000003,98.828000000000003,59.579999999999998,76.775535480000002,0.222676197000000,0.198576184000000,0.310902031000000,0.602865585000000,71.995000000000005,-0.028128772000000,-0.068671516000000,72.023128770000000,0.382085771000000,0.425411103000000,1.495558481000000,1.548033818000000,-93.537273610000000,44.064913169999997,2,0
271,271,81.951999999999998,106.799999999999997,70.042000000000002,87.613263970000006,0.168509330000000,0.131643638000000,0.209316823000000,0.655823970000000,61.606000000000002,0.030652952000000,-0.033776672000000,61.575347049999998,0.258802222000000,0.330459093000000,1.303201874000000,1.373164714000000,-93.537235010000003,44.065646569999998,2,0
272,272,83.525999999999996,107.790000000000006,70.183000000000007,88.545525510000004,0.167540869000000,0.126826821000000,0.200308752000000,0.651108637000000,61.871000000000002,0.034976807000000,-0.036458266000000,61.836023189999999,0.249638200000000,0.329308862000000,1.290496372000000,1.367502650000000,-93.537235010000003,44.065607970000002,2,0
273,273,71.031000000000006,99.222999999999999,61.798000000000002,78.971723830000002,0.198074108000000,0.165587886000000,0.259939515000000,0.622819306000000,65.617000000000004,0.000949787000000,-0.054754107000000,65.616050209999997,0.322337489000000,0.383260645000000,1.396897129000000,1.463194646000000,-93.537235010000003,44.065569369999999,2,0
274,274,61.487000000000002,91.227000000000004,54.246000000000002,70.818183200000007,0.223755563000000,0.194743115000000,0.302027054000000,0.594626591000000,66.721000000000004,-0.024860843000000,-0.073843255000000,66.745860840000006,0.375254738000000,0.427777650000000,1.483679477000000,1.546893729000000,-93.537235010000003,44.065530770000002,2,0
275,275,64.647999999999996,94.147000000000006,57.116000000000000,73.723037939999998,0.214572757000000,0.185767814000000,0.290118904000000,0.606668295000000,66.530000000000001,-0.016857872000000,-0.065696514000000,66.546857869999997,0.359141760000000,0.411849652000000,1.456301819000000,1.517629975000000,-93.537235010000003,44.065492169999999,2,0
276,276,63.210000000000001,93.465999999999994,56.460000000000001,72.844878240000000,0.219378869000000,0.193111900000000,0.301907879000000,0.604069929000000,67.262000000000000,-0.023327828000000,-0.067665716000000,67.285327830000000,0.372338476000000,0.419924424000000,1.478658440000000,1.535323240000000,-93.537235010000003,44.065453570000003,2,0
277,277,63.898000000000003,95.341999999999999,57.247999999999998,74.050399220000003,0.222999711000000,0.197462949000000,0.308298690000000,0.600448910000000,69.537999999999997,-0.027183031000000,-0.070187724000000,69.565183030000000,0.380104990000000,0.426106762000000,1.492096779000000,1.547711701000000,-93.537235010000003,44.065414969999999,2,0
278,278,65.366000000000000,96.304000000000002,58.030000000000001,75.088071119999995,0.219022544000000,0.191365126000000,0.298514087000000,0.602571025000000,69.212000000000003,-0.021809741000000,-0.068557123000000,69.233809739999998,0.369209573000000,0.419453512000000,1.473304164000000,1.532880489000000,-93.537235010000003,44.065376370000003,2,0
279,279,66.338999999999999,96.445999999999998,59.043999999999997,75.694314570000003,0.212109025000000,0.184949473000000,0.290213127000000,0.612197499000000,67.509000000000000,-0.016099789000000,-0.062139756000000,67.525099789999999,0.357664562000000,0.407369128000000,1.453835602000000,1.511342233000000,-93.537235010000003,44.065337769999999,2,0
280,280,33.018999999999998,54.104999999999997,31.375000000000000,40.832976909999999,0.253852750000000,0.242022864000000,0.378231000000000,0.579890953000000,43.816000000000003,-0.066484949000000,-0.085907898000000,43.882484949999998,0.457261599000000,0.477220834000000,1.638602017000000,1.666707868000000,-93.539396609999997,44.065492169999999,3,0
281,281,67.016999999999996,98.745999999999995,60.948000000000000,77.366464550000003,0.213628836000000,0.191411835000000,0.302714306000000,0.617219938000000,69.527000000000001,-0.021711342000000,-0.059189012000000,69.548711339999997,0.369293320000000,0.409547340000000,1.473447036000000,1.520766821000000,-93.537235010000003,44.065299170000003,2,0
282,282,69.284999999999997,100.709999999999994,61.234000000000002,78.935665959999994,0.213596474000000,0.184858378000000,0.288936292000000,0.608023036000000,70.900999999999996,-0.016049025000000,-0.064794641000000,70.917049019999993,0.357500043000000,0.410140053000000,1.453561377000000,1.514599083000000,-93.537235010000003,44.065260570000000,2,0
283,283,67.960999999999999,98.703000000000003,59.734000000000002,77.307029619999994,0.214428747000000,0.184454951000000,0.287496493000000,0.605189305000000,69.710999999999999,-0.015713920000000,-0.066588044000000,69.726713919999995,0.356771250000000,0.411734212000000,1.452347670000000,1.516112054000000,-93.537235010000003,44.065221970000003,2,0
284,284,66.263000000000005,97.879000000000005,59.761000000000003,76.468862790000003,0.216711935000000,0.192613713000000,0.302890373000000,0.610559977000000,69.733999999999995,-0.022825956000000,-0.063481061000000,69.756825960000000,0.371446735000000,0.415085313000000,1.477129016000000,1.528813671000000,-93.537235010000003,44.065183370000000,2,0
285,285,67.305000000000007,98.215000000000003,60.771999999999998,77.178117009999994,0.210636442000000,0.186744804000000,0.295089166000000,0.618764954000000,68.352999999999994,-0.017623248000000,-0.058040938000000,68.370623249999994,0.360903593000000,0.404466111000000,1.459252656000000,1.509721979000000,-93.537235010000003,44.065144770000003,2,0
286,286,66.954999999999998,98.694999999999993,60.484000000000002,77.205330790000005,0.215347152000000,0.191608814000000,0.301808569000000,0.612837530000000,69.950999999999993,-0.021925053000000,-0.061987140000000,69.972925050000001,0.369646451000000,0.412677877000000,1.474049735000000,1.524795469000000,-93.537235010000003,44.065106170000000,2,0
287,287,66.620999999999995,99.113000000000000,60.835999999999999,77.379504839999996,0.217294117000000,0.196049091000000,0.309748518000000,0.613804445000000,70.769000000000005,-0.025791588000000,-0.061537715000000,70.794791590000003,0.377585587000000,0.415846744000000,1.487714084000000,1.533403639000000,-93.537235010000003,44.065067569999997,2,0
288,288,68.007999999999996,99.149000000000001,61.237000000000002,77.900754030000002,0.210821175000000,0.186297912000000,0.294004909000000,0.617625997000000,69.052999999999997,-0.017241259000000,-0.058745851000000,69.070241260000003,0.360097936000000,0.404849277000000,1.457902012000000,1.509715748000000,-93.537235010000003,44.065028970000000,2,0
289,289,67.977999999999994,98.286000000000001,61.478000000000002,77.590142770000000,0.205859619000000,0.182288409000000,0.289237112000000,0.625501089000000,67.116000000000000,-0.013685662000000,-0.053643158000000,67.129685660000007,0.352851880000000,0.396045361000000,1.445850128000000,1.495058819000000,-93.537235010000003,44.064990369999997,2,0
290,290,68.543999999999997,100.230000000000004,62.552999999999997,78.861081749999997,0.209203847000000,0.187742188000000,0.298302596000000,0.624094582000000,69.363000000000000,-0.018451802000000,-0.054709567000000,69.381451799999994,0.362700234000000,0.401740360000000,1.462272409000000,1.507493607000000,-93.537235010000003,44.064951770000000,2,0
291,291,32.920999999999999,54.543999999999997,31.513999999999999,41.036456850000000,0.257331881000000,0.247218888000000,0.386463155000000,0.577772074000000,44.652999999999999,-0.071059599000000,-0.087615462000000,44.724059599999997,0.465959637000000,0.482882424000000,1.656814799000000,1.681089380000000,-93.539396609999997,44.065453570000003,3,0
292,292,67.909999999999997,99.578000000000003,61.283999999999999,78.066797980000004,0.213071418000000,0.189076232000000,0.298180859000000,0.615437145000000,69.962000000000003,-0.019687724000000,-0.060236393000000,69.981687719999996,0.365100198000000,0.408733879000000,1.466323075000000,1.517319417000000,-93.537235010000003,44.064913169999997,2,0
293,293,73.242000000000004,100.159999999999997,63.430999999999997,80.456837129999997,0.188867425000000,0.155234657000000,0.244773622000000,0.633296725000000,63.646999999999998,0.010044208000000,-0.047951932000000,63.636955790000002,0.303163735000000,0.366962217000000,1.367521368000000,1.434606674000000,-93.537196410000007,44.065646569999998,2,0
294,294,79.614999999999995,104.540000000000006,65.915000000000006,84.876276720000007,0.179210964000000,0.135347941000000,0.210800068000000,0.630524201000000,63.549999999999997,0.027676251000000,-0.049022274000000,63.522323749999998,0.265826194000000,0.351176827000000,1.313069145000000,1.398289642000000,-93.537196410000007,44.065607970000002,2,0
295,295,73.765000000000001,100.060000000000002,64.430999999999997,80.838589350000007,0.183035978000000,0.151272832000000,0.240369673000000,0.643923646000000,61.923999999999999,0.013477100000000,-0.041369787000000,61.910522899999997,0.295777254000000,0.356203027000000,1.356469871000000,1.418978205000000,-93.537196410000007,44.065569369999999,2,0
296,296,64.783000000000001,93.001999999999995,58.286999999999999,73.583475190000001,0.203621139000000,0.178844630000000,0.283613741000000,0.626728457000000,62.933999999999997,-0.010671443000000,-0.052761117000000,62.944671440000000,0.346603024000000,0.392210603000000,1.435592671000000,1.487004856000000,-93.537196410000007,44.065530770000002,2,0
297,297,63.799999999999997,92.765000000000001,57.301000000000002,72.936478820000005,0.210119003000000,0.185003034000000,0.291797631000000,0.617700641000000,64.429000000000002,-0.016108217000000,-0.058651679000000,64.445108219999995,0.357761286000000,0.403676802000000,1.453996865000000,1.506956594000000,-93.537196410000007,44.065492169999999,2,0
298,298,63.036999999999999,92.838999999999999,57.045999999999999,72.679638150000002,0.214530303000000,0.191190433000000,0.301548113000000,0.614461595000000,65.594999999999999,-0.021544040000000,-0.060935930000000,65.616544039999994,0.368896312000000,0.411218565000000,1.472769960000000,1.522569901000000,-93.537196410000007,44.065453570000003,2,0
299,299,61.460000000000001,90.626999999999995,55.024999999999999,70.753881759999999,0.217536164000000,0.191778390000000,0.300498650000000,0.607159014000000,64.769000000000005,-0.022128124000000,-0.065626328000000,64.791128119999996,0.369950393000000,0.416677817000000,1.474568825000000,1.529888824000000,-93.537196410000007,44.065414969999999,2,0
300,300,61.058000000000000,90.930000000000007,55.228000000000002,70.820138959999994,0.219939224000000,0.196541832000000,0.308722613000000,0.607368305000000,65.573999999999998,-0.026295267000000,-0.065684117000000,65.600295270000004,0.378464092000000,0.420618168000000,1.489239739000000,1.539847958000000,-93.537196410000007,44.065376370000003,2,0
301,301,63.579999999999998,94.043999999999997,56.911999999999999,73.315905689999994,0.219055026000000,0.193270060000000,0.302486298000000,0.605163540000000,67.596000000000004,-0.023455271000000,-0.066968714000000,67.619455270000003,0.372621473000000,0.419314648000000,1.479144385000000,1.534735088000000,-93.537196410000007,44.065337769999999,2,0
302,302,33.838000000000001,55.151000000000003,32.509000000000000,41.807009479999998,0.248826769000000,0.239501511000000,0.377354816000000,0.589454407000000,43.954999999999998,-0.064015869000000,-0.079329701000000,44.019015869999997,0.453017498000000,0.468794511000000,1.629854010000000,1.651745999000000,-93.539396609999997,44.065414969999999,3,0
303,303,63.363999999999997,94.233000000000004,57.204000000000001,73.410154610000006,0.219710453000000,0.195873018000000,0.307481597000000,0.607048486000000,67.897999999999996,-0.025714033000000,-0.065862822000000,67.923714029999999,0.377271545000000,0.420262334000000,1.487169371000000,1.538689615000000,-93.537196410000007,44.065299170000003,2,0
304,304,63.119000000000000,94.353999999999999,57.003000000000000,73.339456150000004,0.222083347000000,0.198351463000000,0.310888823000000,0.604139729000000,68.585999999999999,-0.027916410000000,-0.067838826000000,68.613916410000002,0.381686134000000,0.424354341000000,1.494858917000000,1.546463181000000,-93.537196410000007,44.065260570000000,2,0
305,305,63.954999999999998,95.043000000000006,56.920999999999999,73.854393040000005,0.222567388000000,0.195524472000000,0.304554405000000,0.598897341000000,69.209999999999994,-0.025500303000000,-0.071108147000000,69.235500299999998,0.376649694000000,0.425515141000000,1.486091783000000,1.544884774000000,-93.537196410000007,44.065221970000003,2,0
306,306,64.742000000000004,95.739000000000004,59.018000000000001,74.923532150000000,0.214815473000000,0.193150591000000,0.305500527000000,0.616446798000000,67.718000000000004,-0.023235641000000,-0.059744236000000,67.741235639999999,0.372407711000000,0.411569580000000,1.478777301000000,1.525070485000000,-93.537196410000007,44.065183370000000,2,0
307,307,65.224999999999994,97.668999999999997,59.387000000000000,75.983221729999997,0.221053290000000,0.199172468000000,0.313447400000000,0.608043494000000,70.725999999999999,-0.028585439000000,-0.065355114000000,70.754585440000000,0.383145673000000,0.422412721000000,1.497416635000000,1.544910457000000,-93.537196410000007,44.065144770000003,2,0
308,308,65.316999999999993,97.338999999999999,59.116000000000000,75.797741540000004,0.220127166000000,0.196869467000000,0.309271779000000,0.607320807000000,70.245000000000005,-0.026582256000000,-0.065727865000000,70.271582260000002,0.379047950000000,0.420930827000000,1.490255217000000,1.540588341000000,-93.537196410000007,44.065106170000000,2,0
309,309,63.600000000000001,95.263999999999996,57.404000000000003,73.971636259999997,0.223168085000000,0.199315137000000,0.312083580000000,0.602578099000000,69.524000000000001,-0.028779107000000,-0.068888601000000,69.552779110000003,0.383399159000000,0.426236241000000,1.497861635000000,1.549869668000000,-93.537196410000007,44.065067569999997,2,0
310,310,65.218000000000004,96.668000000000006,58.811999999999998,75.403229580000001,0.218378780000000,0.194272513000000,0.305120593000000,0.608391608000000,69.305999999999997,-0.024299269000000,-0.064935795000000,69.330299269999998,0.374413965000000,0.417979853000000,1.482228833000000,1.534148733000000,-93.537196410000007,44.065028970000000,2,0
311,311,64.388000000000005,93.659000000000006,57.856000000000002,73.632283590000000,0.210213140000000,0.185204401000000,0.292151990000000,0.617730277000000,65.073999999999998,-0.016284165000000,-0.058640223000000,65.090284159999996,0.358124879000000,0.403831245000000,1.454603342000000,1.507351738000000,-93.537196410000007,44.064990369999997,2,0
312,312,63.408000000000001,94.397000000000006,57.316000000000003,73.522087220000003,0.219922589000000,0.196375273000000,0.308382012000000,0.607180313000000,68.069999999999993,-0.026151794000000,-0.065798318000000,68.096151789999993,0.378167191000000,0.420602972000000,1.488723820000000,1.539650834000000,-93.537196410000007,44.064951770000000,2,0
313,313,34.259999999999998,55.197000000000003,33.439000000000000,42.184606709999997,0.239734296000000,0.234045407000000,0.373754865000000,0.605811910000000,42.695000000000000,-0.058854641000000,-0.068207265000000,42.753854640000000,0.443781674000000,0.453468392000000,1.611120841000000,1.624186750000000,-93.539396609999997,44.065376370000003,3,0
314,314,63.320999999999998,94.829999999999998,57.478000000000002,73.724709619999999,0.221803845000000,0.199233644000000,0.312983620000000,0.606116208000000,68.861000000000004,-0.028663120000000,-0.066599576000000,68.889663119999994,0.383254371000000,0.423768220000000,1.497607429000000,1.546675986000000,-93.537196410000007,44.064913169999997,2,0
315,315,71.674999999999997,95.027000000000001,62.402999999999999,77.592033020000002,0.172695075000000,0.140082303000000,0.223894764000000,0.656687047000000,55.975999999999999,0.023212064000000,-0.033446673000000,55.952787940000000,0.274772726000000,0.337513220000000,1.325803976000000,1.388395958000000,-93.537157809999997,44.065646569999998,2,0
316,316,79.102000000000004,102.510000000000005,68.063000000000002,84.455113269999998,0.164274458000000,0.128890161000000,0.206148887000000,0.663964491000000,57.854999999999997,0.032974066000000,-0.028924802000000,57.822025930000002,0.253567882000000,0.322445878000000,1.295921721000000,1.362435034000000,-93.537157809999997,44.065607970000002,2,0
317,317,72.070999999999998,95.828000000000003,64.111999999999995,78.501768920000004,0.169208056000000,0.141495780000000,0.228901500000000,0.669032016000000,55.472999999999999,0.021858446000000,-0.026167725000000,55.451141550000003,0.277436979000000,0.330521206000000,1.329633278000000,1.382468815000000,-93.537157809999997,44.065569369999999,2,0
318,318,61.668999999999997,89.331000000000003,56.454999999999998,70.640545829999994,0.203978624000000,0.183192053000000,0.292580253000000,0.631975462000000,60.537999999999997,-0.014433974000000,-0.049620400000000,60.552433970000003,0.354487736000000,0.392486513000000,1.448556001000000,1.491800218000000,-93.537157809999997,44.065530770000002,2,0
319,319,59.509999999999998,86.049000000000007,53.878000000000000,67.942891180000004,0.205649314000000,0.182324693000000,0.289471101000000,0.626131623000000,58.710000000000001,-0.013713604000000,-0.053248896000000,58.723713600000004,0.352917596000000,0.395652181000000,1.445958662000000,1.494632125000000,-93.537157809999997,44.065492169999999,2,0
320,320,57.298000000000002,83.594999999999999,52.505000000000003,65.898810949999998,0.207178521000000,0.186645185000000,0.297517763000000,0.628087804000000,57.387000000000000,-0.017465537000000,-0.052161863000000,57.404465539999997,0.360724034000000,0.398106381000000,1.458951447000000,1.502015656000000,-93.537157809999997,44.065453570000003,2,0
321,321,51.115000000000002,75.867999999999995,47.537999999999997,59.521867389999997,0.212002125000000,0.194931605000000,0.311574045000000,0.626588285000000,53.082999999999998,-0.024678978000000,-0.053373520000000,53.107678980000003,0.375591365000000,0.406316410000000,1.484260980000000,1.520555422000000,-93.537157809999997,44.065414969999999,2,0
322,322,47.524999999999999,72.278999999999996,43.802999999999997,55.980896370000004,0.225659853000000,0.206620814000000,0.325706241000000,0.606026647000000,53.229999999999997,-0.035108522000000,-0.066958015000000,53.265108519999998,0.396321794000000,0.430128656000000,1.520862704000000,1.562731239000000,-93.537157809999997,44.065376370000003,1,0
323,323,46.177999999999997,71.885999999999996,43.427000000000000,55.335067270000003,0.232100850000000,0.217746307000000,0.344440425000000,0.604109284000000,54.167000000000002,-0.044812404000000,-0.068661411000000,54.211812399999999,0.415779091000000,0.440853012000000,1.556715319000000,1.588883558000000,-93.537157809999997,44.065337769999999,1,0
324,324,33.040999999999997,53.448000000000000,31.635999999999999,40.617044370000002,0.246070186000000,0.235949080000000,0.372030700000000,0.591902410000000,42.219000000000001,-0.060872804000000,-0.077524656000000,42.279872800000000,0.447012116000000,0.464227524000000,1.617626585000000,1.641203838000000,-93.539396609999997,44.065337769999999,3,0
325,325,47.183999999999997,72.373999999999995,43.253999999999998,55.783014880000003,0.230923609000000,0.210692718000000,0.330126861000000,0.597645563000000,54.310000000000002,-0.038795666000000,-0.072589244000000,54.348795670000001,0.403474624000000,0.439228783000000,1.533867413000000,1.578936719000000,-93.537157809999997,44.065299170000003,1,0
326,326,46.350000000000001,71.477999999999994,42.881000000000000,55.064226580000003,0.231386770000000,0.213260006000000,0.335276929000000,0.599918856000000,53.725000000000001,-0.040993348000000,-0.071213187000000,53.765993350000002,0.407965797000000,0.439866000000000,1.542135922000000,1.582606712000000,-93.537157809999997,44.065260570000000,1,0
327,327,46.246000000000002,72.227999999999994,44.506000000000000,55.786379869999998,0.228325567000000,0.219305502000000,0.351260004000000,0.616187628000000,53.704000000000001,-0.045917290000000,-0.060863910000000,53.749917289999999,0.418484053000000,0.434173528000000,1.561821563000000,1.581895290000000,-93.537157809999997,44.065221970000003,1,0
328,328,52.320999999999998,79.512000000000000,48.195999999999998,61.596806200000003,0.225424885000000,0.206253366000000,0.325107309000000,0.606147500000000,58.506999999999998,-0.034786618000000,-0.066864783000000,58.541786620000003,0.395674558000000,0.429734523000000,1.519695724000000,1.561827624000000,-93.537157809999997,44.065183370000000,1,0
329,329,57.140000000000001,86.140000000000001,52.414999999999999,66.913903450000007,0.222559299000000,0.202400893000000,0.319154790000000,0.608486185000000,62.725000000000001,-0.031395794000000,-0.065198395000000,62.756395789999999,0.388871240000000,0.424874423000000,1.507525376000000,1.551482990000000,-93.537157809999997,44.065144770000003,2,0
330,330,57.048000000000002,86.263000000000005,52.155999999999999,66.873083300000005,0.224761296000000,0.203857345000000,0.320498053000000,0.604616116000000,63.322000000000003,-0.032720613000000,-0.067758752000000,63.354720610000001,0.391447007000000,0.428725930000000,1.512112607000000,1.557936926000000,-93.537157809999997,44.065106170000000,1,0
331,331,55.652000000000001,84.147000000000006,50.997999999999998,65.265250370000004,0.224205656000000,0.203828354000000,0.320886026000000,0.606058445000000,61.643999999999998,-0.032674518000000,-0.066823902000000,61.676674519999999,0.391395779000000,0.427728352000000,1.512021131000000,1.556638480000000,-93.537157809999997,44.065067569999997,1,0
332,332,52.030000000000001,78.174999999999997,47.871000000000002,60.855249479999998,0.220287921000000,0.200798740000000,0.317548036000000,0.612356892000000,56.448999999999998,-0.029947887000000,-0.062645163000000,56.478947890000001,0.386032595000000,0.420899531000000,1.502498559000000,1.544765088000000,-93.537157809999997,44.065028970000000,1,0
333,333,51.021000000000001,76.948999999999998,47.082000000000001,59.835902730000001,0.221407852000000,0.202609987000000,0.320541984000000,0.611859803000000,55.795000000000002,-0.031531202000000,-0.063033841000000,55.826531199999998,0.389241304000000,0.422785399000000,1.508182905000000,1.549079608000000,-93.537157809999997,44.064990369999997,1,0
334,334,51.595999999999997,79.251000000000005,47.863999999999997,61.193220519999997,0.228878672000000,0.211353718000000,0.333261029000000,0.603954524000000,59.042000000000002,-0.039262273000000,-0.068498302000000,59.081262270000003,0.404632350000000,0.435542193000000,1.535991162000000,1.574877805000000,-93.537157809999997,44.064951770000000,1,0
335,335,39.186999999999998,63.432000000000002,36.585000000000001,47.950327829999999,0.252136836000000,0.236262291000000,0.367159342000000,0.576759364000000,51.091999999999999,-0.061565760000000,-0.087734548000000,51.153565759999999,0.447542800000000,0.474588915000000,1.618700079000000,1.656161791000000,-93.539628210000004,44.065183370000000,3,0
336,336,32.646000000000001,52.808999999999997,30.341000000000001,39.896232400000002,0.252845408000000,0.235948745000000,0.365841710000000,0.574542218000000,42.631000000000000,-0.061354451000000,-0.089222426000000,42.692354450000003,0.447011548000000,0.475822739000000,1.617625437000000,1.657552894000000,-93.539396609999997,44.065299170000003,3,0
337,337,49.771000000000001,76.680999999999997,45.851999999999997,59.046688039999999,0.231897504000000,0.212808022000000,0.333870968000000,0.597957773000000,57.738999999999997,-0.040635156000000,-0.072477714000000,57.779635159999998,0.407176154000000,0.440804033000000,1.540676297000000,1.583332852000000,-93.537157809999997,44.064913169999997,1,0
338,338,82.908000000000001,102.420000000000002,69.760000000000005,86.081454570000005,0.145932399000000,0.105283605000000,0.168835664000000,0.681116969000000,52.171999999999997,0.053515650000000,-0.018644546000000,52.118484350000003,0.208258738000000,0.289193411000000,1.235345202000000,1.308458617000000,-93.537119210000000,44.065646569999998,2,0
339,339,88.143000000000001,104.659999999999997,73.637000000000000,89.713083060000002,0.128105632000000,0.085667754000000,0.138604971000000,0.703583031000000,47.539999999999999,0.070335535000000,-0.005885753000000,47.469664459999997,0.170087244000000,0.255850282000000,1.187388675000000,1.260658488000000,-93.537119210000000,44.065607970000002,2,0
340,340,84.040000000000006,101.400000000000006,72.483999999999995,86.792111500000004,0.128786276000000,0.093615186000000,0.153688162000000,0.714832347000000,46.276000000000003,0.063026318000000,0.000300864000000,46.212973679999998,0.185603776000000,0.255925777000000,1.206568301000000,1.267491709000000,-93.537119210000000,44.065569369999999,2,0
341,341,63.634999999999998,90.472999999999999,57.590000000000003,71.998576499999999,0.197639747000000,0.174150596000000,0.278062123000000,0.636543499000000,59.720999999999997,-0.006537615000000,-0.046514374000000,59.727537609999999,0.338048705000000,0.381483936000000,1.421749037000000,1.469799685000000,-93.537119210000000,44.065530770000002,2,0
342,342,57.994000000000000,85.787000000000006,53.076999999999998,67.181052219999998,0.214060040000000,0.193300923000000,0.306414271000000,0.618706797000000,60.503000000000000,-0.023343730000000,-0.058312083000000,60.526343730000001,0.372676689000000,0.410178538000000,1.479239232000000,1.523530512000000,-93.537119210000000,44.065492169999999,2,0
343,343,55.100999999999999,84.379000000000005,50.395000000000003,65.052778230000001,0.230669379000000,0.209908231000000,0.328652411000000,0.597245760000000,63.262000000000000,-0.038117709000000,-0.072816327000000,63.300117710000002,0.402099374000000,0.438836302000000,1.531351518000000,1.577560341000000,-93.537119210000000,44.065453570000003,1,0
344,344,47.829000000000001,72.953999999999994,44.414999999999999,56.517229180000001,0.225335080000000,0.208017685000000,0.328999057000000,0.608808290000000,53.664000000000001,-0.036280100000000,-0.065212654000000,53.700280100000001,0.398779633000000,0.429451870000000,1.525308913000000,1.563391089000000,-93.537119210000000,44.065414969999999,1,0
345,345,45.125999999999998,69.403000000000006,42.362000000000002,53.689450639999997,0.226775787000000,0.211972514000000,0.336400294000000,0.610377073000000,51.317999999999998,-0.039687426000000,-0.064351684000000,51.357687429999999,0.405715287000000,0.431773833000000,1.537982538000000,1.570696884000000,-93.537119210000000,44.065376370000003,1,0
346,346,44.491000000000000,69.509000000000000,42.180000000000000,53.510443100000003,0.231943072000000,0.219456140000000,0.348343080000000,0.606827893000000,52.347000000000001,-0.046238955000000,-0.066954796000000,52.393238959999998,0.418745099000000,0.440490876000000,1.562315974000000,1.590314488000000,-93.537119210000000,44.065337769999999,1,0
347,347,33.228999999999999,53.975999999999999,31.960000000000001,40.983804190000001,0.246983672000000,0.237910670000000,0.375545298000000,0.592115014000000,42.762999999999998,-0.062563672000000,-0.077472412000000,42.825563670000001,0.450331886000000,0.465715722000000,1.624364260000000,1.645563411000000,-93.539396609999997,44.065260570000000,3,0
348,348,44.183000000000000,67.847999999999999,40.823000000000000,52.351395789999998,0.229676215000000,0.211236176000000,0.332336254000000,0.601683174000000,50.689999999999998,-0.039199498000000,-0.069973962000000,50.729199500000000,0.404426547000000,0.436967967000000,1.535613245000000,1.576596267000000,-93.537119210000000,44.065299170000003,1,0
349,349,43.734999999999999,68.530000000000001,41.777000000000001,52.771295400000000,0.231601459000000,0.220861355000000,0.351762002000000,0.609616226000000,51.548000000000002,-0.047396165000000,-0.065191311000000,51.595396160000000,0.421177768000000,0.439833446000000,1.566937236000000,1.591019847000000,-93.537119210000000,44.065260570000000,1,0
350,350,44.340000000000003,69.012000000000000,41.277000000000001,53.017237680000001,0.234335386000000,0.217658268000000,0.342310094000000,0.598113372000000,52.406999999999996,-0.044855752000000,-0.072587936000000,52.451855750000000,0.415626195000000,0.444788121000000,1.556427605000000,1.593973451000000,-93.537119210000000,44.065221970000003,1,0
351,351,50.296999999999997,76.641000000000005,46.305999999999997,59.295521829999998,0.226820337000000,0.207534387000000,0.326718921000000,0.604193578000000,56.679000000000002,-0.035933135000000,-0.068184757000000,56.714933129999999,0.397929733000000,0.432138857000000,1.523768813000000,1.566301573000000,-93.537119210000000,44.065183370000000,1,0
352,352,54.661000000000001,82.456999999999994,49.945999999999998,63.983291270000002,0.223756219000000,0.202715909000000,0.318863855000000,0.605721770000000,60.307000000000002,-0.031708934000000,-0.066996322000000,60.338708930000003,0.389428735000000,0.427006988000000,1.508516127000000,1.554518345000000,-93.537119210000000,44.065144770000003,1,0
353,353,56.552000000000000,84.790999999999997,51.253999999999998,65.865051179999995,0.222706101000000,0.199790580000000,0.313456693000000,0.604474531000000,61.776000000000003,-0.029170756000000,-0.067682259000000,61.805170760000003,0.384243588000000,0.425355349000000,1.499345735000000,1.549271802000000,-93.537119210000000,44.065106170000000,2,0
354,354,54.384999999999998,82.525000000000006,49.914999999999999,63.926027759999997,0.225542974000000,0.205536484000000,0.323466866000000,0.604847016000000,60.750000000000000,-0.034181721000000,-0.067678309000000,60.784181719999999,0.394410979000000,0.429999696000000,1.517422083000000,1.561385001000000,-93.537119210000000,44.065067569999997,1,0
355,355,49.442000000000000,75.861999999999995,45.213999999999999,58.434750520000001,0.231625944000000,0.210847220000000,0.329878886000000,0.596003269000000,57.067999999999998,-0.038958937000000,-0.073671988000000,57.106958939999998,0.403745315000000,0.440468863000000,1.534363497000000,1.580725103000000,-93.537119210000000,44.065028970000000,1,0
356,356,47.628000000000000,73.447999999999993,44.014000000000003,56.569329979999999,0.231636050000000,0.213254485000000,0.335054891000000,0.599253894000000,55.253999999999998,-0.041000666000000,-0.071648192000000,55.295000670000000,0.407956154000000,0.440308456000000,1.542118082000000,1.583179074000000,-93.537119210000000,44.064990369999997,1,0
357,357,49.353000000000002,75.317999999999998,45.798999999999999,58.326860979999999,0.225739255000000,0.208268162000000,0.329204280000000,0.608075095000000,55.484000000000002,-0.036509650000000,-0.065697190000000,55.520509650000001,0.399219910000000,0.430156538000000,1.526107835000000,1.564564926000000,-93.537119210000000,44.064951770000000,1,0
358,358,34.290999999999997,55.027000000000001,32.805000000000000,41.952399360000001,0.242495061000000,0.232159251000000,0.366924424000000,0.596161884000000,42.957999999999998,-0.057479754000000,-0.074515038000000,43.015479749999997,0.440572559000000,0.458248558000000,1.604706774000000,1.628555794000000,-93.539396609999997,44.065221970000003,3,0
359,359,48.359999999999999,74.251999999999995,44.506999999999998,57.250683119999998,0.230504079000000,0.211170195000000,0.331502465000000,0.599404730000000,55.637000000000000,-0.039181661000000,-0.071459260000000,55.676181659999997,0.404311010000000,0.438445684000000,1.535401158000000,1.578443961000000,-93.537119210000000,44.064913169999997,1,0
360,360,75.834999999999994,101.079999999999998,62.777999999999999,81.464083919999993,0.186478976000000,0.142695645000000,0.221181563000000,0.621072418000000,63.546999999999997,0.021231325000000,-0.055032062000000,63.525768669999998,0.279696104000000,0.364295639000000,1.332893783000000,1.419457062000000,-93.537080610000004,44.065646569999998,2,0
361,361,95.989999999999995,114.260000000000005,75.570999999999998,96.575365629999993,0.142368670000000,0.086896552000000,0.135655893000000,0.661395064000000,56.959000000000003,0.070414700000000,-0.029601044000000,56.888585300000003,0.172490625000000,0.285645320000000,1.190332326000000,1.289012747000000,-93.537080610000004,44.065607970000002,2,0
362,362,74.165000000000006,97.299000000000007,63.198000000000000,79.501634850000002,0.172414832000000,0.134920450000000,0.213677424000000,0.649523633000000,57.234999999999999,0.027835781000000,-0.037593645000000,57.207164220000003,0.265016661000000,0.337710655000000,1.311926111000000,1.383730242000000,-93.537080610000004,44.065569369999999,2,0
363,363,62.912999999999997,89.844999999999999,55.448999999999998,70.957172990000004,0.205762753000000,0.176305005000000,0.276767822000000,0.617162892000000,61.328000000000003,-0.008485786000000,-0.058674300000000,61.336485789999998,0.341980088000000,0.396490343000000,1.428083226000000,1.489420961000000,-93.537080610000004,44.065530770000002,2,0
364,364,59.683000000000000,87.481999999999999,53.762000000000000,68.569948370000006,0.213304717000000,0.188896816000000,0.297624273000000,0.614549279000000,61.518999999999998,-0.019538439000000,-0.060794219000000,61.538538440000004,0.364777635000000,0.409180060000000,1.465777525000000,1.517672306000000,-93.537080610000004,44.065492169999999,2,0
365,365,57.356000000000002,85.525999999999996,51.255000000000003,66.411551299999999,0.223272296000000,0.197155695000000,0.307442130000000,0.599291444000000,62.441000000000003,-0.026927376000000,-0.070924141000000,62.467927379999999,0.379557837000000,0.426634559000000,1.491143036000000,1.548046125000000,-93.537080610000004,44.065453570000003,2,0
366,366,50.508000000000003,76.207999999999998,46.021000000000001,59.094979389999999,0.224495370000000,0.202815745000000,0.318483177000000,0.603886731000000,55.887000000000000,-0.031821787000000,-0.068188055000000,55.918821790000003,0.389605375000000,0.428331644000000,1.508830284000000,1.556305902000000,-93.537080610000004,44.065414969999999,1,0
367,367,46.103999999999999,70.847999999999999,43.064999999999998,54.771075529999997,0.227522578000000,0.211573979000000,0.334889764000000,0.607850610000000,52.527000000000001,-0.039385815000000,-0.065974240000000,52.566385820000001,0.405017919000000,0.433120664000000,1.536699636000000,1.571992617000000,-93.537080610000004,44.065376370000003,1,0
368,368,44.643000000000001,68.540000000000006,41.520000000000003,52.961116079999996,0.228078820000000,0.211135948000000,0.333463573000000,0.605777648000000,50.917000000000002,-0.039041260000000,-0.067303155000000,50.956041259999999,0.404251036000000,0.434135263000000,1.535291087000000,1.572819575000000,-93.537080610000004,44.065337769999999,1,0
369,369,33.758000000000003,54.976999999999997,31.574000000000002,41.468825920000000,0.254566822000000,0.239127740000000,0.371214639000000,0.574312894000000,44.622000000000000,-0.064133190000000,-0.089547748000000,44.686133190000000,0.452387049000000,0.478578774000000,1.628562119000000,1.665240690000000,-93.539396609999997,44.065183370000000,3,0
370,370,47.747999999999998,71.382000000000005,44.357999999999997,55.805894530000003,0.215685273000000,0.198388315000000,0.316080886000000,0.621417164000000,50.658000000000001,-0.027737816000000,-0.056767469000000,50.685737820000000,0.381751677000000,0.412757633000000,1.494973611000000,1.532088815000000,-93.537080610000004,44.065299170000003,1,0
371,371,48.735999999999997,72.272000000000006,45.003999999999998,56.638619620000000,0.213207769000000,0.194499537000000,0.309667912000000,0.622703122000000,50.804000000000002,-0.024345228000000,-0.055817652000000,50.828345229999996,0.374819622000000,0.408535533000000,1.482928431000000,1.522795485000000,-93.537080610000004,44.065260570000000,2,0
372,372,47.348999999999997,70.915999999999997,42.421999999999997,54.986764899999997,0.224785517000000,0.199272820000000,0.310734016000000,0.598200688000000,52.061000000000000,-0.028797600000000,-0.071724533000000,52.089797599999997,0.383323976000000,0.429178838000000,1.497729625000000,1.553545834000000,-93.537080610000004,44.065221970000003,1,0
373,373,50.173999999999999,76.322000000000003,46.228999999999999,59.103294890000001,0.225824844000000,0.206710094000000,0.325762767000000,0.605710018000000,56.241000000000000,-0.035191200000000,-0.067166884000000,56.276191200000000,0.396479011000000,0.430417578000000,1.521146410000000,1.563197689000000,-93.537080610000004,44.065183370000000,1,0
374,374,56.170999999999999,84.316999999999993,50.387000000000000,65.328369280000004,0.225573418000000,0.200344513000000,0.312382770000000,0.597590047000000,62.076000000000001,-0.029745121000000,-0.072168697000000,62.105745120000002,0.385226822000000,0.430505159000000,1.501077068000000,1.556390163000000,-93.537080610000004,44.065144770000003,1,0
375,375,57.731000000000002,85.855999999999995,51.549999999999997,66.737105110000002,0.222179912000000,0.195874278000000,0.305583624000000,0.600423966000000,62.430999999999997,-0.025790086000000,-0.070135341000000,62.456790089999998,0.377273794000000,0.424770300000000,1.487173269000000,1.544324806000000,-93.537080610000004,44.065106170000000,2,0
376,376,56.582000000000001,83.893000000000001,51.747999999999998,65.618629659999996,0.215329789000000,0.194418936000000,0.307809348000000,0.616833347000000,59.456000000000003,-0.024337358000000,-0.059544383000000,59.480337360000000,0.374675612000000,0.412403501000000,1.482680004000000,1.527435021000000,-93.537080610000004,44.065067569999997,2,0
377,377,51.726999999999997,77.320999999999998,46.911999999999999,60.152459950000001,0.221110150000000,0.198329304000000,0.311605143000000,0.606717451000000,56.003000000000000,-0.027865424000000,-0.066175267000000,56.030865419999998,0.381646720000000,0.422588330000000,1.494789955000000,1.544224626000000,-93.537080610000004,44.065028970000000,1,0
378,378,50.759999999999998,76.082999999999998,45.823000000000000,59.061966939999998,0.223450145000000,0.199640500000000,0.312552456000000,0.602276461000000,55.582999999999998,-0.029067680000000,-0.069097564000000,55.612067680000003,0.383977084000000,0.426718274000000,1.498877069000000,1.550828955000000,-93.537080610000004,44.064990369999997,1,0
379,379,57.078000000000003,80.093000000000004,49.439999999999998,63.553390499999999,0.201226828000000,0.167783278000000,0.262336004000000,0.617282409000000,53.667999999999999,-0.000984937000000,-0.058287025000000,53.668984940000001,0.326378597000000,0.388981316000000,1.403220155000000,1.471979558000000,-93.537080610000004,44.064951770000000,2,0
380,380,33.847000000000001,55.216000000000001,32.076999999999998,41.726730019999998,0.252375876000000,0.239931285000000,0.374986839000000,0.580936685000000,44.508000000000003,-0.064637609000000,-0.085093281000000,44.572637610000001,0.453741994000000,0.474806730000000,1.631341035000000,1.660781369000000,-93.539396609999997,44.065144770000003,3,0
381,381,62.430000000000000,80.206999999999994,51.304000000000002,65.733725910000004,0.170272991000000,0.124631056000000,0.194639396000000,0.639644919000000,46.680000000000000,0.037098912000000,-0.043216236000000,46.642901090000002,0.245449569000000,0.335225211000000,1.284750921000000,1.371527626000000,-93.537080610000004,44.064913169999997,2,0
382,382,34.198999999999998,56.661999999999999,32.737000000000002,42.629665000000003,0.257339399000000,0.247223781000000,0.386466864000000,0.577759345000000,46.387999999999998,-0.071064257000000,-0.087624395000000,46.459064259999998,0.465967798000000,0.482894868000000,1.656832071000000,1.681113403000000,-93.539396609999997,44.065106170000000,3,0
383,383,33.982999999999997,56.859999999999999,32.700000000000003,42.650493900000001,0.260732915000000,0.251830080000000,0.393460950000000,0.575096729000000,47.036999999999999,-0.075146305000000,-0.089685373000000,47.112146310000000,0.473623708000000,0.488413253000000,1.673189536000000,1.694770475000000,-93.539396609999997,44.065067569999997,3,0
384,384,35.390999999999998,57.968000000000004,33.429000000000002,43.704728750000001,0.255017428000000,0.241829925000000,0.376722843000000,0.576680237000000,47.116000000000000,-0.066414803000000,-0.088079313000000,47.182414799999997,0.456937371000000,0.479203984000000,1.637930547000000,1.669335807000000,-93.539396609999997,44.065028970000000,3,0
385,385,36.524999999999999,59.170999999999999,34.308000000000000,44.767256369999998,0.251137835000000,0.236645210000000,0.368899459000000,0.579811056000000,47.509000000000000,-0.061813483000000,-0.085688133000000,47.570813479999998,0.448191280000000,0.472857047000000,1.620013689000000,1.654148748000000,-93.539396609999997,44.064990369999997,3,0
386,386,36.762000000000000,59.170999999999999,34.552999999999997,44.894549390000002,0.247958156000000,0.233590110000000,0.365086347000000,0.583951598000000,47.027000000000001,-0.059042349000000,-0.082742976000000,47.086042350000000,0.443007792000000,0.467566959000000,1.609569664000000,1.643130021000000,-93.539396609999997,44.064951770000000,3,0
387,387,39.406999999999996,63.655000000000001,36.085999999999999,47.982879130000001,0.255504110000000,0.235275853000000,0.362040134000000,0.566899694000000,51.817000000000000,-0.060979676000000,-0.094393020000000,51.877979680000003,0.445870658000000,0.480438073000000,1.615322151000000,1.663379252000000,-93.539628210000004,44.065144770000003,3,0
388,388,35.692999999999998,58.985999999999997,33.874000000000002,44.350070729999999,0.258106314000000,0.246020765000000,0.383077050000000,0.574271861000000,48.405000000000001,-0.070132941000000,-0.089942670000000,48.475132940000002,0.463959798000000,0.484232847000000,1.652592945000000,1.681630253000000,-93.539396609999997,44.064913169999997,3,0
389,389,33.006999999999998,53.180999999999997,31.713000000000001,40.510884050000001,0.243403748000000,0.234069708000000,0.370335016000000,0.596321995000000,41.642000000000003,-0.059127573000000,-0.074493007000000,41.701127569999997,0.443822965000000,0.459737207000000,1.611203684000000,1.632804663000000,-93.539358010000001,44.065646569999998,3,0
390,390,33.619000000000000,53.712000000000003,31.283999999999999,40.799937749999998,0.246746012000000,0.230078666000000,0.358502685000000,0.582439678000000,42.521000000000001,-0.056024955000000,-0.083584707000000,42.577024950000002,0.437022999000000,0.465678060000000,1.597667985000000,1.636428181000000,-93.539358010000001,44.065607970000002,3,0
391,391,33.887000000000000,53.734999999999999,31.831000000000000,41.024348680000003,0.241079059000000,0.226518454000000,0.355756305000000,0.592369964000000,41.752000000000002,-0.052683482000000,-0.076779989000000,41.804683480000001,0.430925841000000,0.456062578000000,1.585711335000000,1.619108737000000,-93.539358010000001,44.065569369999999,3,0
392,392,32.491999999999997,52.973999999999997,31.451000000000001,40.212519360000002,0.247246764000000,0.239650855000000,0.379190965000000,0.593706347000000,42.005000000000003,-0.064021485000000,-0.076486738000000,42.069021489999997,0.453269306000000,0.466109875000000,1.630370553000000,1.648145709000000,-93.539358010000001,44.065530770000002,3,0
393,393,33.820000000000000,53.823000000000000,31.635000000000002,40.993824549999999,0.243736316000000,0.228232717000000,0.357145408000000,0.587759880000000,42.191000000000003,-0.054284948000000,-0.079930918000000,42.245284949999999,0.433865314000000,0.460576422000000,1.591454760000000,1.627246017000000,-93.539358010000001,44.065492169999999,3,0
394,394,33.438000000000002,54.314000000000000,32.106000000000002,41.226632479999999,0.247364674000000,0.237897712000000,0.375157244000000,0.591118312000000,43.084000000000003,-0.062580721000000,-0.078139131000000,43.146580720000003,0.450309985000000,0.466364371000000,1.624319636000000,1.646456675000000,-93.539358010000001,44.065453570000003,3,0
395,395,32.707000000000001,53.055999999999997,30.427000000000000,40.043681620000001,0.253938055000000,0.237270151000000,0.367735290000000,0.573488390000000,42.978000000000002,-0.062537224000000,-0.090009467000000,43.040537219999997,0.449248883000000,0.477613730000000,1.622160394000000,1.661666478000000,-93.539358010000001,44.065414969999999,3,0
396,396,32.052000000000000,52.761000000000003,30.050000000000001,39.640283910000001,0.259032120000000,0.244172474000000,0.378156785000000,0.569549478000000,43.420000000000002,-0.068674856000000,-0.093076099000000,43.488674860000003,0.460867912000000,0.485886322000000,1.646106327000000,1.681842928000000,-93.539358010000001,44.065376370000003,3,0
397,397,33.082000000000001,53.442999999999998,30.175000000000001,40.253793190000003,0.256425477000000,0.235319272000000,0.361330967000000,0.564620250000000,43.628999999999998,-0.061081405000000,-0.095955441000000,43.690081409999998,0.445944307000000,0.482021369000000,1.615470649000000,1.665714565000000,-93.539358010000001,44.065337769999999,3,0
398,398,40.213000000000001,64.951999999999998,36.676000000000002,48.925033300000003,0.256367479000000,0.235239861000000,0.361211289000000,0.564663136000000,53.015000000000001,-0.061010568000000,-0.095921490000000,53.076010570000001,0.445809603000000,0.481927678000000,1.615199065000000,1.665485655000000,-93.539628210000004,44.065106170000000,3,0
399,399,32.953000000000003,53.219999999999999,30.288000000000000,40.148190300000003,0.254589494000000,0.235189677000000,0.362655453000000,0.569109357000000,43.198999999999998,-0.060842686000000,-0.092879161000000,43.259842689999999,0.445724468000000,0.478870232000000,1.615027463000000,1.661023682000000,-93.539358010000001,44.065299170000003,3,0
400,400,33.203000000000003,53.834000000000003,29.757999999999999,40.357061870000003,0.262012905000000,0.237037122000000,0.360184361000000,0.552773340000000,44.707000000000001,-0.062929064000000,-0.104223640000000,44.769929060000003,0.448854630000000,0.491499943000000,1.621359516000000,1.681594696000000,-93.539358010000001,44.065260570000000,3,0
401,401,33.552000000000000,55.241999999999997,29.922000000000001,41.120722080000000,0.270237644000000,0.244273262000000,0.368426417000000,0.541653090000000,47.009999999999998,-0.069655312000000,-0.112463358000000,47.079655310000000,0.461036726000000,0.504912901000000,1.646459227000000,1.710449813000000,-93.539358010000001,44.065221970000003,3,0
402,402,33.777000000000001,54.969999999999999,29.803999999999998,41.031959270000002,0.267166510000000,0.238802438000000,0.359550752000000,0.542186647000000,46.359000000000002,-0.064800803000000,-0.111719007000000,46.423800800000002,0.451838085000000,0.500202534000000,1.627438790000000,1.696688257000000,-93.539358010000001,44.065183370000000,3,0
403,403,33.552000000000000,54.798999999999999,30.832000000000001,41.147212660000001,0.259877459000000,0.240483979000000,0.369390984000000,0.562638004000000,45.213999999999999,-0.065665405000000,-0.097616271000000,45.279665410000000,0.454673058000000,0.487554460000000,1.633255842000000,1.679890161000000,-93.539358010000001,44.065144770000003,3,0
404,404,34.298000000000002,55.805000000000000,31.777999999999999,42.033288839999997,0.256261045000000,0.238693495000000,0.368744106000000,0.569447182000000,45.533999999999999,-0.063896752000000,-0.092843019000000,45.597896749999997,0.451654181000000,0.481498207000000,1.627062802000000,1.668939835000000,-93.539358010000001,44.065106170000000,3,0
405,405,36.042000000000002,58.289000000000001,34.310000000000002,44.248575819999999,0.247290430000000,0.235839756000000,0.370653605000000,0.588618779000000,46.225999999999999,-0.060868619000000,-0.079717975000000,46.286868620000000,0.446826829000000,0.466316197000000,1.617252095000000,1.643993064000000,-93.539358010000001,44.065067569999997,3,0
406,406,37.109999999999999,58.633000000000003,34.811999999999998,44.821334700000001,0.239676935000000,0.224799724000000,0.353235627000000,0.593727082000000,45.344000000000001,-0.051158516000000,-0.075801003000000,45.395158520000003,0.427971923000000,0.453718937000000,1.579978442000000,1.613971645000000,-93.539358010000001,44.065028970000000,3,0
407,407,38.311000000000000,60.527999999999999,36.066000000000003,46.303807839999997,0.238849120000000,0.224779692000000,0.353926051000000,0.595856463000000,46.679000000000002,-0.051092250000000,-0.074390126000000,46.730092249999998,0.427937455000000,0.452279473000000,1.579911775000000,1.612003315000000,-93.539358010000001,44.064990369999997,3,0
408,408,37.387999999999998,59.704000000000001,35.109999999999999,45.442792830000002,0.244442592000000,0.229843859000000,0.360040012000000,0.588067801000000,46.909999999999997,-0.055678431000000,-0.079802121000000,46.965678429999997,0.436621776000000,0.461708992000000,1.596876003000000,1.630656787000000,-93.539358010000001,44.064951770000000,3,0
409,409,41.954999999999998,66.441000000000003,37.552000000000000,50.281809869999996,0.251307742000000,0.225893944000000,0.345632658000000,0.565193179000000,53.375000000000000,-0.052785924000000,-0.095021515000000,53.427785919999998,0.429853303000000,0.473949818000000,1.583625313000000,1.643185532000000,-93.539628210000004,44.065067569999997,3,0
410,410,36.774999999999999,58.784999999999997,34.627000000000002,44.747834130000001,0.244311327000000,0.230326496000000,0.361216418000000,0.589044824000000,46.167999999999999,-0.056073187000000,-0.079172268000000,46.224073189999999,0.437446336000000,0.461456855000000,1.598504419000000,1.630863952000000,-93.539358010000001,44.064913169999997,3,0
411,411,33.948000000000000,53.512999999999998,31.462000000000000,40.849175090000003,0.241341715000000,0.223699706000000,0.349381239000000,0.587931904000000,41.616000000000000,-0.050333409000000,-0.079599405000000,41.666333410000000,0.426077814000000,0.456688758000000,1.576322611000000,1.616751918000000,-93.539319410000004,44.065646569999998,3,0
412,412,35.345999999999997,54.506000000000000,32.057000000000002,41.824613970000001,0.235858629000000,0.213239549000000,0.331516567000000,0.588137086000000,41.609000000000002,-0.041191380000000,-0.078962177000000,41.650191380000003,0.407930068000000,0.447812245000000,1.542069824000000,1.593048623000000,-93.539319410000004,44.065607970000002,3,0
413,413,34.332999999999998,54.695000000000000,32.668999999999997,41.783415669999997,0.240305683000000,0.228714562000000,0.361291009000000,0.597294085000000,42.387999999999998,-0.054469708000000,-0.073612332000000,42.442469709999997,0.434690320000000,0.454617545000000,1.593073719000000,1.619648048000000,-93.539319410000004,44.065569369999999,3,0
414,414,33.805999999999997,54.081000000000003,32.581000000000003,41.348606420000003,0.239331076000000,0.230693959000000,0.366596753000000,0.602448180000000,41.774999999999999,-0.056053060000000,-0.070289205000000,41.831053060000002,0.438073763000000,0.452865426000000,1.599745607000000,1.619528925000000,-93.539319410000004,44.065530770000002,3,0
415,415,33.481999999999999,53.267000000000003,31.561000000000000,40.638710340000003,0.241821456000000,0.228071793000000,0.358501848000000,0.592505679000000,41.491000000000000,-0.054029245000000,-0.076761051000000,41.545029249999999,0.433589665000000,0.457268300000000,1.590914521000000,1.622526647000000,-93.539319410000004,44.065492169999999,3,0
416,416,33.423000000000002,53.670999999999999,31.477000000000000,40.777750060000002,0.246409122000000,0.232484442000000,0.364061348000000,0.586480595000000,42.442000000000000,-0.058014186000000,-0.080991136000000,42.500014190000002,0.441126435000000,0.464960989000000,1.605810370000000,1.638210125000000,-93.539319410000004,44.065453570000003,3,0
417,417,33.667999999999999,54.106000000000002,31.478999999999999,41.036247799999998,0.248415139000000,0.232847996000000,0.363051781000000,0.581802388000000,43.064999999999998,-0.058453875000000,-0.084152181000000,43.123453880000000,0.441745359000000,0.468393895000000,1.607045266000000,1.643427341000000,-93.539319410000004,44.065414969999999,3,0
418,418,33.917000000000002,54.597999999999999,31.559999999999999,41.341416250000002,0.250290543000000,0.233644015000000,0.363111228000000,0.578043152000000,43.719000000000001,-0.059247970000000,-0.086729128000000,43.778247970000002,0.443099442000000,0.471574998000000,1.609753221000000,1.648829269000000,-93.539319410000004,44.065376370000003,3,0
419,419,32.662999999999997,52.542999999999999,28.600000000000001,39.351401580000001,0.263440117000000,0.233316903000000,0.351199519000000,0.544316084000000,43.823000000000000,-0.059880850000000,-0.109862397000000,43.882880849999999,0.442543181000000,0.494354620000000,1.608639745000000,1.681394325000000,-93.539319410000004,44.065337769999999,3,0
420,420,42.908999999999999,67.962000000000003,38.959000000000003,51.568140700000001,0.248200118000000,0.225965311000000,0.348384136000000,0.573246814000000,54.055999999999997,-0.052655676000000,-0.089564173000000,54.108655679999998,0.429975914000000,0.468504875000000,1.583863525000000,1.635625884000000,-93.539628210000004,44.065028970000000,3,0
421,421,32.280000000000001,53.789999999999999,28.439000000000000,39.766565610000001,0.278438969000000,0.249912862000000,0.373236626000000,0.528704220000000,46.860999999999997,-0.075085801000000,-0.122046302000000,46.936085800000001,0.470443498000000,0.518278356000000,1.666356877000000,1.738158648000000,-93.539319410000004,44.065299170000003,3,0
422,422,33.950000000000003,56.860999999999997,28.552000000000000,41.637293079999999,0.290652806000000,0.252293224000000,0.367994989000000,0.502136790000000,51.219999999999999,-0.078173303000000,-0.141486055000000,51.298173300000002,0.474390600000000,0.538685432000000,1.674845361000000,1.774260544000000,-93.539319410000004,44.065260570000000,3,0
423,423,33.749000000000002,56.405999999999999,28.071000000000002,41.265857070000003,0.291996885000000,0.251311630000000,0.364941048000000,0.497659823000000,50.991999999999997,-0.077456735000000,-0.144694061000000,51.069456740000000,0.472764612000000,0.541115511000000,1.671338410000000,1.777073544000000,-93.539319410000004,44.065221970000003,3,0
424,424,33.987000000000002,55.572000000000003,30.337000000000000,41.487736830000003,0.266829279000000,0.241014303000000,0.364476039000000,0.545904412000000,46.820000000000000,-0.066642757000000,-0.109263028000000,46.886642760000001,0.455565752000000,0.499399939000000,1.635095772000000,1.698139961000000,-93.539319410000004,44.065183370000000,3,0
425,425,34.445999999999998,55.228999999999999,30.827999999999999,41.581786639999997,0.257118795000000,0.231759130000000,0.353170085000000,0.558185011000000,45.183999999999997,-0.058128013000000,-0.100161822000000,45.242128010000002,0.439890720000000,0.483529099000000,1.603350171000000,1.663706833000000,-93.539319410000004,44.065144770000003,3,0
426,426,35.472999999999999,56.918999999999997,33.091999999999999,43.178647320000003,0.248203155000000,0.232119664000000,0.361652614000000,0.581387586000000,45.273000000000003,-0.057830480000000,-0.084394823000000,45.330830480000003,0.440505116000000,0.468071177000000,1.604572492000000,1.642130189000000,-93.539319410000004,44.065106170000000,3,0
427,427,35.848999999999997,57.408999999999999,33.933000000000000,43.712670060000001,0.243965330000000,0.231186601000000,0.363421829000000,0.591074570000000,45.036000000000001,-0.056768168000000,-0.077857710000000,45.092768169999999,0.438914434000000,0.460817941000000,1.601411476000000,1.630972284000000,-93.539319410000004,44.065067569999997,3,0
428,428,36.636000000000003,57.920999999999999,34.246000000000002,44.233574179999998,0.240783188000000,0.225102319000000,0.352920694000000,0.591253604000000,44.960000000000001,-0.051478615000000,-0.077456270000000,45.011478609999998,0.428492473000000,0.455627615000000,1.580985915000000,1.616904244000000,-93.539319410000004,44.065028970000000,3,0
429,429,37.024000000000001,59.201999999999998,34.506000000000000,44.967830780000000,0.246790991000000,0.230478249000000,0.359332469000000,0.582851931000000,46.874000000000002,-0.056362635000000,-0.083327724000000,46.930362639999998,0.437705485000000,0.465731455000000,1.599016854000000,1.636963835000000,-93.539319410000004,44.064990369999997,3,0
430,430,37.414999999999999,60.527000000000001,35.463999999999999,45.902415509999997,0.248410534000000,0.235976394000000,0.369922213000000,0.585920333000000,48.174999999999997,-0.061061721000000,-0.081536063000000,48.236061720000002,0.447058404000000,0.468225118000000,1.617720166000000,1.646828308000000,-93.539319410000004,44.064951770000000,3,0
431,431,42.262000000000000,67.994000000000000,38.216999999999999,51.217834680000003,0.256431696000000,0.233384124000000,0.357195408000000,0.562064300000000,55.509000000000000,-0.059453234000000,-0.097594849000000,55.568453230000003,0.442657513000000,0.482190970000000,1.608868487000000,1.663682564000000,-93.539628210000004,44.064990369999997,3,0
432,432,37.460000000000001,59.448999999999998,35.084000000000003,45.344320690000004,0.242130776000000,0.226903590000000,0.355665184000000,0.590152904000000,46.353999999999999,-0.053070996000000,-0.078272333000000,46.407071000000002,0.431586829000000,0.457867155000000,1.586999466000000,1.622009965000000,-93.539319410000004,44.064913169999997,3,0
433,433,34.137999999999998,54.064000000000000,32.682000000000002,41.458542600000001,0.236115874000000,0.225913245000000,0.358897695000000,0.604505771000000,41.308000000000000,-0.051874524000000,-0.068736971000000,41.359874519999998,0.429886462000000,0.447484678000000,1.583689730000000,1.606843598000000,-93.539280809999994,44.065646569999998,3,0
434,434,35.174999999999997,54.454000000000001,32.463000000000001,41.858352850000003,0.233763438000000,0.215097792000000,0.337245915000000,0.596154552000000,41.270000000000003,-0.042664548000000,-0.073762409000000,41.312664550000001,0.411171870000000,0.443948619000000,1.548088131000000,1.590007662000000,-93.539280809999994,44.065607970000002,3,0
435,435,33.423000000000002,52.808000000000000,31.297999999999998,40.354043980000000,0.240082894000000,0.224803145000000,0.352884423000000,0.592675352000000,40.895000000000003,-0.051185665000000,-0.076498566000000,40.946185659999998,0.427977809000000,0.454425507000000,1.579989827000000,1.614932577000000,-93.539280809999994,44.065569369999999,3,0
436,436,32.994999999999997,53.287999999999997,31.614000000000001,40.528697510000001,0.245155826000000,0.235191173000000,0.371197571000000,0.593266777000000,41.966999999999999,-0.060179648000000,-0.076578709000000,42.027179650000001,0.445727007000000,0.462693520000000,1.615032581000000,1.638191468000000,-93.539280809999994,44.065530770000002,3,0
437,437,33.753000000000000,54.337000000000003,31.786999999999999,41.239899559999998,0.247592042000000,0.233670110000000,0.365593308000000,0.584997331000000,43.134000000000000,-0.059083894000000,-0.082044095000000,43.193083889999997,0.443143806000000,0.466933821000000,1.609842088000000,1.642336717000000,-93.539280809999994,44.065492169999999,3,0
438,438,32.877000000000002,53.375000000000000,31.100999999999999,40.402392480000003,0.250527154000000,0.237652460000000,0.371670505000000,0.582688525000000,42.771999999999998,-0.062607688000000,-0.083795046000000,42.834607689999999,0.449895416000000,0.471763160000000,1.623475378000000,1.653776983000000,-93.539280809999994,44.065453570000003,3,0
439,439,33.491999999999997,53.079999999999998,30.945000000000000,40.401293250000002,0.244570538000000,0.226262533000000,0.352131159000000,0.582987943000000,41.722999999999999,-0.052683442000000,-0.083026286000000,41.775683440000002,0.430486428000000,0.462149550000000,1.584856085000000,1.627153707000000,-93.539280809999994,44.065414969999999,3,0
440,440,32.786000000000001,53.866999999999997,29.548999999999999,40.206628330000001,0.266944593000000,0.243280671000000,0.369168535000000,0.548554774000000,45.399000000000001,-0.068558200000000,-0.107557529000000,45.467558199999999,0.459373121000000,0.499389366000000,1.642987861000000,1.700857208000000,-93.539280809999994,44.065376370000003,3,0
441,441,33.240000000000002,53.405999999999999,29.734999999999999,40.171584740000000,0.258188201000000,0.232740115000000,0.354342746000000,0.556772647000000,43.837000000000003,-0.059030254000000,-0.101193494000000,43.896030250000003,0.441561731000000,0.485292195000000,1.606678700000000,1.667415865000000,-93.539280809999994,44.065337769999999,3,0
442,442,42.152000000000001,68.459000000000003,37.789000000000001,51.288186770000003,0.262737539000000,0.237833489000000,0.361250721000000,0.551994625000000,56.976999999999997,-0.063653639000000,-0.104814016000000,57.040653640000002,0.450201437000000,0.492673711000000,1.624098501000000,1.684279424000000,-93.539628210000004,44.064951770000000,3,0
443,443,32.674999999999997,54.837000000000003,28.331000000000000,40.321201019999997,0.285141786000000,0.253245269000000,0.374478295000000,0.516640225000000,48.667999999999999,-0.078485536000000,-0.130984177000000,48.746485540000002,0.475965372000000,0.529234844000000,1.678255547000000,1.759902754000000,-93.539280809999994,44.065299170000003,3,0
444,444,34.511000000000003,57.512999999999998,28.273000000000000,42.024266079999997,0.293807997000000,0.249956533000000,0.360810027000000,0.491593205000000,52.241999999999997,-0.076457435000000,-0.149054424000000,52.318457430000002,0.470516039000000,0.544421491000000,1.666512127000000,1.780908062000000,-93.539280809999994,44.065260570000000,3,0
445,445,35.034999999999997,58.195999999999998,28.088000000000001,42.438824150000002,0.296738434000000,0.248425953000000,0.355540887000000,0.482644855000000,53.268999999999998,-0.075396269000000,-0.155563432000000,53.344396269999997,0.467970871000000,0.549714177000000,1.661081775000000,1.787939372000000,-93.539280809999994,44.065221970000003,3,0
446,446,34.619000000000000,56.630000000000003,29.675000000000001,41.976333359999998,0.275780889000000,0.241219082000000,0.357472310000000,0.524015539000000,48.966000000000001,-0.067508518000000,-0.124747775000000,49.033508519999998,0.455910274000000,0.514760544000000,1.635806927000000,1.721938615000000,-93.539280809999994,44.065183370000000,3,0
447,447,34.317000000000000,55.130000000000003,30.265000000000001,41.364008570000003,0.261253017000000,0.232685277000000,0.351677875000000,0.548975150000000,45.677999999999997,-0.059193732000000,-0.106580794000000,45.737193730000001,0.441468380000000,0.490620819000000,1.606492409000000,1.675135852000000,-93.539280809999994,44.065144770000003,3,0
448,448,34.918999999999997,56.003999999999998,31.713999999999999,42.275139950000003,0.254001041000000,0.231899519000000,0.356111402000000,0.566280980000000,45.375000000000000,-0.058036319000000,-0.094623972000000,45.433036319999999,0.440129998000000,0.478107775000000,1.603825997000000,1.656075901000000,-93.539280809999994,44.065106170000000,3,0
449,449,36.399000000000001,58.348999999999997,33.823999999999998,44.247621320000000,0.248634450000000,0.231667159000000,0.360284945000000,0.579684313000000,46.475000000000001,-0.057480633000000,-0.085519398000000,46.532480630000002,0.439733942000000,0.468842954000000,1.603038545000000,1.642687072000000,-93.539280809999994,44.065067569999997,3,0
450,450,37.037999999999997,59.076999999999998,33.814999999999998,44.741329129999997,0.250260572000000,0.229298236000000,0.353756019000000,0.572388578000000,47.301000000000002,-0.055597629000000,-0.090325560000000,47.356597630000003,0.435688958000000,0.471826443000000,1.595037529000000,1.644133601000000,-93.539280809999994,44.065028970000000,3,0
451,451,38.848999999999997,62.140999999999998,36.090000000000003,47.163675220000002,0.247679712000000,0.230636697000000,0.358890601000000,0.580775977000000,49.343000000000004,-0.056553837000000,-0.084731544000000,49.399553840000003,0.437976010000000,0.467258180000000,1.599552112000000,1.639275885000000,-93.539280809999994,44.064990369999997,3,0
452,452,38.253000000000000,61.037999999999997,35.454999999999998,46.353663930000003,0.247047767000000,0.229476992000000,0.356930259000000,0.580867656000000,48.368000000000002,-0.055540053000000,-0.084611046000000,48.423540050000000,0.435994641000000,0.466238703000000,1.595639558000000,1.636514290000000,-93.539280809999994,44.064951770000000,3,0
453,453,38.524000000000001,62.841999999999999,35.067000000000000,47.127168490000003,0.261412621000000,0.239902926000000,0.366792863000000,0.558018523000000,52.093000000000004,-0.065295053000000,-0.100768876000000,52.158295050000000,0.453694202000000,0.490222112000000,1.631242862000000,1.683123306000000,-93.539628210000004,44.065607970000002,3,0
454,454,44.320000000000000,70.747000000000000,40.728000000000002,53.628880260000003,0.249163511000000,0.229666194000000,0.355493079000000,0.575685188000000,56.445999999999998,-0.055836195000000,-0.088114509000000,56.501836189999999,0.436318109000000,0.469893932000000,1.596277076000000,1.641842892000000,-93.539628210000004,44.064913169999997,3,0
455,455,38.569000000000003,59.950000000000003,35.250999999999998,45.913698979999999,0.237869089000000,0.217024127000000,0.337943352000000,0.588006672000000,46.079999999999998,-0.044504747000000,-0.079230022000000,46.124504750000000,0.414524375000000,0.451067393000000,1.554357126000000,1.601622269000000,-93.539280809999994,44.064913169999997,3,0
456,456,33.369999999999997,52.540999999999997,30.984000000000002,40.141922549999997,0.240373947000000,0.223149538000000,0.349026890000000,0.589710892000000,40.728000000000002,-0.049813936000000,-0.078390008000000,40.777813940000001,0.425129451000000,0.455033310000000,1.574498052000000,1.613878970000000,-93.539242209999998,44.065646569999998,3,0
457,457,33.929000000000002,53.231999999999999,31.981999999999999,40.856134539999999,0.235260334000000,0.221463728000000,0.349825115000000,0.600804028000000,40.552999999999997,-0.048105218000000,-0.070983608000000,40.601105220000001,0.422219215000000,0.446193990000000,1.568923340000000,1.600104386000000,-93.539242209999998,44.065607970000002,3,0
458,458,33.023000000000003,52.704999999999998,31.396999999999998,40.224814739999999,0.241359006000000,0.229586599000000,0.362260956000000,0.595711982000000,40.990000000000002,-0.055264034000000,-0.074699680000000,41.045264029999998,0.436182041000000,0.456397936000000,1.596008842000000,1.623070711000000,-93.539242209999998,44.065569369999999,3,0
459,459,32.731000000000002,53.134999999999998,31.274000000000001,40.301818249999997,0.248216121000000,0.237626069000000,0.373754396000000,0.588576268000000,42.265000000000001,-0.062417620000000,-0.079830971000000,42.327417619999999,0.449850795000000,0.467823968000000,1.623384559000000,1.648188070000000,-93.539242209999998,44.065530770000002,3,0
460,460,33.271999999999998,53.509000000000000,31.038000000000000,40.552831830000002,0.249276242000000,0.233196207000000,0.363041099000000,0.580051954000000,42.707999999999998,-0.058803758000000,-0.085349562000000,42.766803760000002,0.442337871000000,0.469856085000000,1.608229142000000,1.645885396000000,-93.539242209999998,44.065492169999999,3,0
461,461,33.582000000000001,54.058000000000000,31.533000000000001,41.005480030000001,0.248229243000000,0.233637608000000,0.364945550000000,0.583317918000000,43.000999999999998,-0.059100635000000,-0.083171524000000,43.060100640000002,0.443088549000000,0.468030279000000,1.609731404000000,1.643834377000000,-93.539242209999998,44.065453570000003,3,0
462,462,31.815000000000001,52.195999999999998,29.311000000000000,39.139712830000001,0.261397552000000,0.242599183000000,0.372595978000000,0.561556441000000,43.265999999999998,-0.067550873000000,-0.098485731000000,43.333550870000003,0.458229558000000,0.489996316000000,1.640609775000000,1.686011471000000,-93.539242209999998,44.065414969999999,3,0
463,463,33.552000000000000,54.058000000000000,30.268000000000001,40.678232889999997,0.257630746000000,0.234060039000000,0.357608734000000,0.559917126000000,44.295999999999999,-0.060106212000000,-0.099109249000000,44.356106210000000,0.443806535000000,0.484205923000000,1.611170720000000,1.667393914000000,-93.539242209999998,44.065376370000003,3,0
464,464,32.029000000000003,52.728999999999999,29.452000000000002,39.469923510000001,0.263431553000000,0.244224734000000,0.374281271000000,0.558554116000000,43.976999999999997,-0.069069258000000,-0.100658436000000,44.046069260000003,0.460955448000000,0.493338972000000,1.646289300000000,1.692921713000000,-93.539242209999998,44.065337769999999,3,0
465,465,42.094999999999999,66.445999999999998,38.515000000000001,50.565024690000001,0.244878268000000,0.224348403000000,0.347742267000000,0.579643620000000,52.281999999999996,-0.051089381000000,-0.085171635000000,52.333089379999997,0.427195132000000,0.462825621000000,1.578477254000000,1.625894387000000,-93.539589609999993,44.065646569999998,3,0
466,466,32.472000000000001,53.500999999999998,29.370999999999999,39.914255709999999,0.267458320000000,0.244600049000000,0.371523974000000,0.548980393000000,45.158999999999999,-0.069706270000000,-0.107344985000000,45.228706270000004,0.461583909000000,0.500150896000000,1.647604090000000,1.703603144000000,-93.539242209999998,44.065299170000003,3,0
467,467,33.576000000000001,56.029000000000003,28.879999999999999,41.233687750000001,0.284229345000000,0.250577535000000,0.369748868000000,0.515447358000000,49.601999999999997,-0.076149724000000,-0.131636916000000,49.678149720000000,0.471547054000000,0.528015147000000,1.668721706000000,1.754578057000000,-93.539242209999998,44.065260570000000,3,0
468,468,34.649999999999999,56.844000000000001,29.608000000000001,42.065411370000000,0.277780900000000,0.242573283000000,0.358627153000000,0.520864119000000,49.430000000000000,-0.068818021000000,-0.127106076000000,49.498818020000002,0.458186075000000,0.518027138000000,1.640519481000000,1.728714797000000,-93.539242209999998,44.065221970000003,3,0
469,469,34.420999999999999,55.695999999999998,30.471000000000000,41.694649929999997,0.263778902000000,0.236081982000000,0.356687791000000,0.547094944000000,46.500000000000000,-0.062249975000000,-0.108108601000000,46.562249979999997,0.447237325000000,0.494641813000000,1.618081985000000,1.685110827000000,-93.539242209999998,44.065183370000000,3,0
470,470,34.615000000000002,55.604999999999997,30.707999999999998,41.765597939999999,0.259934403000000,0.232653514000000,0.352701976000000,0.552252495000000,45.887000000000000,-0.059076475000000,-0.104308349000000,45.946076480000002,0.441414305000000,0.488332228000000,1.606384515000000,1.671743999000000,-93.539242209999998,44.065144770000003,3,0
471,471,34.866000000000000,56.287999999999997,31.803000000000001,42.408362810000000,0.256113141000000,0.235008886000000,0.360937474000000,0.565004974000000,45.906999999999996,-0.060798491000000,-0.095674097000000,45.967798490000000,0.445417718000000,0.481507540000000,1.614409453000000,1.664607037000000,-93.539242209999998,44.065106170000000,3,0
472,472,35.868000000000002,58.101999999999997,33.082999999999998,43.805786210000001,0.255207799000000,0.236607428000000,0.365168263000000,0.569395202000000,47.253000000000000,-0.062074882000000,-0.092762863000000,47.315074879999997,0.448127311000000,0.479833183000000,1.619884019000000,1.664075317000000,-93.539242209999998,44.065067569999997,3,0
473,473,37.031999999999996,59.228000000000002,34.405000000000001,44.955641219999997,0.247607863000000,0.230583835000000,0.358839221000000,0.580890795000000,47.018999999999998,-0.056504802000000,-0.084651590000000,47.075504799999997,0.437885764000000,0.467137271000000,1.599373515000000,1.639045903000000,-93.539242209999998,44.065028970000000,3,0
474,474,37.976999999999997,60.439000000000000,34.912999999999997,45.876801759999999,0.247656992000000,0.228235246000000,0.353715572000000,0.577656811000000,47.988000000000000,-0.054535772000000,-0.086708818000000,48.042535770000001,0.433869647000000,0.467381432000000,1.591463254000000,1.636674313000000,-93.539242209999998,44.064990369999997,3,0
475,475,38.155000000000001,60.735999999999997,35.122999999999998,46.109618840000003,0.247465982000000,0.228342316000000,0.354111780000000,0.578289647000000,48.194000000000003,-0.054613697000000,-0.086288000000000,48.248613700000000,0.434053016000000,0.467041774000000,1.591822828000000,1.636324225000000,-93.539242209999998,44.064951770000000,3,0
476,476,42.008000000000003,66.140000000000001,37.984000000000002,50.272444139999998,0.246325469000000,0.223138662000000,0.343937062000000,0.574296946000000,52.287999999999997,-0.050151917000000,-0.088703364000000,52.338151920000001,0.425110696000000,0.465461731000000,1.574462007000000,1.628151115000000,-93.539589609999993,44.065607970000002,3,0
477,477,38.767000000000003,60.357999999999997,35.363999999999997,46.175682449999996,0.239085026000000,0.217815889000000,0.338623924000000,0.585904106000000,46.585000000000001,-0.045239388000000,-0.080663846000000,46.630239390000000,0.415899921000000,0.453153546000000,1.556942761000000,1.605312609000000,-93.539242209999998,44.064913169999997,3,0
478,478,32.994000000000000,52.447000000000003,30.997000000000000,40.000441060000000,0.242194393000000,0.227677579000000,0.357302917000000,0.591015692000000,40.902999999999999,-0.053723011000000,-0.077734073000000,40.956723009999997,0.432914152000000,0.457934885000000,1.589592047000000,1.622987139000000,-93.539203610000001,44.065646569999998,3,0
479,479,33.732999999999997,53.591999999999999,32.414999999999999,41.072091000000000,0.236747975000000,0.227414830000000,0.361664542000000,0.604847738000000,41.036000000000001,-0.053163521000000,-0.068573576000000,41.089163520000000,0.432463715000000,0.448523870000000,1.588711351000000,1.609936978000000,-93.539203610000001,44.065607970000002,3,0
480,480,30.904000000000000,51.183000000000000,29.867000000000001,38.586674700000003,0.254969749000000,0.247042772000000,0.388337802000000,0.583533595000000,41.594999999999999,-0.070720117000000,-0.083687943000000,41.665720120000003,0.465665893000000,0.478924348000000,1.656193373000000,1.675124662000000,-93.539203610000001,44.065569369999999,3,0
481,481,31.734000000000002,52.174999999999997,30.266999999999999,39.350428500000000,0.254576167000000,0.243609148000000,0.381063346000000,0.580105414000000,42.348999999999997,-0.067854891000000,-0.085842909000000,42.416854890000003,0.459923919000000,0.478379003000000,1.644135627000000,1.670254314000000,-93.539203610000001,44.065530770000002,3,0
482,482,31.712000000000000,51.896999999999998,30.660000000000000,39.323382160000001,0.249280840000000,0.241421378000000,0.381215887000000,0.590785595000000,41.421999999999997,-0.065636349000000,-0.078525234000000,41.487636350000002,0.456250522000000,0.469504058000000,1.636509839000000,1.654998346000000,-93.539203610000001,44.065492169999999,3,0
483,483,32.841000000000001,53.530000000000001,31.995000000000001,40.692637359999999,0.245636897000000,0.239536418000000,0.380480359000000,0.597702223000000,42.223999999999997,-0.063807174000000,-0.073813426000000,42.287807170000001,0.453076359000000,0.463385189000000,1.629974727000000,1.644202024000000,-93.539203610000001,44.065453570000003,3,0
484,484,32.954000000000001,52.814999999999998,31.423999999999999,40.261056940000003,0.242647405000000,0.231563852000000,0.365461404000000,0.594982486000000,41.252000000000002,-0.056994872000000,-0.075272414000000,41.308994869999999,0.439557815000000,0.458533635000000,1.602688596000000,1.628262753000000,-93.539203610000001,44.065414969999999,3,0
485,485,33.344999999999999,53.186999999999998,31.611000000000001,40.579146180000002,0.241744003000000,0.229302455000000,0.361282570000000,0.594336962000000,41.417999999999999,-0.055051929000000,-0.075599909000000,41.473051929999997,0.435696172000000,0.457074969000000,1.595051732000000,1.623670391000000,-93.539203610000001,44.065376370000003,3,0
486,486,31.922999999999998,51.767000000000003,30.308000000000000,39.232108799999999,0.249165988000000,0.237113156000000,0.371735791000000,0.585469508000000,41.302999999999997,-0.062060738000000,-0.081894419000000,41.365060739999997,0.448983282000000,0.469464831000000,1.621620775000000,1.649898612000000,-93.539203610000001,44.065337769999999,3,0
487,487,40.725000000000001,64.522000000000006,37.039999999999999,48.967934100000001,0.247953426000000,0.226106207000000,0.348893809000000,0.574067760000000,51.279000000000003,-0.052759563000000,-0.089017268000000,51.331759560000002,0.430217945000000,0.468062170000000,1.584333947000000,1.635170472000000,-93.539589609999993,44.065569369999999,3,0
488,488,32.344000000000001,52.609999999999999,31.082999999999998,39.916994400000000,0.247813480000000,0.238552628000000,0.376194984000000,0.590819236000000,41.792999999999999,-0.063155718000000,-0.078369830000000,41.856155719999997,0.451416346000000,0.467105356000000,1.626576799000000,1.648260116000000,-93.539203610000001,44.065299170000003,3,0
489,489,32.890999999999998,53.151000000000003,31.036000000000001,40.290941820000000,0.248929383000000,0.235466400000000,0.368323456000000,0.583921281000000,42.375000000000000,-0.060674081000000,-0.082855874000000,42.435674079999998,0.446193839000000,0.469137197000000,1.615973975000000,1.647516363000000,-93.539203610000001,44.065260570000000,3,0
490,490,33.511000000000003,54.081000000000003,32.042999999999999,41.127831340000000,0.245273895000000,0.234838798000000,0.370303696000000,0.592500139000000,42.607999999999997,-0.059895516000000,-0.077074435000000,42.667895520000002,0.445129058000000,0.462908487000000,1.613828295000000,1.638081782000000,-93.539203610000001,44.065221970000003,3,0
491,491,33.829000000000001,55.225000000000001,32.683000000000000,41.882296799999999,0.248290593000000,0.240258719000000,0.379556864000000,0.591815301000000,43.938000000000002,-0.064601559000000,-0.077780790000000,44.002601560000002,0.454293676000000,0.467861479000000,1.632475095000000,1.651317782000000,-93.539203610000001,44.065183370000000,3,0
492,492,34.341999999999999,55.734999999999999,32.908999999999999,42.303528100000001,0.247419162000000,0.237496808000000,0.374212846000000,0.590454831000000,44.219000000000001,-0.062252614000000,-0.078565040000000,44.281252610000003,0.449632230000000,0.466471264000000,1.622939840000000,1.646139176000000,-93.539203610000001,44.065144770000003,3,1
493,493,34.207999999999998,55.314000000000000,32.347999999999999,41.937330090000003,0.248735777000000,0.235763276000000,0.369153811000000,0.584806740000000,44.072000000000003,-0.060907524000000,-0.082274555000000,44.132907520000003,0.446697191000000,0.468791390000000,1.616990178000000,1.647375887000000,-93.539203610000001,44.065106170000000,3,0
494,494,34.777999999999999,56.182000000000002,32.506999999999998,42.515218679999997,0.250928199000000,0.235312225000000,0.366174533000000,0.578601687000000,45.079000000000001,-0.060686661000000,-0.086437672000000,45.139686660000002,0.445932354000000,0.472571589000000,1.615446547000000,1.652185173000000,-93.539203610000001,44.065067569999997,3,0
495,495,35.009000000000000,57.219999999999999,33.249000000000002,43.225202840000001,0.252777808000000,0.240824470000000,0.376585283000000,0.581073051000000,46.182000000000002,-0.065409076000000,-0.085045984000000,46.247409079999997,0.455246282000000,0.475449829000000,1.634436859000000,1.662752923000000,-93.539203610000001,44.065028970000000,3,0
496,496,36.725000000000001,59.171999999999997,34.725999999999999,44.929375260000000,0.247071841000000,0.234074059000000,0.366954930000000,0.586865409000000,46.893000000000001,-0.059384641000000,-0.080809658000000,46.952384639999998,0.443830357000000,0.466020926000000,1.611218516000000,1.641529492000000,-93.539203610000001,44.064990369999997,3,0
497,497,36.530999999999999,58.997999999999998,34.365000000000002,44.707311820000001,0.249348834000000,0.235185127000000,0.367323916000000,0.582477372000000,47.100000000000001,-0.060469306000000,-0.083814495000000,47.160469310000003,0.445716750000000,0.469870113000000,1.615011908000000,1.648220398000000,-93.539203610000001,44.064951770000000,3,0
498,498,39.784999999999997,63.213000000000001,35.613999999999997,47.774074519999999,0.252827945000000,0.227460727000000,0.347678974000000,0.563396770000000,51.027000000000001,-0.054208871000000,-0.096336537000000,51.081208869999998,0.432542410000000,0.476460774000000,1.588865150000000,1.648556651000000,-93.539589609999993,44.065530770000002,3,0
499,499,36.606000000000002,58.381000000000000,34.578000000000003,44.512090049999998,0.242505826000000,0.229241896000000,0.360459534000000,0.592281735000000,45.578000000000003,-0.055050361000000,-0.076963686000000,45.633050359999999,0.435592597000000,0.458393556000000,1.594847839000000,1.625405801000000,-93.539203610000001,44.064913169999997,3,0
500,500,33.585999999999999,52.289999999999999,30.660000000000000,40.009578419999997,0.238908699000000,0.217802413000000,0.338742394000000,0.586345382000000,40.334000000000003,-0.045218645000000,-0.080370014000000,40.379218639999998,0.415876521000000,0.452843113000000,1.556898708000000,1.604879910000000,-93.539165010000005,44.065646569999998,3,0
501,501,32.232999999999997,52.329000000000001,31.693999999999999,39.924095340000001,0.241605125000000,0.237648116000000,0.380116517000000,0.605667985000000,40.731000000000002,-0.061956372000000,-0.068447220000000,40.792956369999999,0.449888071000000,0.456587623000000,1.623460429000000,1.632602627000000,-93.539165010000005,44.065607970000002,3,0
502,502,31.289000000000001,50.963000000000001,29.302000000000000,38.448390060000001,0.254342623000000,0.239191752000000,0.371558074000000,0.574966152000000,41.335000000000001,-0.064169819000000,-0.089106621000000,41.399169819999997,0.452495044000000,0.478192807000000,1.628783278000000,1.664761194000000,-93.539165010000005,44.065569369999999,3,0
503,503,31.356999999999999,51.225000000000001,29.646000000000001,38.670175370000003,0.253571363000000,0.240585115000000,0.375321143000000,0.578740849000000,41.447000000000003,-0.065270699000000,-0.086614749000000,41.512270700000002,0.454843353000000,0.476808340000000,1.633606531000000,1.664416984000000,-93.539165010000005,44.065530770000002,3,0
504,504,31.940000000000001,51.646000000000001,30.760000000000002,39.300765540000000,0.244541906000000,0.235757184000000,0.373036005000000,0.595593076000000,40.591999999999999,-0.060605531000000,-0.075052910000000,40.652605530000002,0.446686865000000,0.461625961000000,1.616969317000000,1.637366334000000,-93.539165010000005,44.065492169999999,3,0
505,505,33.555000000000000,53.415999999999997,32.356999999999999,40.931579210000002,0.236882323000000,0.228363477000000,0.363661332000000,0.605754830000000,40.920000000000002,-0.053960512000000,-0.068015889000000,40.973960509999998,0.434089253000000,0.448724612000000,1.591893906000000,1.611283112000000,-93.539165010000005,44.065453570000003,3,0
506,506,32.445000000000000,52.350999999999999,31.381000000000000,39.908530360000000,0.242547233000000,0.234751639000000,0.372666854000000,0.599434586000000,40.875999999999998,-0.059633146000000,-0.072454961000000,40.935633150000001,0.444981112000000,0.458252130000000,1.613530590000000,1.631546201000000,-93.539165010000005,44.065414969999999,3,0
507,507,32.375000000000000,52.185000000000002,31.177000000000000,39.763551900000003,0.243077143000000,0.234271523000000,0.371091921000000,0.597432212000000,40.817999999999998,-0.059272316000000,-0.073763792000000,40.877272320000003,0.444165828000000,0.459171960000000,1.611891892000000,1.632258493000000,-93.539165010000005,44.065376370000003,3,0
508,508,31.824999999999999,51.441000000000003,31.036000000000001,39.252347710000002,0.241464195000000,0.235582351000000,0.375569596000000,0.603331973000000,40.021000000000001,-0.060243915000000,-0.069907788000000,40.081243919999999,0.446390457000000,0.456384894000000,1.616370778000000,1.629939855000000,-93.539165010000005,44.065337769999999,3,0
509,509,39.409999999999997,63.540999999999997,36.497999999999998,48.037175830000002,0.252101089000000,0.234393061000000,0.363128828000000,0.574400781000000,51.173999999999999,-0.060000430000000,-0.089235491000000,51.234000430000002,0.444372262000000,0.474643195000000,1.612306521000000,1.654051221000000,-93.539589609999993,44.065492169999999,3,0
510,510,32.942999999999998,52.459000000000003,31.378000000000000,40.090592469999997,0.239879697000000,0.228519238000000,0.361246853000000,0.598143312000000,40.597000000000001,-0.054279842000000,-0.073041617000000,40.651279840000001,0.434355956000000,0.453890174000000,1.592417205000000,1.618436923000000,-93.539165010000005,44.065299170000003,3,0
511,511,33.634999999999998,52.741000000000000,31.442000000000000,40.420810109999998,0.236897496000000,0.221195703000000,0.347799177000000,0.596158586000000,40.405000000000001,-0.047972296000000,-0.074031133000000,40.452972299999999,0.421755926000000,0.449072005000000,1.568039245000000,1.603642622000000,-93.539165010000005,44.065260570000000,3,0
512,512,32.508000000000003,53.402999999999999,32.128000000000000,40.582668130000002,0.245972399000000,0.243216817000000,0.388505662000000,0.601614142000000,42.170000000000002,-0.066857564000000,-0.071364549000000,42.236857559999997,0.459266020000000,0.463892559000000,1.642764858000000,1.649209730000000,-93.539165010000005,44.065221970000003,3,0
513,513,31.591999999999999,52.761000000000003,31.248999999999999,39.825777189999997,0.253505818000000,0.250957287000000,0.398632871000000,0.592274597000000,42.680999999999997,-0.073806682000000,-0.077960589000000,42.754806680000002,0.472177069000000,0.476407470000000,1.670074702000000,1.676156824000000,-93.539165010000005,44.065183370000000,3,0
514,514,32.186000000000000,52.329000000000001,31.073000000000000,39.748350770000002,0.246544424000000,0.238336390000000,0.376913289000000,0.593800761000000,41.399000000000001,-0.062883690000000,-0.076364328000000,41.461883690000001,0.451051164000000,0.464955636000000,1.625831107000000,1.644996360000000,-93.539165010000005,44.065144770000003,3,0
515,515,32.014000000000003,52.280000000000001,30.672000000000001,39.576365760000002,0.250373701000000,0.240420433000000,0.377941890000000,0.586687070000000,41.874000000000002,-0.064892229000000,-0.081234452000000,41.938892230000000,0.454566047000000,0.471387042000000,1.633035547000000,1.656489627000000,-93.539165010000005,44.065106170000000,3,0
516,516,33.145000000000003,54.107999999999997,31.914999999999999,41.007454260000003,0.249059304000000,0.240255349000000,0.378817449000000,0.589838841000000,43.155999999999999,-0.064656619000000,-0.079106807000000,43.220656620000000,0.454287999000000,0.469164162000000,1.632463418000000,1.653150433000000,-93.539165010000005,44.065067569999997,3,0
517,517,31.766999999999999,52.436999999999998,30.728999999999999,39.593992389999997,0.253199498000000,0.245475274000000,0.386535764000000,0.586017507000000,42.378000000000000,-0.069285584000000,-0.081929472000000,42.447285579999999,0.463048143000000,0.475996414000000,1.650675229000000,1.669037457000000,-93.539165010000005,44.065028970000000,3,0
518,518,33.204000000000001,54.204999999999998,32.073000000000000,41.107034960000000,0.248337527000000,0.240261300000000,0.379517855000000,0.591698183000000,43.133000000000003,-0.064607221000000,-0.077859427000000,43.197607220000002,0.454298024000000,0.467940911000000,1.632484038000000,1.651432651000000,-93.539165010000005,44.064990369999997,3,0
519,519,32.018999999999998,52.832999999999998,30.870000000000001,39.872710589999997,0.253786598000000,0.245297695000000,0.385572969000000,0.584293907000000,42.777000000000001,-0.069186499000000,-0.083087053000000,42.846186500000002,0.462751206000000,0.476988744000000,1.650051532000000,1.670254288000000,-93.539165010000005,44.064951770000000,3,0
520,520,39.832000000000001,64.084999999999994,37.453000000000003,48.635387180000002,0.247669806000000,0.233388185000000,0.364904309000000,0.584426933000000,50.884999999999998,-0.058854071000000,-0.082413525000000,50.943854070000000,0.442664419000000,0.467082049000000,1.608882306000000,1.642216940000000,-93.539589609999993,44.065453570000003,3,0
521,521,32.539999999999999,53.168999999999997,30.693999999999999,40.116147190000000,0.254192909000000,0.240686509000000,0.374970463000000,0.577291279000000,43.103999999999999,-0.065402094000000,-0.087604271000000,43.169402089999998,0.455014056000000,0.477859660000000,1.633958205000000,1.666046718000000,-93.539165010000005,44.064913169999997,3,0
522,522,33.229999999999997,52.131000000000000,30.981000000000002,39.923662250000000,0.237729488000000,0.221424304000000,0.347572637000000,0.594291305000000,40.051000000000002,-0.048211308000000,-0.075274621000000,40.099211310000001,0.422151080000000,0.450514959000000,1.568793259000000,1.605833595000000,-93.539126409999994,44.065646569999998,3,0
523,523,32.640000000000001,52.017000000000003,30.870000000000001,39.682467959999997,0.241870792000000,0.228888338000000,0.360254337000000,0.593459830000000,40.524000000000001,-0.054714482000000,-0.076164014000000,40.578714480000002,0.434987724000000,0.457313366000000,1.593658088000000,1.623522282000000,-93.539126409999994,44.065607970000002,3,0
524,524,30.832999999999998,51.212000000000003,29.838000000000001,38.573086810000000,0.256004169000000,0.248388080000000,0.390349953000000,0.582636882000000,41.753000000000000,-0.071912623000000,-0.084363129000000,41.824912619999999,0.467907820000000,0.480619638000000,1.660947686000000,1.679190221000000,-93.539126409999994,44.065569369999999,3,0
525,525,32.905999999999999,52.124000000000002,30.440999999999999,39.692025620000003,0.244046660000000,0.226014348000000,0.352048948000000,0.584011204000000,40.901000000000003,-0.052442605000000,-0.082328896000000,40.953442600000002,0.430060154000000,0.461253827000000,1.584027229000000,1.625636456000000,-93.539126409999994,44.065530770000002,3,0
526,526,32.991000000000000,52.195999999999998,31.241000000000000,39.953425289999998,0.238163014000000,0.225445197000000,0.356004152000000,0.598532455000000,40.159999999999997,-0.051607861000000,-0.072650909000000,40.211607860000001,0.429082068000000,0.451054081000000,1.582128459000000,1.611105710000000,-93.539126409999994,44.065492169999999,3,0
527,527,32.201999999999998,51.917999999999999,30.844000000000001,39.512866529999997,0.244424204000000,0.234379458000000,0.370072828000000,0.594090681000000,40.789999999999999,-0.059455134000000,-0.075992485000000,40.849455130000003,0.444349159000000,0.461472143000000,1.612260108000000,1.635559149000000,-93.539126409999994,44.065453570000003,3,0
528,528,33.259000000000000,52.969999999999999,31.795999999999999,40.509124890000002,0.239100558000000,0.228588990000000,0.362114894000000,0.600264301000000,40.884999999999998,-0.054288498000000,-0.071642449000000,40.939288500000004,0.434475370000000,0.452542346000000,1.592651613000000,1.616689086000000,-93.539126409999994,44.065414969999999,3,0
529,529,32.122999999999998,51.780999999999999,30.416000000000000,39.320444830000000,0.246976237000000,0.234291571000000,0.367521687000000,0.587396922000000,41.023000000000003,-0.059559132000000,-0.080463611000000,41.082559130000000,0.444199883000000,0.465846728000000,1.611960278000000,1.641538591000000,-93.539126409999994,44.065376370000003,3,0
530,530,32.652999999999999,52.378000000000000,31.193000000000001,39.927753680000002,0.242642436000000,0.231974221000000,0.366376909000000,0.595536294000000,40.909999999999997,-0.057335834000000,-0.074922563000000,40.967335830000003,0.440257299000000,0.458508744000000,1.604079258000000,1.628700321000000,-93.539126409999994,44.065337769999999,3,0
531,531,40.884000000000000,63.673000000000002,37.232999999999997,48.689658979999997,0.239600317000000,0.217957669000000,0.338497415000000,0.584753349000000,49.228999999999999,-0.045386840000000,-0.081435926000000,49.274386839999998,0.416146091000000,0.454052508000000,1.557406320000000,1.606682910000000,-93.539589609999993,44.065414969999999,3,0
532,532,33.734000000000002,52.920000000000002,31.395000000000000,40.514010669999998,0.238119191000000,0.221409283000000,0.347201361000000,0.593253968000000,40.710999999999999,-0.048220654000000,-0.075959983000000,40.759220650000003,0.422125118000000,0.451198328000000,1.568743701000000,1.606734221000000,-93.539126409999994,44.065299170000003,3,0
533,533,34.206000000000003,53.139000000000003,31.510999999999999,40.770687500000001,0.235826623000000,0.216761120000000,0.339094459000000,0.592991964000000,40.561000000000000,-0.044176146000000,-0.075920442000000,40.605176149999998,0.414067136000000,0.447477891000000,1.553499386000000,1.596537931000000,-93.539126409999994,44.065260570000000,3,0
534,534,32.938000000000002,52.887999999999998,31.390000000000001,40.279790169999998,0.243662700000000,0.232447044000000,0.366485414000000,0.593518378000000,41.448000000000000,-0.057797570000000,-0.076286514000000,41.505797569999999,0.441062750000000,0.460242000000000,1.605683405000000,1.631629643000000,-93.539126409999994,44.065221970000003,3,0
535,535,32.713999999999999,53.139000000000003,31.422999999999998,40.337592250000000,0.247284570000000,0.237906654000000,0.375252618000000,0.591335930000000,42.140999999999998,-0.062582285000000,-0.077993792000000,42.203582279999999,0.450325099000000,0.466227765000000,1.624350431000000,1.646275698000000,-93.539126409999994,44.065183370000000,3,0
536,536,33.079000000000001,52.715000000000003,31.248999999999999,40.206100149999997,0.242121137000000,0.228873814000000,0.359996333000000,0.592791426000000,41.101999999999997,-0.054718351000000,-0.076607742000000,41.156718349999998,0.434962871000000,0.457746757000000,1.593609238000000,1.624098441000000,-93.539126409999994,44.065144770000003,3,0
537,537,33.761000000000003,54.311000000000000,32.630000000000003,41.449594859999998,0.241302075000000,0.233331819000000,0.370657624000000,0.600799101000000,42.231000000000002,-0.058371858000000,-0.071490116000000,42.289371860000003,0.442568553000000,0.456164808000000,1.608690501000000,1.627047783000000,-93.539126409999994,44.065106170000000,3,0
538,538,33.509999999999998,53.930999999999997,31.480000000000000,40.916432159999999,0.248027214000000,0.233540330000000,0.364914851000000,0.583708813000000,42.872000000000000,-0.059005558000000,-0.082903776000000,42.931005560000003,0.442923151000000,0.467688277000000,1.609400179000000,1.643242152000000,-93.539126409999994,44.065067569999997,3,0
539,539,33.237000000000002,53.293999999999997,31.222000000000001,40.495933500000000,0.246300724000000,0.231789763000000,0.362635376000000,0.585844560000000,42.128999999999998,-0.057426987000000,-0.081383914000000,42.186426990000001,0.439942935000000,0.464810715000000,1.603453982000000,1.637197776000000,-93.539126409999994,44.065028970000000,3,0
540,540,35.219000000000001,54.659999999999997,32.667000000000002,42.012801420000002,0.233818268000000,0.216301917000000,0.339806334000000,0.597639956000000,41.433999999999997,-0.043684820000000,-0.072839587000000,41.477684820000000,0.413268442000000,0.443963562000000,1.552003180000000,1.591369293000000,-93.539126409999994,44.064990369999997,3,0
541,541,33.384000000000000,53.180999999999997,32.180999999999997,40.736253220000002,0.237292572000000,0.228695200000000,0.364022507000000,0.605122130000000,40.796999999999997,-0.054262038000000,-0.068445253000000,40.851262040000002,0.434657180000000,0.449421170000000,1.593008627000000,1.612596676000000,-93.539126409999994,44.064951770000000,3,0
542,542,39.156999999999996,62.201999999999998,35.545000000000002,47.137410750000001,0.249625827000000,0.227360175000000,0.350153463000000,0.571444648000000,49.701999999999998,-0.053922457000000,-0.090859288000000,49.755922460000001,0.432370000000000,0.470877942000000,1.588528232000000,1.640556625000000,-93.539589609999993,44.065376370000003,3,0
543,543,34.085000000000001,54.006999999999998,32.395000000000003,41.344001169999999,0.238025376000000,0.226149934000000,0.357685333000000,0.599829652000000,41.533999999999999,-0.052188203000000,-0.071825176000000,41.586188200000002,0.430293050000000,0.450783310000000,1.584479977000000,1.611540279000000,-93.539126409999994,44.064913169999997,3,0
544,544,35.350999999999999,54.780999999999999,32.680000000000000,42.105556090000000,0.233854938000000,0.215572716000000,0.338195363000000,0.596557200000000,41.530999999999999,-0.043070710000000,-0.073518874000000,41.574070710000001,0.411999172000000,0.444077417000000,1.549630845000000,1.590706654000000,-93.539087809999998,44.065646569999998,3,0
545,545,34.526000000000003,54.305999999999997,32.645000000000003,41.660862280000003,0.235750897000000,0.222667507000000,0.352038728000000,0.601130630000000,41.441000000000003,-0.049141813000000,-0.070819991000000,41.490141809999997,0.424297973000000,0.446990135000000,1.572901581000000,1.602519429000000,-93.539087809999998,44.065607970000002,3,0
546,546,34.258000000000003,54.079000000000001,31.248999999999999,41.128452459999998,0.245593528000000,0.224379365000000,0.347200813000000,0.577839827000000,42.651000000000003,-0.051158162000000,-0.086384694000000,42.702158160000003,0.427248438000000,0.464074880000000,1.578580186000000,1.627653534000000,-93.539087809999998,44.065569369999999,3,0
547,547,33.844000000000001,54.206000000000003,32.045999999999999,41.274095539999998,0.243955893000000,0.231254969000000,0.363581173000000,0.591189167000000,42.521999999999998,-0.056824540000000,-0.077784439000000,42.578824539999999,0.439031057000000,0.460798486000000,1.601642832000000,1.631024148000000,-93.539087809999998,44.065530770000002,3,0
548,548,33.789999999999999,53.890000000000001,32.116000000000000,41.139330960000002,0.241090243000000,0.229242701000000,0.361745015000000,0.595954723000000,41.874000000000002,-0.054960099000000,-0.074523356000000,41.928960099999998,0.435593973000000,0.455949161000000,1.594850547000000,1.622064864000000,-93.539087809999998,44.065492169999999,3,0
549,549,33.534999999999997,53.695999999999998,31.891999999999999,40.926585920000001,0.242826310000000,0.231121964000000,0.364318112000000,0.593936234000000,41.965000000000003,-0.056638936000000,-0.075948389000000,42.021638940000003,0.438804166000000,0.458859840000000,1.601192784000000,1.628202949000000,-93.539087809999998,44.065453570000003,3,0
550,550,33.972999999999999,53.628999999999998,32.292999999999999,41.122063089999997,0.236232452000000,0.224378439000000,0.355385200000000,0.602155550000000,40.991999999999997,-0.050600942000000,-0.070218108000000,41.042600940000000,0.427246843000000,0.447749316000000,1.578577105000000,1.605462972000000,-93.539087809999998,44.065414969999999,3,0
551,551,32.982999999999997,52.947000000000003,31.626999999999999,40.379574980000001,0.242129217000000,0.232328640000000,0.367640830000000,0.597333182000000,41.283999999999999,-0.057595890000000,-0.073744652000000,41.341595890000001,0.440861097000000,0.457614457000000,1.605281509000000,1.627880463000000,-93.539087809999998,44.065376370000003,3,0
552,552,32.414000000000001,51.799999999999997,30.015000000000001,39.305672280000003,0.247974751000000,0.230199254000000,0.357681876000000,0.579440154000000,41.170999999999999,-0.056206392000000,-0.085608733000000,41.227206389999999,0.437229002000000,0.467796880000000,1.598074906000000,1.639522674000000,-93.539087809999998,44.065337769999999,3,0
553,553,39.939000000000000,63.540999999999997,36.490000000000002,48.180571819999997,0.248895637000000,0.228082721000000,0.352321242000000,0.574274878000000,50.652999999999999,-0.054485961000000,-0.088983354000000,50.707485960000000,0.433608385000000,0.469547422000000,1.590951201000000,1.639525687000000,-93.539589609999993,44.065337769999999,3,0
554,554,33.299999999999997,53.209000000000003,31.135000000000002,40.453577950000003,0.245725858000000,0.230137905000000,0.359536967000000,0.585145370000000,41.982999999999997,-0.056007956000000,-0.081772126000000,42.039007959999999,0.437124201000000,0.463910379000000,1.597867868000000,1.634040888000000,-93.539087809999998,44.065299170000003,3,0
555,555,34.128999999999998,53.893999999999998,32.329999999999998,41.289953490000002,0.237186293000000,0.224543585000000,0.354891997000000,0.599881248000000,41.329000000000001,-0.050795576000000,-0.071722350000000,41.379795580000000,0.427531127000000,0.449399557000000,1.579126256000000,1.607860261000000,-93.539087809999998,44.065260570000000,3,0
556,556,34.896000000000001,54.759999999999998,32.963999999999999,42.043682490000002,0.234863006000000,0.221557955000000,0.350384534000000,0.601972243000000,41.659999999999997,-0.048161801000000,-0.070220192000000,41.708161799999999,0.422382050000000,0.445495183000000,1.569234296000000,1.599281058000000,-93.539087809999998,44.065221970000003,3,0
557,557,34.344000000000001,54.012000000000000,32.466000000000001,41.436085869999999,0.235732180000000,0.222599484000000,0.351905529000000,0.601088647000000,41.213999999999999,-0.049083776000000,-0.070844714000000,41.263083780000002,0.424180594000000,0.446960807000000,1.572676450000000,1.602403703000000,-93.539087809999998,44.065183370000000,3,0
558,558,33.737000000000002,53.747999999999998,32.015000000000001,41.036540209999998,0.240949390000000,0.228736355000000,0.360753560000000,0.595650071000000,41.744000000000000,-0.054528870000000,-0.074702929000000,41.798528869999998,0.434727621000000,0.455728371000000,1.593146990000000,1.621185017000000,-93.539087809999998,44.065144770000003,3,0
559,559,33.350999999999999,53.347999999999999,31.706000000000000,40.675827140000003,0.242435358000000,0.230648566000000,0.363628098000000,0.594324061000000,41.639000000000003,-0.056218910000000,-0.075669102000000,41.695218910000001,0.437996272000000,0.458207164000000,1.599592216000000,1.626763532000000,-93.539087809999998,44.065106170000000,3,0
560,560,33.173000000000002,54.241999999999997,31.952000000000002,41.083544140000001,0.249750877000000,0.241022708000000,0.379874872000000,0.589063825000000,43.359000000000002,-0.065343018000000,-0.079663559000000,43.424343020000002,0.455579893000000,0.470311305000000,1.635124951000000,1.655672430000000,-93.539087809999998,44.065067569999997,3,0
561,561,33.942999999999998,54.052999999999997,32.256999999999998,41.289095039999999,0.240416279000000,0.228533115000000,0.360788676000000,0.596766137000000,41.905999999999999,-0.054325464000000,-0.073954080000000,41.960325460000000,0.434379714000000,0.454816402000000,1.592463836000000,1.619711329000000,-93.539087809999998,44.065028970000000,3,0
562,562,33.963000000000001,53.524000000000001,31.751000000000001,40.932586639999997,0.239254003000000,0.223587504000000,0.350958088000000,0.593210522000000,41.334000000000003,-0.050116574000000,-0.076088160000000,41.384116570000003,0.425884460000000,0.453050676000000,1.575950299000000,1.611692976000000,-93.539087809999998,44.064990369999997,3,0
563,563,33.057000000000002,53.808999999999997,31.834000000000000,40.831267779999997,0.247679831000000,0.238896691000000,0.377089693000000,0.591611069000000,42.726999999999997,-0.063430497000000,-0.077855097000000,42.790430499999999,0.451997168000000,0.466867018000000,1.627764165000000,1.648327235000000,-93.539087809999998,44.064951770000000,3,0
564,564,38.451999999999998,62.631999999999998,36.277000000000001,47.319285909999998,0.252683844000000,0.239206996000000,0.373107843000000,0.579208711000000,50.534999999999997,-0.064058940000000,-0.086226804000000,50.599058939999999,0.452520760000000,0.475365040000000,1.628835951000000,1.660726466000000,-93.539628210000004,44.065569369999999,3,0
565,565,39.753000000000000,62.588999999999999,36.066000000000003,47.604062450000001,0.245570829000000,0.223134197000000,0.344559116000000,0.576235441000000,49.359000000000002,-0.050104040000000,-0.087398127000000,49.409104040000003,0.425102996000000,0.464137175000000,1.574447212000000,1.626314960000000,-93.539589609999993,44.065299170000003,3,0
566,566,33.460999999999999,54.112000000000002,31.727000000000000,41.046110630000001,0.248171983000000,0.235814692000000,0.369784765000000,0.586320964000000,43.036000000000001,-0.060910310000000,-0.081259011000000,43.096910309999998,0.446784345000000,0.467824493000000,1.617166253000000,1.646077464000000,-93.539087809999998,44.064913169999997,3,0
567,567,37.168999999999997,59.546999999999997,35.054000000000002,45.299605170000000,0.244991297000000,0.231378469000000,0.362913950000000,0.588677851000000,46.871000000000002,-0.056996281000000,-0.079467254000000,46.927996280000002,0.439241696000000,0.462575935000000,1.602060857000000,1.633622200000000,-93.539049210000002,44.065646569999998,3,0
568,568,38.393999999999998,59.369999999999997,35.472000000000001,45.669679660000000,0.232983396000000,0.214557506000000,0.336736660000000,0.597473471000000,44.874000000000002,-0.042168783000000,-0.072872197000000,44.916168780000000,0.410230100000000,0.442605645000000,1.546335365000000,1.587637899000000,-93.539049210000002,44.065607970000002,3,0
569,569,37.722000000000001,59.548000000000002,35.308000000000000,45.517646589999998,0.239769734000000,0.224385730000000,0.352248152000000,0.592933432000000,46.066000000000003,-0.050816878000000,-0.076308286000000,46.116816880000002,0.427259396000000,0.453903812000000,1.578601347000000,1.613751873000000,-93.539049210000002,44.065569369999999,3,0
570,570,36.179000000000002,58.085999999999999,34.378999999999998,44.214699959999997,0.244277834000000,0.232398027000000,0.365811709000000,0.591863788000000,45.613999999999997,-0.057798265000000,-0.077387208000000,45.671798260000003,0.440979273000000,0.461300665000000,1.605517013000000,1.633034263000000,-93.539049210000002,44.065530770000002,3,0
571,571,36.244000000000000,57.854999999999997,35.043999999999997,44.305419149999999,0.237553343000000,0.229662377000000,0.365946999000000,0.605721200000000,44.421999999999997,-0.055081576000000,-0.068090411000000,44.477081579999997,0.436311583000000,0.449840860000000,1.596264209000000,1.614262106000000,-93.539049210000002,44.065492169999999,3,0
572,572,35.542000000000002,57.023000000000003,33.911999999999999,43.454497420000003,0.243008174000000,0.232063955000000,0.366238726000000,0.594707399000000,44.591999999999999,-0.057434949000000,-0.075477755000000,44.649434950000000,0.440410200000000,0.459133420000000,1.604383546000000,1.629662065000000,-93.539049210000002,44.065453570000003,3,0
573,573,35.023000000000003,55.853999999999999,32.950000000000003,42.551859909999997,0.243403587000000,0.229221915000000,0.359607782000000,0.589930891000000,43.734999999999999,-0.055091377000000,-0.078528915000000,43.790091380000000,0.435558421000000,0.459946175000000,1.594780573000000,1.627514047000000,-93.539049210000002,44.065414969999999,3,0
574,574,35.564999999999998,56.493000000000002,33.890000000000001,43.223683219999998,0.238603165000000,0.227334941000000,0.359785449000000,0.599897332000000,43.530999999999999,-0.053212437000000,-0.071831232000000,43.584212440000002,0.432326729000000,0.451733231000000,1.588443695000000,1.614167465000000,-93.539049210000002,44.065376370000003,3,0
575,575,35.253999999999998,55.116000000000000,32.719999999999999,42.234331900000001,0.237130063000000,0.219785327000000,0.344527320000000,0.593657014000000,42.258000000000003,-0.046798278000000,-0.075619465000000,42.304798280000000,0.419315377000000,0.449566869000000,1.563397061000000,1.602717066000000,-93.539049210000002,44.065337769999999,3,0
576,576,40.527999999999999,63.656999999999996,36.883000000000003,48.494288740000002,0.243756258000000,0.221999328000000,0.343659921000000,0.579402108000000,49.902999999999999,-0.049038761000000,-0.085212805000000,49.952038760000001,0.423144528000000,0.461044852000000,1.570691867000000,1.620766046000000,-93.539589609999993,44.065260570000000,3,0
577,577,34.290999999999997,54.555000000000000,31.943000000000001,41.522989440000003,0.244525048000000,0.228080049000000,0.356114792000000,0.585519201000000,42.875999999999998,-0.054206923000000,-0.081421321000000,42.930206920000003,0.433603807000000,0.461953065000000,1.590942230000000,1.628967018000000,-93.539049210000002,44.065299170000003,3,0
578,578,34.981000000000002,55.097000000000001,32.606999999999999,42.121119880000002,0.239653058000000,0.223317569000000,0.350020010000000,0.591810806000000,42.606000000000002,-0.049913192000000,-0.077003709000000,42.655913190000000,0.425419171000000,0.453763314000000,1.575055030000000,1.612350106000000,-93.539049210000002,44.065260570000000,3,0
579,579,35.021999999999998,55.759000000000000,33.616000000000000,42.683494160000002,0.238015942000000,0.228428856000000,0.362756932000000,0.602880253000000,42.880000000000003,-0.054086513000000,-0.069910046000000,42.934086510000000,0.434201205000000,0.450677029000000,1.592113529000000,1.613985903000000,-93.539049210000002,44.065221970000003,3,0
580,580,34.261000000000003,54.591000000000001,32.442000000000000,41.659239739999997,0.241515763000000,0.228807455000000,0.360397093000000,0.594273781000000,42.478999999999999,-0.054624301000000,-0.075619569000000,42.533624300000000,0.434849309000000,0.456703672000000,1.593386066000000,1.622596703000000,-93.539049210000002,44.065183370000000,3,0
581,581,34.493000000000002,54.786999999999999,32.773000000000003,41.894518130000002,0.239244515000000,0.227307348000000,0.359141345000000,0.598189351000000,42.308000000000000,-0.053229335000000,-0.072958469000000,42.361229330000000,0.432279410000000,0.452844051000000,1.588351260000000,1.615638041000000,-93.539049210000002,44.065144770000003,3,0
582,582,34.933999999999997,55.109000000000002,33.020000000000003,42.220479380000000,0.237208989000000,0.224059616000000,0.353804605000000,0.599176178000000,42.264000000000003,-0.050392076000000,-0.072166289000000,42.314392079999998,0.426697843000000,0.449462131000000,1.577517605000000,1.607396949000000,-93.539049210000002,44.065106170000000,3,0
583,583,33.529000000000003,54.438000000000002,32.176000000000002,41.323861800000003,0.247283496000000,0.237691407000000,0.374773709000000,0.591057717000000,43.170999999999999,-0.062403969000000,-0.078170181000000,43.233403969999998,0.449961260000000,0.466233359000000,1.623609413000000,1.646032655000000,-93.539049210000002,44.065067569999997,3,0
584,584,34.694000000000003,55.097999999999999,32.380000000000003,41.983836730000000,0.243256050000000,0.227236279000000,0.355396084000000,0.587680134000000,43.122000000000000,-0.053419769000000,-0.079936483000000,43.175419769999998,0.432157531000000,0.459801517000000,1.588113218000000,1.625039710000000,-93.539049210000002,44.065028970000000,3,0
585,585,34.430000000000000,54.183999999999997,32.338999999999999,41.501572969999998,0.237522625000000,0.222921886000000,0.351026211000000,0.596836705000000,41.598999999999997,-0.049457227000000,-0.073660017000000,41.648457229999998,0.424736829000000,0.450067210000000,1.573743828000000,1.606923179000000,-93.539049210000002,44.064990369999997,3,0
586,586,34.311000000000000,55.061000000000000,32.817000000000000,41.975841979999998,0.242561354000000,0.232175625000000,0.366899478000000,0.596011696000000,42.994000000000000,-0.057497811000000,-0.074615555000000,43.051497810000001,0.440600454000000,0.458361748000000,1.604762321000000,1.628730042000000,-93.539049210000002,44.064951770000000,3,0
587,587,40.389000000000003,64.775000000000006,37.536999999999999,49.112450269999997,0.248819141000000,0.231885436000000,0.360595620000000,0.579498263000000,51.624000000000002,-0.057675840000000,-0.085656022000000,51.681675839999997,0.440105996000000,0.469148083000000,1.603778256000000,1.643368280000000,-93.539589609999993,44.065221970000003,3,0
588,588,34.968000000000004,55.826999999999998,33.454000000000001,42.655929909999998,0.240076412000000,0.229737320000000,0.363771124000000,0.599244093000000,43.231999999999999,-0.055306683000000,-0.072365975000000,43.287306680000000,0.436439687000000,0.454180926000000,1.596516815000000,1.620222541000000,-93.539049210000002,44.064913169999997,3,0
589,589,37.844999999999999,60.213999999999999,35.942999999999998,46.006771489999998,0.240144993000000,0.228117766000000,0.360116556000000,0.596920982000000,46.640000000000001,-0.053961881000000,-0.073833226000000,46.693961880000003,0.433668418000000,0.454365850000000,1.591068833000000,1.618624959000000,-93.539010610000005,44.065646569999998,3,0
590,590,37.856999999999999,58.746000000000002,34.729999999999997,45.057067019999998,0.236243878000000,0.216235521000000,0.337610913000000,0.591189187000000,44.905000000000001,-0.043752903000000,-0.077086490000000,44.948752900000002,0.413152920000000,0.448254074000000,1.551786988000000,1.596982275000000,-93.539010610000005,44.065607970000002,3,0
591,591,36.968000000000004,58.790999999999997,34.832999999999998,44.856633080000002,0.241737643000000,0.227895028000000,0.358188622000000,0.592488646000000,45.780999999999999,-0.053876195000000,-0.076764273000000,45.834876190000003,0.433286810000000,0.457132188000000,1.590321359000000,1.622138650000000,-93.539010610000005,44.065569369999999,3,0
592,592,36.018999999999998,57.569000000000003,33.575000000000003,43.737240989999997,0.246540935000000,0.230264564000000,0.359088864000000,0.583213188000000,45.543999999999997,-0.056167281000000,-0.083074479000000,45.600167280000001,0.437340557000000,0.465312027000000,1.598295344000000,1.636133508000000,-93.539010610000005,44.065530770000002,3,0
593,593,35.628999999999998,56.920999999999999,34.061000000000000,43.472510870000001,0.240568402000000,0.230059427000000,0.364034263000000,0.598390752000000,44.152000000000001,-0.055606543000000,-0.072944689000000,44.207606540000000,0.436990129000000,0.455015998000000,1.597603076000000,1.621727143000000,-93.539010610000005,44.065492169999999,3,0
594,594,34.424999999999997,55.762999999999998,32.524999999999999,42.239272479999997,0.249759071000000,0.236594669000000,0.370046650000000,0.583272062000000,44.576000000000001,-0.061672357000000,-0.083348952000000,44.637672360000003,0.448105708000000,0.470501741000000,1.619840232000000,1.650755845000000,-93.539010610000005,44.065453570000003,3,0
595,595,34.119000000000000,54.649999999999999,31.605000000000000,41.431086100000002,0.248971570000000,0.231285697000000,0.359159611000000,0.578316560000000,43.576000000000001,-0.057183445000000,-0.086422317000000,43.633183440000003,0.439083469000000,0.469449775000000,1.601746827000000,1.643096077000000,-93.539010610000005,44.065414969999999,3,0
596,596,34.966999999999999,55.820999999999998,33.073000000000000,42.553881369999999,0.242662036000000,0.229699960000000,0.361327211000000,0.592483116000000,43.601999999999997,-0.055442795000000,-0.076850663000000,43.657442789999998,0.436375828000000,0.458641186000000,1.596390883000000,1.626270453000000,-93.539010610000005,44.065376370000003,3,0
597,597,34.933000000000000,55.490000000000002,33.213999999999999,42.436715180000000,0.239120847000000,0.227342601000000,0.359331574000000,0.598558299000000,42.832999999999998,-0.053251049000000,-0.072716096000000,42.886251049999998,0.432339864000000,0.452628505000000,1.588469356000000,1.615386455000000,-93.539010610000005,44.065337769999999,3,0
598,598,41.484999999999999,65.709000000000003,37.841999999999999,49.902220630000002,0.247175496000000,0.225982798000000,0.349290576000000,0.575902844000000,52.091000000000001,-0.052607628000000,-0.087772691000000,52.143607629999998,0.430005954000000,0.466713356000000,1.583921899000000,1.633150201000000,-93.539589609999993,44.065183370000000,3,0
599,599,35.308999999999997,55.368000000000002,33.298999999999999,42.509466809999999,0.234900526000000,0.221213759000000,0.349593921000000,0.601412368000000,42.128000000000000,-0.047875395000000,-0.070573337000000,42.175875400000002,0.421787141000000,0.445577989000000,1.568098785000000,1.599004462000000,-93.539010610000005,44.065299170000003,3,0
600,600,34.899000000000001,55.027000000000001,33.095999999999997,42.195008180000002,0.236221490000000,0.223828481000000,0.354179131000000,0.601450197000000,42.058999999999997,-0.050140625000000,-0.070658907000000,42.109140629999999,0.426299693000000,0.447754909000000,1.576750050000000,1.604849579000000,-93.539010610000005,44.065260570000000,3,0
601,601,34.542000000000002,54.728999999999999,32.220999999999997,41.739693520000003,0.242280999000000,0.226131666000000,0.353847502000000,0.588737233000000,42.695000000000000,-0.052433082000000,-0.079178876000000,42.747433080000000,0.430261674000000,0.458173110000000,1.584418968000000,1.621546667000000,-93.539010610000005,44.065221970000003,3,0
602,602,35.347000000000001,54.963999999999999,32.104999999999997,42.036423610000000,0.239463299000000,0.217216064000000,0.337027111000000,0.584109599000000,42.475999999999999,-0.044750686000000,-0.081827539000000,42.520750690000000,0.414857961000000,0.453871724000000,1.554983450000000,1.605604117000000,-93.539010610000005,44.065183370000000,3,0
603,603,33.915999999999997,54.697000000000003,32.490000000000002,41.623939290000003,0.244527873000000,0.234514123000000,0.370276001000000,0.593999671000000,42.988000000000000,-0.059574082000000,-0.076059222000000,43.047574079999997,0.444577854000000,0.461644567000000,1.612719660000000,1.635953545000000,-93.539010610000005,44.065144770000003,3,0
604,604,33.841999999999999,54.322000000000003,32.079999999999998,41.333146700000000,0.244732651000000,0.232294361000000,0.365166536000000,0.590552631000000,42.722000000000001,-0.057742590000000,-0.078257543000000,42.779742589999998,0.440802711000000,0.462086951000000,1.605165179000000,1.634001848000000,-93.539010610000005,44.065106170000000,3,0
605,605,33.482999999999997,53.872999999999998,31.417999999999999,40.867681370000000,0.248165332000000,0.233412702000000,0.364510708000000,0.583186383000000,42.844999999999999,-0.058908515000000,-0.083248859000000,42.903908520000002,0.442706116000000,0.467932562000000,1.608965744000000,1.643436235000000,-93.539010610000005,44.065067569999997,3,0
606,606,33.271999999999998,52.823000000000000,30.160000000000000,40.028826750000000,0.249671749000000,0.227086358000000,0.349530705000000,0.570963406000000,42.213999999999999,-0.053694035000000,-0.091170272000000,42.267694030000001,0.431900385000000,0.470981079000000,1.587611205000000,1.640385026000000,-93.539010610000005,44.065028970000000,3,0
607,607,33.363999999999997,53.517000000000003,31.164000000000001,40.613711479999999,0.247758828000000,0.231960958000000,0.361702891000000,0.582319637000000,42.506000000000000,-0.057667839000000,-0.083759583000000,42.563667840000001,0.440234698000000,0.467314390000000,1.604034288000000,1.640887267000000,-93.539010610000005,44.064990369999997,3,0
608,608,34.479999999999997,55.219000000000001,33.430999999999997,42.251785450000000,0.238448211000000,0.231206591000000,0.368575389000000,0.605425669000000,42.527000000000001,-0.056420044000000,-0.068347275000000,42.583420040000000,0.438948535000000,0.451335035000000,1.601479118000000,1.618040685000000,-93.539010610000005,44.064951770000000,3,0
609,609,42.570999999999998,66.668000000000006,38.323999999999998,50.746563889999997,0.244787169000000,0.220589716000000,0.339801170000000,0.574848503000000,52.441000000000003,-0.047902252000000,-0.088195550000000,52.488902250000002,0.420707862000000,0.462982027000000,1.566042611000000,1.621820182000000,-93.539589609999993,44.065144770000003,3,0
610,610,34.902000000000001,54.808000000000000,33.197000000000003,42.127217160000001,0.233615621000000,0.221892766000000,0.352237538000000,0.605696249000000,41.517000000000003,-0.048371533000000,-0.067792721000000,41.565371530000000,0.422960480000000,0.443303114000000,1.570339809000000,1.596749842000000,-93.539010610000005,44.064913169999997,3,0
611,611,41.927999999999997,66.263000000000005,40.195000000000000,50.873635540000002,0.234815909000000,0.224926288000000,0.357888699000000,0.606597951000000,50.402999999999999,-0.050973812000000,-0.067324411000000,50.453973810000001,0.428189674000000,0.445268776000000,1.580399733000000,1.602771242000000,-93.538972009999995,44.065646569999998,3,0
612,612,40.920999999999999,63.976999999999997,37.835999999999999,48.986895070000003,0.237998945000000,0.219794467000000,0.343801259000000,0.591400034000000,49.197000000000003,-0.046853588000000,-0.077112671000000,49.243853590000001,0.419331208000000,0.451092826000000,1.563427091000000,1.604771834000000,-93.538972009999995,44.065607970000002,3,0
613,613,38.421999999999997,61.703000000000003,35.781999999999996,46.775569890000000,0.248985375000000,0.232519351000000,0.361826461000000,0.579906974000000,49.201999999999998,-0.058217752000000,-0.085412819000000,49.260217750000002,0.441185878000000,0.469395683000000,1.605928895000000,1.644451714000000,-93.538972009999995,44.065569369999999,3,0
614,614,37.914999999999999,60.436000000000000,35.189999999999998,45.928906730000001,0.246250844000000,0.228985979000000,0.356564969000000,0.582268846000000,47.767000000000003,-0.055076718000000,-0.083644723000000,47.822076719999998,0.435154799000000,0.464889233000000,1.593986549000000,1.634071741000000,-93.538972009999995,44.065530770000002,3,0
615,615,36.704999999999998,60.037999999999997,34.622999999999998,45.279026039999998,0.254686422000000,0.241185409000000,0.375611719000000,0.576684766000000,48.747999999999998,-0.065854178000000,-0.088042568000000,48.813854180000000,0.455853629000000,0.478673518000000,1.635689960000000,1.667807972000000,-93.538972009999995,44.065492169999999,3,0
616,616,36.491000000000000,59.311999999999998,33.968000000000004,44.733773399999997,0.254729405000000,0.238207572000000,0.369062828000000,0.572700297000000,48.164999999999999,-0.063377796000000,-0.090596512000000,48.228377799999997,0.450833564000000,0.478910345000000,1.625387082000000,1.664632468000000,-93.538972009999995,44.065453570000003,3,0
617,617,37.029000000000003,59.941000000000003,33.908000000000001,45.143559109999998,0.256499615000000,0.236279262000000,0.363324982000000,0.565689595000000,48.945000000000000,-0.061892755000000,-0.095278045000000,49.006892759999999,0.447571548000000,0.482075445000000,1.618758271000000,1.666924220000000,-93.538972009999995,44.065414969999999,3,0
618,618,36.892000000000003,60.076000000000001,34.701999999999998,45.366559799999997,0.253241267000000,0.239089184000000,0.372338034000000,0.577634996000000,48.558000000000000,-0.064002430000000,-0.087287917000000,48.622002430000002,0.452321997000000,0.476320709000000,1.628428928000000,1.661954696000000,-93.538972009999995,44.065376370000003,3,0
619,619,37.825000000000003,60.991999999999997,35.902000000000001,46.331084930000003,0.246572753000000,0.234443466000000,0.368226973000000,0.588634575000000,48.256999999999998,-0.059657509000000,-0.079641328000000,48.316657509999999,0.444457866000000,0.465148268000000,1.612478519000000,1.640740188000000,-93.538972009999995,44.065337769999999,3,0
620,620,43.776000000000003,68.307000000000002,39.537999999999997,52.107062440000000,0.242352042000000,0.218864591000000,0.338148735000000,0.578827939000000,53.299999999999997,-0.046303612000000,-0.085435395000000,53.346303610000000,0.417719695000000,0.458837888000000,1.560375548000000,1.614190753000000,-93.539589609999993,44.065106170000000,3,0
621,621,37.210999999999999,59.067000000000000,34.283999999999999,44.903458170000000,0.245948668000000,0.227009286000000,0.352550247000000,0.580425618000000,46.639000000000003,-0.053396854000000,-0.084782709000000,46.692396850000002,0.431768169000000,0.464497381000000,1.587353202000000,1.631254280000000,-93.538972009999995,44.065299170000003,3,0
622,622,36.216999999999999,58.140000000000001,34.107999999999997,44.178751880000000,0.246268857000000,0.232341003000000,0.363873259000000,0.586652907000000,45.954999999999998,-0.057885027000000,-0.080868719000000,46.012885030000000,0.440882155000000,0.464726980000000,1.605323467000000,1.637718576000000,-93.538972009999995,44.065260570000000,3,0
623,623,36.328000000000003,57.930999999999997,33.802999999999997,44.039252009999998,0.245874845000000,0.229187664000000,0.357334260000000,0.583504514000000,45.731000000000002,-0.055221689000000,-0.082825506000000,45.786221689999998,0.435499834000000,0.464224949000000,1.594665272000000,1.633382339000000,-93.538972009999995,44.065221970000003,3,0
624,624,36.896999999999998,58.188000000000002,33.530999999999999,44.240102149999998,0.245969037000000,0.223915444000000,0.345891412000000,0.576252836000000,45.948000000000000,-0.050788393000000,-0.087427692000000,45.998788390000001,0.426449509000000,0.464770280000000,1.577038784000000,1.628083629000000,-93.538972009999995,44.065183370000000,3,0
625,625,35.308000000000000,57.421999999999997,33.085999999999999,43.353678600000002,0.253495454000000,0.238477300000000,0.370766548000000,0.576190310000000,46.450000000000003,-0.063511795000000,-0.088236790000000,46.513511800000003,0.451289144000000,0.476786922000000,1.626316982000000,1.661901978000000,-93.538972009999995,44.065144770000003,3,0
626,626,35.622000000000000,57.923000000000002,33.609999999999999,43.793579870000002,0.251861377000000,0.238398632000000,0.372086427000000,0.580253095000000,46.613999999999997,-0.063325862000000,-0.085478353000000,46.677325860000003,0.451156289000000,0.474003163000000,1.626045702000000,1.657833560000000,-93.538972009999995,44.065106170000000,3,0
627,627,34.585000000000001,56.838000000000001,32.036000000000001,42.634046509999997,0.260986040000000,0.243407020000000,0.374711637000000,0.563637003000000,47.055000000000000,-0.068192679000000,-0.097097822000000,47.123192680000002,0.459585017000000,0.489243237000000,1.643429232000000,1.685866145000000,-93.538972009999995,44.065067569999997,3,0
628,628,36.558000000000000,57.889000000000003,33.283000000000001,43.952177700000000,0.247480053000000,0.225851536000000,0.348750899000000,0.574945154000000,45.936999999999998,-0.052515462000000,-0.088411493000000,45.989515460000000,0.429780437000000,0.467255887000000,1.583483779000000,1.633754086000000,-93.538972009999995,44.065028970000000,3,0
629,629,36.307000000000002,57.680999999999997,33.814999999999998,43.927023710000000,0.243902439000000,0.227412010000000,0.355209147000000,0.586241570000000,45.240000000000002,-0.053607505000000,-0.080905769000000,45.293607510000001,0.432458880000000,0.460913281000000,1.588701903000000,1.626768596000000,-93.538972009999995,44.064990369999997,3,0
630,630,35.356999999999999,57.177000000000000,33.103000000000002,43.263284609999999,0.251042043000000,0.235805218000000,0.367148458000000,0.578956573000000,45.893999999999998,-0.061106203000000,-0.086223008000000,45.955106200000003,0.446768286000000,0.472738847000000,1.617133807000000,1.652998420000000,-93.538972009999995,44.064951770000000,3,0
631,631,46.338000000000001,71.016999999999996,41.691000000000003,54.555060910000002,0.234740049000000,0.210293554000000,0.326165680000000,0.587056620000000,54.005000000000003,-0.038629076000000,-0.079534223000000,54.043629080000002,0.402775035000000,0.446079791000000,1.532586646000000,1.587479271000000,-93.539589609999993,44.065067569999997,1,0
632,632,34.747000000000000,56.277999999999999,32.206000000000003,42.472711750000002,0.254042973000000,0.236539412000000,0.366055186000000,0.572266250000000,45.603000000000002,-0.061934091000000,-0.090801827000000,45.664934090000003,0.448012145000000,0.477839458000000,1.619650617000000,1.661130896000000,-93.538972009999995,44.064913169999997,3,0
633,633,51.627000000000002,78.897999999999996,46.570000000000000,60.715199730000002,0.232814960000000,0.208933155000000,0.324828777000000,0.590255773000000,59.598999999999997,-0.037382196000000,-0.077359609000000,59.636382200000000,0.400388140000000,0.442757271000000,1.528231352000000,1.581603917000000,-93.538933409999999,44.065646569999998,1,0
634,634,50.795999999999999,77.388999999999996,45.990000000000002,59.677944099999998,0.230525830000000,0.207457971000000,0.323535495000000,0.594270504000000,57.991999999999997,-0.036024688000000,-0.074654801000000,58.028024690000002,0.397795305000000,0.438783991000000,1.523525474000000,1.574795022000000,-93.538933409999999,44.065607970000002,1,0
635,635,44.481000000000002,70.366000000000000,40.226999999999997,53.379599239999997,0.248509581000000,0.225386819000000,0.346890914000000,0.571682347000000,56.024000000000001,-0.052185408000000,-0.090590299000000,56.076185410000001,0.428981703000000,0.469095427000000,1.581933859000000,1.635784423000000,-93.538933409999999,44.065569369999999,3,0
636,636,43.890999999999998,69.108000000000004,40.531999999999996,52.742072290000003,0.241615350000000,0.223161267000000,0.347979080000000,0.586502286000000,53.792999999999999,-0.049896112000000,-0.080525757000000,53.842896109999998,0.425149676000000,0.457203475000000,1.574536921000000,1.616840342000000,-93.538933409999999,44.065530770000002,3,0
637,637,43.768000000000001,68.161000000000001,40.003999999999998,52.159626019999997,0.238761620000000,0.217932797000000,0.339144943000000,0.586904535000000,52.549999999999997,-0.045321293000000,-0.080005002000000,52.595321290000001,0.416102909000000,0.452573030000000,1.557324986000000,1.604663577000000,-93.538933409999999,44.065492169999999,3,0
638,638,45.555000000000000,70.944999999999993,42.026000000000003,54.389446669999998,0.236670429000000,0.217939914000000,0.340924349000000,0.592374375000000,54.308999999999997,-0.045216558000000,-0.076382423000000,54.354216559999998,0.416115266000000,0.448882972000000,1.557348260000000,1.599730166000000,-93.538933409999999,44.065453570000003,1,0
639,639,47.518999999999998,72.977000000000004,43.299999999999997,56.150357350000000,0.232860166000000,0.211276723000000,0.329783927000000,0.593337627000000,55.134999999999998,-0.039380693000000,-0.075441403000000,55.174380690000000,0.404497544000000,0.442635048000000,1.535743597000000,1.584036018000000,-93.538933409999999,44.065414969999999,1,0
640,640,47.402000000000001,74.106999999999999,42.948000000000000,56.519400079999997,0.242551265000000,0.219777959000000,0.339926936000000,0.579540394000000,57.863999999999997,-0.047089513000000,-0.085005807000000,57.911089509999996,0.419302615000000,0.459109794000000,1.563372853000000,1.615596322000000,-93.538933409999999,44.065376370000003,1,0
641,641,47.771000000000001,74.489999999999995,43.439999999999998,56.914737809999998,0.240512759000000,0.218540663000000,0.338983266000000,0.583165526000000,57.768999999999998,-0.045929717000000,-0.082522133000000,57.814929720000002,0.417157858000000,0.455616302000000,1.559314228000000,1.609452099000000,-93.538933409999999,44.065337769999999,1,0
642,642,44.661000000000001,69.608000000000004,40.185000000000002,53.087075669999997,0.242656051000000,0.218318179000000,0.336739377000000,0.577304333000000,54.369999999999997,-0.045855724000000,-0.086427027000000,54.415855720000003,0.416771834000000,0.459425065000000,1.558585791000000,1.614371869000000,-93.539589609999993,44.065028970000000,3,0
643,643,45.587000000000003,70.275999999999996,41.296999999999997,53.920722529999999,0.235969679000000,0.213087871000000,0.331102647000000,0.587640162000000,53.667999999999999,-0.041067702000000,-0.079283533000000,53.709067699999999,0.407665120000000,0.448023067000000,1.541579836000000,1.593159350000000,-93.538933409999999,44.065299170000003,1,0
644,644,43.713000000000001,68.334000000000003,40.340000000000003,52.305759799999997,0.238377862000000,0.219738146000000,0.343355600000000,0.590335704000000,52.615000000000002,-0.046826829000000,-0.077815037000000,52.661826830000003,0.419233656000000,0.451762815000000,1.563242056000000,1.605607957000000,-93.538933409999999,44.065260570000000,3,0
645,645,43.561999999999998,68.394999999999996,40.411000000000001,52.308612390000000,0.239247519000000,0.221808373000000,0.347091382000000,0.590847284000000,52.817000000000000,-0.048620445000000,-0.077572719000000,52.865620450000002,0.422814704000000,0.453149149000000,1.570061062000000,1.609811695000000,-93.538933409999999,44.065221970000003,3,0
646,646,42.759999999999998,67.278999999999996,39.076999999999998,51.257173060000000,0.243633171000000,0.222821000000000,0.345522956000000,0.580820167000000,52.720999999999997,-0.049726388000000,-0.084304837000000,52.770726390000000,0.424562797000000,0.460763062000000,1.573409729000000,1.621315817000000,-93.538933409999999,44.065183370000000,3,0
647,647,44.146000000000001,68.429000000000002,40.628999999999998,52.542405090000003,0.234996593000000,0.215705085000000,0.337517027000000,0.593739496000000,52.082999999999998,-0.043240385000000,-0.075379233000000,52.126240390000000,0.412229667000000,0.446087028000000,1.550061161000000,1.593511583000000,-93.538933409999999,44.065144770000003,1,0
648,648,43.563000000000002,67.608000000000004,40.238000000000000,51.921971190000001,0.234753467000000,0.216288421000000,0.338981856000000,0.595166253000000,51.414999999999999,-0.043721311000000,-0.074465851000000,51.458721310000001,0.413244960000000,0.445615771000000,1.551959231000000,1.593538691000000,-93.538933409999999,44.065106170000000,1,0
649,649,43.427999999999997,67.469999999999999,39.354999999999997,51.597829760000003,0.239556684000000,0.216793811000000,0.336049648000000,0.583296280000000,52.156999999999996,-0.044397117000000,-0.082347773000000,52.201397120000003,0.414123978000000,0.454073035000000,1.553605968000000,1.605400012000000,-93.538933409999999,44.065067569999997,3,0
650,650,42.130000000000003,66.055999999999997,37.579999999999998,50.168344720000000,0.247386957000000,0.221156157000000,0.338866385000000,0.568911227000000,52.402000000000001,-0.048529835000000,-0.092230012000000,52.450529840000002,0.421687556000000,0.467516023000000,1.567908854000000,1.628730248000000,-93.538933409999999,44.065028970000000,3,0
651,651,41.445999999999998,65.281999999999996,37.511000000000003,49.620511759999999,0.246309439000000,0.223334083000000,0.344366268000000,0.574599430000000,51.606999999999999,-0.050316489000000,-0.088510042000000,51.657316489999999,0.425447640000000,0.465416600000000,1.575109781000000,1.628312339000000,-93.538933409999999,44.064990369999997,3,0
652,652,40.765000000000001,64.359999999999999,37.704000000000001,49.076764500000003,0.242537007000000,0.224447087000000,0.349965144000000,0.585829708000000,50.250999999999998,-0.051033054000000,-0.081036764000000,50.302033049999999,0.427365022000000,0.458726582000000,1.578805348000000,1.620381572000000,-93.538933409999999,44.064951770000000,3,0
653,653,43.180000000000000,68.643000000000001,39.491999999999997,52.076840380000000,0.248292856000000,0.227708074000000,0.352034397000000,0.575324505000000,54.613999999999997,-0.054132109000000,-0.088254304000000,54.668132110000002,0.432966421000000,0.468527014000000,1.589694303000000,1.637665487000000,-93.539589609999993,44.064990369999997,3,0
654,654,38.473999999999997,61.954999999999998,35.222000000000001,46.759170169999997,0.254111717000000,0.233806968000000,0.360099376000000,0.568509402000000,50.213999999999999,-0.059648657000000,-0.093211255000000,50.273648659999999,0.443376453000000,0.478148712000000,1.610308260000000,1.658367121000000,-93.538933409999999,44.064913169999997,3,0
655,655,53.844999999999999,80.814999999999998,48.350999999999999,62.631641230000000,0.225277266000000,0.200282192000000,0.312481896000000,0.598292396000000,59.433999999999997,-0.029681276000000,-0.071709351000000,59.463681280000003,0.385116234000000,0.429973659000000,1.500882162000000,1.555646763000000,-93.538894810000002,44.065646569999998,1,0
656,656,52.869999999999997,79.299999999999997,47.695999999999998,61.532201100000002,0.223925978000000,0.199969736000000,0.312877335000000,0.601462799000000,58.033999999999999,-0.029366306000000,-0.069638509000000,58.063366309999999,0.384561660000000,0.427551258000000,1.499905428000000,1.552237192000000,-93.538894810000002,44.065607970000002,1,0
657,657,46.112000000000002,71.680000000000007,42.076000000000001,54.877830130000000,0.238274569000000,0.217060581000000,0.337682920000000,0.586997768000000,55.171999999999997,-0.044556759000000,-0.079900918000000,55.216556760000003,0.414587739000000,0.451781515000000,1.554476058000000,1.602620210000000,-93.538894810000002,44.065569369999999,1,0
658,658,45.203000000000003,70.468999999999994,40.902000000000001,53.796421109999997,0.241509318000000,0.218427969000000,0.337916277000000,0.580425435000000,54.832999999999998,-0.045887568000000,-0.084344783000000,54.878887570000003,0.416962340000000,0.457386743000000,1.558945203000000,1.611723780000000,-93.538894810000002,44.065530770000002,1,0
659,659,44.630000000000003,69.123000000000005,40.222000000000001,52.876066780000002,0.239329801000000,0.215317398000000,0.333097605000000,0.581890254000000,53.393999999999998,-0.043130378000000,-0.083209612000000,53.437130379999999,0.411554480000000,0.453801499000000,1.548801255000000,1.603374771000000,-93.538894810000002,44.065492169999999,1,0
660,660,46.337000000000003,71.325000000000003,41.576000000000001,54.659360190000001,0.237405828000000,0.212371029000000,0.328417843000000,0.582909218000000,54.737000000000002,-0.040525503000000,-0.082383602000000,54.777525500000003,0.406412273000000,0.450649478000000,1.539266677000000,1.595854315000000,-93.538894810000002,44.065453570000003,1,0
661,661,47.570999999999998,73.465999999999994,42.835000000000001,56.258600590000000,0.238166665000000,0.213942844000000,0.331129639000000,0.583058830000000,56.526000000000003,-0.041902216000000,-0.082363064000000,56.567902220000001,0.409157900000000,0.451858618000000,1.544344243000000,1.599226959000000,-93.538894810000002,44.065414969999999,1,0
662,662,47.734000000000002,74.135999999999996,43.210000000000001,56.691520089999997,0.239649522000000,0.216640683000000,0.335647089000000,0.582847739000000,57.328000000000003,-0.044271868000000,-0.082638721000000,57.372271869999999,0.413857705000000,0.454250801000000,1.553106800000000,1.605467164000000,-93.538894810000002,44.065376370000003,1,0
663,663,47.938000000000002,74.887000000000000,43.479999999999997,57.144918160000003,0.241948323000000,0.219409729000000,0.339643330000000,0.580608116000000,58.356000000000002,-0.046744235000000,-0.084272872000000,58.402744230000003,0.418664678000000,0.458077494000000,1.562163628000000,1.613773267000000,-93.538894810000002,44.065337769999999,1,0
664,664,45.284999999999997,71.462000000000003,41.442999999999998,54.390780220000003,0.244700678000000,0.224219894000000,0.347617656000000,0.579930592000000,56.195999999999998,-0.050970352000000,-0.084972501000000,56.246970349999998,0.426973865000000,0.462524769000000,1.578050127000000,1.625333009000000,-93.539589609999993,44.064951770000000,3,0
665,665,46.186000000000000,71.757999999999996,41.411000000000001,54.763820420000002,0.241955234000000,0.216814760000000,0.334130375000000,0.577092450000000,55.918999999999997,-0.044539550000000,-0.086489912000000,55.963539550000000,0.414160402000000,0.458324139000000,1.553674274000000,1.611173787000000,-93.538894810000002,44.065299170000003,1,0
666,666,46.140000000000001,71.480999999999995,42.478999999999999,54.902636250000000,0.234660875000000,0.215446221000000,0.337241489000000,0.594269806000000,54.343000000000004,-0.043004372000000,-0.075018114000000,54.386004370000002,0.411778872000000,0.445511829000000,1.549219766000000,1.592461092000000,-93.538894810000002,44.065260570000000,1,0
667,667,44.542999999999999,69.022000000000006,40.493000000000002,52.876580769999997,0.237618791000000,0.215550566000000,0.334998358000000,0.586668019000000,53.008000000000003,-0.043242156000000,-0.080046476000000,53.051242160000001,0.411960599000000,0.450743714000000,1.549558853000000,1.599536345000000,-93.538894810000002,44.065221970000003,1,0
668,668,44.149999999999999,69.284000000000006,40.063000000000002,52.771643660000002,0.243984002000000,0.221573779000000,0.342560412000000,0.578243173000000,54.354999999999997,-0.048691505000000,-0.085967804000000,54.403691510000002,0.422409394000000,0.461480627000000,1.569286523000000,1.620879003000000,-93.538894810000002,44.065183370000000,3,0
669,669,45.125999999999998,69.099999999999994,40.149999999999999,52.988012410000003,0.236821851000000,0.209882163000000,0.323640585000000,0.581041968000000,52.923999999999999,-0.038371249000000,-0.083497435000000,52.962371249999997,0.402053653000000,0.449851607000000,1.531268005000000,1.592018308000000,-93.538894810000002,44.065144770000003,1,0
670,670,44.527000000000001,69.465999999999994,40.289999999999999,53.014032690000001,0.241855830000000,0.218776592000000,0.338371572000000,0.579995969000000,54.115000000000002,-0.046202109000000,-0.084649637000000,54.161202109999998,0.417567087000000,0.457968742000000,1.560087138000000,1.612908648000000,-93.538894810000002,44.065106170000000,3,0
671,671,42.850999999999999,66.537000000000006,38.000000000000000,50.686554989999998,0.244118266000000,0.216531978000000,0.331792458000000,0.571110811000000,52.222999999999999,-0.044410671000000,-0.090489049000000,52.267410669999997,0.413668647000000,0.462196280000000,1.552752561000000,1.616133813000000,-93.538894810000002,44.065067569999997,3,0
672,672,42.298999999999999,65.911000000000001,37.887999999999998,50.229360159999999,0.243550981000000,0.218205341000000,0.335769745000000,0.574835763000000,51.634999999999998,-0.045807609000000,-0.088076497000000,51.680807610000002,0.416576011000000,0.461020462000000,1.558216506000000,1.616421671000000,-93.538894810000002,44.065028970000000,3,0
673,673,43.093000000000004,66.741000000000000,39.137000000000000,51.130788180000003,0.237594571000000,0.215306736000000,0.334497928000000,0.586401163000000,51.252000000000002,-0.043033879000000,-0.080211585000000,51.295033879999998,0.411535905000000,0.450721234000000,1.548766621000000,1.599233110000000,-93.538894810000002,44.064990369999997,3,0
674,674,40.481000000000002,63.804000000000002,36.899999999999999,48.549877369999997,0.245022904000000,0.223646737000000,0.346115604000000,0.578333647000000,50.226999999999997,-0.050505365000000,-0.086014803000000,50.277505370000000,0.425986538000000,0.463134011000000,1.576146834000000,1.625517145000000,-93.538894810000002,44.064951770000000,3,0
675,675,37.652000000000001,60.920999999999999,34.353999999999999,45.859345329999996,0.257088028000000,0.236058556000000,0.362338249000000,0.563910638000000,49.835999999999999,-0.061749682000000,-0.096484537000000,49.897749679999997,0.447197631000000,0.483104221000000,1.618001700000000,1.668153264000000,-93.539628210000004,44.065530770000002,3,0
676,676,44.570999999999998,70.980000000000004,40.356000000000002,53.707048499999999,0.251371828000000,0.228548433000000,0.351206862000000,0.568554522000000,57.033000000000001,-0.055036656000000,-0.092886144000000,57.088036660000000,0.434405939000000,0.473821241000000,1.592515313000000,1.646078934000000,-93.539589609999993,44.064913169999997,3,0
677,677,39.076999999999998,62.246000000000002,35.856000000000002,47.213095570000000,0.248509465000000,0.228664765000000,0.353903493000000,0.576037014000000,49.558999999999997,-0.054951560000000,-0.087823938000000,49.613951559999997,0.434605084000000,0.468831659000000,1.592906313000000,1.639196075000000,-93.538894810000002,44.064913169999997,3,0
678,678,48.408000000000001,73.292000000000002,43.046999999999997,56.474466020000001,0.231596503000000,0.204470008000000,0.316376998000000,0.587335589000000,55.128999999999998,-0.033510777000000,-0.079067904000000,55.162510779999998,0.392529163000000,0.441000874000000,1.514047265000000,1.574395567000000,-93.538856210000006,44.065646569999998,1,0
679,679,49.338000000000001,73.305000000000007,43.746000000000002,56.925605789999999,0.223309720000000,0.195420856000000,0.303775809000000,0.596766933000000,53.526000000000003,-0.025433172000000,-0.072484359000000,53.551433170000003,0.376464781000000,0.426885103000000,1.485771616000000,1.546496852000000,-93.538856210000006,44.065607970000002,1,0
680,680,42.247999999999998,67.439999999999998,39.399999999999999,51.268596960000004,0.245843494000000,0.229669608000000,0.358411109000000,0.584223013000000,53.231999999999999,-0.055623524000000,-0.082367461000000,53.287623519999997,0.436323945000000,0.464141338000000,1.596288582000000,1.633821530000000,-93.538856210000006,44.065569369999999,3,0
681,681,42.142000000000003,66.625000000000000,38.811000000000000,50.731753730000001,0.244146907000000,0.225095847000000,0.349977128000000,0.582529081000000,52.296999999999997,-0.051675724000000,-0.083275285000000,52.348675720000003,0.428481341000000,0.461492168000000,1.580964359000000,1.624913558000000,-93.538856210000006,44.065530770000002,3,0
682,682,41.317000000000000,65.150000000000006,37.968000000000004,49.642676580000000,0.243409595000000,0.223853401000000,0.347932087000000,0.582778204000000,51.015000000000001,-0.050584692000000,-0.083046353000000,51.065584690000001,0.426342625000000,0.460293351000000,1.576832781000000,1.621849020000000,-93.538856210000006,44.065492169999999,3,0
683,683,43.857999999999997,67.938000000000002,40.119999999999997,52.117528749999998,0.236056656000000,0.215392322000000,0.335956248000000,0.590538432000000,51.898000000000003,-0.043029042000000,-0.077477027000000,51.941029039999997,0.411684991000000,0.447987378000000,1.549044644000000,1.595684420000000,-93.538856210000006,44.065453570000003,1,0
684,684,43.619999999999997,68.099999999999994,39.456000000000003,51.952190639999998,0.242270016000000,0.219119227000000,0.338757888000000,0.579383260000000,53.124000000000002,-0.046515320000000,-0.085076996000000,53.170515320000000,0.418161182000000,0.458670502000000,1.561210454000000,1.614251240000000,-93.538856210000006,44.065414969999999,3,0
685,685,44.847999999999999,69.474999999999994,41.435000000000002,53.400929939999997,0.233833408000000,0.215415971000000,0.337874547000000,0.596401583000000,52.667000000000002,-0.042937120000000,-0.073614196000000,52.709937119999999,0.411726183000000,0.444050177000000,1.549121477000000,1.590496052000000,-93.538856210000006,44.065376370000003,1,0
686,686,44.459000000000003,69.665000000000006,40.545999999999999,53.146944159999997,0.242160162000000,0.220865024000000,0.342575226000000,0.582013924000000,54.325000000000003,-0.047988621000000,-0.083407254000000,54.372988620000001,0.421184115000000,0.458330500000000,1.566949324000000,1.615767390000000,-93.538856210000006,44.065337769999999,3,0
687,687,45.256000000000000,69.301000000000002,41.310000000000002,53.408021359999999,0.231098558000000,0.209895511000000,0.328272830000000,0.596095294000000,52.036000000000001,-0.038126095000000,-0.073569133000000,52.074126090000000,0.402077064000000,0.439603651000000,1.531310765000000,1.578545553000000,-93.539551009999997,44.065646569999998,1,0
688,688,41.793999999999997,65.956000000000003,38.508000000000003,50.265290989999997,0.243197904000000,0.224241299000000,0.348950059000000,0.583843775000000,51.609999999999999,-0.050899096000000,-0.082353102000000,51.660899100000002,0.427010723000000,0.459895267000000,1.578121261000000,1.621746023000000,-93.538856210000006,44.065299170000003,3,0
689,689,42.551000000000002,66.066000000000003,38.719000000000001,50.578206500000000,0.238338910000000,0.216494656000000,0.336418782000000,0.586065450000000,50.862000000000002,-0.044080198000000,-0.080492208000000,50.906080199999998,0.413603731000000,0.451941429000000,1.552630960000000,1.602199013000000,-93.538856210000006,44.065260570000000,3,0
690,690,41.688000000000002,64.668000000000006,37.859000000000002,49.508058089999999,0.238358315000000,0.216066795000000,0.335489146000000,0.585436383000000,49.789000000000001,-0.043718060000000,-0.080888951000000,49.832718059999998,0.412859310000000,0.452011545000000,1.551237766000000,1.601812688000000,-93.538856210000006,44.065221970000003,3,0
691,691,41.337000000000003,64.409999999999997,37.439000000000000,49.190359460000003,0.241064375000000,0.218190587000000,0.337778884000000,0.581260674000000,50.043999999999997,-0.045662285000000,-0.083774950000000,50.089662290000000,0.416550404000000,0.456620714000000,1.558168227000000,1.610416621000000,-93.538856210000006,44.065183370000000,3,0
692,692,41.814999999999998,64.671000000000006,37.807000000000002,49.531813730000003,0.237935721000000,0.214638544000000,0.332794595000000,0.584605155000000,49.719999999999999,-0.042483003000000,-0.081370545000000,49.762483000000003,0.410371399000000,0.451384892000000,1.546598111000000,1.599372103000000,-93.538856210000006,44.065144770000003,3,0
693,693,40.639000000000003,64.245999999999995,36.756000000000000,48.751343140000003,0.248179827000000,0.225075082000000,0.346504425000000,0.572113439000000,51.097000000000001,-0.051901639000000,-0.090281769000000,51.148901639999998,0.428445626000000,0.468545152000000,1.580895199000000,1.634657604000000,-93.538856210000006,44.065106170000000,3,0
694,694,39.829000000000001,63.161000000000001,36.332999999999998,47.943536410000000,0.247723277000000,0.226546267000000,0.350030754000000,0.575244217000000,50.159999999999997,-0.053116858000000,-0.088246736000000,50.213116860000000,0.430973585000000,0.467624897000000,1.585804313000000,1.635067464000000,-93.538856210000006,44.065067569999997,3,0
695,695,40.728000000000002,63.033999999999999,36.700000000000003,48.231888280000000,0.239021897000000,0.214972726000000,0.332617578000000,0.582225466000000,48.640000000000001,-0.042821546000000,-0.082969059000000,48.682821550000000,0.410953926000000,0.453285718000000,1.547682184000000,1.602294644000000,-93.538856210000006,44.065028970000000,3,0
696,696,40.206000000000003,62.871000000000002,36.564999999999998,47.980149720000000,0.241816575000000,0.219884164000000,0.340765576000000,0.581587695000000,48.970999999999997,-0.047139113000000,-0.083642457000000,49.018139110000000,0.419486554000000,0.457805330000000,1.563721833000000,1.613940506000000,-93.538856210000006,44.064990369999997,3,0
697,697,40.551000000000002,63.148000000000003,36.892000000000003,48.280683400000001,0.239782270000000,0.217909527000000,0.338242998000000,0.584214860000000,48.853000000000002,-0.045355677000000,-0.081791864000000,48.898355680000002,0.416062507000000,0.454378008000000,1.557248896000000,1.607067549000000,-93.538856210000006,44.064951770000000,3,0
698,698,43.799999999999997,66.643000000000001,38.268000000000001,51.069133770000001,0.237831663000000,0.206830673000000,0.316494631000000,0.574223849000000,51.218000000000004,-0.035794259000000,-0.087873795000000,51.253794259999999,0.396691317000000,0.452012041000000,1.521529680000000,1.591501299000000,-93.539551009999997,44.065607970000002,1,0
699,699,37.454999999999998,59.429000000000002,33.555999999999997,44.946962079999999,0.252000063000000,0.226807316000000,0.346987115000000,0.564640159000000,47.847000000000001,-0.053603189000000,-0.095450782000000,47.900603189999998,0.431421631000000,0.475075011000000,1.586677346000000,1.645833558000000,-93.538856210000006,44.064913169999997,3,0
700,700,40.706000000000003,63.424999999999997,37.201999999999998,48.523869949999998,0.239023628000000,0.218177104000000,0.339449267000000,0.586551045000000,48.942000000000000,-0.045542089000000,-0.080251604000000,48.987542089999998,0.416527002000000,0.453016422000000,1.558124109000000,1.605534825000000,-93.538817609999995,44.065646569999998,3,0
701,701,40.579000000000001,62.984999999999999,37.051000000000002,48.258132529999997,0.237426326000000,0.216349311000000,0.336866477000000,0.588251171000000,48.340000000000003,-0.043909967000000,-0.079035665000000,48.383909969999998,0.413350896000000,0.450337523000000,1.552157520000000,1.599888666000000,-93.538817609999995,44.065607970000002,3,0
702,702,37.834000000000003,59.747999999999998,34.427999999999997,45.411166919999999,0.246320884000000,0.224570105000000,0.346993065000000,0.576220125000000,47.234000000000002,-0.051362776000000,-0.087484281000000,47.285362780000000,0.427576773000000,0.465332766000000,1.579214463000000,1.629612239000000,-93.538817609999995,44.065569369999999,3,0
703,703,37.241000000000000,59.207999999999998,34.908999999999999,45.133570749999997,0.242782028000000,0.227757675000000,0.356954826000000,0.589599378000000,46.265999999999998,-0.053826946000000,-0.078681161000000,46.319826949999999,0.433051431000000,0.458949121000000,1.589860637000000,1.624467415000000,-93.538817609999995,44.065530770000002,3,0
704,704,37.719999999999999,59.337000000000003,35.798999999999999,45.553069309999998,0.234946122000000,0.222724791000000,0.352884521000000,0.603316649000000,45.155000000000001,-0.049143433000000,-0.069386403000000,45.204143430000002,0.424396812000000,0.445584935000000,1.573091198000000,1.600712232000000,-93.538817609999995,44.065492169999999,3,0
705,705,38.052999999999997,60.029000000000003,36.884000000000000,46.231090209999998,0.231395677000000,0.224057421000000,0.359096703000000,0.614436356000000,45.121000000000002,-0.050048160000000,-0.062174177000000,45.171048159999998,0.426694063000000,0.439369247000000,1.577510315000000,1.593986552000000,-93.538817609999995,44.065453570000003,3,0
706,706,37.491000000000000,60.195999999999998,36.386000000000003,46.018382170000002,0.239436040000000,0.232426014000000,0.370385475000000,0.604458768000000,46.515000000000001,-0.057495543000000,-0.069034034000000,46.572495539999998,0.441026936000000,0.452996010000000,1.605612014000000,1.621687545000000,-93.538817609999995,44.065414969999999,3,0
707,707,37.244999999999997,58.942999999999998,35.283999999999999,45.116249590000002,0.238200772000000,0.225579074000000,0.356265598000000,0.598612219000000,45.356999999999999,-0.051722040000000,-0.072604053000000,45.408722040000001,0.429312203000000,0.451113360000000,1.582574842000000,1.611337382000000,-93.538817609999995,44.065376370000003,3,0
708,708,37.097999999999999,59.274000000000001,35.555000000000000,45.291009799999998,0.240035355000000,0.230108330000000,0.364634888000000,0.599841414000000,45.895000000000003,-0.055612574000000,-0.071986781000000,45.950612569999997,0.437073678000000,0.454096446000000,1.597768074000000,1.620531685000000,-93.538817609999995,44.065337769999999,3,0
709,709,41.353999999999999,65.039000000000001,36.271000000000001,49.179298750000001,0.252538480000000,0.222618029000000,0.337768461000000,0.557680776000000,52.453000000000003,-0.050071497000000,-0.099952336000000,52.503071499999997,0.424212597000000,0.476458968000000,1.572737825000000,1.642946206000000,-93.539551009999997,44.065569369999999,3,0
710,710,37.067999999999998,59.121000000000002,35.183999999999997,45.119260930000003,0.241424927000000,0.229267380000000,0.361494959000000,0.595118486000000,45.990000000000002,-0.055002169000000,-0.075079354000000,46.045002169999997,0.435636183000000,0.456525733000000,1.594933635000000,1.622879894000000,-93.538817609999995,44.065299170000003,3,0
711,711,36.146999999999998,57.232999999999997,33.799999999999997,43.683184779999998,0.241409228000000,0.225808524000000,0.353910708000000,0.590568378000000,44.518999999999998,-0.052108822000000,-0.077944645000000,44.571108819999999,0.429706532000000,0.456675988000000,1.583340250000000,1.619134971000000,-93.538817609999995,44.065260570000000,3,0
712,712,36.009999999999998,56.957999999999998,33.744999999999997,43.511143740000001,0.240435344000000,0.225324843000000,0.353713929000000,0.592454089000000,44.161000000000001,-0.051644267000000,-0.076669324000000,44.212644269999998,0.428875144000000,0.455009511000000,1.581727298000000,1.616317847000000,-93.538817609999995,44.065221970000003,3,0
713,713,35.719000000000001,56.530000000000001,33.963000000000001,43.301167149999998,0.237372908000000,0.225595941000000,0.357049720000000,0.600796038000000,43.378000000000000,-0.051686052000000,-0.071164390000000,43.429686050000001,0.429341194000000,0.449676127000000,1.582631093000000,1.609422783000000,-93.538817609999995,44.065183370000000,3,0
714,714,36.350000000000001,57.503000000000000,34.752000000000002,44.104493400000003,0.235906033000000,0.225384378000000,0.357912726000000,0.604351077000000,43.904000000000003,-0.051421018000000,-0.068816920000000,43.955421020000003,0.428977506000000,0.447141297000000,1.581925722000000,1.605786430000000,-93.538817609999995,44.065144770000003,3,0
715,715,35.469999999999999,57.277000000000001,33.945999999999998,43.554971190000003,0.245355221000000,0.235123508000000,0.370861040000000,0.592663722000000,45.137999999999998,-0.060137498000000,-0.076978207000000,45.198137500000001,0.445612208000000,0.463036803000000,1.614801240000000,1.638589788000000,-93.538817609999995,44.065106170000000,3,0
716,716,34.174999999999997,56.030000000000001,33.198999999999998,42.463573120000000,0.249038644000000,0.242281470000000,0.383380697000000,0.592521863000000,44.686000000000000,-0.066326861000000,-0.077399436000000,44.752326859999997,0.457696040000000,0.469072240000000,1.639502560000000,1.655397945000000,-93.538817609999995,44.065067569999997,3,0
717,717,37.353999999999999,58.548000000000002,35.213000000000001,44.956071110000003,0.234779583000000,0.220996434000000,0.349223088000000,0.601438136000000,44.529000000000003,-0.047686382000000,-0.070547230000000,44.576686379999998,0.421411379000000,0.445377667000000,1.567382342000000,1.598494333000000,-93.538817609999995,44.065028970000000,3,0
718,718,37.267000000000003,58.228999999999999,34.814999999999998,44.689782409999999,0.235366500000000,0.219506576000000,0.345445856000000,0.597897955000000,44.375999999999998,-0.046467297000000,-0.072810430000000,44.422467300000001,0.418832489000000,0.446488033000000,1.562481552000000,1.598297881000000,-93.538817609999995,44.064990369999997,3,0
719,719,35.889000000000003,56.299999999999997,33.017000000000003,43.003227050000000,0.240730334000000,0.221403855000000,0.344943554000000,0.586447602000000,43.694000000000003,-0.048363497000000,-0.080476974000000,43.742363500000003,0.422115737000000,0.455776873000000,1.568725793000000,1.612907812000000,-93.538817609999995,44.064951770000000,3,0
720,720,40.476999999999997,64.397999999999996,36.731000000000002,48.766984370000003,0.250422322000000,0.228090584000000,0.351036041000000,0.570374856000000,51.588000000000001,-0.054589495000000,-0.091624649000000,51.642589489999999,0.433621855000000,0.472205603000000,1.590977592000000,1.643268484000000,-93.539551009999997,44.065530770000002,3,0
721,721,35.738999999999997,56.244000000000000,32.463999999999999,42.796319750000002,0.245086916000000,0.222921627000000,0.344511837000000,0.577199346000000,44.284999999999997,-0.049895940000000,-0.086738933000000,44.334895940000003,0.424736382000000,0.463305602000000,1.573742970000000,1.624925092000000,-93.538817609999995,44.064913169999997,3,0
722,722,38.325000000000003,60.411999999999999,35.405999999999999,46.086875229999997,0.242054946000000,0.223695271000000,0.348754954000000,0.586075614000000,47.093000000000004,-0.050371618000000,-0.080836123000000,47.143371620000003,0.426070172000000,0.457935549000000,1.576307893000000,1.618445258000000,-93.538779009999999,44.065646569999998,3,0
723,723,38.070000000000000,60.276000000000003,34.795000000000002,45.801066589999998,0.246550200000000,0.225794643000000,0.349420151000000,0.577261265000000,47.686999999999998,-0.052410602000000,-0.086847778000000,47.739410599999999,0.429682680000000,0.465636179000000,1.583293932000000,1.631437863000000,-93.538779009999999,44.065607970000002,3,0
724,724,37.143999999999998,58.658999999999999,34.137000000000000,44.668742930000001,0.244099916000000,0.224575431000000,0.348895664000000,0.581956733000000,46.036999999999999,-0.051234416000000,-0.083632446000000,46.088234419999999,0.427585939000000,0.461447604000000,1.579232177000000,1.624257457000000,-93.538779009999999,44.065569369999999,3,0
725,725,37.304000000000002,58.990000000000002,35.433000000000000,45.191835560000001,0.237225837000000,0.225206140000000,0.356320139000000,0.600661129000000,45.243000000000002,-0.051351659000000,-0.071236724000000,45.294351659999997,0.428671025000000,0.449438051000000,1.581331761000000,1.608661633000000,-93.538779009999999,44.065530770000002,3,0
726,726,37.771999999999998,58.848999999999997,35.222000000000001,45.205154829999998,0.234430390000000,0.218140984000000,0.343279207000000,0.598514843000000,44.704000000000001,-0.045267477000000,-0.072345138000000,44.749267480000000,0.416464310000000,0.444925502000000,1.558005930000000,1.594695042000000,-93.538779009999999,44.065492169999999,3,0
727,727,35.939000000000000,57.712000000000003,34.475000000000001,44.010651320000001,0.242200196000000,0.232490844000000,0.367936326000000,0.597362767000000,45.009999999999998,-0.057735354000000,-0.073732107000000,45.067735350000000,0.441137335000000,0.457730431000000,1.605832104000000,1.628226006000000,-93.538779009999999,44.065453570000003,3,0
728,728,35.194000000000003,56.729999999999997,33.595999999999997,43.149359789999998,0.245102881000000,0.234280493000000,0.369222329000000,0.592208708000000,44.670000000000002,-0.059420013000000,-0.077243467000000,44.729420009999998,0.444181064000000,0.462637515000000,1.611922487000000,1.637059430000000,-93.538779009999999,44.065414969999999,3,0
729,729,35.848999999999997,57.171999999999997,34.039999999999999,43.636796339999997,0.241297705000000,0.229227809000000,0.361523202000000,0.595396348000000,44.454999999999998,-0.054961003000000,-0.074893162000000,44.509960999999997,0.435568501000000,0.456307891000000,1.594800413000000,1.622537246000000,-93.538779009999999,44.065376370000003,3,0
730,730,36.161999999999999,57.390999999999998,34.067999999999998,43.825585179999997,0.240806002000000,0.226919500000000,0.356879886000000,0.593612239000000,44.552000000000000,-0.053002249000000,-0.075973390000000,44.605002249999998,0.431614127000000,0.455567679000000,1.587052707000000,1.618892394000000,-93.538779009999999,44.065337769999999,3,0
731,731,38.973999999999997,62.884999999999998,35.616000000000000,47.406031110000001,0.255440208000000,0.234746071000000,0.360958894000000,0.566367178000000,51.180000000000000,-0.060530278000000,-0.094727041000000,51.240530280000002,0.444971659000000,0.480368183000000,1.613511572000000,1.662655681000000,-93.539551009999997,44.065492169999999,3,0
732,732,35.875000000000000,56.918999999999997,34.186999999999998,43.571929630000000,0.238042414000000,0.226781904000000,0.359069736000000,0.600625450000000,43.776000000000003,-0.052716548000000,-0.071327206000000,43.828716550000003,0.431378023000000,0.450785876000000,1.586592334000000,1.612260995000000,-93.538779009999999,44.065299170000003,3,0
733,733,35.475999999999999,56.753000000000000,33.688000000000002,43.260185419999999,0.242743746000000,0.230697503000000,0.363454673000000,0.593589766000000,44.341999999999999,-0.056279930000000,-0.076159692000000,44.398279930000001,0.438079812000000,0.458736195000000,1.599757583000000,1.627545593000000,-93.538779009999999,44.065260570000000,3,0
734,734,36.387999999999998,57.530999999999999,34.451999999999998,44.048620139999997,0.237878022000000,0.225119518000000,0.355541729000000,0.598842363000000,44.222000000000001,-0.051318444000000,-0.072432247000000,44.273318439999997,0.428522053000000,0.450574495000000,1.581043201000000,1.610090935000000,-93.538779009999999,44.065221970000003,3,0
735,735,35.767000000000003,56.267000000000003,33.631000000000000,43.113407580000001,0.237099576000000,0.222743769000000,0.351009366000000,0.597703805000000,43.136000000000003,-0.049283412000000,-0.073080014000000,43.185283409999997,0.424429555000000,0.449338601000000,1.573154025000000,1.605744991000000,-93.538779009999999,44.065183370000000,3,0
736,736,34.569000000000003,56.017000000000003,33.512999999999998,42.645989329999999,0.244020520000000,0.236769479000000,0.375799415000000,0.598264812000000,43.951999999999998,-0.061405813000000,-0.073318883000000,44.013405810000002,0.448401657000000,0.460708127000000,1.620440279000000,1.637267755000000,-93.538779009999999,44.065144770000003,3,0
737,737,35.581000000000003,56.630000000000003,34.021000000000001,43.322022509999996,0.238748346000000,0.228269946000000,0.361728819000000,0.600759315000000,43.658000000000001,-0.054000570000000,-0.071302047000000,43.712000570000001,0.433929077000000,0.451946720000000,1.591579776000000,1.615519780000000,-93.538779009999999,44.065106170000000,3,0
738,738,34.015999999999998,55.802000000000000,32.825000000000003,42.223343010000001,0.250850402000000,0.242557171000000,0.382257470000000,0.588240565000000,44.762999999999998,-0.066694389000000,-0.080289947000000,44.829694390000000,0.458159023000000,0.472123173000000,1.640463311000000,1.660048838000000,-93.538779009999999,44.065067569999997,3,0
739,739,35.648000000000003,57.281999999999996,34.008000000000003,43.621674630000001,0.243773749000000,0.232798881000000,0.367163369000000,0.593694354000000,44.908000000000001,-0.058097654000000,-0.076185224000000,44.966097650000002,0.441661762000000,0.460418328000000,1.606878366000000,1.632278317000000,-93.538779009999999,44.065028970000000,3,0
740,740,35.031999999999996,56.112000000000002,33.197000000000003,42.731090860000002,0.243803096000000,0.231282366000000,0.363780696000000,0.591620331000000,43.994999999999997,-0.056837246000000,-0.077498170000000,44.051837249999998,0.439077789000000,0.460534121000000,1.601735556000000,1.630691193000000,-93.538779009999999,44.064990369999997,3,0
741,741,36.978999999999999,57.606999999999999,34.097999999999999,44.153846540000004,0.236925026000000,0.218087243000000,0.341026319000000,0.591907233000000,44.137000000000000,-0.045354512000000,-0.076697958000000,44.182354510000003,0.416371029000000,0.449321348000000,1.557830120000000,1.600480694000000,-93.538779009999999,44.064951770000000,3,0
742,742,39.834000000000003,64.188999999999993,36.872000000000000,48.533561110000001,0.251955296000000,0.234130913000000,0.362690057000000,0.574428640000000,51.671999999999997,-0.059770751000000,-0.089202598000000,51.731770750000003,0.443926956000000,0.474409493000000,1.611412361000000,1.653412613000000,-93.539551009999997,44.065453570000003,3,0
743,743,35.353999999999999,56.290999999999997,33.298999999999999,42.923984740000002,0.242386956000000,0.228457635000000,0.358842080000000,0.591551047000000,43.929000000000002,-0.054387566000000,-0.077413881000000,43.983387569999998,0.434250483000000,0.458227365000000,1.592210217000000,1.624279859000000,-93.538779009999999,44.064913169999997,3,0
744,744,37.162999999999997,60.933999999999997,34.118000000000002,45.673036719999999,0.261906611000000,0.242321376000000,0.371543788000000,0.559917288000000,50.587000000000003,-0.067358469000000,-0.099601407000000,50.654358469999998,0.457763065000000,0.490882198000000,1.639641579000000,1.686989116000000,-93.538740410000003,44.065646569999998,3,0
745,745,38.536000000000001,62.204999999999998,34.734000000000002,46.765143989999999,0.258700931000000,0.234949028000000,0.358583181000000,0.558379551000000,51.140000000000001,-0.060930799000000,-0.100220705000000,51.200930800000002,0.445316139000000,0.485976666000000,1.614204899000000,1.671017129000000,-93.538740410000003,44.065607970000002,3,0
746,746,36.517000000000003,58.817999999999998,33.198000000000000,44.328905610000000,0.255781928000000,0.233922484000000,0.358900494000000,0.564419055000000,47.920999999999999,-0.059861670000000,-0.096012697000000,47.980861670000003,0.443572785000000,0.481022825000000,1.610701865000000,1.662630555000000,-93.538740410000003,44.065569369999999,3,0
747,747,36.259999999999998,58.137999999999998,34.268000000000001,44.230873340000002,0.244898396000000,0.231763385000000,0.363845002000000,0.589425161000000,45.747999999999998,-0.057311178000000,-0.078985901000000,45.805311179999997,0.439897973000000,0.462397012000000,1.603364589000000,1.633818422000000,-93.538740410000003,44.065530770000002,3,0
748,748,36.409999999999997,57.597999999999999,34.055999999999997,43.981165820000001,0.240921675000000,0.225385074000000,0.353416066000000,0.591270530000000,44.729999999999997,-0.051724138000000,-0.077458146000000,44.781724140000001,0.428978702000000,0.455852274000000,1.581928042000000,1.617531435000000,-93.538740410000003,44.065492169999999,3,0
749,749,36.335000000000001,57.645000000000003,34.478999999999999,44.090738600000002,0.238984654000000,0.226750372000000,0.358145241000000,0.598126464000000,44.475999999999999,-0.052748348000000,-0.072975813000000,44.528748350000001,0.431323911000000,0.452418918000000,1.586486858000000,1.614429395000000,-93.538740410000003,44.065453570000003,3,0
750,750,36.539000000000001,58.875000000000000,34.869000000000000,44.785456369999999,0.244990960000000,0.234095625000000,0.368915683000000,0.592254777000000,46.341999999999999,-0.059258691000000,-0.077204240000000,46.401258689999999,0.443867001000000,0.462453195000000,1.611292044000000,1.636589945000000,-93.538740410000003,44.065414969999999,3,0
751,751,36.991999999999997,59.423999999999999,35.152999999999999,45.222978120000001,0.244527286000000,0.232658480000000,0.366159019000000,0.591562332000000,46.703000000000003,-0.058031907000000,-0.077600347000000,46.761031910000000,0.441422760000000,0.461717837000000,1.606401384000000,1.633911366000000,-93.538740410000003,44.065376370000003,3,0
752,752,39.418999999999997,62.002000000000002,37.283000000000001,47.567943180000000,0.235678056000000,0.222665917000000,0.352100159000000,0.601319312000000,47.302000000000000,-0.049136290000000,-0.070695870000000,47.351136289999999,0.424295230000000,0.446863224000000,1.572896319000000,1.602348390000000,-93.538740410000003,44.065337769999999,3,0
753,753,41.283999999999999,64.471000000000004,37.180999999999997,49.136901469999998,0.243371728000000,0.219252045000000,0.338131070000000,0.576708908000000,50.476999999999997,-0.046688028000000,-0.086875245000000,50.523688030000002,0.418391404000000,0.460605101000000,1.561646158000000,1.617041074000000,-93.539551009999997,44.065414969999999,3,0
754,754,39.198999999999998,62.107999999999997,37.579999999999998,47.631298059999999,0.236010846000000,0.226134423000000,0.359486560000000,0.605075031000000,47.436999999999998,-0.052052388000000,-0.068372130000000,47.489052389999998,0.430266409000000,0.447294684000000,1.584428174000000,1.606839581000000,-93.538740410000003,44.065299170000003,3,0
755,755,35.877000000000002,58.844999999999999,34.622000000000000,44.529301359999998,0.250763860000000,0.242477988000000,0.382163062000000,0.588359249000000,47.191000000000003,-0.066622340000000,-0.080206272000000,47.257622339999998,0.458026070000000,0.471979396000000,1.640187307000000,1.659751035000000,-93.538740410000003,44.065260570000000,3,0
756,756,36.466000000000001,57.814000000000000,33.850000000000001,44.038052680000000,0.243686271000000,0.226431905000000,0.353268244000000,0.585498322000000,45.311999999999998,-0.052771404000000,-0.081354874000000,45.364771400000002,0.430777254000000,0.460598985000000,1.585422037000000,1.625214165000000,-93.538740410000003,44.065221970000003,3,0
757,757,36.527999999999999,58.802000000000000,35.173000000000002,44.829714539999998,0.242481709000000,0.233651526000000,0.370264475000000,0.598159927000000,45.902999999999999,-0.058717424000000,-0.073253488000000,45.961717419999999,0.443112212000000,0.458173436000000,1.609778800000000,1.630169983000000,-93.538740410000003,44.065183370000000,3,0
758,758,34.786000000000001,57.756999999999998,34.048999999999999,43.609139890000002,0.253209944000000,0.248219746000000,0.392706944000000,0.589521616000000,46.679000000000002,-0.071541646000000,-0.079692240000000,46.750541650000002,0.467627538000000,0.475951318000000,1.660351866000000,1.672234111000000,-93.538740410000003,44.065144770000003,3,0
759,759,35.569000000000003,58.536999999999999,34.540999999999997,44.290009449999999,0.250897513000000,0.244065203000000,0.385595568000000,0.590071237000000,46.963999999999999,-0.067940955000000,-0.079128157000000,47.031940949999999,0.460688212000000,0.472161472000000,1.645730833000000,1.661881844000000,-93.538740410000003,44.065106170000000,3,0
760,760,36.271999999999998,59.113000000000000,35.125999999999998,44.884446560000001,0.246951863000000,0.239461131000000,0.379047113000000,0.594217854000000,46.828000000000003,-0.063842894000000,-0.076136111000000,46.891842889999999,0.452949404000000,0.465615143000000,1.629714380000000,1.647230792000000,-93.538740410000003,44.065067569999997,3,0
761,761,36.174999999999997,59.024000000000001,34.819000000000003,44.739341230000001,0.248907650000000,0.240013025000000,0.378420007000000,0.589912578000000,47.054000000000002,-0.064444923000000,-0.079045978000000,47.118444920000002,0.453879740000000,0.468914831000000,1.631624050000000,1.652514641000000,-93.538740410000003,44.065028970000000,3,0
762,762,36.430000000000000,58.887999999999998,34.508000000000003,44.668197139999997,0.248195682000000,0.235611322000000,0.369314258000000,0.585993751000000,46.838000000000001,-0.060742840000000,-0.081469043000000,46.898742839999997,0.446439580000000,0.467874315000000,1.616469942000000,1.645910621000000,-93.538740410000003,44.064990369999997,3,0
763,763,38.009999999999998,59.631000000000000,35.171999999999997,45.598559350000002,0.239446280000000,0.221433619000000,0.346107669000000,0.589827439000000,46.079999999999998,-0.048316053000000,-0.078231800000000,46.128316050000002,0.422167179000000,0.453522296000000,1.568823994000000,1.609891439000000,-93.538740410000003,44.064951770000000,3,0
764,764,39.795000000000002,63.875000000000000,35.914000000000001,48.143788270000002,0.255781263000000,0.232275490000000,0.355392880000000,0.562254403000000,52.040999999999997,-0.058473751000000,-0.097399415000000,52.099473750000001,0.440770568000000,0.481160898000000,1.605101143000000,1.660896078000000,-93.539551009999997,44.065376370000003,3,0
765,765,37.979999999999997,59.698000000000000,35.506000000000000,45.705607389999997,0.238021174000000,0.222342800000000,0.349321238000000,0.594760293000000,45.909999999999997,-0.048999880000000,-0.075006007000000,45.958999880000000,0.423737573000000,0.450970456000000,1.571827278000000,1.607482082000000,-93.538740410000003,44.064913169999997,3,0
766,766,42.542000000000002,66.852000000000004,38.320000000000000,50.818087550000001,0.246273874000000,0.222224254000000,0.342037876000000,0.573206486000000,52.841999999999999,-0.049373790000000,-0.089388954000000,52.891373790000003,0.423532919000000,0.465452466000000,1.571435287000000,1.627092231000000,-93.538701810000006,44.065646569999998,3,0
767,767,41.290999999999997,64.331000000000003,35.954999999999998,48.772212949999997,0.249703751000000,0.218136373000000,0.330716121000000,0.558906282000000,51.415999999999997,-0.046078106000000,-0.098843739000000,51.462078110000000,0.416456307000000,0.471957069000000,1.557990845000000,1.631461785000000,-93.538701810000006,44.065607970000002,3,0
768,768,37.505000000000003,60.073000000000000,34.045999999999999,45.367097000000001,0.253499011000000,0.231281641000000,0.355222565000000,0.566743795000000,48.594999999999999,-0.057481918000000,-0.094273081000000,48.652481920000000,0.439076552000000,0.477288602000000,1.601733102000000,1.654184073000000,-93.538701810000006,44.065569369999999,3,0
769,769,36.200000000000003,57.776000000000003,34.017000000000003,43.991144810000002,0.244039641000000,0.229590534000000,0.359845895000000,0.588773885000000,45.335000000000001,-0.055440532000000,-0.079318400000000,45.390440529999999,0.436188767000000,0.461026211000000,1.596022099000000,1.629423904000000,-93.538701810000006,44.065530770000002,3,0
770,770,37.021000000000001,58.732999999999997,35.026000000000003,44.895955299999997,0.239661659000000,0.226747708000000,0.357528652000000,0.596359798000000,45.418999999999997,-0.052787888000000,-0.074144365000000,45.471787890000002,0.431319337000000,0.453592188000000,1.586477945000000,1.616014378000000,-93.538701810000006,44.065492169999999,3,0
771,771,36.683000000000000,58.277999999999999,34.898000000000003,44.571433960000000,0.239054519000000,0.227409147000000,0.359539151000000,0.598819452000000,44.975000000000001,-0.053302428000000,-0.072546377000000,45.028302429999997,0.432453971000000,0.452510874000000,1.588692310000000,1.615303030000000,-93.538701810000006,44.065453570000003,3,0
772,772,39.716999999999999,62.518999999999998,37.159999999999997,47.843254659999999,0.238521160000000,0.223032983000000,0.350390313000000,0.594379309000000,48.161000000000001,-0.049608310000000,-0.075289104000000,48.210608309999998,0.424928447000000,0.451803796000000,1.574111841000000,1.609383445000000,-93.538701810000006,44.065414969999999,3,0
773,773,40.353000000000002,64.432000000000002,37.869000000000000,49.037089340000001,0.244545744000000,0.229794341000000,0.359839201000000,0.587735908000000,50.642000000000003,-0.055643725000000,-0.080021591000000,50.697643730000003,0.436537146000000,0.461889935000000,1.596709043000000,1.630849623000000,-93.538701810000006,44.065376370000003,3,0
774,774,40.881000000000000,65.147000000000006,37.884999999999998,49.499700320000002,0.246474696000000,0.228864074000000,0.356104075000000,0.581530999000000,51.527999999999999,-0.054988778000000,-0.084134164000000,51.582988780000001,0.434946203000000,0.465285274000000,1.593576478000000,1.634481336000000,-93.538701810000006,44.065337769999999,3,0
775,775,39.521000000000001,62.457999999999998,35.677999999999997,47.384353570000002,0.248442146000000,0.224918856000000,0.345952550000000,0.571231868000000,49.716999999999999,-0.051785234000000,-0.090869335000000,49.768785229999999,0.428176889000000,0.469018361000000,1.580374991000000,1.635138260000000,-93.539551009999997,44.065337769999999,3,0
776,776,41.948000000000000,66.173000000000002,38.991999999999997,50.526813660000002,0.241019101000000,0.224054531000000,0.350431801000000,0.589243347000000,51.405999999999999,-0.050612794000000,-0.078743551000000,51.456612790000001,0.426689086000000,0.456102493000000,1.577500715000000,1.616358043000000,-93.538701810000006,44.065299170000003,3,0
777,777,39.447000000000003,63.049999999999997,37.259999999999998,48.026645070000001,0.243546820000000,0.230279911000000,0.361803884000000,0.590959556000000,49.393000000000001,-0.055984316000000,-0.077892342000000,49.448984320000001,0.437366770000000,0.460140003000000,1.598347149000000,1.628995546000000,-93.538701810000006,44.065260570000000,3,0
778,778,38.192000000000000,60.307000000000002,35.232999999999997,45.959864379999999,0.243193379000000,0.224520046000000,0.349555844000000,0.584227370000000,47.189000000000000,-0.051133611000000,-0.082110490000000,47.240133610000001,0.427490610000000,0.459867767000000,1.579047968000000,1.622026362000000,-93.538701810000006,44.065221970000003,3,0
779,779,37.704999999999998,60.223999999999997,35.697000000000003,45.908869910000000,0.242692804000000,0.229952312000000,0.361855637000000,0.592737115000000,47.045999999999999,-0.055655337000000,-0.076693159000000,47.101655340000001,0.436807110000000,0.458682341000000,1.597241745000000,1.626616369000000,-93.538701810000006,44.065183370000000,3,0
780,780,37.347000000000001,59.750000000000000,35.124000000000002,45.455312429999999,0.244979710000000,0.230728035000000,0.361496135000000,0.587849372000000,47.029000000000003,-0.056452455000000,-0.079990319000000,47.085452449999998,0.438131930000000,0.462589342000000,1.599860765000000,1.632891099000000,-93.538701810000006,44.065144770000003,3,0
781,781,36.993000000000002,60.469999999999999,35.485999999999997,45.768836360000002,0.250549326000000,0.240881155000000,0.378801814000000,0.586836448000000,48.460999999999999,-0.065286689000000,-0.081155932000000,48.526286689999999,0.455341686000000,0.471668363000000,1.634633579000000,1.657430132000000,-93.538701810000006,44.065106170000000,3,0
782,782,37.268000000000001,60.582999999999998,34.622999999999998,45.672587849999999,0.255235500000000,0.238270432000000,0.368744860000000,0.571496955000000,49.274999999999999,-0.063467548000000,-0.091420203000000,49.338467549999997,0.450939751000000,0.479771722000000,1.625603735000000,1.665946927000000,-93.538701810000006,44.065067569999997,3,0
783,783,38.030999999999999,60.887999999999998,34.845999999999997,46.072223090000001,0.251211130000000,0.231067843000000,0.356733726000000,0.572296676000000,48.899000000000001,-0.057149479000000,-0.090484058000000,48.956149480000001,0.438711832000000,0.473340085000000,1.601009703000000,1.648325231000000,-93.538701810000006,44.065028970000000,3,0
784,784,39.375000000000000,62.853000000000002,36.862000000000002,47.818048470000001,0.244965163000000,0.229663106000000,0.359177554000000,0.586479563000000,49.469000000000001,-0.055561147000000,-0.080855561000000,49.524561149999997,0.436312830000000,0.462622310000000,1.596266667000000,1.631710550000000,-93.538701810000006,44.064990369999997,3,0
785,785,40.095999999999997,63.070999999999998,37.142000000000003,48.184258909999997,0.240456289000000,0.222697180000000,0.347974252000000,0.588891884000000,48.904000000000003,-0.049438026000000,-0.078912971000000,48.953438030000001,0.424349173000000,0.455206856000000,1.572999800000000,1.613601084000000,-93.538701810000006,44.064951770000000,3,0
786,786,38.478999999999999,61.917999999999999,35.249000000000002,46.750986320000003,0.253629204000000,0.233463151000000,0.359780807000000,0.569285184000000,50.107999999999997,-0.059326482000000,-0.092663256000000,50.167326480000000,0.442791910000000,0.477341840000000,1.609137452000000,1.656810262000000,-93.539628210000004,44.065492169999999,3,0
787,787,40.491999999999997,63.215000000000003,36.609999999999999,48.221815220000003,0.242359924000000,0.219107678000000,0.338658956000000,0.579134699000000,49.328000000000003,-0.046510401000000,-0.085242700000000,49.374510399999998,0.418141163000000,0.458830323000000,1.561172577000000,1.614455792000000,-93.539551009999997,44.065299170000003,3,0
788,788,39.920999999999999,64.001000000000005,37.484999999999999,48.631058209999999,0.246319520000000,0.231712246000000,0.362448636000000,0.585693974000000,50.595999999999997,-0.057363497000000,-0.081481115000000,50.653363499999998,0.439810801000000,0.464847263000000,1.603191303000000,1.637159022000000,-93.538701810000006,44.064913169999997,3,0
789,789,44.968000000000004,69.167000000000002,39.768999999999998,52.876485870000003,0.240268793000000,0.212020852000000,0.325404083000000,0.574970723000000,53.597000000000001,-0.040361524000000,-0.087654642000000,53.637361519999999,0.405799849000000,0.455805890000000,1.538138232000000,1.602373970000000,-93.538663209999996,44.065646569999998,1,0
790,790,45.103999999999999,67.206999999999994,38.552000000000000,51.760372130000000,0.232760123000000,0.196801738000000,0.299665126000000,0.573630723000000,50.758000000000003,-0.026921114000000,-0.087723299000000,50.784921109999999,0.378927273000000,0.444068995000000,1.490045229000000,1.569999245000000,-93.538663209999996,44.065607970000002,1,0
791,791,41.095999999999997,63.119999999999997,36.079000000000001,48.217250909999997,0.241206401000000,0.211330314000000,0.323231137000000,0.571593790000000,49.064999999999998,-0.039813251000000,-0.089877758000000,49.104813249999999,0.404591374000000,0.457564735000000,1.535915904000000,1.603972591000000,-93.538663209999996,44.065569369999999,3,0
792,792,36.619999999999997,59.374000000000002,34.497000000000000,44.930833079999999,0.250867722000000,0.237035648000000,0.370001789000000,0.581011891000000,47.631000000000000,-0.062119227000000,-0.084896276000000,47.693119230000001,0.448852136000000,0.472374891000000,1.621354451000000,1.653921881000000,-93.538663209999996,44.065530770000002,3,0
793,793,37.402000000000001,59.892000000000003,34.186999999999998,45.294268350000003,0.251838034000000,0.231155056000000,0.356378849000000,0.570810793000000,48.195000000000000,-0.057264548000000,-0.091497631000000,48.252264550000000,0.438860621000000,0.474419493000000,1.601304743000000,1.649955597000000,-93.538663209999996,44.065492169999999,3,0
794,794,37.024000000000001,59.554000000000002,33.874000000000002,44.962589520000002,0.253728830000000,0.233282942000000,0.359307221000000,0.568794707000000,48.210000000000001,-0.059181921000000,-0.092987459000000,48.269181920000001,0.442485416000000,0.477527426000000,1.608524201000000,1.656864572000000,-93.538663209999996,44.065453570000003,3,0
795,795,39.002000000000002,62.517000000000003,35.567999999999998,47.239157190000000,0.252820585000000,0.231631517000000,0.356552592000000,0.568933250000000,50.463999999999999,-0.057731222000000,-0.092800922000000,50.521731219999999,0.439673179000000,0.476084467000000,1.602917799000000,1.652876429000000,-93.538663209999996,44.065414969999999,3,0
796,796,41.058999999999997,64.846999999999994,37.439999999999998,49.304254350000001,0.245901639000000,0.224614281000000,0.347442526000000,0.577359014000000,51.195000000000000,-0.051374995000000,-0.086720243000000,51.246374990000000,0.427652804000000,0.464595403000000,1.579361407000000,1.628642161000000,-93.538663209999996,44.065376370000003,3,0
797,797,41.046999999999997,66.081000000000003,37.591000000000001,49.881987570000000,0.253908918000000,0.233683071000000,0.360009779000000,0.568862457000000,53.524000000000001,-0.059530538000000,-0.092963605000000,53.583530539999998,0.443165840000000,0.477808101000000,1.609886228000000,1.657734465000000,-93.538663209999996,44.065337769999999,3,0
798,798,39.511000000000003,62.557000000000002,35.969999999999999,47.498555310000000,0.247428899000000,0.225790649000000,0.348664105000000,0.574995604000000,49.633000000000003,-0.052460917000000,-0.088374216000000,49.685460919999997,0.429675817000000,0.467171438000000,1.583280605000000,1.633566532000000,-93.539551009999997,44.065260570000000,3,0
799,799,41.819000000000003,66.591999999999999,37.585000000000001,50.318834940000002,0.252977590000000,0.228510022000000,0.349772682000000,0.564407136000000,53.780000000000001,-0.055106989000000,-0.095708102000000,53.835106990000000,0.434340177000000,0.476623822000000,1.592386236000000,1.650007779000000,-93.538663209999996,44.065299170000003,3,0
800,800,39.453000000000003,63.612000000000002,35.901000000000003,47.930183790000001,0.256049522000000,0.234405472000000,0.359701626000000,0.564374646000000,51.869999999999997,-0.060286689000000,-0.096070981000000,51.930286690000003,0.444393341000000,0.481445722000000,1.612348871000000,1.663807926000000,-93.538663209999996,44.065260570000000,3,0
801,801,40.152000000000001,63.445999999999998,36.709000000000003,48.253251020000000,0.245547305000000,0.224849901000000,0.348248591000000,0.578586515000000,50.030999999999999,-0.051552667000000,-0.085907332000000,50.082552669999998,0.428058255000000,0.463957059000000,1.580145447000000,1.628029596000000,-93.538663209999996,44.065221970000003,3,0
802,802,39.277999999999999,61.353000000000002,35.779000000000003,46.858256949999998,0.240939913000000,0.219365802000000,0.340390427000000,0.583166267000000,47.649000000000001,-0.046652005000000,-0.082562862000000,47.695652000000003,0.418588555000000,0.456302303000000,1.562019451000000,1.611313280000000,-93.538663209999996,44.065183370000000,3,0
803,803,39.244000000000000,61.875999999999998,35.707000000000001,47.059256120000001,0.245597701000000,0.223813291000000,0.345986272000000,0.577073502000000,48.801000000000002,-0.050680056000000,-0.086870281000000,48.851680060000000,0.426273523000000,0.464127865000000,1.576699623000000,1.627078819000000,-93.538663209999996,44.065144770000003,3,0
804,804,38.770000000000003,61.966000000000001,35.573999999999998,46.934022949999999,0.250095826000000,0.230265248000000,0.355974341000000,0.574089017000000,49.588000000000001,-0.056400851000000,-0.089226029000000,49.644400849999997,0.437341726000000,0.471467005000000,1.598297653000000,1.644748784000000,-93.538663209999996,44.065106170000000,3,0
805,805,37.499000000000002,60.662999999999997,34.271000000000001,45.682513110000002,0.256639185000000,0.235977262000000,0.362554976000000,0.564940738000000,49.555999999999997,-0.061649287000000,-0.095773712000000,49.617649290000003,0.447059875000000,0.482338308000000,1.617723139000000,1.666948322000000,-93.538663209999996,44.065067569999997,3,0
806,806,39.088000000000001,62.098999999999997,35.207999999999998,46.988512100000001,0.251403065000000,0.227410636000000,0.348762485000000,0.566965652000000,49.902000000000001,-0.054076762000000,-0.093902269000000,49.956076760000002,0.432456524000000,0.473975603000000,1.588697298000000,1.644977850000000,-93.538663209999996,44.065028970000000,3,0
807,807,39.323000000000000,62.515000000000001,36.194000000000003,47.484836840000000,0.246889757000000,0.227734245000000,0.353299616000000,0.578965048000000,49.512999999999998,-0.054065724000000,-0.085801843000000,49.567065720000002,0.433011275000000,0.466083394000000,1.589782061000000,1.634289320000000,-93.538663209999996,44.064990369999997,3,0
808,808,40.057000000000002,63.046999999999997,36.267000000000003,47.940180599999998,0.245877343000000,0.222978740000000,0.343971154000000,0.575237521000000,49.770000000000003,-0.049990314000000,-0.088061361000000,49.819990310000001,0.424834893000000,0.464688591000000,1.573932147000000,1.626898827000000,-93.538663209999996,44.064951770000000,3,0
809,809,40.039999999999999,63.424999999999997,36.591999999999999,48.183353590000003,0.246793328000000,0.226018460000000,0.349692701000000,0.576933386000000,50.218000000000004,-0.052614293000000,-0.087080260000000,50.270614289999997,0.430067219000000,0.466043281000000,1.584040959000000,1.632260026000000,-93.539551009999997,44.065221970000003,3,0
810,810,40.726999999999997,64.609999999999999,37.155000000000001,49.036158950000001,0.247887514000000,0.226729449000000,0.350283066000000,0.575065779000000,51.338000000000001,-0.053281588000000,-0.088376891000000,51.391281589999998,0.431288003000000,0.467896928000000,1.586416873000000,1.635657680000000,-93.538663209999996,44.064913169999997,3,0
811,811,56.427000000000000,83.233999999999995,49.335999999999999,64.668245639999995,0.222990769000000,0.191943349000000,0.296783836000000,0.592738544000000,60.704999999999998,-0.022414112000000,-0.074940872000000,60.727414109999998,0.370246002000000,0.426699921000000,1.475073989000000,1.542536228000000,-93.538624609999999,44.065646569999998,1,0
812,812,56.137999999999998,80.311999999999998,47.735999999999997,62.929108479999996,0.214557388000000,0.177163796000000,0.272493631000000,0.594381911000000,56.750000000000000,-0.009331871000000,-0.073195574000000,56.759331869999997,0.343544750000000,0.412955940000000,1.430617407000000,1.509977022000000,-93.538624609999999,44.065607970000002,2,0
813,813,49.180000000000000,73.578999999999994,43.170000000000002,56.851240210000000,0.228835780000000,0.198755285000000,0.306562465000000,0.586716319000000,54.808000000000000,-0.028488088000000,-0.079196524000000,54.836488090000003,0.382404203000000,0.436616931000000,1.496116307000000,1.562483044000000,-93.538624609999999,44.065569369999999,1,0
814,814,43.866999999999997,68.969999999999999,40.439000000000000,52.651328919999997,0.241327178000000,0.222471352000000,0.346736098000000,0.586327389000000,53.634000000000000,-0.049297998000000,-0.080608836000000,53.683298000000001,0.423959466000000,0.456747101000000,1.572252490000000,1.615435743000000,-93.538624609999999,44.065530770000002,3,0
815,815,44.633000000000003,70.004999999999995,40.404000000000003,53.308185520000002,0.244273418000000,0.221322773000000,0.341784088000000,0.577158774000000,54.972999999999999,-0.048495246000000,-0.086682318000000,55.021495250000001,0.421975590000000,0.462011393000000,1.568458316000000,1.621321503000000,-93.538624609999999,44.065492169999999,3,0
816,816,42.939000000000000,67.878000000000000,38.445000000000000,51.410759669999997,0.250400663000000,0.225046699000000,0.344594595000000,0.566383806000000,54.372000000000000,-0.052011899000000,-0.094163283000000,54.424011900000004,0.428396806000000,0.472440480000000,1.580800671000000,1.640080359000000,-93.538624609999999,44.065453570000003,3,0
817,817,43.247999999999998,68.805999999999997,38.921999999999997,52.024280310000002,0.252259057000000,0.228086458000000,0.349477657000000,0.565677412000000,55.442000000000000,-0.054702734000000,-0.094817719000000,55.496702730000003,0.433614787000000,0.475408869000000,1.590963744000000,1.647790466000000,-93.538624609999999,44.065414969999999,3,0
818,818,44.527000000000001,70.697999999999993,41.139000000000003,53.768882740000002,0.245439572000000,0.227129529000000,0.353251626000000,0.581897649000000,55.729999999999997,-0.053466271000000,-0.083800619000000,55.783466269999998,0.431974438000000,0.463603126000000,1.587755744000000,1.630154639000000,-93.538624609999999,44.065376370000003,3,0
819,819,44.485999999999997,70.450000000000003,40.655999999999999,53.526059170000003,0.246670973000000,0.225899631000000,0.349542272000000,0.577090135000000,55.758000000000003,-0.052506556000000,-0.086968482000000,55.810506560000000,0.429863073000000,0.465838904000000,1.583644293000000,1.631839759000000,-93.538624609999999,44.065337769999999,3,0
820,820,40.299999999999997,64.278999999999996,36.457999999999998,48.597207070000003,0.252294025000000,0.229290775000000,0.352005989000000,0.567183684000000,51.799999999999997,-0.055722966000000,-0.093860476000000,51.855722970000002,0.435676197000000,0.475363325000000,1.595012407000000,1.649125207000000,-93.539551009999997,44.065183370000000,3,0
821,821,44.380000000000003,70.078000000000003,40.079999999999998,53.188084140000001,0.247960964000000,0.224519038000000,0.345505391000000,0.571934131000000,55.695999999999998,-0.051417774000000,-0.090372594000000,55.747417769999998,0.427488875000000,0.468210337000000,1.579044615000000,1.633551545000000,-93.538624609999999,44.065299170000003,3,0
822,822,43.398000000000003,68.930999999999997,39.307000000000002,52.217204740000000,0.250069140000000,0.227305504000000,0.349661746000000,0.570236904000000,55.156999999999996,-0.053904086000000,-0.091674800000000,55.210904090000000,0.432276249000000,0.471656016000000,1.588345085000000,1.641586615000000,-93.538624609999999,44.065260570000000,3,0
823,823,45.454999999999998,70.239000000000004,40.884999999999998,53.762618269999997,0.238684760000000,0.214220271000000,0.331297036000000,0.582084027000000,54.137999999999998,-0.042164019000000,-0.083025182000000,54.180164019999999,0.409641940000000,0.452755365000000,1.545242548000000,1.600739046000000,-93.538624609999999,44.065221970000003,1,0
824,824,44.322000000000003,69.739000000000004,39.840000000000003,52.962859330000001,0.247343946000000,0.222836903000000,0.342450250000000,0.571272889000000,55.316000000000003,-0.049955491000000,-0.090727156000000,55.365955489999997,0.424590232000000,0.467278881000000,1.573462389000000,1.630325317000000,-93.538624609999999,44.065183370000000,3,0
825,825,45.499000000000002,70.653000000000006,41.006999999999998,53.986354630000001,0.240549225000000,0.216561058000000,0.334739504000000,0.580399983000000,54.799999999999997,-0.044250727000000,-0.084266253000000,54.844250729999999,0.413719225000000,0.455853071000000,1.552847315000000,1.607539521000000,-93.538624609999999,44.065144770000003,1,0
826,826,45.521000000000001,71.069000000000003,40.978999999999999,54.167156849999998,0.243345376000000,0.219126855000000,0.337887344000000,0.576608648000000,55.637999999999998,-0.046580228000000,-0.086935882000000,55.684580230000002,0.418174405000000,0.460569981000000,1.561235474000000,1.616851025000000,-93.538624609999999,44.065106170000000,1,0
827,827,44.197000000000003,69.968000000000004,40.247000000000000,53.131023079999999,0.247312595000000,0.225734682000000,0.348643091000000,0.575220101000000,55.491999999999997,-0.052406549000000,-0.088219827000000,55.544406549999998,0.429579641000000,0.466972732000000,1.583093875000000,1.633225711000000,-93.538624609999999,44.065067569999997,3,0
828,828,42.615000000000002,67.591999999999999,38.473999999999997,51.202100750000000,0.250123686000000,0.226637146000000,0.348193997000000,0.569209374000000,54.094999999999999,-0.053342391000000,-0.092334596000000,54.148342390000003,0.431129582000000,0.471809272000000,1.586108178000000,1.641029507000000,-93.538624609999999,44.065028970000000,3,0
829,829,41.564999999999998,66.641000000000005,38.651000000000003,50.539001130000003,0.248555022000000,0.231743157000000,0.360520451000000,0.579988295000000,53.066000000000003,-0.057538966000000,-0.085318371000000,53.123538969999998,0.439863492000000,0.468701089000000,1.603296042000000,1.642576285000000,-93.538624609999999,44.064990369999997,3,0
830,830,42.737000000000002,67.242000000000004,38.707999999999998,51.141134770000001,0.245631666000000,0.222815265000000,0.343828486000000,0.575652122000000,53.039000000000001,-0.049837578000000,-0.087773645000000,53.088837580000003,0.424552903000000,0.464271157000000,1.573390739000000,1.626135341000000,-93.538624609999999,44.064951770000000,3,0
831,831,41.317000000000000,65.183999999999997,37.009999999999998,49.415882889999999,0.249363904000000,0.224101182000000,0.343454548000000,0.567777369000000,52.040999999999997,-0.051147299000000,-0.093163590000000,52.092147300000001,0.426769432000000,0.470710711000000,1.577655687000000,1.636563480000000,-93.539551009999997,44.065144770000003,3,0
832,832,43.906999999999996,69.216999999999999,40.277999999999999,52.729292999999998,0.243685400000000,0.223736784000000,0.347445296000000,0.581909069000000,54.249000000000002,-0.050502601000000,-0.083622117000000,54.299502599999997,0.426141704000000,0.460784589000000,1.576445669000000,1.622389554000000,-93.538624609999999,44.064913169999997,3,0
833,833,62.765000000000001,93.094999999999999,54.713000000000001,72.110185639999997,0.226273430000000,0.194597716000000,0.299860599000000,0.587711478000000,68.712000000000003,-0.024808499000000,-0.078342428000000,68.736808499999995,0.374995019000000,0.432421271000000,1.483231100000000,1.552617996000000,-93.538586010000003,44.065646569999998,2,0
834,834,64.036000000000001,91.347999999999999,54.915999999999997,71.788656149999994,0.211319153000000,0.175770993000000,0.271847753000000,0.601173534000000,63.744000000000000,-0.008072278000000,-0.068785544000000,63.752072280000000,0.341006442000000,0.407034187000000,1.426510088000000,1.501392949000000,-93.538586010000003,44.065607970000002,2,0
835,835,54.789999999999999,82.890000000000001,49.106000000000002,63.989831060000000,0.229475370000000,0.204096456000000,0.317248854000000,0.592423694000000,61.884000000000000,-0.033107406000000,-0.075710171000000,61.917107410000000,0.391869447000000,0.437204935000000,1.512867312000000,1.569063659000000,-93.538586010000003,44.065569369999999,1,0
836,836,48.762999999999998,76.778000000000006,44.124000000000002,58.365568699999997,0.246178630000000,0.223154189000000,0.344092757000000,0.574695876000000,60.668999999999997,-0.050156485000000,-0.088435446000000,60.719156480000002,0.425137470000000,0.465202513000000,1.574513463000000,1.627810155000000,-93.538586010000003,44.065530770000002,1,0
837,837,48.487000000000002,76.579999999999998,44.023000000000003,58.176484649999999,0.246875890000000,0.224623602000000,0.346638863000000,0.574862888000000,60.649999999999999,-0.051441244000000,-0.088401443000000,60.701441240000001,0.427668846000000,0.466300129000000,1.579392414000000,1.631015015000000,-93.538586010000003,44.065492169999999,1,0
838,838,49.557000000000002,76.873999999999995,44.521000000000001,58.729968399999997,0.240773769000000,0.216062516000000,0.333500183000000,0.579142493000000,59.670000000000002,-0.043838036000000,-0.085080022000000,59.713838039999999,0.412851865000000,0.456297743000000,1.551223843000000,1.607578998000000,-93.538586010000003,44.065453570000003,1,0
839,839,47.783999999999999,74.716999999999999,42.542000000000002,56.791321250000003,0.246529863000000,0.219859430000000,0.336835128000000,0.569375109000000,59.107999999999997,-0.047377956000000,-0.091843944000000,59.155377960000003,0.419443718000000,0.466131337000000,1.563640549000000,1.625330314000000,-93.538586010000003,44.065414969999999,1,0
840,840,49.247000000000000,76.359999999999999,44.813000000000002,58.493081009999997,0.237701597000000,0.215855804000000,0.335581850000000,0.586864851000000,58.659999999999997,-0.043505457000000,-0.079930759000000,58.703505460000002,0.412492065000000,0.450865149000000,1.550551303000000,1.600040842000000,-93.538586010000003,44.065376370000003,1,0
841,841,47.332999999999998,74.670000000000002,43.017000000000003,56.764085119999997,0.246109558000000,0.224068261000000,0.346099309000000,0.576094817000000,58.990000000000002,-0.050925948000000,-0.087542116000000,59.040925950000002,0.426712732000000,0.465003888000000,1.577546321000000,1.628581821000000,-93.538586010000003,44.065337769999999,1,0
842,842,43.140999999999998,67.501000000000005,38.503999999999998,51.316303120000001,0.246285432000000,0.220169556000000,0.337686102000000,0.570421179000000,53.356999999999999,-0.047628498000000,-0.091154976000000,53.404628500000001,0.419980701000000,0.465667941000000,1.564660068000000,1.625043499000000,-93.539551009999997,44.065106170000000,3,0
843,843,47.106999999999999,72.902000000000001,42.597000000000001,55.821965400000003,0.238208469000000,0.214942213000000,0.333217072000000,0.584304957000000,56.100000000000001,-0.042754880000000,-0.081584935000000,56.142754879999998,0.410900747000000,0.451842757000000,1.547583162000000,1.600325178000000,-93.538586010000003,44.065299170000003,1,0
844,844,48.968000000000004,74.497000000000000,43.423000000000002,57.251564639999998,0.234492616000000,0.206771150000000,0.318945054000000,0.582882532000000,56.603000000000002,-0.035603519000000,-0.082119745000000,56.638603519999997,0.396586517000000,0.445987871000000,1.521340467000000,1.583457947000000,-93.538586010000003,44.065260570000000,1,0
845,845,48.585999999999999,75.450999999999993,43.573000000000000,57.596467269999998,0.241680072000000,0.216588599000000,0.333876019000000,0.577500630000000,58.743000000000002,-0.044332677000000,-0.086204880000000,58.787332679999999,0.413767124000000,0.457857292000000,1.552937060000000,1.610284642000000,-93.538586010000003,44.065221970000003,1,0
846,846,50.401000000000003,77.445999999999998,44.786000000000001,59.284426040000000,0.238744557000000,0.211541921000000,0.325604074000000,0.578286806000000,59.704999999999998,-0.039879977000000,-0.085415882000000,59.744879980000000,0.404961808000000,0.453126510000000,1.536596496000000,1.598238907000000,-93.538586010000003,44.065183370000000,1,0
847,847,49.930999999999997,77.331000000000003,45.076999999999998,59.175232010000002,0.238931389000000,0.215303861000000,0.333394172000000,0.582909829000000,59.654000000000003,-0.043098776000000,-0.082530362000000,59.697098779999997,0.411530898000000,0.453094880000000,1.548757285000000,1.602409989000000,-93.538586010000003,44.065144770000003,1,0
848,848,50.081000000000003,77.989999999999995,44.936000000000000,59.469293919999998,0.242883381000000,0.217918186000000,0.335706983000000,0.576176433000000,60.963000000000001,-0.045527638000000,-0.087161791000000,61.008527639999997,0.416077542000000,0.459865055000000,1.557277211000000,1.614518760000000,-93.538586010000003,44.065106170000000,1,0
849,849,47.936999999999998,75.451999999999998,43.447000000000003,57.383511230000003,0.245658060000000,0.222993946000000,0.344187036000000,0.575823040000000,59.520000000000003,-0.049990410000000,-0.087668129000000,59.569990410000003,0.424861120000000,0.464302213000000,1.573982519000000,1.626382478000000,-93.538586010000003,44.065067569999997,1,0
850,850,47.595999999999997,73.634000000000000,43.267000000000003,56.448733259999997,0.236865423000000,0.214781820000000,0.333978939000000,0.587595404000000,56.405000000000001,-0.042551536000000,-0.079394761000000,56.447551539999999,0.410621179000000,0.449471200000000,1.547062778000000,1.596977106000000,-93.538586010000003,44.065028970000000,1,0
851,851,44.979999999999997,70.308999999999997,41.418999999999997,53.796187730000000,0.238832334000000,0.219700058000000,0.342886151000000,0.589099546000000,54.219000000000001,-0.046819562000000,-0.078632871000000,54.265819559999997,0.419167682000000,0.452564786000000,1.563116941000000,1.606643337000000,-93.538586010000003,44.064990369999997,1,0
852,852,46.429000000000002,72.311999999999998,42.206000000000003,55.275141550000001,0.240029324000000,0.217978626000000,0.338185144000000,0.583665228000000,55.988999999999997,-0.045427377000000,-0.082161208000000,56.034427379999997,0.416182474000000,0.454808928000000,1.557474854000000,1.607726920000000,-93.538586010000003,44.064951770000000,1,0
853,853,43.234000000000002,68.599999999999994,38.677000000000000,51.868580999999999,0.252333292000000,0.226818320000000,0.346733737000000,0.563804665000000,55.289000000000001,-0.053633289000000,-0.096020889000000,55.342633290000002,0.431440514000000,0.475657076000000,1.586714160000000,1.646670806000000,-93.539551009999997,44.065067569999997,3,0
854,854,47.186999999999998,73.177999999999997,41.981999999999999,55.809560040000001,0.242806496000000,0.215934865000000,0.331589758000000,0.573697013000000,57.186999999999998,-0.043833271000000,-0.088718609000000,57.230833269999998,0.412629688000000,0.459924191000000,1.550808485000000,1.612356217000000,-93.538586010000003,44.064913169999997,1,0
855,855,62.091999999999999,92.078000000000003,54.688000000000002,71.471560530000005,0.223888136000000,0.194499578000000,0.301421363000000,0.593931232000000,67.376000000000005,-0.024654071000000,-0.074283963000000,67.400654070000002,0.374819695000000,0.428048793000000,1.482928558000000,1.546974127000000,-93.538547410000007,44.065646569999998,2,0
856,856,65.298000000000002,92.810000000000002,57.326000000000001,73.402532149999999,0.204370564000000,0.174007640000000,0.272985255000000,0.617670510000000,62.996000000000002,-0.006465089000000,-0.058271211000000,63.002465090000001,0.337787527000000,0.394143811000000,1.421329903000000,1.484312884000000,-93.538547410000007,44.065607970000002,2,0
857,857,56.015999999999998,84.269000000000005,50.353999999999999,65.254838730000003,0.226141109000000,0.201397156000000,0.314163081000000,0.597538834000000,62.167999999999999,-0.030668436000000,-0.072248596000000,62.198668439999999,0.387093485000000,0.431433221000000,1.504373750000000,1.558713727000000,-93.538547410000007,44.065569369999999,1,0
858,858,49.569000000000003,77.834000000000003,43.978000000000002,59.017742530000000,0.249266697000000,0.221855058000000,0.338807312000000,0.565022998000000,62.121000000000002,-0.049231828000000,-0.094904336000000,62.170231829999999,0.422895349000000,0.470763511000000,1.570215256000000,1.634055345000000,-93.538547410000007,44.065530770000002,1,0
859,859,49.828000000000003,78.126000000000005,44.390999999999998,59.321334950000001,0.247665398000000,0.221157604000000,0.338642701000000,0.568197527000000,62.033000000000001,-0.048546810000000,-0.092712872000000,62.081546809999999,0.421690057000000,0.468007527000000,1.567913623000000,1.629414524000000,-93.538547410000007,44.065492169999999,1,0
860,860,49.747999999999998,77.876999999999995,44.299999999999997,59.166940750000002,0.247019640000000,0.220403526000000,0.337581758000000,0.568845744000000,61.706000000000003,-0.047868547000000,-0.092232078000000,61.753868550000000,0.420385677000000,0.466942537000000,1.565429766000000,1.627074467000000,-93.538547410000007,44.065453570000003,1,0
861,861,51.131000000000000,78.849999999999994,46.259000000000000,60.474779159999997,0.236426359000000,0.213254245000000,0.331083825000000,0.586670894000000,60.310000000000002,-0.041231276000000,-0.079933046000000,60.351231280000000,0.407955735000000,0.448821734000000,1.542117307000000,1.594406039000000,-93.538547410000007,44.065414969999999,1,0
862,862,50.124000000000002,78.581999999999994,46.167000000000002,60.052582479999998,0.240172812000000,0.221108573000000,0.344782466000000,0.587500954000000,60.872999999999998,-0.048082894000000,-0.079761884000000,60.921082890000001,0.421605285000000,0.454819482000000,1.567751975000000,1.611276752000000,-93.538547410000007,44.065376370000003,1,0
863,863,47.551000000000002,74.793000000000006,43.158000000000001,56.914273000000001,0.245019663000000,0.222667233000000,0.344025459000000,0.577032610000000,58.877000000000002,-0.049676741000000,-0.086837621000000,58.926676739999998,0.424297501000000,0.463208822000000,1.572900675000000,1.624501241000000,-93.538547410000007,44.065337769999999,1,0
864,864,43.829000000000001,69.036000000000001,39.302999999999997,52.382173639999998,0.248368022000000,0.223337616000000,0.342663332000000,0.569311663000000,54.939999999999998,-0.050440303000000,-0.092081121000000,54.990440300000003,0.425453731000000,0.469032960000000,1.575121495000000,1.633341135000000,-93.539551009999997,44.065028970000000,3,0
865,865,47.753999999999998,74.894999999999996,43.357999999999997,57.066107000000002,0.243576226000000,0.221290023000000,0.342296099000000,0.578917151000000,58.677999999999997,-0.048428078000000,-0.085501214000000,58.726428079999998,0.421918979000000,0.460787102000000,1.568350295000000,1.619605568000000,-93.538547410000007,44.065299170000003,1,0
866,866,48.228000000000002,75.061000000000007,43.545000000000002,57.318585499999998,0.241216230000000,0.217643099000000,0.336489266000000,0.580128162000000,58.348999999999997,-0.045205414000000,-0.084503159000000,58.394205409999998,0.415599848000000,0.456937534000000,1.556378038000000,1.610227697000000,-93.538547410000007,44.065260570000000,1,0
867,867,49.923000000000002,78.233999999999995,45.299999999999997,59.623694069999999,0.243334088000000,0.220908729000000,0.341685072000000,0.579032134000000,61.244999999999997,-0.048091458000000,-0.085404452000000,61.293091459999999,0.421259704000000,0.460393024000000,1.567093324000000,1.618632604000000,-93.538547410000007,44.065221970000003,1,0
868,868,49.655999999999999,78.528999999999996,45.067999999999998,59.620038020000003,0.247571312000000,0.225244763000000,0.347377793000000,0.573902635000000,62.334000000000003,-0.052008335000000,-0.089082440000000,62.386008330000003,0.428737445000000,0.467465469000000,1.581460448000000,1.633348216000000,-93.538547410000007,44.065183370000000,1,0
869,869,49.753000000000000,78.844999999999999,45.365000000000002,59.860611030000001,0.247507990000000,0.226224358000000,0.349524828000000,0.575369396000000,62.572000000000003,-0.052831924000000,-0.088145180000000,62.624831919999998,0.430420869000000,0.467274718000000,1.584728559000000,1.634209150000000,-93.538547410000007,44.065144770000003,1,0
870,870,51.988000000000000,80.629999999999995,47.006000000000000,61.680664389999997,0.239250886000000,0.215973699000000,0.334555903000000,0.582984001000000,62.265999999999998,-0.043684586000000,-0.082514586000000,62.309684590000003,0.412697282000000,0.453602459000000,1.550934831000000,1.603844420000000,-93.538547410000007,44.065106170000000,1,0
871,871,50.003000000000000,78.043000000000006,45.363999999999997,59.578805950000003,0.241472561000000,0.218983803000000,0.339130645000000,0.581269300000000,60.719000000000001,-0.046357188000000,-0.083809469000000,60.765357190000003,0.417926402000000,0.457273926000000,1.560766354000000,1.612199217000000,-93.538547410000007,44.065067569999997,1,0
872,872,47.914999999999999,74.769000000000005,42.918999999999997,56.945269480000000,0.244221457000000,0.218887548000000,0.336663950000000,0.574021319000000,58.704000000000001,-0.046424280000000,-0.088660230000000,58.750424279999997,0.417759504000000,0.462142125000000,1.560450798000000,1.618731328000000,-93.538547410000007,44.065028970000000,1,0
873,873,45.683000000000000,71.840000000000003,41.527999999999999,54.688502370000002,0.244569949000000,0.222569199000000,0.344193697000000,0.578062361000000,56.469000000000001,-0.049567749000000,-0.086140923000000,56.518567750000003,0.424128333000000,0.462427241000000,1.572576232000000,1.623313634000000,-93.538547410000007,44.064990369999997,1,0
874,874,47.191000000000003,73.715000000000003,42.954999999999998,56.290981309999999,0.241118632000000,0.219377037000000,0.340265038000000,0.582717222000000,57.283999999999999,-0.046671264000000,-0.082862914000000,57.330671260000003,0.418608025000000,0.456616553000000,1.562056324000000,1.611752033000000,-93.538547410000007,44.064951770000000,1,0
875,875,43.814000000000000,68.866000000000000,39.759000000000000,52.418096849999998,0.244725605000000,0.222328718000000,0.343549869000000,0.577338600000000,54.158999999999999,-0.049373192000000,-0.086614318000000,54.208373190000003,0.423713265000000,0.462720755000000,1.571780709000000,1.623443003000000,-93.539551009999997,44.064990369999997,3,0
876,876,48.567000000000000,74.888000000000005,43.148000000000003,57.238436790000002,0.240427179000000,0.213203191000000,0.327754741000000,0.576167076000000,58.061000000000000,-0.041381008000000,-0.086918003000000,58.102381010000002,0.407866563000000,0.455963561000000,1.541952354000000,1.603912591000000,-93.538547410000007,44.064913169999997,1,0
877,877,64.230999999999995,95.938000000000002,55.984999999999999,74.081129919999995,0.229611781000000,0.197959655000000,0.304336558000000,0.583553962000000,71.659999999999997,-0.027825532000000,-0.081233750000000,71.687825529999998,0.380989100000000,0.438132469000000,1.493640143000000,1.563569126000000,-93.538508809999996,44.065646569999998,1,0
878,878,67.438999999999993,97.918999999999997,59.463000000000001,76.750673509999999,0.213596084000000,0.184327338000000,0.287832287000000,0.607267231000000,68.936000000000007,-0.015587512000000,-0.065255470000000,68.951587509999996,0.356540649000000,0.410200056000000,1.451963997000000,1.514115696000000,-93.538508809999996,44.065607970000002,2,0
879,879,61.491999999999997,92.712000000000003,55.209000000000003,71.704985160000007,0.227465453000000,0.202459080000000,0.315369463000000,0.595489257000000,68.722999999999999,-0.031627454000000,-0.073631532000000,68.754627450000001,0.388974231000000,0.433729609000000,1.507708320000000,1.562804457000000,-93.538508809999996,44.065569369999999,1,0
880,880,57.356999999999999,87.835999999999999,50.944000000000003,67.330724739999994,0.237244386000000,0.209920588000000,0.323388047000000,0.579989981000000,67.370999999999995,-0.038423143000000,-0.084198290000000,67.409423140000001,0.402121048000000,0.450606067000000,1.531391112000000,1.593064720000000,-93.538508809999996,44.065530770000002,1,0
881,881,57.195000000000000,87.941000000000003,50.898000000000003,67.318877760000007,0.238714676000000,0.211842685000000,0.326259046000000,0.578774406000000,67.789000000000001,-0.040135895000000,-0.085106665000000,67.829135890000003,0.405488148000000,0.453041844000000,1.537564472000000,1.598461690000000,-93.538508809999996,44.065492169999999,1,0
882,882,57.192999999999998,87.506000000000000,50.823000000000000,67.110149789999994,0.236711562000000,0.209490045000000,0.322904683000000,0.580794460000000,66.995999999999995,-0.038030503000000,-0.083641739000000,67.034030500000000,0.401365722000000,0.449694364000000,1.530012414000000,1.591373251000000,-93.538508809999996,44.065453570000003,1,0
883,883,59.259999999999998,89.777000000000001,53.343000000000004,69.323235589999996,0.229161033000000,0.204761234000000,0.318901917000000,0.594172227000000,66.950999999999993,-0.033664394000000,-0.074596304000000,66.984664390000006,0.393043278000000,0.436573978000000,1.514967938000000,1.568975940000000,-93.538508809999996,44.065414969999999,1,0
884,884,57.585999999999999,88.209999999999994,52.058999999999997,67.841214059999999,0.233425970000000,0.210046915000000,0.326701303000000,0.590171182000000,66.775000000000006,-0.038359405000000,-0.077467843000000,66.813359399999996,0.402342593000000,0.443750866000000,1.531795923000000,1.584139170000000,-93.538508809999996,44.065376370000003,1,0
885,885,55.832000000000001,85.897999999999996,50.462000000000003,65.934543480000002,0.235542450000000,0.212135751000000,0.329425428000000,0.587464202000000,65.501999999999995,-0.040236846000000,-0.079353979000000,65.542236849999995,0.406000825000000,0.447345459000000,1.538508382000000,1.591200119000000,-93.538508809999996,44.065337769999999,1,0
886,886,44.548999999999999,69.882999999999996,39.359000000000002,52.969733410000003,0.249729517000000,0.221389122000000,0.337458207000000,0.563212799000000,55.857999999999997,-0.048861117000000,-0.096107054000000,55.906861120000002,0.422090273000000,0.471630523000000,1.568677187000000,1.634733456000000,-93.539551009999997,44.064951770000000,3,0
887,887,55.427999999999997,85.484999999999999,50.353000000000002,65.613446330000002,0.235551091000000,0.213301825000000,0.331901502000000,0.589027315000000,65.188999999999993,-0.041229492000000,-0.078376711000000,65.230229489999999,0.408038834000000,0.447259639000000,1.542271054000000,1.592385053000000,-93.538508809999996,44.065299170000003,1,0
888,888,55.704999999999998,84.575000000000003,49.482999999999997,65.075712159999995,0.233150347000000,0.205802680000000,0.317962047000000,0.585078333000000,63.962000000000003,-0.034716989000000,-0.080620564000000,63.996716990000003,0.394880307000000,0.443668484000000,1.518265865000000,1.579343997000000,-93.538508809999996,44.065260570000000,1,0
889,889,55.006999999999998,84.902000000000001,49.843000000000004,65.111300360000001,0.236493916000000,0.213674603000000,0.331923256000000,0.587065087000000,64.953999999999994,-0.041592183000000,-0.079692441000000,64.995592180000003,0.408689726000000,0.448905246000000,1.543476285000000,1.594986280000000,-93.538508809999996,44.065221970000003,1,0
890,890,54.677999999999997,85.063999999999993,49.822000000000003,65.084046849999993,0.238970535000000,0.217443575000000,0.337922598000000,0.585700179000000,65.628000000000000,-0.044917811000000,-0.080781161000000,65.672917810000001,0.415253265000000,0.452981274000000,1.555726252000000,1.604661886000000,-93.538508809999996,44.065183370000000,1,0
891,891,55.216000000000001,86.224999999999994,50.265999999999998,65.853949610000001,0.240951024000000,0.219236289000000,0.340104195000000,0.582963178000000,66.968000000000004,-0.046542901000000,-0.082691816000000,67.014542899999995,0.418364096000000,0.456332471000000,1.561594465000000,1.611207727000000,-93.538508809999996,44.065144770000003,1,0
892,892,55.149999999999999,85.670000000000002,49.601999999999997,65.424841880000002,0.241180476000000,0.216730578000000,0.334583087000000,0.578989144000000,66.587999999999994,-0.044427640000000,-0.085217044000000,66.632427640000003,0.414014030000000,0.456957286000000,1.553399819000000,1.609224654000000,-93.538508809999996,44.065106170000000,1,0
893,893,57.009000000000000,87.234999999999999,51.624000000000002,67.144145150000000,0.232554936000000,0.209547711000000,0.326344202000000,0.591780822000000,65.837000000000003,-0.037894909000000,-0.076385117000000,65.874894909999995,0.401466912000000,0.442236559000000,1.530196986000000,1.581600895000000,-93.538508809999996,44.065067569999997,1,0
894,894,55.189000000000000,85.659999999999997,50.070000000000000,65.550149300000001,0.238850383000000,0.216338064000000,0.335661331000000,0.584520196000000,66.061000000000007,-0.043973622000000,-0.081511007000000,66.104973619999996,0.413331330000000,0.452860662000000,1.552120894000000,1.603256827000000,-93.538508809999996,44.065028970000000,1,0
895,895,55.188000000000002,85.034000000000006,50.674999999999997,65.433050069999993,0.232684983000000,0.212848198000000,0.333299831000000,0.595938095000000,64.204999999999998,-0.040706769000000,-0.073804198000000,64.245706769999998,0.407246362000000,0.442199836000000,1.540805972000000,1.585206711000000,-93.538508809999996,44.064990369999997,1,0
896,896,56.670999999999999,86.784000000000006,51.959000000000003,66.939780350000007,0.230115026000000,0.209912516000000,0.329118213000000,0.598716353000000,64.938000000000002,-0.038096554000000,-0.071854627000000,64.976096549999994,0.402106890000000,0.437846557000000,1.531365249000000,1.576278377000000,-93.538508809999996,44.064951770000000,1,0
897,897,38.323000000000000,62.747999999999998,35.851999999999997,47.227568699999999,0.257027811000000,0.241661802000000,0.374507429000000,0.571364824000000,51.320999999999998,-0.066430037000000,-0.091695332000000,51.387430039999998,0.456654771000000,0.482625891000000,1.637345719000000,1.674092473000000,-93.539628210000004,44.065453570000003,3,0
898,898,44.237000000000002,70.034000000000006,39.445000000000000,52.970373320000000,0.252004469000000,0.225752816000000,0.344759843000000,0.563226433000000,56.386000000000003,-0.052708892000000,-0.096353015000000,56.438708890000001,0.429610803000000,0.475184989000000,1.583154373000000,1.644767702000000,-93.539551009999997,44.064913169999997,3,0
899,899,58.128999999999998,88.772999999999996,52.631000000000000,68.385301369999993,0.231649706000000,0.208601653000000,0.325062851000000,0.592871706000000,66.786000000000001,-0.037048508000000,-0.075624583000000,66.823048510000007,0.399805892000000,0.440698685000000,1.527172324000000,1.578546590000000,-93.538508809999996,44.064913169999997,1,0
900,900,69.837000000000003,102.989999999999995,60.552000000000000,79.897207649999999,0.224726417000000,0.191827666000000,0.295283901000000,0.587940577000000,75.590999999999994,-0.022359338000000,-0.078058437000000,75.613359340000002,0.370038702000000,0.429920106000000,1.474719704000000,1.546468904000000,-93.538470210000000,44.065646569999998,2,0
901,901,73.081999999999994,105.010000000000005,63.497999999999998,82.462263750000005,0.211886901000000,0.179278126000000,0.278618427000000,0.604685268000000,73.439999999999998,-0.011156091000000,-0.066694814000000,73.451156089999998,0.347390884000000,0.407625573000000,1.436879122000000,1.505740078000000,-93.538470210000000,44.065607970000002,2,0
902,902,67.153000000000006,99.385999999999996,60.031999999999996,77.440177829999996,0.219620993000000,0.193546256000000,0.302637385000000,0.604028736000000,71.587000000000003,-0.023709124000000,-0.067710342000000,71.610709119999996,0.373115547000000,0.420324082000000,1.479993448000000,1.536282561000000,-93.538470210000000,44.065569369999999,2,0
903,903,65.359999999999999,98.256000000000000,57.802999999999997,75.866896479999994,0.229448659000000,0.201056131000000,0.310888076000000,0.588289774000000,73.349000000000004,-0.030494221000000,-0.078276029000000,73.379494219999998,0.386488999000000,0.437472454000000,1.503304774000000,1.566089114000000,-93.538470210000000,44.065530770000002,2,0
904,904,65.132999999999996,97.807000000000002,57.466000000000001,75.522310379999993,0.229453228000000,0.200527802000000,0.309782506000000,0.587544859000000,73.015000000000001,-0.030039110000000,-0.078739236000000,73.045039110000005,0.385552017000000,0.437539563000000,1.501650469000000,1.565599824000000,-93.538470210000000,44.065492169999999,2,0
905,905,66.180000000000007,97.683000000000007,58.386000000000003,76.005889870000004,0.221297026000000,0.192252064000000,0.298671748000000,0.597708916000000,70.799999999999997,-0.022636772000000,-0.071733056000000,70.822636770000003,0.370799077000000,0.423541885000000,1.476019946000000,1.538910750000000,-93.538470210000000,44.065453570000003,2,0
906,906,67.379000000000005,99.503000000000000,60.485999999999997,77.673103119999993,0.217642434000000,0.192495296000000,0.301928644000000,0.607881169000000,71.141000000000005,-0.022749024000000,-0.065192111000000,71.163749019999997,0.371234699000000,0.416801798000000,1.476765758000000,1.530802710000000,-93.538470210000000,44.065414969999999,2,0
907,907,64.325000000000003,95.846000000000004,56.756000000000000,74.263954639999994,0.225757978000000,0.196795924000000,0.304801044000000,0.592158254000000,70.611000000000004,-0.026695616000000,-0.075544308000000,70.637695620000002,0.378916914000000,0.431214687000000,1.490027206000000,1.553455249000000,-93.538470210000000,44.065376370000003,2,0
908,908,60.334000000000003,92.385000000000005,53.168999999999997,70.715680350000000,0.238932119000000,0.209869106000000,0.321958815000000,0.575515506000000,71.266999999999996,-0.038454888000000,-0.087175552000000,71.305454889999993,0.402030751000000,0.453643974000000,1.531226174000000,1.597063749000000,-93.538470210000000,44.065337769999999,1,0
909,909,41.264000000000003,66.063000000000002,37.476999999999997,49.905120629999999,0.253169059000000,0.231060218000000,0.355032212000000,0.567291827000000,53.384999999999998,-0.057273280000000,-0.093886909000000,53.442273280000002,0.438698821000000,0.476734607000000,1.600983908000000,1.653135809000000,-93.539512410000000,44.065646569999998,3,0
910,910,59.368000000000002,91.491000000000000,52.902000000000001,69.985198690000004,0.239497108000000,0.212933932000000,0.327929602000000,0.578220809000000,70.712000000000003,-0.041106002000000,-0.085532560000000,70.753106000000002,0.407396171000000,0.454329410000000,1.541082738000000,1.601410622000000,-93.538470210000000,44.065299170000003,1,0
911,911,60.677999999999997,91.274000000000001,53.381000000000000,70.385353400000000,0.230908239000000,0.201353059000000,0.310395552000000,0.584843438000000,68.489000000000004,-0.030802647000000,-0.080555001000000,68.519802650000003,0.387015334000000,0.440094450000000,1.504235472000000,1.569804110000000,-93.538470210000000,44.065260570000000,1,0
912,912,59.463999999999999,90.376999999999995,52.991999999999997,69.551231689999995,0.232932028000000,0.206305350000000,0.319187601000000,0.586343871000000,68.298000000000002,-0.035139252000000,-0.079810484000000,68.333139250000002,0.395766143000000,0.443222313000000,1.519860756000000,1.579313653000000,-93.538470210000000,44.065221970000003,1,0
913,913,59.247000000000000,90.492999999999995,52.896000000000001,69.515410459999998,0.234855644000000,0.208668358000000,0.322642600000000,0.584531400000000,68.843000000000004,-0.037245109000000,-0.081123788000000,68.880245110000004,0.399923073000000,0.446444658000000,1.527385353000000,1.586158993000000,-93.538470210000000,44.065183370000000,1,0
914,914,59.820999999999998,91.500000000000000,53.813000000000002,70.348278850000000,0.233843727000000,0.209349661000000,0.324886163000000,0.588120219000000,69.366000000000000,-0.037783108000000,-0.078786549000000,69.403783110000006,0.401119351000000,0.444562663000000,1.529563197000000,1.584434383000000,-93.538470210000000,44.065144770000003,1,0
915,915,59.459000000000003,91.415999999999997,53.783999999999999,70.202033189999995,0.235038419000000,0.211811102000000,0.329144823000000,0.588343397000000,69.588999999999999,-0.039936675000000,-0.078757348000000,69.628936679999995,0.405432886000000,0.446475035000000,1.537462789000000,1.589686891000000,-93.538470210000000,44.065106170000000,1,0
916,916,63.384000000000000,95.153999999999996,56.889000000000003,73.729626550000006,0.225496730000000,0.200393596000000,0.312546115000000,0.597862413000000,70.034999999999997,-0.029784567000000,-0.071993761000000,70.064784570000000,0.385313913000000,0.430361198000000,1.501230594000000,1.556260175000000,-93.538470210000000,44.065067569999997,2,0
917,917,61.905000000000001,94.335999999999999,55.466000000000001,72.590144140000007,0.232977065000000,0.207570356000000,0.321815927000000,0.587962178000000,71.301000000000002,-0.036224593000000,-0.078805141000000,71.337224590000005,0.397993003000000,0.443176914000000,1.523883370000000,1.580649058000000,-93.538470210000000,44.065028970000000,1,0
918,918,63.213999999999999,95.573999999999998,56.823999999999998,73.845257689999997,0.228512851000000,0.203793738000000,0.317366914000000,0.594555004000000,71.109999999999999,-0.032810790000000,-0.074301987000000,71.142810789999999,0.391334610000000,0.435495523000000,1.511911918000000,1.566528211000000,-93.538470210000000,44.064990369999997,1,0
919,919,62.843000000000004,94.828999999999994,56.552000000000000,73.348280130000006,0.227349354000000,0.202864174000000,0.316317247000000,0.596357654000000,70.263000000000005,-0.031970274000000,-0.073083315000000,70.294970269999993,0.389691051000000,0.433481002000000,1.508982703000000,1.562926802000000,-93.538470210000000,44.064951770000000,1,0
920,920,42.524000000000001,66.813999999999993,37.588999999999999,50.614010219999997,0.250373115000000,0.222155152000000,0.338541304000000,0.562591672000000,53.515000000000001,-0.049551138000000,-0.096574489000000,53.564551139999999,0.423413609000000,0.472685291000000,1.571206848000000,1.637092748000000,-93.539512410000000,44.065607970000002,3,0
921,921,64.194999999999993,95.823999999999998,57.183999999999997,74.326412660000003,0.224482233000000,0.197657778000000,0.307570380000000,0.596760728000000,70.269000000000005,-0.027398332000000,-0.072588316000000,70.296398330000002,0.380451837000000,0.428790242000000,1.492701924000000,1.551309937000000,-93.538470210000000,44.064913169999997,2,0
922,922,71.430999999999997,103.439999999999998,62.334000000000003,81.009770840000002,0.214636939000000,0.183043501000000,0.284430898000000,0.602610209000000,73.114999999999995,-0.014487890000000,-0.068179001000000,73.129487889999993,0.354218923000000,0.412294294000000,1.448110764000000,1.515314012000000,-93.538431610000004,44.065646569999998,2,0
923,923,73.037000000000006,103.659999999999997,62.932000000000002,81.731747389999995,0.207845285000000,0.173307979000000,0.269177691000000,0.607100135000000,71.350999999999999,-0.005876584000000,-0.064913679000000,71.356876580000005,0.336508699000000,0.400803499000000,1.419280639000000,1.491433356000000,-93.538431610000004,44.065607970000002,2,0
924,924,68.189999999999998,100.900000000000006,60.588000000000001,78.531505019999997,0.220891892000000,0.193447277000000,0.301469097000000,0.600475719000000,73.022000000000006,-0.023659210000000,-0.069997126000000,73.045659209999997,0.372938505000000,0.422665250000000,1.479689104000000,1.539092502000000,-93.538431610000004,44.065569369999999,2,0
925,925,65.512000000000000,98.069000000000003,56.554000000000002,75.515353450000006,0.232781486000000,0.199026782000000,0.304194269000000,0.576675606000000,74.072000000000003,-0.028855929000000,-0.085826425000000,74.100855929999994,0.382886783000000,0.443803010000000,1.496962389000000,1.572082910000000,-93.538431610000004,44.065530770000002,1,0
926,926,65.591999999999999,98.819999999999993,57.430000000000000,76.083085650000001,0.232699852000000,0.202102036000000,0.310594306000000,0.581157660000000,74.617999999999995,-0.031514321000000,-0.083023052000000,74.649514319999994,0.388342147000000,0.443267270000000,1.506586169000000,1.574751719000000,-93.538431610000004,44.065492169999999,1,0
927,927,65.171999999999997,97.290000000000006,57.200000000000003,75.243103079999997,0.227819985000000,0.197695461000000,0.305124356000000,0.587932984000000,72.207999999999998,-0.027538673000000,-0.078347643000000,72.235538669999997,0.380518913000000,0.434884130000000,1.492819002000000,1.559109458000000,-93.538431610000004,44.065453570000003,2,0
928,928,65.114999999999995,96.522000000000006,57.393999999999998,74.945604599999996,0.223528219000000,0.194305759000000,0.301286417000000,0.594620915000000,70.534999999999997,-0.024475987000000,-0.073826993000000,70.559475989999996,0.374473378000000,0.427410104000000,1.482331260000000,1.545960926000000,-93.538431610000004,44.065414969999999,2,0
929,929,64.195999999999998,95.986000000000004,56.789000000000001,74.295421869999998,0.226826689000000,0.198461750000000,0.307467624000000,0.591638364000000,70.986999999999995,-0.028167820000000,-0.075961304000000,71.015167820000002,0.381882277000000,0.432981727000000,1.495202193000000,1.557507308000000,-93.538431610000004,44.065376370000003,2,0
930,930,61.564000000000000,93.025999999999996,54.378999999999998,71.649699729999995,0.232152850000000,0.203518986000000,0.313957550000000,0.584557006000000,70.108999999999995,-0.032714900000000,-0.080851227000000,70.141714899999997,0.390849014000000,0.442110775000000,1.511045416000000,1.574797645000000,-93.538431610000004,44.065337769999999,1,0
931,931,42.976999999999997,66.483000000000004,37.265999999999998,50.516553639999998,0.247283182000000,0.214745112000000,0.325594925000000,0.560534272000000,52.722999999999999,-0.043040770000000,-0.097532816000000,52.766040769999996,0.410557190000000,0.468052074000000,1.546943714000000,1.622164812000000,-93.539512410000000,44.065569369999999,3,0
932,932,61.796999999999997,94.078999999999994,54.930999999999997,72.312152530000006,0.234284290000000,0.207100516000000,0.319797910000000,0.583881631000000,71.430000000000007,-0.035877367000000,-0.081475473000000,71.465877370000001,0.397166320000000,0.445577458000000,1.522387818000000,1.583281775000000,-93.538431610000004,44.065299170000003,1,0
933,933,59.904000000000003,91.772999999999996,53.646999999999998,70.448026600000006,0.235596455000000,0.210110959000000,0.325094359000000,0.584561908000000,69.995000000000005,-0.038511815000000,-0.081175118000000,70.033511820000001,0.402454897000000,0.447631015000000,1.532001202000000,1.589327007000000,-93.538431610000004,44.065260570000000,1,0
934,934,60.152000000000001,91.058000000000007,53.850000000000001,70.260574449999993,0.230023166000000,0.204391244000000,0.317440427000000,0.591381317000000,68.114000000000004,-0.033381449000000,-0.076406905000000,68.147381449999997,0.392390086000000,0.438165475000000,1.513798377000000,1.570628482000000,-93.538431610000004,44.065221970000003,1,0
935,935,58.783999999999999,89.471999999999994,52.182000000000002,68.759868539999999,0.234479666000000,0.206993309000000,0.319420447000000,0.583221567000000,67.977999999999994,-0.035793612000000,-0.081906624000000,68.013793609999993,0.396977623000000,0.445940887000000,1.522046815000000,1.583641604000000,-93.538431610000004,44.065183370000000,1,0
936,936,60.268999999999998,91.685000000000002,53.168999999999997,70.392788800000005,0.235613595000000,0.206746779000000,0.318023991000000,0.579909473000000,69.932000000000002,-0.035629354000000,-0.084088084000000,69.967629349999996,0.396543606000000,0.448013451000000,1.521263004000000,1.586102768000000,-93.538431610000004,44.065144770000003,1,0
937,937,60.594999999999999,91.951999999999998,53.372999999999998,70.653146800000002,0.234785411000000,0.205556320000000,0.316181661000000,0.580444145000000,69.936000000000007,-0.034571678000000,-0.083672300000000,69.970571680000006,0.394445958000000,0.446650367000000,1.517484941000000,1.582988440000000,-93.538431610000004,44.065106170000000,1,0
938,938,63.107999999999997,95.143000000000001,55.899999999999999,73.393051700000001,0.230453872000000,0.202431580000000,0.312991568000000,0.587536655000000,71.278000000000006,-0.031715005000000,-0.078836895000000,71.309714999999997,0.388925557000000,0.439148253000000,1.507621855000000,1.569756909000000,-93.538431610000004,44.065067569999997,1,0
939,939,63.362000000000002,95.637000000000000,56.161000000000001,73.745591360000006,0.230861302000000,0.202988698000000,0.313843132000000,0.587230883000000,71.751000000000005,-0.032209518000000,-0.079064882000000,71.783209520000000,0.389911329000000,0.439827036000000,1.509374704000000,1.571246359000000,-93.538431610000004,44.065028970000000,1,0
940,940,62.606999999999999,94.665000000000006,56.121000000000002,73.099624520000006,0.229184115000000,0.203837937000000,0.316932111000000,0.592837902000000,70.602000000000004,-0.032874555000000,-0.075427029000000,70.634874560000000,0.391412713000000,0.436703954000000,1.512051368000000,1.568134142000000,-93.538431610000004,44.064990369999997,1,0
941,941,64.007999999999996,96.361999999999995,56.802999999999997,74.407078330000004,0.229361953000000,0.201745962000000,0.312396806000000,0.589475104000000,71.912999999999997,-0.031084895000000,-0.077531737000000,71.944084899999993,0.387711511000000,0.437240005000000,1.505468066000000,1.566541562000000,-93.538431610000004,44.064951770000000,1,0
942,942,41.835000000000001,64.805000000000007,37.503000000000000,49.518785190000003,0.240595746000000,0.215397599000000,0.332238888000000,0.578705347000000,50.271999999999998,-0.043262593000000,-0.085337477000000,50.315262590000003,0.411694184000000,0.456044473000000,1.549061790000000,1.606488070000000,-93.539512410000000,44.065530770000002,3,0
943,943,62.697000000000003,95.025000000000006,55.494999999999997,73.121723759999995,0.233122027000000,0.204968235000000,0.316237393000000,0.584004209000000,71.858000000000004,-0.033999165000000,-0.081288077000000,71.891999170000005,0.393408597000000,0.443706698000000,1.515622757000000,1.578475171000000,-93.538431610000004,44.064913169999997,1,0
944,944,64.611999999999995,94.599000000000004,56.716000000000001,73.802407369999997,0.218564629000000,0.188347539000000,0.292570369000000,0.599541221000000,67.870000000000005,-0.019183335000000,-0.070378415000000,67.889183340000002,0.363789712000000,0.418950689000000,1.464108834000000,1.529057048000000,-93.538393009999993,44.065646569999998,2,0
945,945,65.322000000000003,94.506000000000000,56.709000000000003,73.969043979999995,0.215343216000000,0.182596291000000,0.283012830000000,0.600057139000000,66.980999999999995,-0.014109367000000,-0.069795924000000,66.995109369999994,0.353409415000000,0.413671313000000,1.446771379000000,1.516521602000000,-93.538393009999993,44.065607970000002,2,0
946,946,62.146000000000001,91.013000000000005,54.848999999999997,71.072508249999998,0.217479709000000,0.188477334000000,0.293632387000000,0.602650171000000,65.031000000000006,-0.019271374000000,-0.068383908000000,65.050271370000004,0.364023215000000,0.416927400000000,1.464502945000000,1.526699828000000,-93.538393009999993,44.065569369999999,2,0
947,947,57.682000000000002,88.367999999999995,50.634999999999998,67.577165210000004,0.240022031000000,0.210106128000000,0.321605618000000,0.573001539000000,68.418999999999997,-0.038707578000000,-0.088867987000000,68.457707580000005,0.402446426000000,0.455577189000000,1.531985715000000,1.599922765000000,-93.538393009999993,44.065530770000002,1,0
948,948,59.258000000000003,90.198999999999998,52.277000000000001,69.234516670000005,0.235886316000000,0.207022756000000,0.318388557000000,0.579574053000000,68.863000000000000,-0.035877938000000,-0.084324903000000,68.898877940000006,0.397029456000000,0.448474998000000,1.522140470000000,1.587018655000000,-93.538393009999993,44.065492169999999,1,0
949,949,60.936000000000000,91.427999999999997,53.884999999999998,70.653776750000006,0.228553096000000,0.200126014000000,0.309629464000000,0.589370871000000,68.034999999999997,-0.029661235000000,-0.077522800000000,68.064661229999999,0.384839061000000,0.435945240000000,1.500393856000000,1.563109827000000,-93.538393009999993,44.065453570000003,1,0
950,950,63.959000000000003,94.198999999999998,56.738999999999997,73.447304020000004,0.219025804000000,0.191201204000000,0.298168982000000,0.602331235000000,67.700000000000003,-0.021668055000000,-0.068704542000000,67.721668050000005,0.368915627000000,0.419477298000000,1.472802889000000,1.532735737000000,-93.538393009999993,44.065414969999999,2,0
951,951,62.863999999999997,92.772000000000006,54.404000000000003,71.921998709999997,0.225473231000000,0.192166337000000,0.295440177000000,0.586426939000000,68.275999999999996,-0.022673776000000,-0.079063036000000,68.298673780000001,0.370645513000000,0.431256471000000,1.475757190000000,1.548523180000000,-93.538393009999993,44.065376370000003,2,0
952,952,62.161000000000001,93.314999999999998,54.813000000000002,72.055867480000003,0.229430442000000,0.200378193000000,0.309488094000000,0.587397525000000,69.656000000000006,-0.029909315000000,-0.078828660000000,69.685909319999993,0.385286583000000,0.437514922000000,1.501182413000000,1.565405048000000,-93.538393009999993,44.065337769999999,1,0
953,953,40.649000000000001,64.018000000000001,36.917000000000002,48.694662319999999,0.245474266000000,0.223269990000000,0.344929889000000,0.576665938000000,50.469999999999999,-0.050213301000000,-0.087115776000000,50.520213300000002,0.425337140000000,0.463956318000000,1.574897291000000,1.626220569000000,-93.539512410000000,44.065492169999999,3,0
954,954,63.956000000000003,96.337000000000003,56.698999999999998,74.354923860000000,0.229851051000000,0.202011317000000,0.312576018000000,0.588548533000000,72.019000000000005,-0.031331109000000,-0.078152190000000,72.050331110000002,0.388181501000000,0.438099524000000,1.506301207000000,1.567940893000000,-93.538393009999993,44.065299170000003,1,0
955,955,62.131999999999998,93.873999999999995,55.372999999999998,72.431306370000001,0.230114037000000,0.203466533000000,0.315423370000000,0.589865138000000,70.242999999999995,-0.032591695000000,-0.077357732000000,70.275591700000007,0.390756291000000,0.438422957000000,1.510880062000000,1.569949723000000,-93.538393009999993,44.065260570000000,1,0
956,956,60.909999999999997,92.316000000000003,54.692000000000000,71.235494009999996,0.229920662000000,0.204965215000000,0.318732620000000,0.592443347000000,69.030000000000001,-0.033869121000000,-0.075737550000000,69.063869120000007,0.393403267000000,0.437924616000000,1.515613200000000,1.570945272000000,-93.538393009999993,44.065221970000003,1,0
957,957,62.698999999999998,94.808000000000007,56.350999999999999,73.246516790000001,0.228616045000000,0.203857606000000,0.317420618000000,0.594369673000000,70.566000000000003,-0.032869474000000,-0.074426021000000,70.598869469999997,0.391447469000000,0.435675822000000,1.512113431000000,1.566830127000000,-93.538393009999993,44.065183370000000,1,0
958,958,61.628999999999998,93.200000000000003,54.658000000000001,71.814275749999993,0.231635320000000,0.203908828000000,0.315171057000000,0.586459227000000,70.113000000000000,-0.033030212000000,-0.079617351000000,70.146030210000006,0.391537974000000,0.441130562000000,1.512275065000000,1.573948589000000,-93.538393009999993,44.065144770000003,1,0
959,959,61.987000000000002,94.609999999999999,54.764000000000003,72.554659770000001,0.236849244000000,0.208324553000000,0.320357841000000,0.578839446000000,72.468999999999994,-0.037037107000000,-0.084880371000000,72.506037109999994,0.399319012000000,0.450067016000000,1.526287770000000,1.590573129000000,-93.538393009999993,44.065106170000000,1,0
960,960,63.165999999999997,96.655000000000001,56.756000000000000,74.281841920000005,0.234292793000000,0.209540674000000,0.324930869000000,0.587201904000000,73.388000000000005,-0.037966174000000,-0.079401783000000,73.425966169999995,0.401454564000000,0.445349525000000,1.530174461000000,1.585681614000000,-93.538393009999993,44.065067569999997,1,0
961,961,62.878000000000000,95.882999999999996,55.795000000000002,73.621270929999994,0.235450443000000,0.207891107000000,0.320542703000000,0.581907116000000,73.093000000000004,-0.036604896000000,-0.082822200000000,73.129604900000004,0.398557089000000,0.447594772000000,1.524905372000000,1.586816615000000,-93.538393009999993,44.065028970000000,1,0
962,962,63.000999999999998,94.051000000000002,55.741999999999997,72.851188890000003,0.226039205000000,0.197705219000000,0.306485046000000,0.592678440000000,69.358999999999995,-0.027489497000000,-0.075247422000000,69.386489499999996,0.380536281000000,0.431627378000000,1.492849320000000,1.554962375000000,-93.538393009999993,44.064990369999997,2,0
963,963,62.210999999999999,93.197999999999993,54.045999999999999,71.826285440000007,0.231747248000000,0.199389997000000,0.305703265000000,0.579905148000000,70.138999999999996,-0.029135614000000,-0.083710582000000,70.168135609999993,0.383532147000000,0.441862316000000,1.498095192000000,1.569953963000000,-93.538393009999993,44.064951770000000,1,0
964,964,40.529000000000003,64.900000000000006,37.226999999999997,49.127247599999997,0.250746786000000,0.231160307000000,0.357335562000000,0.573605547000000,52.043999999999997,-0.057196332000000,-0.089601559000000,52.101196330000001,0.438869579000000,0.472529176000000,1.601322510000000,1.647286436000000,-93.539512410000000,44.065453570000003,3,0
965,965,61.716000000000001,93.754000000000005,54.439000000000000,72.023796750000002,0.234974297000000,0.206071911000000,0.317110590000000,0.580657892000000,71.352999999999994,-0.035022796000000,-0.083557160000000,71.388022800000002,0.395354829000000,0.446933946000000,1.519119839000000,1.583931577000000,-93.538393009999993,44.064913169999997,1,0
966,966,60.273000000000003,90.332999999999998,54.088000000000001,70.043789070000003,0.224742142000000,0.199593642000000,0.311444497000000,0.598762357000000,66.305000000000007,-0.029071687000000,-0.071373856000000,66.334071690000002,0.383893865000000,0.429068589000000,1.498730775000000,1.553752760000000,-93.538354409999997,44.065646569999998,2,0
967,967,59.895000000000003,89.152000000000001,52.609999999999999,69.049021789999998,0.226261911000000,0.196293787000000,0.303379408000000,0.590115757000000,65.799000000000007,-0.026277293000000,-0.076853271000000,65.825277290000002,0.378021916000000,0.432195346000000,1.488471492000000,1.554160390000000,-93.538354409999997,44.065607970000002,1,0
968,968,58.597000000000001,87.248000000000005,52.651000000000003,67.867394509999997,0.221344980000000,0.196448284000000,0.307433955000000,0.603463690000000,63.247999999999998,-0.026258464000000,-0.068195833000000,63.274258459999999,0.378297344000000,0.423188915000000,1.488949946000000,1.542958320000000,-93.538354409999997,44.065569369999999,2,0
969,969,55.835000000000001,85.786000000000001,50.087000000000003,65.791318039999993,0.236581692000000,0.211486997000000,0.327211746000000,0.583859837000000,65.650000000000006,-0.039732301000000,-0.081708640000000,65.689732300000003,0.404865668000000,0.449261480000000,1.536419808000000,1.593020400000000,-93.538354409999997,44.065530770000002,1,0
970,970,57.719000000000001,87.900999999999996,51.030999999999999,67.483903569999995,0.235640586000000,0.207265486000000,0.319085729000000,0.580550847000000,67.052000000000007,-0.036076094000000,-0.083689379000000,67.088076090000001,0.397456639000000,0.448004850000000,1.522912732000000,1.586665685000000,-93.538354409999997,44.065492169999999,1,0
971,971,62.097999999999999,91.843000000000004,54.698999999999998,71.375249800000006,0.222604939000000,0.193223378000000,0.299721892000000,0.595570702000000,66.888999999999996,-0.023513229000000,-0.073161426000000,66.912513230000002,0.372537949000000,0.425837419000000,1.479000934000000,1.542823188000000,-93.538354409999997,44.065453570000003,2,0
972,972,61.798999999999999,91.989000000000004,54.956000000000003,71.417211879999996,0.223530507000000,0.196309205000000,0.305467865000000,0.597419257000000,67.222999999999999,-0.026206262000000,-0.072100755000000,67.249206259999994,0.378049405000000,0.427193793000000,1.488519232000000,1.547840617000000,-93.538354409999997,44.065414969999999,2,0
973,973,62.427999999999997,92.632000000000005,55.271999999999998,71.955858210000002,0.223009995000000,0.194789114000000,0.302681685000000,0.596683651000000,67.563999999999993,-0.024878763000000,-0.072510127000000,67.588878760000000,0.375336895000000,0.426404986000000,1.483821362000000,1.545214383000000,-93.538354409999997,44.065376370000003,2,0
974,974,62.640999999999998,93.938999999999993,55.764000000000003,72.705007390000006,0.226826171000000,0.199885043000000,0.310446754000000,0.593619264000000,69.472999999999999,-0.029393814000000,-0.074734393000000,69.502393810000001,0.384411305000000,0.432827988000000,1.499640810000000,1.558853624000000,-93.538354409999997,44.065337769999999,2,0
975,975,41.945000000000000,64.965999999999994,37.473999999999997,49.612716300000002,0.241283777000000,0.215328638000000,0.331537941000000,0.576824801000000,50.512999999999998,-0.043238564000000,-0.086590712000000,50.556238559999997,0.411574059000000,0.457275289000000,1.548837764000000,1.608075102000000,-93.539512410000000,44.065414969999999,3,0
976,976,62.011000000000003,93.822999999999993,54.533999999999999,72.162032040000000,0.233738013000000,0.204140303000000,0.314037512000000,0.581243405000000,71.100999999999999,-0.033311150000000,-0.083070619000000,71.134311150000002,0.391946900000000,0.444914755000000,1.513005757000000,1.579146567000000,-93.538354409999997,44.065299170000003,1,0
977,977,62.292999999999999,93.725999999999999,55.500999999999998,72.446168349999994,0.228202827000000,0.201469052000000,0.312710161000000,0.592162260000000,69.658000000000001,-0.030804652000000,-0.075759266000000,69.688804649999994,0.387220893000000,0.435164884000000,1.504599233000000,1.563568585000000,-93.538354409999997,44.065260570000000,1,0
978,978,60.957999999999998,91.501000000000005,54.098999999999997,70.746054229999999,0.227958223000000,0.200335828000000,0.310522570000000,0.591239440000000,67.944999999999993,-0.029821164000000,-0.076309802000000,67.974821160000005,0.385211410000000,0.434839697000000,1.501049903000000,1.561918400000000,-93.538354409999997,44.065221970000003,1,0
979,979,62.143000000000001,93.938000000000002,55.484999999999999,72.490655759999996,0.229941343000000,0.203708331000000,0.316066245000000,0.590655539000000,70.248000000000005,-0.032792604000000,-0.076850723000000,70.280792599999998,0.391183680000000,0.438085821000000,1.511642502000000,1.569777971000000,-93.538354409999997,44.065183370000000,1,0
980,980,61.670000000000002,92.650999999999996,54.384999999999998,71.519519310000007,0.229783944000000,0.200756864000000,0.310008405000000,0.586987728000000,69.247000000000000,-0.030248292000000,-0.079116077000000,69.277248290000003,0.385958327000000,0.438115896000000,1.502367440000000,1.566593197000000,-93.538354409999997,44.065144770000003,1,0
981,981,62.305999999999997,94.873000000000005,55.133000000000003,72.852754360000006,0.235385842000000,0.207196890000000,0.319140388000000,0.581124240000000,72.307000000000002,-0.036006443000000,-0.083305701000000,72.343006439999996,0.397335930000000,0.447552924000000,1.522694444000000,1.585992535000000,-93.538354409999997,44.065106170000000,1,0
982,982,62.939000000000000,95.466999999999999,56.340000000000003,73.596787539999994,0.230986451000000,0.205345757000000,0.318695746000000,0.590151571000000,71.655000000000001,-0.034237658000000,-0.077258715000000,71.689237660000003,0.394074617000000,0.439810033000000,1.516817871000000,1.573807949000000,-93.538354409999997,44.065067569999997,1,0
983,983,60.734000000000002,92.685000000000002,53.942999999999998,71.154702889999996,0.235606422000000,0.208259733000000,0.321193052000000,0.582003560000000,70.692999999999998,-0.036927692000000,-0.082776979000000,70.729927689999997,0.399205096000000,0.447836593000000,1.526080943000000,1.587544837000000,-93.538354409999997,44.065028970000000,1,0
984,984,60.552999999999997,91.427999999999997,53.872999999999998,70.540874959999996,0.230185480000000,0.203150394000000,0.314704204000000,0.589239620000000,68.430000000000007,-0.032322908000000,-0.077753165000000,68.462322909999997,0.390197312000000,0.438585092000000,1.509883903000000,1.569813773000000,-93.538354409999997,44.064990369999997,1,0
985,985,59.110999999999997,89.128000000000000,51.274000000000001,68.476112090000001,0.235139845000000,0.202490573000000,0.309565307000000,0.575284983000000,67.870999999999995,-0.031940776000000,-0.086933684000000,67.902940779999994,0.389029970000000,0.447662520000000,1.507807346000000,1.580940894000000,-93.538354409999997,44.064951770000000,1,0
986,986,40.673999999999999,63.337000000000003,35.741999999999997,48.109044230000002,0.247466640000000,0.217890415000000,0.331966193000000,0.564314698000000,50.258000000000003,-0.045747855000000,-0.095155024000000,50.303747860000001,0.416029326000000,0.468004334000000,1.557186409000000,1.625678155000000,-93.539512410000000,44.065376370000003,3,0
987,987,57.671999999999997,89.045000000000002,51.081000000000003,67.981223310000004,0.241724567000000,0.213833434000000,0.328045924000000,0.573653771000000,69.337000000000003,-0.041983235000000,-0.088633859000000,69.378983239999997,0.408966962000000,0.458215081000000,1.543990151000000,1.607664781000000,-93.538354409999997,44.064913169999997,1,0
988,988,58.109000000000002,87.911000000000001,51.536999999999999,67.727547749999999,0.231815825000000,0.204095329000000,0.315421822000000,0.586240630000000,66.176000000000002,-0.033197508000000,-0.079770395000000,66.209197509999996,0.391867458000000,0.441437373000000,1.512863756000000,1.574552695000000,-93.538315810000000,44.065646569999998,1,0
989,989,57.369999999999997,86.025000000000006,50.651000000000003,66.475913750000004,0.228617029000000,0.199832630000000,0.308968774000000,0.588793955000000,64.028999999999996,-0.029410552000000,-0.077886687000000,64.058410550000005,0.384318249000000,0.436094314000000,1.499477079000000,1.562982352000000,-93.538315810000000,44.065607970000002,1,0
990,990,56.618000000000002,86.495000000000005,51.192000000000000,66.602311799999995,0.232122507000000,0.208765102000000,0.325029101000000,0.591849240000000,65.180000000000007,-0.037208512000000,-0.076303749000000,65.217208510000006,0.400093003000000,0.441531435000000,1.527694373000000,1.579814287000000,-93.538315810000000,44.065569369999999,1,0
991,991,54.667000000000002,84.307000000000002,48.732999999999997,64.474947139999998,0.239745013000000,0.213277304000000,0.328453807000000,0.578042155000000,65.213999999999999,-0.041411349000000,-0.085669687000000,65.255411350000003,0.407996008000000,0.454737389000000,1.542191816000000,1.602344122000000,-93.538315810000000,44.065530770000002,1,0
992,992,57.667999999999999,86.709000000000003,51.834000000000003,67.158549870000002,0.225915453000000,0.201146997000000,0.313810877000000,0.597792617000000,63.915999999999997,-0.030445796000000,-0.072072412000000,63.946445799999999,0.386650087000000,0.431048158000000,1.503589512000000,1.557951390000000,-93.538315810000000,44.065492169999999,1,0
993,993,58.186999999999998,88.308999999999997,52.487000000000002,68.164241890000000,0.229536499000000,0.205616536000000,0.320416130000000,0.594356181000000,65.944000000000003,-0.034410980000000,-0.074514908000000,65.978410980000007,0.394552133000000,0.437171222000000,1.517675770000000,1.570683980000000,-93.538315810000000,44.065453570000003,1,0
994,994,59.557000000000002,88.775999999999996,52.792000000000002,68.836060529999997,0.224914712000000,0.196982465000000,0.305826818000000,0.594665225000000,65.203000000000003,-0.026830081000000,-0.073920199000000,65.229830079999999,0.379249266000000,0.429651816000000,1.490605638000000,1.551673003000000,-93.538315810000000,44.065414969999999,1,0
995,995,59.893999999999998,90.537000000000006,53.920000000000002,69.980011439999998,0.228086596000000,0.203701365000000,0.317507849000000,0.595557617000000,67.260000000000005,-0.032715279000000,-0.073642899000000,67.292715279999996,0.391171368000000,0.434734440000000,1.511620530000000,1.565448249000000,-93.538315810000000,44.065376370000003,1,0
996,996,58.600000000000001,90.051000000000002,52.685000000000002,69.086544340000003,0.236170454000000,0.211576108000000,0.327730655000000,0.585057356000000,68.816999999999993,-0.039789208000000,-0.080919458000000,68.856789210000002,0.405021645000000,0.448517931000000,1.536706485000000,1.592131974000000,-93.538315810000000,44.065337769999999,1,1
997,997,38.061999999999998,61.670999999999999,34.813000000000002,46.418290409999997,0.257199937000000,0.236722048000000,0.363662970000000,0.564495468000000,50.466999999999999,-0.062314747000000,-0.096121772000000,50.529314749999998,0.448321364000000,0.483245636000000,1.620277442000000,1.669141623000000,-93.539512410000000,44.065337769999999,3,0
998,998,58.566000000000003,90.210999999999999,52.125000000000000,69.004870609999998,0.239532415000000,0.212700888000000,0.327411745000000,0.577812018000000,69.730999999999995,-0.040908503000000,-0.085793073000000,69.771908499999995,0.406988918000000,0.454416315000000,1.540330567000000,1.601266308000000,-93.538315810000000,44.065299170000003,1,0
999,999,57.933000000000000,88.944999999999993,52.384999999999998,68.341382629999998,0.234455671000000,0.211141219000000,0.328193623000000,0.588959469000000,67.572000000000003,-0.039338964000000,-0.078318604000000,67.611338959999998,0.404260267000000,0.445494063000000,1.535308028000000,1.587647089000000,-93.538315810000000,44.065260570000000,1,0
1000,1000,57.942999999999998,88.268000000000001,52.088000000000001,67.974972890000004,0.232074873000000,0.207405736000000,0.322184801000000,0.590111932000000,66.504999999999995,-0.036045568000000,-0.077382135000000,66.541045569999994,0.397703408000000,0.441570852000000,1.523359163000000,1.578366979000000,-93.538315810000000,44.065221970000003,1,0
1001,1001,59.712000000000003,90.468000000000004,53.237000000000002,69.723645289999993,0.231338789000000,0.204794247000000,0.317258595000000,0.588462219000000,67.986999999999995,-0.033778888000000,-0.078342518000000,68.020778890000003,0.393101546000000,0.440501499000000,1.515072347000000,1.574101635000000,-93.538315810000000,44.065183370000000,1,0
1002,1002,61.229999999999997,92.359999999999999,55.259999999999998,71.491608130000003,0.226519704000000,0.202682466000000,0.316587003000000,0.598310957000000,68.230000000000004,-0.031783577000000,-0.071802729000000,68.261783579999999,0.389369560000000,0.431998152000000,1.508410910000000,1.560831208000000,-93.538315810000000,44.065144770000003,1,0
1003,1003,59.853000000000002,92.688000000000002,53.975000000000001,70.914849360000005,0.239127819000000,0.215253604000000,0.333127042000000,0.582329967000000,71.548000000000002,-0.043065913000000,-0.082913673000000,71.591065909999998,0.411443345000000,0.453448400000000,1.548594055000000,1.602828468000000,-93.538315810000000,44.065106170000000,1,0
1004,1004,60.084000000000003,91.873000000000005,53.307000000000002,70.456538460000004,0.236776302000000,0.209197339000000,0.322240243000000,0.580224876000000,70.355000000000004,-0.037782563000000,-0.084004989000000,70.392782560000001,0.400851981000000,0.449841515000000,1.529075960000000,1.591243347000000,-93.538315810000000,44.065067569999997,1,0
1005,1005,58.994999999999997,90.795000000000002,52.210999999999999,69.402522939999997,0.240385798000000,0.212297216000000,0.325889792000000,0.575042679000000,70.384000000000000,-0.040603759000000,-0.087621348000000,70.424603759999997,0.406283204000000,0.455985568000000,1.539028731000000,1.602925881000000,-93.538315810000000,44.065028970000000,1,0
1006,1006,57.718000000000004,88.659000000000006,52.292999999999999,68.133065040000005,0.234250633000000,0.211378837000000,0.328865694000000,0.589821676000000,67.307000000000002,-0.039531887000000,-0.077761111000000,67.346531889999994,0.404676326000000,0.445107062000000,1.536071936000000,1.587400469000000,-93.538315810000000,44.064990369999997,1,0
1007,1007,58.225999999999999,89.125000000000000,52.628999999999998,68.564675899999997,0.233115996000000,0.209696575000000,0.326207217000000,0.590507714000000,67.394999999999996,-0.038046805000000,-0.077229723000000,67.433046800000000,0.401728099000000,0.443227493000000,1.530673582000000,1.583064350000000,-93.538315810000000,44.064951770000000,1,0
1008,1008,38.283000000000001,62.680999999999997,36.490000000000002,47.349818550000002,0.252774377000000,0.241650489000000,0.378416106000000,0.582154082000000,50.588999999999999,-0.066093384000000,-0.084355493000000,50.655093379999997,0.456635753000000,0.475409368000000,1.637306376000000,1.663669453000000,-93.539628210000004,44.065414969999999,3,0
1009,1009,38.570000000000000,61.393000000000001,35.731000000000002,46.667082299999997,0.246008108000000,0.228314476000000,0.355321335000000,0.582004463000000,48.484999999999999,-0.054497620000000,-0.083788524000000,48.539497619999999,0.434005339000000,0.464511739000000,1.591729323000000,1.632774860000000,-93.539512410000000,44.065299170000003,3,0
1010,1010,56.128999999999998,87.879000000000005,50.182000000000002,66.811716550000000,0.246205716000000,0.220473863000000,0.338392343000000,0.571035173000000,69.447000000000003,-0.047883001000000,-0.090757506000000,69.494883000000002,0.420507397000000,0.465497140000000,1.565661245000000,1.625154674000000,-93.538315810000000,44.064913169999997,1,0
1011,1011,57.927000000000000,86.566000000000003,52.116999999999997,67.244309240000007,0.222787242000000,0.198203373000000,0.310026414000000,0.602049303000000,63.088000000000001,-0.027812421000000,-0.069183663000000,63.115812419999997,0.381422716000000,0.425648079000000,1.494398122000000,1.547930849000000,-93.538277210000004,44.065646569999998,2,0
1012,1012,55.825000000000003,85.748999999999995,49.566000000000003,65.640713950000006,0.238749102000000,0.211366494000000,0.325232588000000,0.578035895000000,66.106999999999999,-0.039730041000000,-0.085573925000000,66.146730039999994,0.404654717000000,0.453153014000000,1.536032244000000,1.598078359000000,-93.538277210000004,44.065607970000002,1,0
1013,1013,56.311000000000000,85.356999999999999,50.517000000000003,65.850116319999998,0.230184981000000,0.205028659000000,0.318658051000000,0.591831953000000,63.886000000000003,-0.033933970000000,-0.076141218000000,63.919933970000002,0.393515216000000,0.438395274000000,1.515813962000000,1.571624343000000,-93.538277210000004,44.065569369999999,1,0
1014,1014,54.459000000000003,84.247000000000000,48.204000000000001,64.257205319999997,0.242778169000000,0.214756391000000,0.329141897000000,0.572174677000000,65.831000000000003,-0.042824889000000,-0.089676315000000,65.873824889999995,0.410576852000000,0.459997325000000,1.546980297000000,1.611125291000000,-93.538277210000004,44.065530770000002,1,0
1015,1015,56.521999999999998,85.311999999999998,51.343000000000004,66.103397479999998,0.225355400000000,0.202983770000000,0.318153187000000,0.601826238000000,62.759000000000000,-0.031997598000000,-0.069531052000000,62.790997599999997,0.389902612000000,0.429868897000000,1.509359188000000,1.558442502000000,-93.538277210000004,44.065492169999999,1,0
1016,1016,53.987000000000002,82.484999999999999,49.137999999999998,63.594848949999999,0.230683153000000,0.208819392000000,0.326310486000000,0.595720434000000,61.844999999999999,-0.037191962000000,-0.073766500000000,61.882191960000000,0.400188354000000,0.438949210000000,1.527867820000000,1.576507591000000,-93.538277210000004,44.065453570000003,1,0
1017,1017,52.027000000000001,79.174999999999997,46.197000000000003,60.854066320000001,0.234341749000000,0.206917577000000,0.319369449000000,0.583479634000000,60.125999999999998,-0.035722862000000,-0.081732141000000,60.161722859999998,0.396844312000000,0.445700262000000,1.521805985000000,1.583241213000000,-93.538277210000004,44.065414969999999,1,0
1018,1018,51.520000000000003,79.037000000000006,46.462000000000003,60.717584530000003,0.234683038000000,0.210766179000000,0.327213271000000,0.587851260000000,60.091999999999999,-0.039029709000000,-0.079032194000000,60.131029710000000,0.403603336000000,0.445934158000000,1.534103261000000,1.587811532000000,-93.538277210000004,44.065376370000003,1,0
1019,1019,49.225000000000001,77.128000000000000,44.177999999999997,58.661528259999997,0.245712855000000,0.220833696000000,0.339555826000000,0.572788093000000,60.853000000000002,-0.048161331000000,-0.089595440000000,60.901161330000001,0.421129929000000,0.464592508000000,1.566846115000000,1.624316203000000,-93.538277210000004,44.065337769999999,1,0
1020,1020,38.335000000000001,61.414999999999999,35.569000000000003,46.570835690000003,0.248691126000000,0.231378446000000,0.359607984000000,0.579158186000000,48.926000000000002,-0.057242516000000,-0.085859340000000,48.983242519999997,0.439241657000000,0.468959151000000,1.602060780000000,1.642515279000000,-93.539512410000000,44.065260570000000,3,0
1021,1021,46.359999999999999,72.828999999999994,41.012999999999998,55.182663370000000,0.250116937000000,0.222075863000000,0.338582174000000,0.563141056000000,58.284999999999997,-0.049468796000000,-0.096196052000000,58.334468800000003,0.423276697000000,0.472241419000000,1.570944780000000,1.636378665000000,-93.538277210000004,44.065299170000003,1,0
1022,1022,45.988999999999997,72.018000000000001,40.880000000000003,54.689288550000001,0.247578008000000,0.220571661000000,0.337482334000000,0.567635869000000,57.167000000000002,-0.048042949000000,-0.093059848000000,57.215042949999997,0.420676623000000,0.467912632000000,1.565983170000000,1.628612394000000,-93.538277210000004,44.065260570000000,1,0
1023,1023,45.558000000000000,72.067999999999998,41.938000000000002,54.857767099999997,0.244525800000000,0.225375342000000,0.350253673000000,0.581922629000000,56.640000000000001,-0.051934020000000,-0.083695570000000,56.691934019999998,0.428961971000000,0.462133538000000,1.581895606000000,1.626115835000000,-93.538277210000004,44.065221970000003,1,0
1024,1024,44.634999999999998,70.400999999999996,40.404000000000003,53.482293769999998,0.246912651000000,0.223982058000000,0.345240647000000,0.573912302000000,55.762999999999998,-0.050900669000000,-0.089007977000000,55.813900670000002,0.426564256000000,0.466419029000000,1.577259998000000,1.630444165000000,-93.538277210000004,44.065183370000000,3,0
1025,1025,46.170000000000002,72.251999999999995,42.406999999999996,55.227933909999997,0.239946628000000,0.220246238000000,0.343116490000000,0.586931850000000,55.927000000000000,-0.047342208000000,-0.080098738000000,55.974342210000003,0.420113443000000,0.454484792000000,1.564912281000000,1.609848965000000,-93.538277210000004,44.065144770000003,1,0
1026,1026,44.552999999999997,70.638999999999996,40.201000000000001,53.513109080000000,0.250070786000000,0.226456698000000,0.347855076000000,0.569104885000000,56.524000000000001,-0.053186437000000,-0.092395410000000,56.577186439999998,0.430819821000000,0.471732758000000,1.585504904000000,1.640713463000000,-93.538277210000004,44.065106170000000,3,0
1027,1027,44.780000000000001,71.406000000000006,39.866000000000000,53.831103749999997,0.255721935000000,0.229167025000000,0.348873166000000,0.558300423000000,58.165999999999997,-0.055840361000000,-0.099925666000000,58.221840360000002,0.435464531000000,0.481349434000000,1.594595802000000,1.657528221000000,-93.538277210000004,44.065067569999997,3,0
1028,1028,44.494000000000000,71.088999999999999,40.165999999999997,53.686340639999997,0.253564218000000,0.230094391000000,0.352639325000000,0.565010058000000,57.518000000000001,-0.056484472000000,-0.095388092000000,57.574484470000002,0.437049864000000,0.477503183000000,1.597721041000000,1.653104961000000,-93.538277210000004,44.065028970000000,3,0
1029,1029,46.814999999999998,74.192999999999998,41.686999999999998,56.077480459999997,0.252794570000000,0.226249504000000,0.345154499000000,0.561872414000000,59.884000000000000,-0.053179262000000,-0.097306002000000,59.937179260000001,0.430464054000000,0.476520849000000,1.584812560000000,1.647236302000000,-93.538277210000004,44.064990369999997,3,0
1030,1030,48.735999999999997,76.417000000000002,43.353000000000002,58.006431239999998,0.248016724000000,0.221177279000000,0.338398533000000,0.567321408000000,60.744999999999997,-0.048583433000000,-0.093307063000000,60.793583429999998,0.421724074000000,0.468626017000000,1.567978496000000,1.630297018000000,-93.538277210000004,44.064951770000000,1,0
1031,1031,38.715000000000003,61.871000000000002,35.749000000000002,46.921433860000000,0.248620122000000,0.230210964000000,0.357141755000000,0.577798969000000,49.277999999999999,-0.056258481000000,-0.086715810000000,49.334258480000003,0.437249004000000,0.468913634000000,1.598114426000000,1.641099029000000,-93.539512410000000,44.065221970000003,3,0
1032,1032,51.811000000000000,80.930000000000007,46.497999999999998,61.633618060000003,0.244268149000000,0.219367038000000,0.337638997000000,0.574545904000000,63.551000000000002,-0.046834673000000,-0.088333454000000,63.597834669999997,0.418590698000000,0.462179042000000,1.562023509000000,1.619326676000000,-93.538277210000004,44.064913169999997,1,0
1033,1033,58.732999999999997,87.359999999999999,52.777999999999999,67.987381610000000,0.220832125000000,0.195950525000000,0.306778117000000,0.604143773000000,63.209000000000003,-0.025814724000000,-0.067736372000000,63.234814720000003,0.377409793000000,0.422301225000000,1.487409123000000,1.541314922000000,-93.538238609999993,44.065646569999998,2,0
1034,1034,56.488000000000000,86.608000000000004,50.505000000000003,66.439433149999999,0.236334308000000,0.210488064000000,0.325301595000000,0.583144744000000,66.222999999999999,-0.038867568000000,-0.082132840000000,66.261867570000007,0.403115984000000,0.448916036000000,1.533210593000000,1.591449559000000,-93.538238609999993,44.065607970000002,1,0
1035,1035,55.594999999999999,85.772000000000006,50.911999999999999,65.928425210000000,0.233903133000000,0.213465660000000,0.333613399000000,0.593573660000000,65.037000000000006,-0.041288960000000,-0.075386288000000,65.078288959999995,0.408324938000000,0.444316786000000,1.542800612000000,1.588676931000000,-93.538238609999993,44.065569369999999,1,0
1036,1036,54.414999999999999,83.938000000000002,48.173000000000002,64.102048839999995,0.241392570000000,0.213388940000000,0.327378576000000,0.573911697000000,65.287999999999997,-0.041586696000000,-0.088437001000000,65.329586699999993,0.408190969000000,0.457669382000000,1.542552605000000,1.606425756000000,-93.538238609999993,44.065530770000002,1,0
1037,1037,57.213999999999999,85.465000000000003,50.362000000000002,66.116158049999996,0.227478044000000,0.198003911000000,0.306021643000000,0.589270462000000,63.353999999999999,-0.027794096000000,-0.077487166000000,63.381794100000000,0.381067848000000,0.434222925000000,1.493777747000000,1.558597469000000,-93.538238609999993,44.065492169999999,1,0
1038,1038,53.713000000000001,82.105000000000004,49.039999999999999,63.327821669999999,0.230207931000000,0.209044457000000,0.327179700000000,0.597283966000000,61.457000000000001,-0.037362732000000,-0.072753140000000,61.494362729999999,0.400583577000000,0.438080729000000,1.528587120000000,1.575626715000000,-93.538238609999993,44.065453570000003,1,0
1039,1039,50.927999999999997,77.671999999999997,45.661999999999999,59.753992930000003,0.233211873000000,0.207962675000000,0.322457740000000,0.587882377000000,58.753999999999998,-0.036570222000000,-0.078876634000000,58.790570219999999,0.398682922000000,0.443560858000000,1.525133522000000,1.581585338000000,-93.538238609999993,44.065414969999999,1,0
1040,1040,49.542000000000002,76.253000000000000,44.636000000000003,58.484477339999998,0.236448250000000,0.212337533000000,0.329119383000000,0.585367133000000,58.328000000000003,-0.040451561000000,-0.080751741000000,58.368451559999997,0.406353704000000,0.448943265000000,1.539158694000000,1.593545221000000,-93.538238609999993,44.065376370000003,1,0
1041,1041,47.874000000000002,74.823999999999998,42.884000000000000,56.949065859999997,0.244960608000000,0.219644982000000,0.337660060000000,0.573131616000000,58.890000000000001,-0.047108985000000,-0.089299562000000,58.937108989999999,0.419072275000000,0.463376908000000,1.562936040000000,1.621287672000000,-93.538238609999993,44.065337769999999,1,0
1042,1042,38.325000000000003,61.094000000000001,34.572000000000003,46.175410650000003,0.252664223000000,0.229020610000000,0.351118787000000,0.565882083000000,49.290999999999997,-0.055518654000000,-0.094731736000000,49.346518650000000,0.435214051000000,0.476031506000000,1.594103066000000,1.649759727000000,-93.539512410000000,44.065183370000000,3,0
1043,1043,46.652000000000001,72.310000000000002,41.640999999999998,55.193955240000001,0.241837081000000,0.215682319000000,0.331837405000000,0.575867791000000,56.326999999999998,-0.043568302000000,-0.087249927000000,56.370568300000002,0.412190026000000,0.458224752000000,1.549987139000000,1.609760811000000,-93.538238609999993,44.065299170000003,1,0
1044,1044,45.899000000000001,71.293000000000006,41.590000000000003,54.525645799999999,0.239474085000000,0.216687146000000,0.335890585000000,0.583367231000000,55.097000000000001,-0.044302251000000,-0.082295222000000,55.141302250000003,0.413938505000000,0.453935902000000,1.553258241000000,1.605095324000000,-93.538238609999993,44.065260570000000,1,0
1045,1045,44.881999999999998,70.710999999999999,41.128000000000000,53.870065369999999,0.243642056000000,0.223447787000000,0.346860941000000,0.581635106000000,55.411999999999999,-0.050256188000000,-0.083790941000000,55.462256189999998,0.425643648000000,0.460730434000000,1.575486832000000,1.621985633000000,-93.538238609999993,44.065221970000003,1,0
1046,1046,41.951000000000001,66.930999999999997,38.393999999999998,50.707476100000001,0.249837774000000,0.229422678000000,0.354386562000000,0.573635535000000,53.517000000000003,-0.055675059000000,-0.089487764000000,53.572675060000002,0.435901768000000,0.471082372000000,1.595456604000000,1.643230506000000,-93.538238609999993,44.065183370000000,3,0
1047,1047,41.735999999999997,66.724999999999994,38.524000000000001,50.590571900000000,0.248888681000000,0.230396179000000,0.357307291000000,0.577354815000000,53.189999999999998,-0.056431609000000,-0.087025207000000,53.246431610000002,0.437565340000000,0.469366049000000,1.598739697000000,1.641947684000000,-93.538238609999993,44.065144770000003,3,0
1048,1048,43.365000000000002,67.552999999999997,39.051000000000002,51.539343010000003,0.242228372000000,0.218071007000000,0.336566157000000,0.578079434000000,52.689999999999998,-0.045622762000000,-0.085895085000000,52.735622759999998,0.416342846000000,0.458690741000000,1.557777009000000,1.613092175000000,-93.538238609999993,44.065106170000000,1,0
1049,1049,43.948999999999998,69.417000000000002,39.686999999999998,52.679194060000000,0.248114352000000,0.224652894000000,0.345661586000000,0.571718743000000,55.198000000000000,-0.051540316000000,-0.090525504000000,55.249540320000001,0.427719258000000,0.468467408000000,1.579489863000000,1.634063710000000,-93.538238609999993,44.065067569999997,3,0
1050,1050,43.469000000000001,68.396000000000001,40.186999999999998,52.225669760000002,0.241036435000000,0.222831091000000,0.347763609000000,0.587563600000000,53.136000000000003,-0.049584353000000,-0.079802962000000,53.185584349999999,0.424580206000000,0.456213080000000,1.573443143000000,1.615118446000000,-93.538238609999993,44.065028970000000,3,0
1051,1051,46.500000000000000,72.055000000000007,42.545999999999999,55.270049579999998,0.236168059000000,0.215553962000000,0.336210186000000,0.590465617000000,55.064000000000000,-0.043171675000000,-0.077532728000000,55.107171670000000,0.411966514000000,0.448172132000000,1.549569892000000,1.596110828000000,-93.538238609999993,44.064990369999997,1,0
1052,1052,48.457000000000001,74.497000000000000,42.860999999999997,56.964752779999998,0.240004661000000,0.211786522000000,0.325122046000000,0.575338604000000,57.676000000000002,-0.040148358000000,-0.087396195000000,57.716148359999998,0.405389876000000,0.455358034000000,1.537383660000000,1.601508461000000,-93.538238609999993,44.064951770000000,1,0
1053,1053,39.061999999999998,62.725999999999999,35.963999999999999,47.447515619999997,0.251528846000000,0.232483200000000,0.359504132000000,0.573350764000000,50.426000000000002,-0.058359951000000,-0.089845519000000,50.484359949999998,0.441124320000000,0.473786620000000,1.605806154000000,1.650605615000000,-93.539512410000000,44.065144770000003,3,0
1054,1054,52.493000000000002,79.992999999999995,47.134999999999998,61.579496919999997,0.232491314000000,0.207569102000000,0.322198920000000,0.589239058000000,60.357999999999997,-0.036202894000000,-0.077964158000000,60.394202890000003,0.397990797000000,0.442303802000000,1.523879374000000,1.579504857000000,-93.538238609999993,44.064913169999997,1,0
1055,1055,57.597999999999999,86.227000000000004,52.119999999999997,67.005272259999998,0.222332478000000,0.199054406000000,0.312185813000000,0.604451042000000,62.735999999999997,-0.028527393000000,-0.067666947000000,62.764527389999998,0.382935876000000,0.424743116000000,1.497048509000000,1.547708154000000,-93.538200009999997,44.065646569999998,2,0
1056,1056,55.156999999999996,84.164000000000001,48.972000000000001,64.611996640000001,0.235629843000000,0.208202640000000,0.321055020000000,0.581863980000000,64.198999999999998,-0.036879757000000,-0.082866596000000,64.235879760000003,0.399104752000000,0.447884756000000,1.525898798000000,1.587545247000000,-93.538200009999997,44.065607970000002,1,0
1057,1057,55.731999999999999,84.715999999999994,51.287999999999997,65.608219570000003,0.225760711000000,0.206368193000000,0.325078511000000,0.605411020000000,62.411999999999999,-0.034897985000000,-0.067346768000000,62.446897980000003,0.395876850000000,0.430327742000000,1.520060289000000,1.562710050000000,-93.538200009999997,44.065569369999999,1,0
1058,1058,53.902000000000001,82.995999999999995,47.954999999999998,63.491321309999996,0.239444612000000,0.212523192000000,0.327108373000000,0.577798930000000,64.135000000000005,-0.040752382000000,-0.085792495000000,64.175752380000006,0.406678309000000,0.454277613000000,1.539757337000000,1.600880889000000,-93.538200009999997,44.065530770000002,1,0
1059,1059,54.220999999999997,83.286000000000001,48.844999999999999,63.933060470000001,0.235523183000000,0.211371057000000,0.327818005000000,0.586473117000000,63.506000000000000,-0.039584228000000,-0.079972310000000,63.545584230000003,0.404662706000000,0.447380372000000,1.536046919000000,1.590395612000000,-93.538200009999997,44.065492169999999,1,0
1060,1060,52.180999999999997,80.299999999999997,47.463999999999999,61.708395039999999,0.234221599000000,0.212249304000000,0.330745616000000,0.591083437000000,60.954999999999998,-0.040271194000000,-0.076970185000000,60.995271189999997,0.406199418000000,0.444981066000000,1.538874303000000,1.588200953000000,-93.538200009999997,44.065453570000003,1,0
1061,1061,49.484000000000002,77.572000000000003,45.156999999999996,59.175547000000002,0.242220309000000,0.221067876000000,0.342959010000000,0.582130150000000,60.503000000000000,-0.048163611000000,-0.083339818000000,60.551163610000003,0.421534916000000,0.458420095000000,1.567617816000000,1.616119670000000,-93.538200009999997,44.065414969999999,1,0
1062,1062,49.095999999999997,76.128000000000000,44.079999999999998,58.163379089999999,0.240718407000000,0.215869162000000,0.333136153000000,0.579024800000000,59.079999999999998,-0.043670557000000,-0.085148608000000,59.123670560000001,0.412515319000000,0.456217615000000,1.550594753000000,1.607252895000000,-93.538200009999997,44.065376370000003,1,0
1063,1063,48.159999999999997,74.846000000000004,42.970999999999997,57.060833490000000,0.243170295000000,0.216948767000000,0.333429125000000,0.574125538000000,58.561000000000000,-0.044717039000000,-0.088485754000000,58.605717040000002,0.414393377000000,0.460468376000000,1.554111296000000,1.614244391000000,-93.538200009999997,44.065337769999999,1,0
1064,1064,38.866999999999997,63.185000000000002,35.067000000000000,47.373277989999998,0.261782091000000,0.238290283000000,0.363036501000000,0.554989317000000,52.436000000000000,-0.063967794000000,-0.102766210000000,52.499967789999999,0.450973285000000,0.490989939000000,1.625672164000000,1.682333957000000,-93.539512410000000,44.065106170000000,3,0
1065,1065,46.265999999999998,72.123000000000005,41.822000000000003,55.049521849999998,0.241712362000000,0.218407116000000,0.337704233000000,0.579870499000000,56.158000000000001,-0.045880745000000,-0.084714533000000,56.203880740000002,0.416926158000000,0.457747566000000,1.558876929000000,1.612190147000000,-93.538200009999997,44.065299170000003,1,0
1066,1066,43.747000000000000,69.207999999999998,40.106999999999999,52.637498430000001,0.245476223000000,0.225408348000000,0.349508566000000,0.579513929000000,54.561999999999998,-0.052019443000000,-0.085313141000000,54.614019440000000,0.429018718000000,0.463790250000000,1.582005623000000,1.628438942000000,-93.538200009999997,44.065260570000000,3,0
1067,1067,43.338999999999999,68.543999999999997,39.570000000000000,52.097132860000002,0.246271540000000,0.225279980000000,0.348554202000000,0.577293417000000,54.179000000000002,-0.051959354000000,-0.086799205000000,54.230959349999999,0.428798003000000,0.465189573000000,1.581577794000000,1.630227943000000,-93.538200009999997,44.065221970000003,3,0
1068,1068,41.982999999999997,66.186999999999998,38.436000000000000,50.400454209999999,0.244157468000000,0.223758898000000,0.347090372000000,0.580718268000000,51.954999999999998,-0.050549091000000,-0.084420829000000,52.005549090000002,0.426179807000000,0.461609292000000,1.576519067000000,1.623547044000000,-93.538200009999997,44.065183370000000,3,0
1069,1069,40.667999999999999,65.349000000000004,37.082999999999998,49.327230190000002,0.254004577000000,0.232802286000000,0.358038123000000,0.567460864000000,52.947000000000003,-0.058796646000000,-0.093870021000000,53.005796650000001,0.441667558000000,0.478041111000000,1.606889938000000,1.657036557000000,-93.538200009999997,44.065144770000003,3,0
1070,1070,42.515999999999998,66.887000000000000,38.774999999999999,50.941082469999998,0.244033199000000,0.222763544000000,0.345061449000000,0.579709062000000,52.482999999999997,-0.049701035000000,-0.085046363000000,52.532701039999999,0.424463674000000,0.461469299000000,1.573219494000000,1.622219122000000,-93.538200009999997,44.065106170000000,3,0
1071,1071,42.884000000000000,67.373000000000005,38.776000000000003,51.256663830000001,0.245307431000000,0.222108347000000,0.342594536000000,0.575542131000000,53.085999999999999,-0.049219971000000,-0.087810082000000,53.135219970000001,0.423332791000000,0.463762539000000,1.571052141000000,1.624626183000000,-93.538200009999997,44.065067569999997,3,0
1072,1072,42.503000000000000,68.087999999999994,38.524000000000001,51.402267549999998,0.253905333000000,0.231347940000000,0.355016859000000,0.565797204000000,55.149000000000001,-0.057564967000000,-0.094922711000000,55.206564970000002,0.439189630000000,0.477987800000000,1.601957509000000,1.655259796000000,-93.538200009999997,44.065028970000000,3,0
1073,1073,46.040999999999997,72.430000000000007,41.404000000000003,55.015663820000000,0.247153527000000,0.222746495000000,0.342416339000000,0.571641585000000,57.414999999999999,-0.049867709000000,-0.090473182000000,57.464867710000000,0.424434259000000,0.466952304000000,1.573163050000000,1.629768248000000,-93.538200009999997,44.064990369999997,1,0
1074,1074,49.616000000000000,77.641999999999996,43.941000000000003,58.937365339999999,0.248057997000000,0.220229769000000,0.336377930000000,0.565943690000000,61.726999999999997,-0.047778316000000,-0.094186298000000,61.774778320000003,0.420084936000000,0.468797436000000,1.564858110000000,1.629451051000000,-93.538200009999997,44.064951770000000,1,0
1075,1075,41.331000000000003,66.028000000000006,37.398000000000003,49.888404629999997,0.252992386000000,0.230041263000000,0.353010963000000,0.566396074000000,53.326999999999998,-0.056402108000000,-0.094439647000000,53.383402109999999,0.436959096000000,0.476513552000000,1.597541797000000,1.651633180000000,-93.539512410000000,44.065067569999997,3,0
1076,1076,52.203000000000003,80.462999999999994,46.911000000000001,61.644382010000001,0.237701892000000,0.213016146000000,0.329543467000000,0.583013310000000,61.811999999999998,-0.041089895000000,-0.082346848000000,61.853089890000000,0.407539815000000,0.451116669000000,1.541348198000000,1.597198434000000,-93.538200009999997,44.064913169999997,1,0
1077,1077,46.176000000000002,71.263000000000005,42.087000000000003,54.717315100000000,0.235119525000000,0.213617282000000,0.332930778000000,0.590586981000000,54.262999999999998,-0.041476625000000,-0.077361684000000,54.304476620000003,0.408589661000000,0.446465995000000,1.543290887000000,1.591685093000000,-93.538161410000001,44.065646569999998,1,0
1078,1078,43.905000000000001,68.813999999999993,38.927000000000000,52.212153600000001,0.248553025000000,0.220983153000000,0.337556917000000,0.565684308000000,54.795999999999999,-0.048448360000000,-0.094405392000000,54.844448360000001,0.421388412000000,0.469593774000000,1.567338572000000,1.631422381000000,-93.538161410000001,44.065607970000002,3,0
1079,1079,45.709000000000003,70.959000000000003,41.645000000000003,54.340894319999997,0.237988067000000,0.216426098000000,0.336563454000000,0.586888203000000,54.564000000000000,-0.044003967000000,-0.079942898000000,54.608003969999999,0.413484477000000,0.451325809000000,1.552407622000000,1.601297054000000,-93.538161410000001,44.065569369999999,1,0
1080,1080,43.756999999999998,68.549000000000007,40.109999999999999,52.352817659999999,0.240902405000000,0.220754011000000,0.343398526000000,0.585128886000000,53.231000000000002,-0.047824375000000,-0.081323483000000,53.278824380000003,0.420992096000000,0.456127265000000,1.566583632000000,1.612646873000000,-93.538161410000001,44.065530770000002,1,0
1081,1081,46.744999999999997,72.882000000000005,43.155999999999999,55.854934980000003,0.237044109000000,0.218487465000000,0.341789698000000,0.592135232000000,55.863000000000000,-0.045698875000000,-0.076565735000000,55.908698880000003,0.417065566000000,0.449503049000000,1.559140015000000,1.601172834000000,-93.538161410000001,44.065492169999999,1,0
1082,1082,47.027000000000001,73.504999999999995,42.720999999999997,56.093991340000002,0.241858776000000,0.219676103000000,0.340286078000000,0.581198558000000,57.262000000000000,-0.046965140000000,-0.083891873000000,57.308965139999998,0.419126186000000,0.457897043000000,1.563038255000000,1.613829538000000,-93.538161410000001,44.065453570000003,1,0
1083,1083,46.009999999999998,72.052000000000007,41.953000000000003,54.980193440000001,0.241917205000000,0.220579018000000,0.342167155000000,0.582260034000000,56.140999999999998,-0.047733025000000,-0.083228447000000,56.188733030000002,0.420689352000000,0.457925929000000,1.566007390000000,1.614892116000000,-93.538161410000001,44.065414969999999,1,0
1084,1084,45.497999999999998,70.872000000000000,40.862000000000002,54.045078199999999,0.242801529000000,0.218045888000000,0.336043863000000,0.576560560000000,55.384000000000000,-0.045631932000000,-0.086911061000000,55.429631929999999,0.416299241000000,0.459708000000000,1.557694844000000,1.614449211000000,-93.538161410000001,44.065376370000003,1,0
1085,1085,45.878000000000000,72.260000000000005,41.640999999999998,54.955349650000002,0.245652670000000,0.223315106000000,0.344876270000000,0.576266261000000,57.000999999999998,-0.050261924000000,-0.087386953000000,57.051261920000002,0.425414924000000,0.464265565000000,1.575046863000000,1.626699106000000,-93.538161410000001,44.065337769999999,1,0
1086,1086,40.857999999999997,64.840999999999994,36.399000000000001,48.985095170000001,0.253335524000000,0.226899025000000,0.346075036000000,0.561357783000000,52.424999999999997,-0.053764304000000,-0.097695956000000,52.478764300000002,0.431578996000000,0.477403700000000,1.586984189000000,1.649244665000000,-93.539512410000000,44.065028970000000,3,0
1087,1087,46.915999999999997,73.251000000000005,43.061000000000000,56.038884650000000,0.239027567000000,0.219153345000000,0.341542811000000,0.587855456000000,56.524999999999999,-0.046368270000000,-0.079432450000000,56.571368270000001,0.418220325000000,0.452948518000000,1.561322363000000,1.606543380000000,-93.538161410000001,44.065299170000003,1,0
1088,1088,46.322000000000003,72.838999999999999,42.436000000000000,55.533958679999998,0.242795475000000,0.222530862000000,0.345610948000000,0.582599981000000,56.920000000000002,-0.049432848000000,-0.083099315000000,56.969432849999997,0.424062171000000,0.459316346000000,1.572449376000000,1.619005318000000,-93.538161410000001,44.065260570000000,1,0
1089,1089,45.761000000000003,71.912999999999997,41.978000000000002,54.856482980000003,0.242208451000000,0.222241107000000,0.345487212000000,0.583733122000000,56.087000000000003,-0.049154411000000,-0.082327813000000,56.136154410000003,0.423562016000000,0.458308661000000,1.571491008000000,1.617300286000000,-93.538161410000001,44.065221970000003,1,0
1090,1090,44.722000000000001,69.772000000000006,40.765000000000001,53.322835920000003,0.240220236000000,0.218788757000000,0.339757762000000,0.584260162000000,54.057000000000002,-0.046124218000000,-0.081805242000000,54.103124219999998,0.417588186000000,0.455079595000000,1.560127007000000,1.609006507000000,-93.538161410000001,44.065183370000000,1,0
1091,1091,43.725999999999999,68.986999999999995,39.851999999999997,52.470153889999999,0.245522496000000,0.224117892000000,0.346701253000000,0.577674055000000,54.396000000000001,-0.050933045000000,-0.086482483000000,54.446933039999998,0.426798210000000,0.463971415000000,1.577711202000000,1.627211315000000,-93.538161410000001,44.065144770000003,3,0
1092,1092,47.590000000000003,73.680999999999997,44.125999999999998,56.688628299999998,0.232752491000000,0.215146243000000,0.338207272000000,0.598878951000000,55.646000000000001,-0.042654945000000,-0.071975913000000,55.688654950000000,0.411256293000000,0.442157188000000,1.548245430000000,1.587702935000000,-93.538161410000001,44.065106170000000,1,0
1093,1093,45.932000000000002,73.046000000000006,42.337000000000003,55.491405669999999,0.246726204000000,0.227890871000000,0.353779309000000,0.579593681000000,57.823000000000000,-0.054187149000000,-0.085386976000000,57.877187149999997,0.433279686000000,0.465787927000000,1.590307411000000,1.634058911000000,-93.538161410000001,44.065067569999997,3,0
1094,1094,47.430999999999997,74.887000000000000,42.487000000000002,56.753583440000000,0.249720475000000,0.224464102000000,0.343926545000000,0.567348138000000,59.856000000000002,-0.051476594000000,-0.093475319000000,59.907476590000002,0.427394312000000,0.471302323000000,1.578861926000000,1.637810388000000,-93.538161410000001,44.065028970000000,1,0
1095,1095,49.713999999999999,76.007999999999996,43.691000000000003,58.188204249999998,0.238818194000000,0.209143984000000,0.320537358000000,0.574821071000000,58.610999999999997,-0.037827085000000,-0.087600125000000,58.648827089999997,0.400758317000000,0.453521077000000,1.528905339000000,1.596090365000000,-93.538161410000001,44.064990369999997,1,0
1096,1096,51.820999999999998,79.760000000000005,46.436000000000000,61.110216649999998,0.237658907000000,0.212333088000000,0.328134359000000,0.582196590000000,61.262999999999998,-0.040505120000000,-0.082855008000000,61.303505119999997,0.406345931000000,0.451105124000000,1.539144362000000,1.596419906000000,-93.538161410000001,44.064951770000000,1,0
1097,1097,40.481999999999999,64.239999999999995,36.048999999999999,48.528686790000002,0.253396159000000,0.226867325000000,0.345958382000000,0.561161270000000,51.948999999999998,-0.053741182000000,-0.097828388000000,52.002741180000001,0.431524604000000,0.477513054000000,1.586878119000000,1.649363432000000,-93.539512410000000,44.064990369999997,3,0
1098,1098,52.567999999999998,80.962999999999994,47.347999999999999,62.075854399999997,0.236822206000000,0.212647250000000,0.329473330000000,0.584810345000000,62.009999999999998,-0.040733308000000,-0.081136008000000,62.050733309999998,0.406895168000000,0.449581937000000,1.540157510000000,1.594740179000000,-93.538161410000001,44.064913169999997,1,0
1099,1099,44.631000000000000,68.801000000000002,40.478000000000002,52.801427519999997,0.235700078000000,0.213079202000000,0.331304658000000,0.588334472000000,52.493000000000002,-0.041047365000000,-0.078823988000000,52.534047370000003,0.407649975000000,0.447543778000000,1.541551836000000,1.592513726000000,-93.538122810000004,44.065646569999998,1,0
1100,1100,43.109000000000002,68.277000000000001,39.936999999999998,52.009930390000001,0.243661202000000,0.225952992000000,0.352251256000000,0.584926110000000,53.508000000000003,-0.052367452000000,-0.081713950000000,53.560367450000001,0.429954750000000,0.460586503000000,1.583822404000000,1.624649151000000,-93.538122810000004,44.065607970000002,3,0
1101,1101,42.656999999999996,66.305999999999997,39.488000000000000,50.909748340000000,0.234995832000000,0.217036976000000,0.340395826000000,0.595541882000000,50.466999999999999,-0.044366154000000,-0.074252110000000,50.511366150000001,0.414546709000000,0.445992330000000,1.554399044000000,1.594874089000000,-93.538122810000004,44.065569369999999,1,0
1102,1102,42.737000000000002,67.046000000000006,39.887000000000000,51.356888710000000,0.237490541000000,0.221427726000000,0.347788142000000,0.594919906000000,51.468000000000004,-0.048200708000000,-0.074859357000000,51.516200710000000,0.422156993000000,0.450096426000000,1.568804549000000,1.605276084000000,-93.538122810000004,44.065530770000002,1,0
1103,1103,44.552000000000000,69.605000000000004,41.469000000000001,53.383563920000000,0.236153105000000,0.219460918000000,0.344664869000000,0.595776166000000,53.189000000000000,-0.046471669000000,-0.074206110000000,53.235471670000003,0.418753377000000,0.447871734000000,1.562331657000000,1.600088728000000,-93.538122810000004,44.065492169999999,1,0
1104,1104,45.796999999999997,70.441000000000003,41.110999999999997,54.004364060000000,0.236946310000000,0.212013283000000,0.328031201000000,0.583623174000000,53.973999999999997,-0.040198540000000,-0.081891846000000,54.014198540000002,0.405786607000000,0.449862855000000,1.538113850000000,1.594406977000000,-93.538122810000004,44.065453570000003,1,0
1105,1105,46.287999999999997,71.134000000000000,42.314999999999998,54.751511780000001,0.232445825000000,0.211595783000000,0.330808047000000,0.594863216000000,53.664999999999999,-0.039632646000000,-0.074453633000000,53.704632650000001,0.405056081000000,0.441870890000000,1.536769789000000,1.583387383000000,-93.538122810000004,44.065414969999999,1,0
1106,1106,44.658000000000001,70.052000000000007,40.841999999999999,53.446822890000000,0.242034716000000,0.221375643000000,0.343775383000000,0.583024039000000,54.603999999999999,-0.048413392000000,-0.082758177000000,54.652413390000000,0.422066976000000,0.458069660000000,1.568632720000000,1.615991585000000,-93.538122810000004,44.065376370000003,1,0
1107,1107,45.024000000000001,70.417000000000002,40.573999999999998,53.640668470000001,0.243940786000000,0.219965177000000,0.339174803000000,0.576196089000000,55.235999999999997,-0.047324937000000,-0.087256995000000,55.283324940000000,0.419626844000000,0.461545326000000,1.563988095000000,1.619137735000000,-93.538122810000004,44.065337769999999,1,0
1108,1108,40.500999999999998,64.575000000000003,35.521000000000001,48.552387740000000,0.258943716000000,0.229110358000000,0.346114586000000,0.550073558000000,53.128000000000000,-0.056001195000000,-0.105589735000000,53.184001189999996,0.435367594000000,0.486986208000000,1.594405076000000,1.665609525000000,-93.539512410000000,44.064951770000000,3,0
1109,1109,45.530999999999999,71.259000000000000,41.491000000000000,54.382656930000003,0.241770498000000,0.220292833000000,0.341677844000000,0.582256276000000,55.496000000000002,-0.047482642000000,-0.083216558000000,55.543482640000001,0.420194096000000,0.457690723000000,1.565065560000000,1.614247710000000,-93.538122810000004,44.065299170000003,1,0
1110,1110,46.073000000000000,71.584999999999994,41.671999999999997,54.722600870000001,0.240023385000000,0.216831835000000,0.335746058000000,0.582133128000000,55.424999999999997,-0.044453650000000,-0.083124333000000,55.469453649999998,0.414190090000000,0.454896586000000,1.553729950000000,1.606552982000000,-93.538122810000004,44.065260570000000,1,0
1111,1111,45.700000000000003,70.932000000000002,40.954000000000001,54.151234950000003,0.241600224000000,0.216338569000000,0.333412617000000,0.577369875000000,55.210000000000001,-0.044115594000000,-0.086279238000000,55.254115589999998,0.413332209000000,0.457739439000000,1.552122538000000,1.609842629000000,-93.538122810000004,44.065221970000003,1,0
1112,1112,44.920000000000002,70.503000000000000,41.119999999999997,53.787649790000003,0.242091911000000,0.221645599000000,0.344306421000000,0.583237593000000,54.966000000000001,-0.048644781000000,-0.082629054000000,55.014644779999998,0.422533492000000,0.458149287000000,1.569523598000000,1.616406549000000,-93.538122810000004,44.065183370000000,1,0
1113,1113,43.656999999999996,68.792000000000002,39.883000000000003,52.373423930000001,0.244405854000000,0.223523553000000,0.346374335000000,0.579762182000000,54.043999999999997,-0.050364992000000,-0.085049760000000,54.094364990000003,0.425774242000000,0.462062542000000,1.575738141000000,1.623901371000000,-93.538122810000004,44.065144770000003,3,0
1114,1114,46.439000000000000,72.406000000000006,42.720999999999997,55.450558749999999,0.237857521000000,0.218494678000000,0.341114497000000,0.590020164000000,55.652000000000001,-0.045748487000000,-0.077965661000000,55.697748490000002,0.417078080000000,0.450935593000000,1.559163634000000,1.603098100000000,-93.538122810000004,44.065106170000000,1,0
1115,1115,47.997999999999998,74.340000000000003,43.966999999999999,57.047759800000001,0.235679112000000,0.215321486000000,0.336119228000000,0.591431262000000,56.715000000000003,-0.042950002000000,-0.076884038000000,56.757950000000001,0.411561601000000,0.447323982000000,1.548814534000000,1.594723837000000,-93.538122810000004,44.065067569999997,1,0
1116,1116,47.956000000000003,75.170000000000002,43.240000000000002,57.213065049999997,0.244866190000000,0.221025616000000,0.340660441000000,0.575229480000000,59.143999999999998,-0.048276691000000,-0.087962685000000,59.192276690000000,0.421461842000000,0.463081783000000,1.567478522000000,1.622453910000000,-93.538122810000004,44.065028970000000,1,0
1117,1117,49.408000000000001,77.209999999999994,44.395000000000003,58.803204530000002,0.244203801000000,0.219573836000000,0.338129234000000,0.574990286000000,60.616999999999997,-0.047006953000000,-0.088045938000000,60.664006950000001,0.418949022000000,0.462045886000000,1.562702396000000,1.619379094000000,-93.538122810000004,44.064990369999997,1,0
1118,1118,51.482999999999997,78.594999999999999,46.072000000000003,60.416064360000000,0.234096842000000,0.208428789000000,0.322738852000000,0.586195051000000,59.634999999999998,-0.037007096000000,-0.080012489000000,59.672007100000002,0.399502180000000,0.445105307000000,1.526620438000000,1.584129167000000,-93.538122810000004,44.064951770000000,1,0
1119,1119,37.561999999999998,61.466000000000001,35.393000000000001,46.338024160000003,0.255131785000000,0.241386275000000,0.375642335000000,0.575814271000000,49.976999999999997,-0.066055155000000,-0.088645375000000,50.043055160000002,0.456191488000000,0.479419834000000,1.636387839000000,1.669121983000000,-93.539628210000004,44.065376370000003,3,0
1120,1120,39.593000000000004,64.111999999999995,35.563000000000002,48.106413860000004,0.260930278000000,0.236430259000000,0.359822136000000,0.554701148000000,53.067999999999998,-0.062338800000000,-0.102850619000000,53.130338799999997,0.447827300000000,0.489690024000000,1.619276135000000,1.678206434000000,-93.539512410000000,44.064913169999997,3,0
1121,1121,53.307000000000002,82.088999999999999,48.884999999999998,63.166402980000001,0.232706386000000,0.212576442000000,0.332697576000000,0.595512188000000,61.985999999999997,-0.040477315000000,-0.074071662000000,62.026477309999997,0.406771396000000,0.442258428000000,1.539929090000000,1.584982219000000,-93.538122810000004,44.064913169999997,1,0
1122,1122,44.189000000000000,70.176000000000002,41.448000000000000,53.526552289999998,0.242113554000000,0.227228610000000,0.356391514000000,0.590629275000000,54.715000000000003,-0.053342147000000,-0.077970388000000,54.768342150000002,0.432144378000000,0.457819141000000,1.588087533000000,1.622315675000000,-93.538084209999994,44.065646569999998,3,0
1123,1123,44.326999999999998,70.322999999999993,41.588999999999999,53.665172380000001,0.241567430000000,0.226742259000000,0.355812266000000,0.591399684000000,54.729999999999997,-0.052901004000000,-0.077435211000000,54.782901000000003,0.431309987000000,0.456898197000000,1.586459720000000,1.620502755000000,-93.538084209999994,44.065607970000002,3,0
1124,1124,44.207000000000001,70.563999999999993,42.542999999999999,53.985935800000000,0.238627687000000,0.229648605000000,0.364913884000000,0.602899495000000,54.378000000000000,-0.055139403000000,-0.069948002000000,54.433139400000002,0.436288040000000,0.451689550000000,1.596217794000000,1.616742683000000,-93.538084209999994,44.065569369999999,3,0
1125,1125,42.723999999999997,68.772000000000006,39.311999999999998,51.962683740000003,0.252791693000000,0.233622731000000,0.360855591000000,0.571627988000000,55.508000000000003,-0.059402684000000,-0.091077396000000,55.567402680000001,0.443063255000000,0.475885297000000,1.609680742000000,1.654918541000000,-93.538084209999994,44.065530770000002,3,0
1126,1126,44.719000000000001,71.043000000000006,41.207999999999998,53.990727829999997,0.246297360000000,0.227397592000000,0.353086354000000,0.580043073000000,56.158999999999999,-0.053745302000000,-0.085059566000000,56.212745300000002,0.432434158000000,0.465076807000000,1.588653592000000,1.632503876000000,-93.538084209999994,44.065492169999999,3,0
1127,1127,48.356999999999999,75.078999999999994,44.832000000000001,57.692182930000001,0.234106030000000,0.216484656000000,0.339957254000000,0.597131022000000,56.969000000000001,-0.043853852000000,-0.073182067000000,57.012853849999999,0.413586338000000,0.444459363000000,1.552598383000000,1.592227979000000,-93.538084209999994,44.065453570000003,1,0
1128,1128,48.079000000000001,73.739000000000004,43.899999999999999,56.792723600000002,0.231770213000000,0.210642105000000,0.329320568000000,0.595343034000000,55.499000000000002,-0.038791200000000,-0.074095753000000,55.537791200000001,0.403385938000000,0.440742491000000,1.533704944000000,1.580855917000000,-93.538084209999994,44.065414969999999,1,0
1129,1129,46.162999999999997,71.841999999999999,42.121000000000002,54.974158090000003,0.238826045000000,0.217609423000000,0.338398081000000,0.586300493000000,55.399999999999999,-0.045050773000000,-0.080390443000000,55.445050770000002,0.415541359000000,0.452712487000000,1.556268007000000,1.604487143000000,-93.538084209999994,44.065376370000003,1,0
1130,1130,46.656999999999996,72.688999999999993,42.741999999999997,55.640048329999999,0.238434770000000,0.218122099000000,0.339825597000000,0.588011941000000,55.978999999999999,-0.045464192000000,-0.079279157000000,56.024464190000003,0.416431531000000,0.451981385000000,1.557944146000000,1.604081831000000,-93.538084209999994,44.065337769999999,1,0
1131,1131,42.280000000000001,65.980999999999995,38.606000000000002,50.436474890000000,0.239964670000000,0.218924636000000,0.340262723000000,0.585107834000000,51.076000000000001,-0.046225497000000,-0.081247659000000,51.122225499999999,0.417823814000000,0.454617858000000,1.560572375000000,1.608536100000000,-93.539473810000004,44.065646569999998,3,0
1132,1132,46.878000000000000,73.245999999999995,42.628999999999998,55.915874430000002,0.241462888000000,0.219506510000000,0.340254210000000,0.581997652000000,56.984999999999999,-0.046799752000000,-0.083349616000000,57.031799749999998,0.418832374000000,0.457213006000000,1.562481335000000,1.612707949000000,-93.538084209999994,44.065299170000003,1,0
1133,1133,47.444000000000003,72.849000000000004,43.106000000000002,56.023915049999999,0.233432664000000,0.211192671000000,0.329135735000000,0.591717113000000,55.148000000000003,-0.039335614000000,-0.076503528000000,55.187335609999998,0.404350368000000,0.443663264000000,1.535473400000000,1.585293238000000,-93.538084209999994,44.065260570000000,1,0
1134,1134,46.564000000000000,72.478999999999999,41.960000000000001,55.323452340000003,0.241705999000000,0.217694447000000,0.336196048000000,0.578926310000000,56.433999999999997,-0.045274933000000,-0.085308969000000,56.479274930000003,0.415689028000000,0.457800175000000,1.556545829000000,1.611455959000000,-93.538084209999994,44.065221970000003,1,0
1135,1135,44.347999999999999,69.566000000000003,39.616999999999997,52.838370370000000,0.247278090000000,0.221377530000000,0.339421511000000,0.569487968000000,55.167000000000002,-0.048711987000000,-0.091852460000000,55.215711990000003,0.422070238000000,0.467301998000000,1.568638947000000,1.628686440000000,-93.538084209999994,44.065183370000000,3,0
1136,1136,44.430000000000000,70.132000000000005,40.610999999999997,53.359709039999998,0.245103304000000,0.224350134000000,0.347554462000000,0.579065191000000,55.222999999999999,-0.051104251000000,-0.085559988000000,55.274104250000001,0.427198112000000,0.463219230000000,1.578483007000000,1.626438989000000,-93.538084209999994,44.065144770000003,3,0
1137,1137,45.475000000000001,71.900000000000006,41.661999999999999,54.690973870000001,0.245361289000000,0.225133120000000,0.349015361000000,0.579443672000000,56.662999999999997,-0.051780403000000,-0.085346177000000,56.714780400000002,0.428545448000000,0.463610238000000,1.581088510000000,1.627874935000000,-93.538084209999994,44.065106170000000,1,0
1138,1138,47.151000000000003,74.159000000000006,42.695000000000000,56.408146889999998,0.245511496000000,0.222636221000000,0.343547669000000,0.575722434000000,58.472000000000001,-0.049678973000000,-0.087716838000000,58.521678970000004,0.424243989000000,0.464075448000000,1.572798032000000,1.625660608000000,-93.538084209999994,44.065067569999997,1,0
1139,1139,47.646999999999998,75.582999999999998,43.564000000000000,57.390035699999999,0.247362580000000,0.226698044000000,0.350664022000000,0.576372994000000,59.954999999999998,-0.053222538000000,-0.087493555000000,60.008222539999998,0.431234104000000,0.466983828000000,1.586311835000000,1.634349241000000,-93.538084209999994,44.065028970000000,1,0
1140,1140,48.960000000000001,76.709000000000003,44.441000000000003,58.470376440000003,0.243161993000000,0.220810224000000,0.341618654000000,0.579345318000000,60.017000000000003,-0.047998354000000,-0.085189583000000,60.064998350000003,0.421089330000000,0.460098309000000,1.566768791000000,1.618117625000000,-93.538084209999994,44.064990369999997,1,0
1141,1141,52.582000000000001,79.801000000000002,46.659999999999997,61.400928129999997,0.233190648000000,0.205607971000000,0.317522719000000,0.584704452000000,60.359999999999999,-0.034551476000000,-0.080857671000000,60.394551479999997,0.394537032000000,0.443761889000000,1.517648625000000,1.579251837000000,-93.538084209999994,44.064951770000000,1,0
1142,1142,41.991999999999997,66.719999999999999,37.707999999999998,50.453872420000003,0.252134747000000,0.227463390000000,0.348262070000000,0.565167866000000,53.740000000000002,-0.054167463000000,-0.095129081000000,53.794167459999997,0.432546974000000,0.475248967000000,1.588874071000000,1.646840684000000,-93.539473810000004,44.065607970000002,3,0
1143,1143,52.381000000000000,82.242999999999995,48.856000000000002,62.967157960000002,0.238026065000000,0.221817804000000,0.348171812000000,0.594044478000000,63.249000000000002,-0.048558971000000,-0.075455635000000,63.297558969999997,0.422830995000000,0.451010205000000,1.570092209000000,1.606942607000000,-93.538084209999994,44.064913169999997,1,0
1144,1144,62.762000000000000,94.209999999999994,57.814999999999998,73.387480699999998,0.219558766000000,0.200341462000000,0.317153605000000,0.613682199000000,67.843000000000004,-0.029532514000000,-0.061777482000000,67.872532509999999,0.385221408000000,0.419617185000000,1.501067525000000,1.542672574000000,-93.538045609999998,44.065646569999998,2,0
1145,1145,63.567000000000000,95.900999999999996,58.618000000000002,74.551626889999994,0.221719371000000,0.202761683000000,0.320614774000000,0.611234502000000,69.617000000000004,-0.031671909000000,-0.063441945000000,69.648671910000004,0.389509725000000,0.423335022000000,1.508660154000000,1.549934194000000,-93.538045609999998,44.065607970000002,2,0
1146,1146,64.512000000000000,94.971999999999994,59.584000000000003,74.680948000000001,0.209680296000000,0.190990946000000,0.304904905000000,0.627384913000000,65.847999999999999,-0.021250023000000,-0.052743440000000,65.869250019999996,0.368538513000000,0.402361108000000,1.472160218000000,1.511635878000000,-93.538045609999998,44.065569369999999,2,0
1147,1147,61.767000000000003,93.328000000000003,56.258000000000003,72.319293040000005,0.225255267000000,0.203494632000000,0.319323735000000,0.602798731000000,68.631000000000000,-0.032430105000000,-0.068921662000000,68.663430109999993,0.390805964000000,0.429645154000000,1.510968640000000,1.558712434000000,-93.538045609999998,44.065530770000002,2,0
1148,1148,63.850999999999999,95.331000000000003,58.493000000000002,74.355857900000004,0.218264187000000,0.197761053000000,0.312645870000000,0.613577955000000,68.317999999999998,-0.027286551000000,-0.061747100000000,68.345286549999997,0.380635661000000,0.417471063000000,1.493022819000000,1.537240059000000,-93.538045609999998,44.065492169999999,2,0
1149,1149,64.703000000000003,96.167000000000002,59.106999999999999,75.118145940000005,0.216749329000000,0.195586498000000,0.309188998000000,0.614628719000000,68.524000000000001,-0.025379017000000,-0.060993649000000,68.549379020000003,0.376760376000000,0.414893474000000,1.486283480000000,1.531735304000000,-93.538045609999998,44.065453570000003,2,0
1150,1150,63.930000000000000,95.221999999999994,57.752000000000002,74.138536290000005,0.220302058000000,0.196617070000000,0.308599606000000,0.606498498000000,68.762000000000000,-0.026371113000000,-0.066246819000000,68.788371110000000,0.378598189000000,0.421272151000000,1.489472861000000,1.540743842000000,-93.538045609999998,44.065414969999999,2,0
1151,1151,64.718000000000004,96.697999999999993,59.005000000000003,75.322667580000001,0.219706167000000,0.198121624000000,0.312271143000000,0.610198763000000,69.673000000000002,-0.027641649000000,-0.063927666000000,69.700641649999994,0.381277284000000,0.420057583000000,1.494143824000000,1.540840847000000,-93.538045609999998,44.065376370000003,2,0
1152,1152,65.602000000000004,96.411000000000001,60.113999999999997,75.746058910000002,0.210668743000000,0.190163752000000,0.302348404000000,0.623518063000000,67.105999999999995,-0.020565712000000,-0.055154934000000,67.126565709999994,0.367054005000000,0.404230820000000,1.469635072000000,1.513017710000000,-93.538045609999998,44.065337769999999,2,0
1153,1153,42.779000000000003,66.465000000000003,38.256000000000000,50.698982899999997,0.242539668000000,0.216817400000000,0.333662027000000,0.575581133000000,51.895000000000003,-0.044572203000000,-0.087502373000000,51.939572200000001,0.414164992000000,0.459361424000000,1.553682882000000,1.612587269000000,-93.539473810000004,44.065569369999999,3,0
1154,1154,63.131000000000000,93.793999999999997,57.625999999999998,73.265711560000000,0.216740988000000,0.195399076000000,0.308794651000000,0.614388980000000,66.831000000000003,-0.025218246000000,-0.061139776000000,66.856218249999998,0.376425910000000,0.414893636000000,1.485704329000000,1.531536126000000,-93.538045609999998,44.065299170000003,2,0
1155,1155,64.637000000000000,94.393000000000001,58.526000000000003,74.191807490000002,0.210364515000000,0.187109350000000,0.296067818000000,0.620024790000000,65.623000000000005,-0.017931935000000,-0.057256982000000,65.640931929999994,0.361560501000000,0.403931304000000,1.460355524000000,1.509460211000000,-93.538045609999998,44.065260570000000,2,0
1156,1156,66.031999999999996,95.274000000000001,58.302999999999997,74.914617860000007,0.210278103000000,0.181282779000000,0.283894644000000,0.611950795000000,66.212999999999994,-0.012882896000000,-0.062155012000000,66.225882900000002,0.351029519000000,0.404368521000000,1.442845893000000,1.503914372000000,-93.538045609999998,44.065221970000003,2,0
1157,1157,65.061000000000007,94.379999999999995,57.911000000000001,74.148953779999999,0.211040253000000,0.183886202000000,0.288771792000000,0.613593982000000,65.787999999999997,-0.015157901000000,-0.061212227000000,65.803157900000002,0.355743254000000,0.405499189000000,1.450638631000000,1.507980095000000,-93.538045609999998,44.065183370000000,2,0
1158,1158,63.228000000000002,91.962999999999994,56.859999999999999,72.314205500000000,0.209983751000000,0.185158933000000,0.292227273000000,0.618292139000000,63.838000000000001,-0.016240433000000,-0.058283149000000,63.854240429999997,0.358042788000000,0.403411314000000,1.454466376000000,1.506800820000000,-93.538045609999998,44.065144770000003,2,0
1159,1159,52.845999999999997,80.659000000000006,47.747000000000000,62.124471839999998,0.231853569000000,0.208329276000000,0.324319597000000,0.591961219000000,60.725000000000001,-0.036824973000000,-0.076209918000000,60.761824969999999,0.399327313000000,0.441088361000000,1.526302842000000,1.578754863000000,-93.538045609999998,44.065106170000000,1,0
1160,1160,48.338000000000001,75.918999999999997,44.008000000000003,57.841625350000001,0.243635947000000,0.221967374000000,0.343692756000000,0.579670438000000,59.491999999999997,-0.049004844000000,-0.085031349000000,59.541004839999999,0.423089341000000,0.460836066000000,1.570586288000000,1.620443517000000,-93.538045609999998,44.065067569999997,1,0
1161,1161,47.996000000000002,75.798000000000002,43.587000000000003,57.586975930000001,0.246785290000000,0.224582775000000,0.346628100000000,0.575041558000000,60.012999999999998,-0.051401294000000,-0.088278837000000,60.064401289999999,0.427598579000000,0.466144875000000,1.579256605000000,1.630752706000000,-93.538045609999998,44.065028970000000,1,0
1162,1162,50.240000000000002,78.260999999999996,45.158000000000001,59.688320140000002,0.242632582000000,0.218060560000000,0.336212999000000,0.577017927000000,61.124000000000002,-0.045635412000000,-0.086605359000000,61.169635409999998,0.416324710000000,0.459407408000000,1.557742834000000,1.614056133000000,-93.538045609999998,44.064990369999997,1,0
1163,1163,55.381999999999998,84.974000000000004,50.075000000000003,65.307611159999993,0.234167862000000,0.210835305000000,0.327776609000000,0.589297903000000,64.491000000000000,-0.039065068000000,-0.078080775000000,64.530065070000006,0.403724442000000,0.445007079000000,1.534325232000000,1.586665591000000,-93.538045609999998,44.064951770000000,1,0
1164,1164,41.994999999999997,65.650000000000006,37.909999999999997,50.035556110000002,0.243341777000000,0.219750105000000,0.339212734000000,0.577456207000000,51.395000000000003,-0.047109340000000,-0.086400330000000,51.442109340000002,0.419254370000000,0.460507238000000,1.563281343000000,1.617472593000000,-93.539473810000004,44.065530770000002,3,0
1165,1165,62.689000000000000,95.620999999999995,57.473999999999997,73.884024069999995,0.228252597000000,0.208022235000000,0.326589710000000,0.601060437000000,71.078999999999994,-0.036408631000000,-0.070243392000000,71.115408630000005,0.398787633000000,0.434664222000000,1.525323422000000,1.570083219000000,-93.538045609999998,44.064913169999997,1,0
1166,1166,66.036000000000001,98.478999999999999,60.351999999999997,76.814127700000000,0.218249182000000,0.197203902000000,0.311463764000000,0.612841316000000,70.569999999999993,-0.026809625000000,-0.062197655000000,70.596809629999996,0.379643697000000,0.417488304000000,1.491292628000000,1.536666200000000,-93.538007010000001,44.065646569999998,2,0
1167,1167,69.263999999999996,101.159999999999997,62.070000000000000,79.337952659999999,0.212753331000000,0.187156738000000,0.294368459000000,0.613582444000000,70.986000000000004,-0.018023691000000,-0.061343519000000,71.004023689999997,0.361645874000000,0.408333306000000,1.460498960000000,1.514818678000000,-93.538007010000001,44.065607970000002,2,0
1168,1168,68.549999999999997,99.266000000000005,61.472000000000001,78.170002859999997,0.208519756000000,0.183033799000000,0.288836230000000,0.619265408000000,68.510000000000005,-0.014374935000000,-0.057592198000000,68.524374929999993,0.354201366000000,0.400908142000000,1.448081692000000,1.501599073000000,-93.538007010000001,44.065569369999999,2,0
1169,1169,63.848999999999997,95.075000000000003,57.164999999999999,73.900355550000000,0.222185086000000,0.196483854000000,0.306862292000000,0.601262161000000,69.135999999999996,-0.026315083000000,-0.069619462000000,69.162315079999999,0.378360749000000,0.424718222000000,1.489060126000000,1.544913579000000,-93.538007010000001,44.065530770000002,2,0
1170,1170,68.495999999999995,100.489999999999995,61.755000000000003,78.747745240000000,0.213533757000000,0.189329294000000,0.298365212000000,0.614538760000000,70.728999999999999,-0.019916703000000,-0.060817107000000,70.748916699999995,0.365555054000000,0.409560537000000,1.467092969000000,1.518589291000000,-93.538007010000001,44.065492169999999,2,0
1171,1171,68.132999999999996,99.064999999999998,60.875999999999998,77.807170389999996,0.211289391000000,0.185002213000000,0.290927560000000,0.614505628000000,69.120999999999995,-0.016129853000000,-0.060675921000000,69.137129849999994,0.357759804000000,0.405844214000000,1.453994393000000,1.509559478000000,-93.538007010000001,44.065453570000003,2,0
1172,1172,67.768000000000001,99.019999999999996,60.133000000000003,77.488579619999996,0.215189252000000,0.187375591000000,0.293019549000000,0.607281357000000,70.138999999999996,-0.018265388000000,-0.065369886000000,70.157265390000006,0.362040094000000,0.412813051000000,1.461161610000000,1.520494599000000,-93.538007010000001,44.065414969999999,2,0
1173,1173,68.415000000000006,99.582999999999998,61.570999999999998,78.290855480000005,0.210176453000000,0.185526018000000,0.292858015000000,0.618288262000000,69.180000000000007,-0.016561470000000,-0.058298812000000,69.196561470000006,0.358705430000000,0.403732168000000,1.455572608000000,1.507568278000000,-93.538007010000001,44.065376370000003,2,0
1174,1174,68.796999999999997,99.697999999999993,61.334000000000003,78.389153100000001,0.210195219000000,0.183394166000000,0.288360504000000,0.615197898000000,69.265000000000001,-0.014716159000000,-0.060176914000000,69.279716160000007,0.354853399000000,0.403981941000000,1.449162027000000,1.505646643000000,-93.538007010000001,44.065337769999999,2,0
1175,1175,41.280000000000001,65.795000000000002,37.436999999999998,49.781353250000002,0.251408655000000,0.228951669000000,0.352034809000000,0.568994604000000,52.872999999999998,-0.055379484000000,-0.092609610000000,52.928379479999997,0.435096095000000,0.473851199000000,1.593871124000000,1.646589239000000,-93.539473810000004,44.065492169999999,3,0
1176,1176,66.150999999999996,98.564999999999998,60.000000000000000,76.791957100000005,0.219558217000000,0.196787197000000,0.309541999000000,0.608735352000000,70.978999999999999,-0.026493886000000,-0.064815144000000,71.005493889999997,0.378901363000000,0.419902745000000,1.490000151000000,1.539219554000000,-93.538007010000001,44.065299170000003,2,0
1177,1177,67.963999999999999,99.817999999999998,61.756000000000000,78.308241280000004,0.212280936000000,0.189853500000000,0.300435742000000,0.618686009000000,69.915999999999997,-0.020338245000000,-0.058202128000000,69.936338239999998,0.366496859000000,0.407211531000000,1.468689306000000,1.516291348000000,-93.538007010000001,44.065260570000000,2,0
1178,1178,69.658000000000001,100.840000000000003,61.671999999999997,79.213589209999995,0.211254917000000,0.182887776000000,0.286530792000000,0.611582705000000,70.349999999999994,-0.014294698000000,-0.062450790000000,70.364294700000002,0.353937086000000,0.406007466000000,1.447644205000000,1.507550484000000,-93.538007010000001,44.065221970000003,2,0
1179,1179,70.061000000000007,100.450000000000003,62.999000000000002,79.514401680000006,0.203138100000000,0.178223106000000,0.282656820000000,0.627167745000000,67.840000000000003,-0.010126333000000,-0.052466276000000,67.850126329999995,0.345472795000000,0.391370599000000,1.433750589000000,1.485385296000000,-93.538007010000001,44.065183370000000,2,0
1180,1180,67.909000000000006,98.382999999999996,60.594999999999999,77.379155240000003,0.209862576000000,0.183255959000000,0.288314711000000,0.615909253000000,68.262000000000000,-0.014590523000000,-0.059721359000000,68.276590519999999,0.354603364000000,0.403378576000000,1.448747589000000,1.504780233000000,-93.538007010000001,44.065144770000003,2,0
1181,1181,62.350000000000001,92.390000000000001,56.744000000000000,72.211070559999996,0.216161962000000,0.194132093000000,0.306543124000000,0.614179024000000,65.686000000000007,-0.024115300000000,-0.061226381000000,65.710115299999998,0.374163003000000,0.413944417000000,1.481796311000000,1.529021906000000,-93.538007010000001,44.065106170000000,2,0
1182,1182,59.317999999999998,89.796999999999997,54.497000000000000,69.646845690000006,0.224188760000000,0.204399289000000,0.322126868000000,0.606891099000000,65.778999999999996,-0.033160128000000,-0.066308469000000,65.812160129999995,0.392404292000000,0.427654231000000,1.513823797000000,1.557164012000000,-93.538007010000001,44.065067569999997,1,0
1183,1183,56.061999999999998,86.195999999999998,50.933000000000000,66.249198109999995,0.234073167000000,0.211826400000000,0.329964413000000,0.590897489000000,65.397000000000006,-0.039904550000000,-0.077072949000000,65.436904549999994,0.405459653000000,0.444752073000000,1.537512040000000,1.587429374000000,-93.538007010000001,44.065028970000000,1,0
1184,1184,56.877000000000002,87.531999999999996,51.662999999999997,67.245593959999994,0.234566508000000,0.212279013000000,0.330526384000000,0.590218434000000,66.524000000000001,-0.040312742000000,-0.077541923000000,66.564312740000005,0.406251373000000,0.445593064000000,1.538970058000000,1.589041616000000,-93.538007010000001,44.064990369999997,1,0
1185,1185,63.311000000000000,95.935000000000002,57.698000000000000,74.253767920000001,0.226480524000000,0.204865428000000,0.321266790000000,0.601428050000000,70.861000000000004,-0.033647393000000,-0.069869644000000,70.894647390000003,0.393227174000000,0.431737336000000,1.515297500000000,1.562873900000000,-93.538007010000001,44.064951770000000,2,0
1186,1186,40.399000000000001,64.126999999999995,36.247000000000000,48.504969979999998,0.251869204000000,0.227005721000000,0.347515341000000,0.565237731000000,51.607999999999997,-0.053763151000000,-0.095055160000000,51.661763149999999,0.431762054000000,0.474827423000000,1.587341271000000,1.645713093000000,-93.539473810000004,44.065453570000003,3,0
1187,1187,67.885999999999996,100.540000000000006,61.787999999999997,78.601436669999998,0.215888546000000,0.193877430000000,0.306213545000000,0.614561369000000,71.406000000000006,-0.023889077000000,-0.060972834000000,71.429889079999995,0.373707761000000,0.413467174000000,1.481012285000000,1.528165520000000,-93.538007010000001,44.064913169999997,2,0
1188,1188,65.617000000000004,96.978999999999999,58.927000000000000,75.681147940000002,0.217938977000000,0.192882974000000,0.302520522000000,0.607626393000000,69.414000000000001,-0.023091056000000,-0.065371090000000,69.437091060000000,0.371928769000000,0.417307542000000,1.477955408000000,1.531838957000000,-93.537968410000005,44.065646569999998,2,0
1189,1189,67.543999999999997,98.593999999999994,60.622000000000000,77.369235180000004,0.212144311000000,0.186892824000000,0.294268168000000,0.614865002000000,69.022000000000006,-0.017782678000000,-0.060518610000000,69.039782680000002,0.361170355000000,0.407234867000000,1.459700343000000,1.513213580000000,-93.537968410000005,44.065607970000002,2,0
1190,1190,66.887000000000000,97.906999999999996,59.511000000000003,76.596802670000002,0.215435800000000,0.188235009000000,0.294634461000000,0.607831922000000,69.415999999999997,-0.019015180000000,-0.065052495000000,69.435015179999994,0.363587242000000,0.413176129000000,1.463767249000000,1.521843292000000,-93.537968410000005,44.065569369999999,2,0
1191,1191,64.480000000000004,94.706000000000003,57.042999999999999,73.893618770000003,0.218338238000000,0.189878507000000,0.295918467000000,0.602316643000000,67.888999999999996,-0.020506038000000,-0.068657766000000,67.909506039999997,0.366541773000000,0.418355624000000,1.468765509000000,1.529944282000000,-93.537968410000005,44.065530770000002,2,0
1192,1192,67.706000000000003,99.847999999999999,61.002000000000002,78.049064790000003,0.216160583000000,0.191830693000000,0.301655530000000,0.610948642000000,70.988000000000000,-0.022137244000000,-0.063202016000000,71.010137240000006,0.370044127000000,0.414148537000000,1.474728975000000,1.526832796000000,-93.537968410000005,44.065492169999999,2,0
1193,1193,68.159999999999997,99.349000000000004,60.494000000000000,77.836438419999993,0.213971505000000,0.186192981000000,0.291445125000000,0.608903965000000,70.043999999999997,-0.017214686000000,-0.064285996000000,70.061214690000000,0.359908709000000,0.410687453000000,1.457585094000000,1.516662932000000,-93.537968410000005,44.065453570000003,2,0
1194,1194,68.391000000000005,99.305999999999997,60.451000000000001,77.874544229999998,0.213068095000000,0.184350346000000,0.288262499000000,0.608734618000000,69.769999999999996,-0.015597770000000,-0.064320529000000,69.785597769999995,0.356582227000000,0.409215707000000,1.452033162000000,1.512947384000000,-93.537968410000005,44.065414969999999,2,0
1195,1195,68.545000000000002,99.078000000000003,61.039999999999999,77.975955069999998,0.209223137000000,0.182152807000000,0.286471576000000,0.616080260000000,68.570999999999998,-0.013622667000000,-0.059572384000000,68.584622670000002,0.352606264000000,0.402306252000000,1.445444598000000,1.502352170000000,-93.537968410000005,44.065376370000003,2,0
1196,1196,66.433000000000007,98.813000000000002,60.348999999999997,77.069999050000007,0.218379325000000,0.195950280000000,0.308683756000000,0.610739478000000,70.843999999999994,-0.025739932000000,-0.063496088000000,70.869739929999994,0.377409357000000,0.417829893000000,1.487408366000000,1.535751368000000,-93.537968410000005,44.065337769999999,2,0
1197,1197,40.226999999999997,62.677999999999997,35.924999999999997,47.740090899999998,0.244178891000000,0.218172100000000,0.335189609000000,0.573167619000000,49.204000000000001,-0.045812865000000,-0.089195419000000,49.249812859999999,0.416518318000000,0.462136493000000,1.558107739000000,1.617911395000000,-93.539473810000004,44.065414969999999,3,0
1198,1198,66.316000000000003,98.707999999999998,59.606000000000002,76.798342770000005,0.221112273000000,0.196286601000000,0.307272003000000,0.603861896000000,71.494000000000000,-0.026112274000000,-0.067932155000000,71.520112269999998,0.378009104000000,0.422780021000000,1.488449243000000,1.542273400000000,-93.537968410000005,44.065299170000003,2,0
1199,1199,67.447000000000003,100.340000000000003,60.735999999999997,78.115459639999997,0.220447420000000,0.196040218000000,0.307264762000000,0.605301973000000,72.497000000000000,-0.025880108000000,-0.066993694000000,72.522880110000003,0.377569762000000,0.421590760000000,1.487686628000000,1.540523890000000,-93.537968410000005,44.065260570000000,2,0
1200,1200,66.308000000000007,97.802000000000007,58.851999999999997,76.213603269999993,0.219613174000000,0.191907867000000,0.299207661000000,0.601746386000000,70.444000000000003,-0.022294382000000,-0.069111328000000,70.466294379999994,0.370182422000000,0.420481537000000,1.474965313000000,1.534732794000000,-93.537968410000005,44.065221970000003,2,0
1201,1201,67.022000000000006,99.227999999999994,60.506000000000000,77.457774529999995,0.217581231000000,0.193720301000000,0.304565744000000,0.609767404000000,70.927999999999997,-0.023801796000000,-0.064031823000000,70.951801799999998,0.373426807000000,0.416573203000000,1.480528782000000,1.531822209000000,-93.537968410000005,44.065183370000000,2,0
1202,1202,67.176000000000002,97.912000000000006,60.024999999999999,76.816611370000004,0.212438666000000,0.186179492000000,0.292548281000000,0.613050494000000,68.623000000000005,-0.017171820000000,-0.061644596000000,68.640171820000006,0.359884383000000,0.407850848000000,1.457544361000000,1.513210960000000,-93.537968410000005,44.065144770000003,2,0
1203,1203,68.650999999999996,99.430999999999997,62.234000000000002,78.469854760000004,0.206148957000000,0.183124903000000,0.290794347000000,0.625901379000000,67.977000000000004,-0.014413241000000,-0.053419650000000,67.991413240000000,0.354366231000000,0.396505206000000,1.448354722000000,1.496466907000000,-93.537968410000005,44.065106170000000,2,0
1204,1204,65.962999999999994,97.613000000000000,59.551000000000002,76.214033569999998,0.217347384000000,0.193488042000000,0.304253785000000,0.610072429000000,69.712000000000003,-0.023595531000000,-0.063827327000000,69.735595529999998,0.373011424000000,0.416167030000000,1.479814441000000,1.531074198000000,-93.537968410000005,44.065067569999997,2,0
1205,1205,66.375000000000000,98.388000000000005,60.241999999999997,76.843862759999993,0.216946563000000,0.194297263000000,0.306282948000000,0.612290117000000,70.159000000000006,-0.024279460000000,-0.062439501000000,70.183279459999994,0.374458196000000,0.415361864000000,1.482305085000000,1.530941564000000,-93.537968410000005,44.065028970000000,2,0
1206,1206,65.385999999999996,98.253000000000000,59.561999999999998,76.325209569999998,0.222607278000000,0.200850653000000,0.315795036000000,0.606210497000000,71.558000000000007,-0.030074238000000,-0.066604540000000,71.588074239999997,0.386124657000000,0.425085442000000,1.502661120000000,1.550074995000000,-93.537968410000005,44.064990369999997,2,0
1207,1207,66.887000000000000,99.531000000000006,60.457000000000001,77.535668310000005,0.219720226000000,0.196156666000000,0.308075613000000,0.607418794000000,71.718000000000004,-0.025957906000000,-0.065636143000000,71.743957910000006,0.377777424000000,0.420254156000000,1.488047005000000,1.538982660000000,-93.537968410000005,44.064951770000000,2,0
1208,1208,40.192999999999998,62.698999999999998,36.000000000000000,47.758565900000001,0.244083317000000,0.218734207000000,0.336452790000000,0.574171837000000,49.204999999999998,-0.046286323000000,-0.088550816000000,49.251286319999998,0.417493578000000,0.461912345000000,1.559948250000000,1.618242300000000,-93.539473810000004,44.065376370000003,3,0
1209,1209,66.942999999999998,98.599999999999994,60.234999999999999,77.096434149999993,0.215865441000000,0.191231281000000,0.300613439000000,0.610902637000000,70.022000000000006,-0.021613266000000,-0.063208107000000,70.043613269999994,0.368969566000000,0.413664101000000,1.472894851000000,1.525604206000000,-93.537968410000005,44.064913169999997,2,0
1210,1210,68.293000000000006,99.793999999999997,61.027999999999999,78.203139469999996,0.213636599000000,0.187408901000000,0.294239625000000,0.611539772000000,70.266999999999996,-0.018260699000000,-0.062653253000000,70.285260699999995,0.362100089000000,0.409939115000000,1.461262501000000,1.517030486000000,-93.537929809999994,44.065646569999998,2,0
1211,1211,67.463999999999999,98.504999999999995,59.911000000000001,77.123179050000005,0.214667756000000,0.187028903000000,0.292679477000000,0.608202629000000,69.635000000000005,-0.017953781000000,-0.064767133000000,69.652953780000004,0.361415558000000,0.411885790000000,1.460112060000000,1.518999062000000,-93.537929809999994,44.065607970000002,2,0
1212,1212,66.319999999999993,97.649000000000001,58.981000000000002,76.184924060000000,0.218331935000000,0.191066604000000,0.298405532000000,0.604010282000000,69.997000000000000,-0.021533976000000,-0.067618749000000,70.018533980000001,0.368674222000000,0.418214427000000,1.472391435000000,1.531030234000000,-93.537929809999994,44.065569369999999,2,0
1213,1213,66.228999999999999,98.162000000000006,59.316000000000003,76.464472229999998,0.219900021000000,0.194250294000000,0.303906733000000,0.604266417000000,70.778999999999996,-0.024323781000000,-0.067586620000000,70.803323779999999,0.374374257000000,0.420764326000000,1.482160383000000,1.537581066000000,-93.537929809999994,44.065530770000002,2,0
1214,1214,67.495000000000005,100.609999999999999,60.954000000000001,78.301420250000007,0.220739590000000,0.196989977000000,0.309049846000000,0.605844349000000,72.771000000000001,-0.026704910000000,-0.066683256000000,72.797704909999993,0.379262647000000,0.422034753000000,1.490628935000000,1.542095446000000,-93.537929809999994,44.065492169999999,2,0
1215,1215,69.578999999999994,102.319999999999993,63.164000000000001,80.208708040000005,0.213102024000000,0.190466495000000,0.301108199000000,0.617318217000000,71.897000000000006,-0.020885465000000,-0.059092243000000,71.917885459999994,0.367597478000000,0.408664152000000,1.470558646000000,1.518697222000000,-93.537929809999994,44.065453570000003,2,0
1216,1216,67.525000000000006,99.790999999999997,60.268000000000001,77.781962629999995,0.219286751000000,0.192844677000000,0.301416187000000,0.603942239000000,71.789000000000001,-0.023094769000000,-0.067736748000000,71.812094770000002,0.371860219000000,0.419782862000000,1.477837838000000,1.534862918000000,-93.537929809999994,44.065414969999999,2,0
1217,1217,71.084999999999994,102.730000000000004,63.183999999999997,80.826456030000003,0.209552320000000,0.182061387000000,0.286040983000000,0.615049158000000,71.191000000000003,-0.013548580000000,-0.060221351000000,71.204548579999994,0.352440653000000,0.402928785000000,1.445171274000000,1.503000807000000,-93.537929809999994,44.065376370000003,2,0
1218,1218,69.974999999999994,101.480000000000004,62.533000000000001,79.801978070000004,0.210011089000000,0.183750838000000,0.289243679000000,0.616210091000000,70.451999999999998,-0.015022138000000,-0.059549208000000,70.467022139999997,0.355498494000000,0.403602911000000,1.450232226000000,1.505563767000000,-93.537929809999994,44.065337769999999,2,0
1219,1219,38.415999999999997,60.569000000000003,34.408000000000001,45.928579630000002,0.249090028000000,0.223801586000000,0.343047834000000,0.568079381000000,48.314000000000000,-0.050876733000000,-0.092941908000000,48.364876729999999,0.426253356000000,0.470258081000000,1.576660766000000,1.635585359000000,-93.539473810000004,44.065337769999999,3,0
1220,1220,67.653999999999996,99.885999999999996,60.485999999999997,77.916264690000006,0.218448852000000,0.192383908000000,0.301081697000000,0.605550327000000,71.632000000000005,-0.022674607000000,-0.066683624000000,71.654674610000001,0.371035221000000,0.418292269000000,1.476424158000000,1.532525823000000,-93.537929809999994,44.065299170000003,2,0
1221,1221,68.646000000000001,100.629999999999995,61.728999999999999,78.844022510000002,0.213744026000000,0.188945864000000,0.297395557000000,0.613425420000000,70.885000000000005,-0.019590918000000,-0.061511223000000,70.904590920000004,0.364865821000000,0.409984069000000,1.465926638000000,1.518700699000000,-93.537929809999994,44.065260570000000,2,0
1222,1222,68.238000000000000,99.393000000000001,59.698000000000000,77.672913120000004,0.216851023000000,0.185854645000000,0.288651293000000,0.600625799000000,70.849999999999994,-0.016978916000000,-0.069572294000000,70.866978919999994,0.359298422000000,0.416071517000000,1.456563791000000,1.522879908000000,-93.537929809999994,44.065221970000003,2,0
1223,1223,68.805999999999997,100.500000000000000,61.899999999999999,78.879920630000001,0.211916577000000,0.187199509000000,0.295085936000000,0.615920398000000,70.293999999999997,-0.018042784000000,-0.059860038000000,70.312042779999999,0.361722923000000,0.406784576000000,1.460628434000000,1.512990936000000,-93.537929809999994,44.065183370000000,2,0
1224,1224,70.893000000000001,102.480000000000004,63.185000000000002,80.664556599999997,0.209068010000000,0.182190999000000,0.286664610000000,0.616559329000000,70.882000000000005,-0.013653311000000,-0.059270876000000,70.895653310000000,0.352675444000000,0.402013570000000,1.445558800000000,1.502042498000000,-93.537929809999994,44.065144770000003,2,0
1225,1225,69.400999999999996,100.540000000000006,62.094999999999999,79.121382330000003,0.209227365000000,0.183234181000000,0.288735790000000,0.617614880000000,69.584000000000003,-0.014560672000000,-0.058641762000000,69.598560669999998,0.354563961000000,0.402201303000000,1.448682296000000,1.503349931000000,-93.537929809999994,44.065106170000000,2,0
1226,1226,69.724000000000004,101.329999999999998,62.951999999999998,79.775015679999996,0.208698142000000,0.184772060000000,0.292372019000000,0.621257278000000,69.983999999999995,-0.015881644000000,-0.056396845000000,69.999881639999998,0.357344137000000,0.401070475000000,1.453301589000000,1.503598480000000,-93.537929809999994,44.065067569999997,2,0
1227,1227,67.173000000000002,99.805999999999997,61.350000000000001,77.968523700000006,0.216645588000000,0.195431761000000,0.308939780000000,0.614692503000000,71.088999999999999,-0.025243399000000,-0.060947142000000,71.114243400000007,0.376484243000000,0.414717311000000,1.485805309000000,1.531353674000000,-93.537929809999994,44.065028970000000,2,0
1228,1228,67.494000000000000,98.872000000000000,60.881000000000000,77.540545480000006,0.212710698000000,0.188608249000000,0.297464094000000,0.615755725000000,69.369000000000000,-0.019275942000000,-0.060016634000000,69.388275940000000,0.364258698000000,0.408113947000000,1.464900584000000,1.516076168000000,-93.537929809999994,44.064990369999997,2,0
1229,1229,67.697999999999993,99.522000000000006,60.875999999999998,77.874974719999997,0.215098072000000,0.190312164000000,0.299255247000000,0.611683849000000,70.469999999999999,-0.020801768000000,-0.062673611000000,70.490801770000004,0.367320451000000,0.412342976000000,1.470087743000000,1.523015968000000,-93.537929809999994,44.064951770000000,2,0
1230,1230,37.972999999999999,61.384000000000000,35.770000000000003,46.509630129999998,0.249477129000000,0.235625069000000,0.368172740000000,0.582725140000000,49.024999999999999,-0.060844983000000,-0.083669437000000,49.085844979999997,0.446462888000000,0.470067320000000,1.616516999000000,1.649011231000000,-93.539628210000004,44.065337769999999,3,0
1231,1231,38.061999999999998,60.046999999999997,34.512999999999998,45.627130899999997,0.246635421000000,0.224087495000000,0.345697843000000,0.574766433000000,47.518999999999998,-0.050973443000000,-0.088437816000000,47.569973439999998,0.426745858000000,0.465923928000000,1.577610215000000,1.629878276000000,-93.539473810000004,44.065299170000003,3,0
1232,1232,68.453000000000003,100.010000000000005,61.353000000000002,78.426194429999995,0.212881944000000,0.187323032000000,0.294622351000000,0.613468653000000,70.213999999999999,-0.018170188000000,-0.061422181000000,70.232170190000005,0.361945429000000,0.408554156000000,1.461002440000000,1.515260550000000,-93.537929809999994,44.064913169999997,2,0
1233,1233,68.709999999999994,100.319999999999993,61.372999999999998,78.638013770000001,0.213341679000000,0.187008223000000,0.293617693000000,0.611772329000000,70.557000000000002,-0.017907753000000,-0.062489638000000,70.574907749999994,0.361378298000000,0.409435382000000,1.460049483000000,1.515998457000000,-93.537891209999998,44.065646569999998,2,0
1234,1234,69.701999999999998,100.340000000000003,61.826000000000001,79.054704009999995,0.208158744000000,0.180179015000000,0.283118947000000,0.616165039000000,69.152000000000001,-0.011891248000000,-0.059445892000000,69.163891250000006,0.349027048000000,0.400536614000000,1.439556971000000,1.498199090000000,-93.537891209999998,44.065607970000002,2,0
1235,1235,68.534999999999997,100.409999999999997,62.408999999999999,78.896762940000002,0.210619597000000,0.188670869000000,0.299194638000000,0.621541679000000,69.876000000000005,-0.019282139000000,-0.056352603000000,69.895282140000006,0.364371323000000,0.404263399000000,1.465090830000000,1.511492719000000,-93.537891209999998,44.065569369999999,2,0
1236,1236,66.457999999999998,97.742000000000004,59.859000000000002,76.492405309999995,0.214937182000000,0.190523752000000,0.299824614000000,0.612418408000000,69.167000000000002,-0.020980188000000,-0.062213078000000,69.187980190000005,0.367700242000000,0.412027096000000,1.470733396000000,1.522853356000000,-93.537891209999998,44.065530770000002,2,0
1237,1237,73.138000000000005,103.629999999999995,66.021000000000001,82.557285940000000,0.196585638000000,0.172497285000000,0.275330257000000,0.637083856000000,68.100999999999999,-0.005094135000000,-0.046133062000000,68.106094139999996,0.335025772000000,0.379663479000000,1.416910498000000,1.466047106000000,-93.537891209999998,44.065492169999999,2,0
1238,1238,71.216999999999999,102.180000000000007,63.844999999999999,80.805935250000005,0.204164727000000,0.178567103000000,0.282632905000000,0.624828734000000,69.298000000000002,-0.010437444000000,-0.053940702000000,69.308437440000006,0.346098439000000,0.393251911000000,1.434769788000000,1.487939703000000,-93.537891209999998,44.065453570000003,2,0
1239,1239,70.162999999999997,102.250000000000000,62.985999999999997,80.301816639999998,0.211317078000000,0.186105456000000,0.293227448000000,0.616000000000000,71.350999999999999,-0.017085034000000,-0.059769158000000,71.368085030000003,0.359750855000000,0.405784192000000,1.457320810000000,1.510639787000000,-93.537891209999998,44.065414969999999,2,0
1240,1240,68.221999999999994,99.893000000000001,61.308000000000000,78.297559770000007,0.213339164000000,0.188388900000000,0.296525509000000,0.613736698000000,70.256000000000000,-0.019100962000000,-0.061292024000000,70.275100960000003,0.363864126000000,0.409292367000000,1.464234411000000,1.517274781000000,-93.537891209999998,44.065376370000003,2,0
1241,1241,67.697000000000003,100.069999999999993,60.533999999999999,78.019770710000003,0.218987060000000,0.192964051000000,0.301894007000000,0.604916558000000,71.909000000000006,-0.023189561000000,-0.067114905000000,71.932189559999998,0.372073885000000,0.419220886000000,1.478204352000000,1.534292999000000,-93.537891209999998,44.065337769999999,2,0
1242,1242,39.526000000000003,61.988000000000000,35.929000000000002,47.243023690000001,0.243297180000000,0.221269973000000,0.342486849000000,0.579612183000000,48.521000000000001,-0.048395335000000,-0.085034523000000,48.569395329999999,0.421884320000000,0.460297809000000,1.568284167000000,1.618913052000000,-93.539473810000004,44.065260570000000,3,0
1243,1243,68.031000000000006,100.250000000000000,60.281999999999996,78.128524420000005,0.219538157000000,0.191459523000000,0.298326836000000,0.601316708000000,72.186999999999998,-0.021904683000000,-0.069369058000000,72.208904680000003,0.369378819000000,0.420392387000000,1.473592921000000,1.534145042000000,-93.537891209999998,44.065299170000003,2,0
1244,1244,68.525000000000006,100.599999999999994,61.344999999999999,78.696134279999995,0.215452925000000,0.189652624000000,0.297596957000000,0.609791252000000,71.329999999999998,-0.020241246000000,-0.063856467000000,71.350241249999996,0.366136024000000,0.413060813000000,1.468077344000000,1.523197451000000,-93.537891209999998,44.065260570000000,2,0
1245,1245,68.760000000000005,100.489999999999995,61.073999999999998,78.647337690000001,0.215063450000000,0.187474151000000,0.293318296000000,0.607761966000000,71.146000000000001,-0.018348066000000,-0.065066602000000,71.164348070000003,0.362217600000000,0.412569621000000,1.461460151000000,1.520301251000000,-93.537891209999998,44.065221970000003,2,0
1246,1246,68.257000000000005,99.088999999999999,60.726999999999997,77.814772590000004,0.211497668000000,0.184241034000000,0.289179227000000,0.612853092000000,69.194000000000003,-0.015473993000000,-0.061696036000000,69.209473990000006,0.356384675000000,0.406310516000000,1.451704587000000,1.509326222000000,-93.537891209999998,44.065183370000000,2,0
1247,1247,68.992999999999995,100.310000000000002,60.909999999999997,78.596349040000007,0.213954853000000,0.184976049000000,0.288920871000000,0.607217625000000,70.716999999999999,-0.016158080000000,-0.065313427000000,70.733158079999995,0.357712555000000,0.410792458000000,1.453915615000000,1.515514068000000,-93.537891209999998,44.065144770000003,2,0
1248,1248,69.144000000000005,99.853999999999999,60.984000000000002,78.466048509999993,0.210953322000000,0.181718127000000,0.284314996000000,0.610731668000000,69.579999999999998,-0.013272343000000,-0.062945796000000,69.593272339999999,0.351818681000000,0.405578433000000,1.444145551000000,1.505817425000000,-93.537891209999998,44.065106170000000,2,0
1249,1249,68.623000000000005,100.290000000000006,60.530000000000001,78.381717960000003,0.216620720000000,0.187475209000000,0.292176817000000,0.603549706000000,71.427000000000007,-0.018382779000000,-0.067764107000000,71.445382780000003,0.362219506000000,0.415451925000000,1.461463358000000,1.523828553000000,-93.537891209999998,44.065067569999997,2,0
1250,1250,68.988000000000000,100.900000000000006,62.517000000000003,79.264387619999994,0.210902927000000,0.187841401000000,0.297212469000000,0.619593657000000,70.295000000000002,-0.018574471000000,-0.057555560000000,70.313574470000006,0.362878843000000,0.404856864000000,1.462573201000000,1.511338787000000,-93.537891209999998,44.065028970000000,2,0
1251,1251,67.295000000000002,98.600999999999999,60.518999999999998,77.272943920000003,0.213491028000000,0.188708589000000,0.297085702000000,0.613776737000000,69.388000000000005,-0.019380341000000,-0.061278626000000,69.407380340000003,0.364439159000000,0.409541127000000,1.465205439000000,1.517912870000000,-93.537891209999998,44.064990369999997,2,0
1252,1252,66.656000000000006,98.941999999999993,59.448000000000000,76.955845359999998,0.221551415000000,0.194966123000000,0.304154498000000,0.600836854000000,71.780000000000001,-0.024988669000000,-0.069829279000000,71.804988670000000,0.375653003000000,0.423714176000000,1.484367499000000,1.542027797000000,-93.537891209999998,44.064951770000000,2,0
1253,1253,39.536999999999999,62.100000000000001,35.130000000000003,47.094590169999996,0.249076016000000,0.221995927000000,0.339257522000000,0.565700483000000,49.533000000000001,-0.049340850000000,-0.094452609000000,49.582340850000001,0.423138653000000,0.470412390000000,1.570680628000000,1.633726298000000,-93.539473810000004,44.065221970000003,3,0
1254,1254,66.218999999999994,98.325999999999993,60.173999999999999,76.754736039999997,0.217489823000000,0.195125953000000,0.307623765000000,0.611984623000000,70.259000000000000,-0.025006341000000,-0.062666708000000,70.284006340000005,0.375938377000000,0.416280662000000,1.484860841000000,1.532956419000000,-93.537891209999998,44.064913169999997,2,0
1255,1255,68.031000000000006,99.328999999999994,61.246000000000002,77.986194760000004,0.211569366000000,0.187010038000000,0.294946944000000,0.616597368000000,69.381000000000000,-0.017871797000000,-0.059423637000000,69.398871799999995,0.361381568000000,0.406162163000000,1.460054975000000,1.512041486000000,-93.537852610000002,44.065646569999998,2,0
1256,1256,70.542000000000002,101.200000000000003,61.366000000000000,79.547469520000007,0.210859447000000,0.178511954000000,0.277759658000000,0.606383399000000,70.492000000000004,-0.010472399000000,-0.065581619000000,70.502472400000002,0.345998152000000,0.405794758000000,1.434606334000000,1.502747064000000,-93.537852610000002,44.065607970000002,2,0
1257,1257,64.981999999999999,97.376000000000005,60.066000000000003,75.966374259999995,0.217961226000000,0.199522044000000,0.316681656000000,0.616846040000000,69.703999999999994,-0.028779268000000,-0.059721972000000,69.732779269999995,0.383766701000000,0.416791479000000,1.498507279000000,1.538280694000000,-93.537852610000002,44.065569369999999,2,0
1258,1258,63.357999999999997,96.042000000000002,58.395000000000003,74.494469490000000,0.224100409000000,0.205043915000000,0.323587941000000,0.608015243000000,70.331000000000003,-0.033705090000000,-0.065607567000000,70.364705090000001,0.393542135000000,0.427447913000000,1.515862243000000,1.557602107000000,-93.537852610000002,44.065530770000002,2,0
1259,1259,70.852999999999994,101.269999999999996,64.057000000000002,80.372175450000000,0.200414876000000,0.176716650000000,0.281466881000000,0.632536783000000,67.629999999999995,-0.008789059000000,-0.049073588000000,67.638789059999993,0.342730255000000,0.386432890000000,1.429297277000000,1.478104657000000,-93.537852610000002,44.065492169999999,2,0
1260,1260,71.283000000000001,100.780000000000001,63.588000000000001,80.169213200000002,0.198224896000000,0.171431394000000,0.271924407000000,0.630958524000000,66.688999999999993,-0.004174818000000,-0.049890728000000,66.693174819999996,0.333074164000000,0.382853176000000,1.413801327000000,1.468617783000000,-93.537852610000002,44.065453570000003,2,0
1261,1261,68.299999999999997,99.894000000000005,62.043999999999997,78.513606400000000,0.210352223000000,0.187842610000000,0.297635422000000,0.621098364000000,69.444000000000003,-0.018563400000000,-0.056604036000000,69.462563399999993,0.362881020000000,0.403843406000000,1.462576867000000,1.510121061000000,-93.537852610000002,44.065414969999999,2,0
1262,1262,67.828000000000003,99.822999999999993,61.514000000000003,78.207504130000004,0.213697764000000,0.190842882000000,0.301450013000000,0.616230728000000,70.304000000000002,-0.021224009000000,-0.059797089000000,70.325224009999999,0.368272895000000,0.409723318000000,1.471707849000000,1.520381147000000,-93.537852610000002,44.065376370000003,2,0
1263,1263,65.936000000000007,98.536000000000001,59.292999999999999,76.534435040000005,0.222906538000000,0.198210030000000,0.309947803000000,0.601739466000000,71.843000000000004,-0.027822045000000,-0.069384399000000,71.870822050000001,0.381434558000000,0.425864481000000,1.494418830000000,1.548210526000000,-93.537852610000002,44.065337769999999,2,0
1264,1264,38.091000000000001,61.118000000000002,34.944000000000003,46.214778809999999,0.251962657000000,0.232105958000000,0.358313234000000,0.571746458000000,49.201000000000001,-0.058072499000000,-0.090914106000000,49.259072500000002,0.440481765000000,0.474563532000000,1.604526004000000,1.651267864000000,-93.539473810000004,44.065183370000000,3,0
1265,1265,66.363000000000000,99.271000000000001,59.841999999999999,77.114296499999995,0.222748786000000,0.198679015000000,0.311063218000000,0.602814518000000,72.337000000000003,-0.028219411000000,-0.068708865000000,72.365219409999995,0.382268607000000,0.425533466000000,1.495878728000000,1.548298584000000,-93.537852610000002,44.065299170000003,2,0
1266,1266,67.370999999999995,99.805000000000007,60.307000000000002,77.753507780000007,0.219781966000000,0.194011102000000,0.303493062000000,0.604248284000000,71.932000000000002,-0.024114329000000,-0.067588347000000,71.956114330000005,0.373946734000000,0.420572102000000,1.481423758000000,1.537086683000000,-93.537852610000002,44.065260570000000,2,0
1267,1267,68.658000000000001,101.719999999999999,62.597000000000001,79.538803470000005,0.215673972000000,0.194050875000000,0.306751654000000,0.615385372000000,72.185000000000002,-0.024031763000000,-0.060453697000000,72.209031760000002,0.374017831000000,0.413061088000000,1.481546215000000,1.527851108000000,-93.537852610000002,44.065221970000003,2,0
1268,1268,69.454999999999998,100.299999999999997,62.593000000000004,79.166429489999999,0.206079700000000,0.181703043000000,0.287835240000000,0.624057827000000,68.552000000000007,-0.013182812000000,-0.054529413000000,68.565182809999996,0.351791344000000,0.396508653000000,1.444100497000000,1.495001428000000,-93.537852610000002,44.065183370000000,2,0
1269,1269,69.751999999999995,99.376000000000005,61.691000000000003,78.627201319999998,0.203846212000000,0.175157277000000,0.275733686000000,0.620783690000000,67.308999999999997,-0.007465590000000,-0.056358445000000,67.316465590000007,0.339886803000000,0.393021537000000,1.424704668000000,1.484175827000000,-93.537852610000002,44.065144770000003,2,0
1270,1270,71.361000000000004,101.810000000000002,63.634999999999998,80.637215659999995,0.202660241000000,0.175831981000000,0.277981668000000,0.625036833000000,68.623999999999995,-0.008042871000000,-0.053719078000000,68.632042870000006,0.341117666000000,0.390721094000000,1.426689648000000,1.482180908000000,-93.537852610000002,44.065106170000000,2,0
1271,1271,70.105999999999995,101.709999999999994,63.335999999999999,80.148246459999996,0.207734918000000,0.183940960000000,0.291334808000000,0.622711631000000,69.977999999999994,-0.015145948000000,-0.055451793000000,69.993145949999999,0.355842255000000,0.399366080000000,1.450803070000000,1.500704840000000,-93.537852610000002,44.065067569999997,2,0
1272,1272,65.403999999999996,96.712999999999994,59.664000000000001,75.698702060000002,0.214628847000000,0.193125952000000,0.305593784000000,0.616918098000000,68.358000000000004,-0.023209382000000,-0.059443325000000,68.381209380000001,0.372363623000000,0.411230868000000,1.478701608000000,1.524630356000000,-93.537852610000002,44.065028970000000,2,0
1273,1273,66.689999999999998,98.200999999999993,60.436000000000000,76.905792149999996,0.214126753000000,0.191102001000000,0.301670576000000,0.615431615000000,69.275999999999996,-0.021457704000000,-0.060315009000000,69.297457699999995,0.368737710000000,0.410486703000000,1.472499625000000,1.521584023000000,-93.537852610000002,44.064990369999997,2,0
1274,1274,64.694000000000003,96.837000000000003,58.506999999999998,75.245791139999994,0.222400000000000,0.198989668000000,0.311995263000000,0.604180220000000,70.472999999999999,-0.028474173000000,-0.067839191000000,70.501474169999995,0.382820822000000,0.424871508000000,1.496846694000000,1.547799951000000,-93.537852610000002,44.064951770000000,2,0
1275,1275,37.625999999999998,60.890999999999998,34.598999999999997,45.900328819999999,0.255439237000000,0.236152136000000,0.363981977000000,0.568212051000000,49.557000000000002,-0.061710087000000,-0.093545479000000,49.618710090000000,0.447356188000000,0.480262439000000,1.618322437000000,1.664157456000000,-93.539473810000004,44.065144770000003,3,0
1276,1276,66.286000000000001,97.944999999999993,59.872999999999998,76.532853399999993,0.216522951000000,0.192771158000000,0.303369172000000,0.611292052000000,69.730999999999995,-0.022956306000000,-0.063018955000000,69.753956310000007,0.371728613000000,0.414724671000000,1.477612165000000,1.528537128000000,-93.537852610000002,44.064913169999997,2,0
1277,1277,68.483999999999995,100.299999999999997,61.344999999999999,78.556470730000001,0.214179143000000,0.188501280000000,0.296130828000000,0.611615155000000,70.771000000000001,-0.019217048000000,-0.062647472000000,70.790217049999995,0.364066289000000,0.410829536000000,1.464575667000000,1.519261481000000,-93.537814010000005,44.065646569999998,2,0
1278,1278,72.798000000000002,103.780000000000001,64.242999999999995,82.050797790000004,0.204639569000000,0.175457871000000,0.275800062000000,0.619030642000000,70.519000000000005,-0.007735206000000,-0.057469241000000,70.526735209999998,0.340435284000000,0.394478322000000,1.425588615000000,1.486188850000000,-93.537814010000005,44.065607970000002,2,0
1279,1279,68.947000000000003,100.629999999999995,62.441000000000003,79.117979809999994,0.210047858000000,0.186835479000000,0.295726927000000,0.620500845000000,69.872000000000000,-0.017689145000000,-0.056946444000000,69.889689140000002,0.361067012000000,0.403372526000000,1.459526883000000,1.508503278000000,-93.537814010000005,44.065569369999999,2,0
1280,1280,63.231999999999999,95.847999999999999,56.941000000000003,73.998654060000007,0.229336677000000,0.205028916000000,0.319329541000000,0.594076037000000,71.522999999999996,-0.033900408000000,-0.074671444000000,71.556900409999997,0.393515671000000,0.436865611000000,1.515814777000000,1.569645486000000,-93.537814010000005,44.065530770000002,1,0
1281,1281,69.402000000000001,100.340000000000003,62.469000000000001,79.135177940000005,0.206912624000000,0.182264849000000,0.288404352000000,0.622573251000000,68.808999999999997,-0.013682384000000,-0.055481437000000,68.822682380000003,0.352809208000000,0.398000943000000,1.445779661000000,1.497347789000000,-93.537814010000005,44.065492169999999,2,0
1282,1282,70.438999999999993,101.019999999999996,62.639000000000003,79.771209180000000,0.205784231000000,0.178357508000000,0.281023709000000,0.620065334000000,68.962000000000003,-0.010275184000000,-0.056922315000000,68.972275179999997,0.345717266000000,0.396299193000000,1.434148696000000,1.491305599000000,-93.537814010000005,44.065453570000003,2,0
1283,1283,71.885999999999996,102.769999999999996,64.251999999999995,81.358444349999999,0.203121067000000,0.176827593000000,0.279736241000000,0.625201907000000,69.402000000000001,-0.008913892000000,-0.053649103000000,69.410913890000003,0.342932376000000,0.391479641000000,1.429624684000000,1.484083516000000,-93.537814010000005,44.065414969999999,2,0
1284,1284,69.106999999999999,99.852000000000004,61.179000000000002,78.504924250000002,0.210363950000000,0.181967223000000,0.285257005000000,0.612696791000000,69.418000000000006,-0.013479738000000,-0.061708192000000,69.431479740000000,0.352270055000000,0.404451029000000,1.444889809000000,1.504724446000000,-93.537814010000005,44.065376370000003,2,0
1285,1285,66.558000000000007,98.340999999999994,59.674999999999997,76.729015090000004,0.218165771000000,0.192742224000000,0.302050863000000,0.606817096000000,70.448999999999998,-0.022975946000000,-0.065884742000000,70.471975950000001,0.371676816000000,0.417737066000000,1.477523363000000,1.532220138000000,-93.537814010000005,44.065337769999999,2,0
1286,1286,37.527999999999999,61.072000000000003,34.295000000000002,45.877688810000002,0.259430728000000,0.238782961000000,0.366130161000000,0.561550301000000,50.320999999999998,-0.064207081000000,-0.098265548000000,50.385207080000001,0.451805209000000,0.486916084000000,1.627371563000000,1.676931098000000,-93.539473810000004,44.065106170000000,3,0
1287,1287,66.730999999999995,98.799000000000007,58.939000000000000,76.785576950000006,0.222502691000000,0.193729233000000,0.300850916000000,0.596554621000000,71.927999999999997,-0.023948073000000,-0.072546320000000,71.951948070000000,0.373442780000000,0.425591936000000,1.480556263000000,1.543056746000000,-93.537814010000005,44.065299170000003,2,0
1288,1288,68.564999999999998,100.780000000000001,60.637000000000000,78.601555099999999,0.218761526000000,0.190232956000000,0.296344335000000,0.601676920000000,72.358000000000004,-0.020823369000000,-0.069084537000000,72.378823370000006,0.367178254000000,0.419097056000000,1.469846131000000,1.531236749000000,-93.537814010000005,44.065260570000000,2,0
1289,1289,69.948999999999998,101.480000000000004,62.741000000000000,79.848786430000004,0.209354983000000,0.183930374000000,0.290105623000000,0.618259756000000,70.269999999999996,-0.015165905000000,-0.058259384000000,70.285165910000003,0.355823115000000,0.402367827000000,1.450771276000000,1.504272662000000,-93.537814010000005,44.065221970000003,2,0
1290,1290,69.969999999999999,101.280000000000001,63.518999999999998,79.975210039999993,0.205538478000000,0.182832117000000,0.290631295000000,0.627162322000000,69.070999999999998,-0.014150079000000,-0.052619383000000,69.085150080000005,0.353836340000000,0.395401247000000,1.447477490000000,1.494860122000000,-93.537814010000005,44.065183370000000,2,0
1291,1291,70.501999999999995,102.189999999999998,63.558999999999997,80.525512699999993,0.207773290000000,0.183494314000000,0.290361302000000,0.621968881000000,70.319000000000003,-0.014760572000000,-0.055904102000000,70.333760569999995,0.355034556000000,0.399479115000000,1.449462427000000,1.500375905000000,-93.537814010000005,44.065144770000003,2,0
1292,1292,69.745000000000005,101.099999999999994,62.930999999999997,79.678281830000003,0.207611175000000,0.183528930000000,0.290555442000000,0.622462908000000,69.524000000000001,-0.014787660000000,-0.055594244000000,69.538787659999997,0.355097168000000,0.399175540000000,1.449566277000000,1.500050947000000,-93.537814010000005,44.065106170000000,2,0
1293,1293,69.994000000000000,101.439999999999998,62.966000000000001,79.904006559999999,0.208194378000000,0.183429191000000,0.289910388000000,0.620721609000000,69.920000000000002,-0.014711604000000,-0.056687713000000,69.934711600000000,0.354916758000000,0.400265700000000,1.449267080000000,1.501244209000000,-93.537814010000005,44.065067569999997,2,0
1294,1294,68.284000000000006,100.540000000000006,62.326999999999998,78.857785890000002,0.212453760000000,0.191062882000000,0.302881771000000,0.619922419000000,70.468999999999994,-0.021381694000000,-0.057461140000000,70.490381690000007,0.368667546000000,0.407425623000000,1.472380060000000,1.517822395000000,-93.537814010000005,44.065028970000000,2,0
1295,1295,64.572999999999993,97.114999999999995,58.768000000000001,75.398216989999995,0.223222523000000,0.201264163000000,0.316187330000000,0.605138238000000,70.888999999999996,-0.030449614000000,-0.067314113000000,70.919449610000001,0.386857776000000,0.426163129000000,1.503956762000000,1.551880937000000,-93.537814010000005,44.064990369999997,2,0
1296,1296,65.859999999999999,98.204999999999998,59.417000000000002,76.402751940000002,0.221124882000000,0.197147472000000,0.309083786000000,0.605030294000000,71.132999999999996,-0.026852274000000,-0.067214362000000,71.159852270000002,0.379543191000000,0.422721729000000,1.491117522000000,1.543123335000000,-93.537814010000005,44.064951770000000,2,0
1297,1297,38.994000000000000,63.182000000000002,35.615000000000002,47.542701460000004,0.257522155000000,0.236728782000000,0.363395983000000,0.563689025000000,51.755000000000003,-0.062343694000000,-0.096675400000000,51.817343690000001,0.448332764000000,0.483798797000000,1.620300559000000,1.669952326000000,-93.539473810000004,44.065067569999997,3,0
1298,1298,66.063999999999993,97.215999999999994,59.366999999999997,76.025968019999993,0.215720480000000,0.190788829000000,0.299789247000000,0.610671083000000,69.001000000000005,-0.021228222000000,-0.063338828000000,69.022228220000002,0.368175916000000,0.413440566000000,1.471542746000000,1.524862426000000,-93.537814010000005,44.064913169999997,2,0
1299,1299,73.099000000000004,103.260000000000005,64.284999999999997,81.932192749999999,0.201032846000000,0.171020475000000,0.269116834000000,0.622554716000000,69.135999999999996,-0.003828892000000,-0.055106298000000,69.139828890000004,0.332321219000000,0.388200577000000,1.412604824000000,1.474357082000000,-93.537775409999995,44.065646569999998,2,0
1300,1300,71.619000000000000,102.489999999999995,62.661999999999999,80.746532439999996,0.208391180000000,0.177308468000000,0.277001624000000,0.611396234000000,70.698999999999998,-0.009390508000000,-0.062352231000000,70.708390510000001,0.343808193000000,0.401308323000000,1.431044834000000,1.496150329000000,-93.537775409999995,44.065607970000002,2,0
1301,1301,71.909000000000006,102.870000000000005,63.646000000000001,81.248496390000000,0.205643212000000,0.177143707000000,0.278594117000000,0.618703218000000,70.185000000000002,-0.009216315000000,-0.057735556000000,70.194216319999995,0.343508165000000,0.396169515000000,1.430558066000000,1.489904842000000,-93.537775409999995,44.065569369999999,2,0
1302,1302,64.813999999999993,96.694000000000003,57.618000000000002,74.989817430000002,0.224672282000000,0.197389603000000,0.306863028000000,0.595879786000000,70.956000000000003,-0.027173407000000,-0.073148782000000,70.983173410000006,0.379974395000000,0.429165254000000,1.491869041000000,1.551495594000000,-93.537775409999995,44.065530770000002,2,0
1303,1303,71.662999999999997,101.469999999999999,62.685000000000002,80.335039460000004,0.203363298000000,0.172162442000000,0.269873606000000,0.617768799000000,68.591999999999999,-0.004841870000000,-0.058142296000000,68.596841870000006,0.334412916000000,0.392468624000000,1.415932908000000,1.480472745000000,-93.537775409999995,44.065492169999999,2,0
1304,1304,73.677999999999997,102.819999999999993,64.974000000000004,82.101605259999999,0.194567402000000,0.165112353000000,0.261306983000000,0.631919860000000,66.988000000000000,0.001363305000000,-0.049100517000000,66.986636689999997,0.321461007000000,0.376636357000000,1.395531909000000,1.455194283000000,-93.537775409999995,44.065453570000003,2,0
1305,1305,71.989999999999995,101.959999999999994,62.536000000000001,80.600150940000006,0.205037140000000,0.172290888000000,0.268996715000000,0.613338564000000,69.394000000000005,-0.004964353000000,-0.060932148000000,69.398964350000000,0.334648034000000,0.395620273000000,1.416307821000000,1.484287275000000,-93.537775409999995,44.065414969999999,2,0
1306,1306,69.932000000000002,100.609999999999999,60.905000000000001,78.998472030000002,0.211960597000000,0.179885307000000,0.279814296000000,0.605357320000000,70.382999999999996,-0.011688205000000,-0.066291635000000,70.394688209999998,0.348493799000000,0.407685624000000,1.438683292000000,1.506443541000000,-93.537775409999995,44.065376370000003,2,0
1307,1307,68.408000000000001,99.599999999999994,59.829000000000001,77.844553880000007,0.216722606000000,0.185657826000000,0.288336923000000,0.600692771000000,70.962999999999994,-0.016804997000000,-0.069520754000000,70.979804999999999,0.358943297000000,0.415856832000000,1.455970062000000,1.522409305000000,-93.537775409999995,44.065337769999999,2,0
1308,1308,38.284999999999997,61.982999999999997,33.905000000000001,46.393902400000002,0.263953180000000,0.236346591000000,0.357096575000000,0.547004824000000,51.776000000000003,-0.062486491000000,-0.108188682000000,51.838486490000001,0.447685594000000,0.494915657000000,1.618989160000000,1.685833399000000,-93.539473810000004,44.065028970000000,3,0
1309,1309,71.745999999999995,101.969999999999999,62.862000000000002,80.616376459999998,0.204792230000000,0.173985125000000,0.272646905000000,0.616475434000000,69.331999999999994,-0.006448613000000,-0.059021549000000,69.338448610000000,0.337746389000000,0.394941814000000,1.421263903000000,1.485224447000000,-93.537775409999995,44.065299170000003,2,0
1310,1310,69.933000000000007,101.299999999999997,60.448000000000000,79.175491140000005,0.216886249000000,0.183183148000000,0.283133998000000,0.596722606000000,72.218999999999994,-0.014648590000000,-0.071964468000000,72.233648590000001,0.354471623000000,0.416480090000000,1.448529307000000,1.520569449000000,-93.537775409999995,44.065260570000000,2,0
1311,1311,68.911000000000001,100.730000000000004,60.426000000000002,78.626883219999996,0.218027975000000,0.187566685000000,0.291342764000000,0.599880870000000,72.123000000000005,-0.018492874000000,-0.070125659000000,72.141492869999993,0.362384235000000,0.418049428000000,1.461740506000000,1.527118818000000,-93.537775409999995,44.065221970000003,2,0
1312,1312,69.206000000000003,100.519999999999996,60.454000000000001,78.630839899999998,0.215845177000000,0.184497366000000,0.286569295000000,0.601412654000000,71.379999999999995,-0.015777218000000,-0.069008602000000,71.395777219999999,0.356847888000000,0.414366615000000,1.452475219000000,1.519364801000000,-93.537775409999995,44.065183370000000,2,0
1313,1313,70.283000000000001,101.950000000000003,62.085999999999999,79.975358670000006,0.212719579000000,0.183861397000000,0.287497617000000,0.608984796000000,71.531000000000006,-0.015166504000000,-0.064141619000000,71.546166499999998,0.355698405000000,0.408623137000000,1.450564148000000,1.511719414000000,-93.537775409999995,44.065144770000003,2,0
1314,1314,71.974000000000004,103.079999999999998,62.667000000000002,81.102601609999994,0.209855605000000,0.177693740000000,0.276775784000000,0.607945285000000,71.519000000000005,-0.009744196000000,-0.064555508000000,71.528744200000006,0.344509568000000,0.404012936000000,1.432183844000000,1.499768760000000,-93.537775409999995,44.065106170000000,2,0
1315,1315,68.713999999999999,100.269999999999996,60.271999999999998,78.333476619999999,0.217142198000000,0.186739573000000,0.290271543000000,0.601097038000000,71.554000000000002,-0.017754824000000,-0.069307674000000,71.571754819999995,0.360894164000000,0.416505213000000,1.459236837000000,1.524345280000000,-93.537775409999995,44.065067569999997,2,0
1316,1316,68.007999999999996,99.546999999999997,60.162999999999997,77.790916010000004,0.216714284000000,0.188230730000000,0.293681094000000,0.604367786000000,70.923000000000002,-0.019040216000000,-0.067270923000000,70.942040219999996,0.363579543000000,0.415539536000000,1.463754264000000,1.524733478000000,-93.537775409999995,44.065028970000000,2,0
1317,1317,65.727999999999994,97.263999999999996,58.363000000000000,75.689487270000001,0.221069679000000,0.193481889000000,0.301407831000000,0.600047294000000,70.436999999999998,-0.023694066000000,-0.070275350000000,70.460694070000002,0.373000417000000,0.422987843000000,1.479795521000000,1.539532191000000,-93.537775409999995,44.064990369999997,2,0
1318,1318,65.781999999999996,97.311999999999998,58.079999999999998,75.653119050000001,0.222182451000000,0.193324095000000,0.300245682000000,0.596843144000000,70.762000000000000,-0.023588668000000,-0.072341234000000,70.785588669999996,0.372718146000000,0.425049143000000,1.479310450000000,1.541942291000000,-93.537775409999995,44.064951770000000,2,0
1319,1319,39.447000000000003,62.338000000000001,34.710000000000001,47.070430039999998,0.254077542000000,0.224895613000000,0.341274693000000,0.556803234000000,50.518999999999998,-0.052105938000000,-0.100692333000000,50.571105940000002,0.428136903000000,0.478917212000000,1.580297615000000,1.649074034000000,-93.539473810000004,44.064990369999997,3,0
1320,1320,67.302999999999997,98.043999999999997,59.253000000000000,76.709924939999993,0.215506874000000,0.185918100000000,0.289752484000000,0.604351108000000,69.531999999999996,-0.017007124000000,-0.067185218000000,69.549007119999999,0.359412898000000,0.413566312000000,1.456755271000000,1.519880757000000,-93.537775409999995,44.064913169999997,2,0
1321,1321,70.671999999999997,101.819999999999993,63.006999999999998,80.273960149999994,0.207403081000000,0.180576491000000,0.284495593000000,0.618807700000000,69.960999999999999,-0.012225954000000,-0.057793027000000,69.973225950000000,0.349748430000000,0.399083980000000,1.440740321000000,1.496885626000000,-93.537736809999998,44.065646569999998,2,0
1322,1322,70.861000000000004,102.680000000000007,62.368000000000002,80.527906439999995,0.213034091000000,0.183351485000000,0.286211580000000,0.607401636000000,72.131000000000000,-0.014728561000000,-0.065130199000000,72.145728559999995,0.354776186000000,0.409267552000000,1.449034024000000,1.511965638000000,-93.537736809999998,44.065607970000002,2,0
1323,1323,72.423000000000002,103.959999999999994,64.924000000000007,82.194684140000007,0.204401232000000,0.178798410000000,0.282947093000000,0.624509427000000,70.572999999999993,-0.010641216000000,-0.054148450000000,70.583641220000004,0.346518999000000,0.393669871000000,1.435455587000000,1.488667419000000,-93.537736809999998,44.065569369999999,2,0
1324,1324,67.292000000000002,99.403000000000006,60.619999999999997,77.640097190000006,0.216988351000000,0.192633252000000,0.302719774000000,0.609840749000000,70.894000000000005,-0.022850230000000,-0.063942107000000,70.916850229999994,0.371481721000000,0.415589779000000,1.477188967000000,1.529455249000000,-93.537736809999998,44.065530770000002,2,0
1325,1325,69.933999999999997,100.510000000000005,62.534999999999997,79.380204669999998,0.205557005000000,0.179390298000000,0.283349860000000,0.622176898000000,68.551000000000002,-0.011170105000000,-0.055631623000000,68.562170109999997,0.347594694000000,0.395765579000000,1.437212229000000,1.491739949000000,-93.537736809999998,44.065492169999999,2,0
1326,1326,72.153999999999996,102.000000000000000,63.947000000000003,81.033775930000004,0.199643635000000,0.171377057000000,0.270817643000000,0.626931373000000,67.899000000000001,-0.004134380000000,-0.052390372000000,67.903134379999997,0.332974618000000,0.385534418000000,1.413643041000000,1.471642626000000,-93.537736809999998,44.065453570000003,2,0
1327,1327,74.668000000000006,104.530000000000001,65.203999999999994,83.173298480000000,0.198285053000000,0.166642485000000,0.261961156000000,0.623782646000000,69.188000000000002,0.000021300000000,-0.054191046000000,69.187978720000004,0.324279811000000,0.383526572000000,1.399930358000000,1.464559111000000,-93.537736809999998,44.065414969999999,2,0
1328,1328,72.408000000000001,103.489999999999995,63.704000000000001,81.672717149999997,0.206556842000000,0.176704681000000,0.277037988000000,0.615557059000000,70.867999999999995,-0.008842998000000,-0.059700670000000,70.876842999999994,0.342708447000000,0.397934924000000,1.429261960000000,1.491534299000000,-93.537736809999998,44.065376370000003,2,0
1329,1329,68.040000000000006,100.090000000000003,60.255000000000003,78.055780749999997,0.218844661000000,0.190626301000000,0.297103129000000,0.602008193000000,71.885000000000005,-0.021166014000000,-0.068888062000000,71.906166010000007,0.367884281000000,0.419206631000000,1.471046443000000,1.531789889000000,-93.537736809999998,44.065337769999999,2,0
1330,1330,39.965000000000003,63.954000000000001,36.463000000000001,48.362746370000004,0.251937984000000,0.230843253000000,0.355624407000000,0.570144166000000,51.479999999999997,-0.057008733000000,-0.091933439000000,51.537008729999997,0.438328586000000,0.474616991000000,1.600250219000000,1.649872661000000,-93.539473810000004,44.064951770000000,3,0
1331,1331,72.680000000000007,103.079999999999998,62.451000000000001,81.256786800000000,0.208118585000000,0.172963132000000,0.268292898000000,0.605849825000000,71.028999999999996,-0.005574889000000,-0.065692180000000,71.034574890000002,0.335878053000000,0.401370160000000,1.418271877000000,1.491749978000000,-93.537736809999998,44.065299170000003,2,0
1332,1332,69.994000000000000,102.629999999999995,61.168999999999997,79.945238540000005,0.220249507000000,0.189058300000000,0.292817729000000,0.596014810000000,74.096999999999994,-0.019839773000000,-0.072685666000000,74.116839769999999,0.365067961000000,0.421985528000000,1.466268537000000,1.533570751000000,-93.537736809999998,44.065260570000000,2,0
1333,1333,69.343000000000004,101.200000000000003,61.131999999999998,79.134933439999998,0.216072099000000,0.186797465000000,0.291168164000000,0.604071146000000,71.924999999999997,-0.017782670000000,-0.067401316000000,71.942782670000000,0.360998503000000,0.414513102000000,1.459411909000000,1.521963773000000,-93.537736809999998,44.065221970000003,2,0
1334,1334,68.781000000000006,100.629999999999995,60.555999999999997,78.579581739999995,0.217554908000000,0.187998418000000,0.292581875000000,0.601768856000000,71.923000000000002,-0.018857488000000,-0.068929890000000,71.941857490000004,0.363161473000000,0.417121717000000,1.463049389000000,1.526432667000000,-93.537736809999998,44.065183370000000,2,0
1335,1335,69.596999999999994,102.069999999999993,62.042999999999999,79.815122119999998,0.215915183000000,0.189162739000000,0.296221630000000,0.607847556000000,72.500000000000000,-0.019828848000000,-0.065079800000000,72.519828849999996,0.365255701000000,0.413962916000000,1.466586203000000,1.523784457000000,-93.537736809999998,44.065144770000003,2,0
1336,1336,68.530000000000001,100.349999999999994,60.499000000000002,78.372215319999995,0.217363350000000,0.188417811000000,0.293593896000000,0.602879920000000,71.671000000000006,-0.019217104000000,-0.068233796000000,71.690217099999998,0.363916137000000,0.416718940000000,1.464322195000000,1.526380395000000,-93.537736809999998,44.065106170000000,2,0
1337,1337,69.108000000000004,99.878000000000000,61.000000000000000,78.469804269999997,0.211141561000000,0.182086090000000,0.284944345000000,0.610745109000000,69.647999999999996,-0.013595610000000,-0.062951658000000,69.661595610000006,0.352485405000000,0.405887149000000,1.445245124000000,1.506571022000000,-93.537736809999998,44.065067569999997,2,0
1338,1338,67.650000000000006,98.278000000000006,60.073999999999998,77.123220149999995,0.212261009000000,0.184586086000000,0.289341924000000,0.611266001000000,68.831999999999994,-0.015787471000000,-0.062718029000000,68.847787470000000,0.357008180000000,0.407690296000000,1.452742055000000,1.511350052000000,-93.537736809999998,44.065028970000000,2,0
1339,1339,66.266999999999996,97.718999999999994,59.725000000000001,76.392394640000006,0.216053262000000,0.191796861000000,0.301666011000000,0.611191273000000,69.445999999999998,-0.022105306000000,-0.063045626000000,69.468105309999999,0.369983495000000,0.413954940000000,1.474625379000000,1.526559399000000,-93.537736809999998,44.064990369999997,2,0
1340,1340,67.771000000000001,99.242000000000004,60.664999999999999,77.721994379999998,0.214266487000000,0.188434433000000,0.295924700000000,0.611283529000000,70.048000000000002,-0.019161272000000,-0.062856315000000,70.067161270000000,0.363946040000000,0.410997322000000,1.464372667000000,1.519395408000000,-93.537736809999998,44.064951770000000,2,0
