OID_,SOURCE_ID,Red,Green,Blue,BI,GLI,NGRDI,VARI,BGI,ExG,ExR,ExB,ExGR,MGRVI,RGBVI,GRRI,VEG,X,Y,CLUSTER_ID,IS_SEED
1,1,43.381000000000000,65.579999999999998,37.487000000000002,50.292221830000003,0.237195087000000,0.203733446000000,0.310588466000000,0.571622446000000,50.292000000000002,-0.033094341000000,-0.089439255000000,50.325094340000000,0.391228065000000,0.451245306000000,1.511721721000000,1.587049008000000,-93.531098439999994,44.077668660000001,2,0
2,2,47.079000000000001,68.730999999999995,40.101999999999997,53.380873620000003,0.223826249000000,0.186961402000000,0.285993554000000,0.583463066000000,50.280999999999999,-0.018089692000000,-0.080739135000000,50.299089690000002,0.361293932000000,0.428921033000000,1.459907815000000,1.540006705000000,-93.530981440000005,44.077902659999999,1,0
3,3,44.014000000000003,64.905000000000001,37.320999999999998,50.142291739999997,0.229581567000000,0.191803083000000,0.291781893000000,0.575009629000000,48.475000000000001,-0.022465810000000,-0.086539934000000,48.497465810000001,0.369994647000000,0.438920313000000,1.474644431000000,1.557910933000000,-93.529889440000005,44.077746660000003,3,0
4,4,43.384999999999998,63.677999999999997,36.390999999999998,49.198410510000002,0.229708592000000,0.189542606000000,0.287143423000000,0.571484657000000,47.579999999999998,-0.020487404000000,-0.088743430000000,47.600487399999999,0.365938364000000,0.439508532000000,1.467742307000000,1.556226841000000,-93.529889440000005,44.077707660000002,3,0
5,5,43.521999999999998,64.188000000000002,36.984999999999999,49.605624859999999,0.229166567000000,0.191867050000000,0.292202192000000,0.576198043000000,47.869000000000000,-0.022510799000000,-0.085759701000000,47.891510799999999,0.370109281000000,0.438140157000000,1.474840311000000,1.556978129000000,-93.529889440000005,44.077668660000001,3,0
6,6,43.210999999999999,63.945999999999998,36.829000000000001,49.371573060000003,0.230132928000000,0.193501125000000,0.294832784000000,0.575939074000000,47.851999999999997,-0.023964830000000,-0.086018085000000,47.875964830000001,0.373034824000000,0.439691772000000,1.479854667000000,1.560740601000000,-93.529889440000005,44.077629659999999,3,0
7,7,43.609000000000002,64.727000000000004,37.264000000000003,49.933072230000001,0.230978429000000,0.194930586000000,0.297135299000000,0.575710291000000,48.581000000000003,-0.025236264000000,-0.086245879000000,48.606236260000003,0.375589546000000,0.441049322000000,1.484257837000000,1.564043427000000,-93.529889440000005,44.077590659999998,3,0
8,8,42.680000000000000,62.938000000000002,36.417000000000002,48.679126709999998,0.228220302000000,0.191804427000000,0.292741434000000,0.578617052000000,46.779000000000003,-0.022431091000000,-0.084163762000000,46.801431090000001,0.369997056000000,0.436393371000000,1.474648547000000,1.554672687000000,-93.529889440000005,44.077551659999997,3,0
9,9,41.621000000000002,62.043999999999997,35.906999999999996,47.857699580000002,0.230934053000000,0.197009598000000,0.301410904000000,0.578734447000000,46.560000000000002,-0.027044106000000,-0.084359327000000,46.587044110000001,0.379297601000000,0.440680712000000,1.490689796000000,1.565826710000000,-93.529889440000005,44.077512659999996,3,0
10,10,41.771000000000001,62.222000000000001,35.405000000000001,47.853623159999998,0.234441028000000,0.196657467000000,0.298171692000000,0.569010961000000,47.268000000000001,-0.026848305000000,-0.090783225000000,47.294848299999998,0.378670184000000,0.447188894000000,1.489598046000000,1.573917322000000,-93.529889440000005,44.077473660000003,3,0
11,11,43.375999999999998,64.575999999999993,36.868000000000002,49.701732280000002,0.233567021000000,0.196383578000000,0.298238704000000,0.570924182000000,48.908000000000001,-0.026581964000000,-0.089495926000000,48.934581960000003,0.378181996000000,0.445616870000000,1.488749539000000,1.571561619000000,-93.529889440000005,44.077434660000002,3,0
12,12,46.533999999999999,68.945999999999998,39.374000000000002,53.132776909999997,0.232278820000000,0.194076896000000,0.294484009000000,0.571084617000000,51.984000000000002,-0.024528911000000,-0.089260852000000,52.008528910000003,0.374064344000000,0.443580095000000,1.481626338000000,1.566395591000000,-93.529889440000005,44.077395660000001,2,0
13,13,45.667000000000002,66.703000000000003,38.621000000000002,51.724741790000003,0.225628635000000,0.187202990000000,0.285237766000000,0.578999445000000,49.118000000000002,-0.018340166000000,-0.083671212000000,49.136340169999997,0.361729195000000,0.432252854000000,1.460638973000000,1.544465746000000,-93.530981440000005,44.077863659999998,1,0
14,14,46.262000000000000,69.519000000000005,40.039000000000001,53.467078739999998,0.234034055000000,0.200870609000000,0.307055531000000,0.575943267000000,52.737000000000002,-0.030498011000000,-0.086409960000000,52.767498009999997,0.386160046000000,0.445853233000000,1.502723618000000,1.576782988000000,-93.529889440000005,44.077356660000000,2,0
15,15,43.029000000000003,65.087000000000003,36.432000000000002,49.716204720000000,0.241910940000000,0.204021606000000,0.307711623000000,0.559743113000000,50.713000000000001,-0.033527963000000,-0.097422310000000,50.746527960000002,0.391737223000000,0.459804960000000,1.512631016000000,1.598827668000000,-93.529889440000005,44.077317659999999,2,0
16,16,44.207000000000001,66.691999999999993,37.792999999999999,51.089439749999997,0.238569253000000,0.202752054000000,0.307567094000000,0.566679662000000,51.384000000000000,-0.032296290000000,-0.092686896000000,51.416296289999998,0.389492688000000,0.453884197000000,1.508629855000000,1.589473275000000,-93.529889440000005,44.077278659999998,2,0
17,17,42.436000000000000,64.427000000000007,35.991000000000000,49.149447289999998,0.243278448000000,0.205786849000000,0.310291794000000,0.558632250000000,50.427000000000000,-0.035116973000000,-0.098279362000000,50.462116969999997,0.394852398000000,0.462038365000000,1.518215666000000,1.603823099000000,-93.529889440000005,44.077239659999996,2,0
18,18,45.101999999999997,68.081000000000003,38.710999999999999,52.178394269999998,0.237977043000000,0.203025189000000,0.308558921000000,0.568602106000000,52.348999999999997,-0.032510830000000,-0.091416382000000,52.381510830000003,0.389975874000000,0.452765146000000,1.509489601000000,1.588285149000000,-93.529889440000005,44.077200660000003,2,0
19,19,44.174999999999997,66.152000000000001,37.536999999999999,50.782359460000002,0.236393541000000,0.199198746000000,0.301923341000000,0.567435603000000,50.591999999999999,-0.029128118000000,-0.091977763000000,50.621128120000002,0.383192364000000,0.450408051000000,1.497498585000000,1.580939247000000,-93.529889440000005,44.077161660000002,2,0
20,20,45.884999999999998,68.027000000000001,38.902999999999999,52.429474419999998,0.232138814000000,0.194378116000000,0.295191244000000,0.571875873000000,51.265999999999998,-0.024788143000000,-0.088753067000000,51.290788139999997,0.374602675000000,0.443275410000000,1.482554212000000,1.566327482000000,-93.529889440000005,44.077122660000001,2,0
21,21,45.125999999999998,67.022000000000006,38.713000000000001,51.726849020000003,0.230421832000000,0.195242002000000,0.298168448000000,0.577616305000000,50.204999999999998,-0.025491015000000,-0.085004077000000,50.230491010000001,0.376145546000000,0.439978308000000,1.485219164000000,1.562997769000000,-93.529889440000005,44.077083660000000,3,0
22,22,45.142000000000003,67.180999999999997,38.585999999999999,51.768607990000000,0.232170205000000,0.196210927000000,0.298886583000000,0.574358822000000,50.634000000000000,-0.026388088000000,-0.087208848000000,50.660388089999998,0.377874180000000,0.443065916000000,1.488214966000000,1.568050202000000,-93.529889440000005,44.077044659999999,2,0
23,23,43.363999999999997,64.284000000000006,36.744000000000000,49.541197289999999,0.232226035000000,0.194337099000000,0.295046824000000,0.571588576000000,48.460000000000001,-0.024754834000000,-0.088941216000000,48.484754830000000,0.374529381000000,0.443443025000000,1.482427820000000,1.566500520000000,-93.529889440000005,44.077005659999998,3,0
24,24,46.280000000000001,68.004999999999995,39.218000000000004,52.613591239999998,0.228036911000000,0.190094938000000,0.289408129000000,0.576692890000000,50.512000000000000,-0.020931187000000,-0.085339049000000,50.532931189999999,0.366930446000000,0.436305380000000,1.469425238000000,1.552718860000000,-93.530981440000005,44.077824659999997,1,0
25,25,44.030000000000001,65.450999999999993,37.756000000000000,50.490889729999999,0.230929813000000,0.195659521000000,0.298654583000000,0.576859024000000,49.116000000000000,-0.025869856000000,-0.085526057000000,49.141869860000000,0.376890669000000,0.440856927000000,1.486509198000000,1.564586515000000,-93.529889440000005,44.076966659999997,3,0
26,26,46.990000000000002,69.484999999999999,40.420999999999999,53.758976199999999,0.227753213000000,0.193131573000000,0.295776685000000,0.581722674000000,51.558999999999997,-0.023576127000000,-0.082192025000000,51.582576130000000,0.372373681000000,0.435341736000000,1.478718876000000,1.554759722000000,-93.529889440000005,44.076927660000003,1,0
27,27,44.622000000000000,66.174000000000007,38.180000000000000,51.081090959999997,0.230285847000000,0.194519658000000,0.296794095000000,0.576963762000000,49.545999999999999,-0.024857695000000,-0.085396305000000,49.570857699999998,0.374855569000000,0.439828557000000,1.482990453000000,1.562020827000000,-93.529889440000005,44.076888660000002,3,0
28,28,44.917999999999999,66.043999999999997,38.433000000000000,51.174642640000002,0.226221808000000,0.190389503000000,0.291276593000000,0.581930228000000,48.737000000000002,-0.021143947000000,-0.081915727000000,48.758143949999997,0.367459282000000,0.432886720000000,1.470323701000000,1.548682631000000,-93.529889440000005,44.076849660000001,1,0
29,29,41.994000000000000,63.116999999999997,35.893000000000001,48.427124540000001,0.236854611000000,0.200958986000000,0.305166286000000,0.568674050000000,48.347000000000001,-0.030675726000000,-0.091251312000000,48.377675730000000,0.386316758000000,0.451000574000000,1.503000429000000,1.583660946000000,-93.529889440000005,44.076810660000000,3,0
30,30,44.289999999999999,63.465000000000003,37.866000000000000,49.743489629999999,0.214141549000000,0.177949979000000,0.274363634000000,0.596643819000000,44.774000000000001,-0.010019159000000,-0.071779482000000,44.784019160000000,0.344975885000000,0.412053611000000,1.432941973000000,1.509702365000000,-93.529850440000004,44.077941660000000,1,0
31,31,42.968000000000004,63.399999999999999,37.506000000000000,49.235857729999999,0.223501259000000,0.192087846000000,0.296709361000000,0.591577287000000,46.326000000000001,-0.022553067000000,-0.075702351000000,46.348553070000001,0.370504898000000,0.427624190000000,1.475516664000000,1.543852838000000,-93.529850440000004,44.077902659999999,1,0
32,32,44.646999999999998,64.837000000000003,38.503000000000000,50.595362719999997,0.218603165000000,0.184410507000000,0.284442316000000,0.593843022000000,46.524000000000001,-0.015752735000000,-0.073876759000000,46.539752739999997,0.356690942000000,0.419524475000000,1.452214035000000,1.525603822000000,-93.529850440000004,44.077863659999998,1,0
33,33,46.731999999999999,68.588999999999999,40.119000000000000,53.222379080000003,0.224645024000000,0.189531829000000,0.290643866000000,0.584918865000000,50.326999999999998,-0.020356408000000,-0.079917653000000,50.347356410000003,0.365919000000000,0.430078160000000,1.467709492000000,1.544209090000000,-93.530981440000005,44.077785660000004,1,0
34,34,44.247000000000000,65.799000000000007,38.118000000000002,50.794643200000003,0.230100531000000,0.195845374000000,0.299632966000000,0.579309716000000,49.232999999999997,-0.026006317000000,-0.083919171000000,49.259006319999997,0.377222234000000,0.439303606000000,1.487083870000000,1.562782190000000,-93.529850440000004,44.077824659999997,3,0
35,35,44.110999999999997,65.665999999999997,37.691000000000003,50.591222420000001,0.232389013000000,0.196352606000000,0.299017840000000,0.573980447000000,49.530000000000001,-0.026518295000000,-0.087467112000000,49.556518300000000,0.378126781000000,0.443449078000000,1.488653624000000,1.568702674000000,-93.529850440000004,44.077785660000004,3,0
36,36,42.667000000000002,63.905000000000001,36.289000000000001,49.061911350000003,0.236276757000000,0.199283114000000,0.302178336000000,0.567858540000000,48.853999999999999,-0.029197612000000,-0.091700324000000,48.883197610000003,0.383342265000000,0.450181094000000,1.497761736000000,1.580732302000000,-93.529850440000004,44.077746660000003,3,0
37,37,43.338999999999999,64.180000000000007,37.064000000000000,49.568408679999997,0.229719826000000,0.193835508000000,0.295805834000000,0.577500779000000,47.957000000000001,-0.024244897000000,-0.085005844000000,47.981244900000000,0.373632808000000,0.438879465000000,1.480883269000000,1.560056704000000,-93.529850440000004,44.077707660000002,3,0
38,38,41.680000000000000,61.841000000000001,35.381999999999998,47.656470720000002,0.232236082000000,0.194752755000000,0.295880480000000,0.572144694000000,46.619999999999997,-0.025118248000000,-0.088595639000000,46.645118250000003,0.375271958000000,0.443399464000000,1.483709213000000,1.566896062000000,-93.529850440000004,44.077668660000001,3,0
39,39,43.088000000000001,63.960999999999999,36.659999999999997,49.300239570000002,0.231973805000000,0.194985474000000,0.296537811000000,0.573161770000000,48.173999999999999,-0.025313655000000,-0.087934646000000,48.199313650000001,0.375687557000000,0.442880212000000,1.484427219000000,1.566475041000000,-93.529850440000004,44.077629659999999,3,0
40,40,42.274000000000001,63.069000000000003,36.155000000000001,48.552287489999998,0.233219434000000,0.197402770000000,0.300557900000000,0.573261032000000,47.709000000000003,-0.027459045000000,-0.088001244000000,47.736459050000001,0.379997840000000,0.444829465000000,1.491909921000000,1.571646824000000,-93.529850440000004,44.077590659999998,3,0
41,41,42.545000000000002,62.875000000000000,36.155999999999999,48.547567690000001,0.230123599000000,0.192847657000000,0.293514669000000,0.575045726000000,47.048999999999999,-0.023393796000000,-0.086572583000000,47.072393800000000,0.371865553000000,0.439770308000000,1.477846986000000,1.560134225000000,-93.529850440000004,44.077551659999997,3,0
42,42,42.619000000000000,62.902000000000001,36.781999999999996,48.737242049999999,0.226129968000000,0.192217663000000,0.295072666000000,0.584750882000000,46.402999999999999,-0.022735993000000,-0.080161346000000,46.425735990000000,0.370737455000000,0.432464011000000,1.475914498000000,1.550109988000000,-93.529850440000004,44.077512659999996,3,0
43,43,42.540999999999997,63.139000000000003,36.015000000000001,48.625611309999996,0.232978900000000,0.194909160000000,0.295672145000000,0.570408147000000,47.722000000000001,-0.025276827000000,-0.089756166000000,47.747276829999997,0.375551284000000,0.444750138000000,1.484191721000000,1.568823147000000,-93.529850440000004,44.077473660000003,3,0
44,44,47.456000000000003,69.489999999999995,40.619000000000000,53.946996200000001,0.224196781000000,0.188411746000000,0.288678973000000,0.584530148000000,50.905000000000001,-0.019367245000000,-0.080115508000000,50.924367250000003,0.363905225000000,0.429402119000000,1.464303776000000,1.542159508000000,-93.530981440000005,44.077746660000003,1,0
45,45,42.521999999999998,62.865000000000002,35.889000000000003,48.470434390000001,0.231795671000000,0.193031399000000,0.292713459000000,0.570890002000000,47.319000000000003,-0.023600612000000,-0.089331521000000,47.342600609999998,0.372194416000000,0.442844216000000,1.478411175000000,1.564305100000000,-93.529850440000004,44.077434660000002,3,0
46,46,46.070999999999998,68.019000000000005,39.457000000000001,52.618045860000002,0.227968190000000,0.192374441000000,0.294079027000000,0.580087917000000,50.509999999999998,-0.022921972000000,-0.083226634000000,50.532921969999997,0.371018266000000,0.435844689000000,1.476395129000000,1.554585795000000,-93.529850440000004,44.077395660000001,1,0
47,47,45.432000000000002,68.632999999999996,39.040999999999997,52.595167689999997,0.238086218000000,0.203401569000000,0.309247707000000,0.568837148000000,52.792999999999999,-0.032841299000000,-0.091280551000000,52.825841300000000,0.390641443000000,0.452912965000000,1.510675295000000,1.588898497000000,-93.529850440000004,44.077356660000000,2,0
48,48,44.468000000000004,66.052999999999997,37.591999999999999,50.838175610000000,0.233678548000000,0.195302250000000,0.295972795000000,0.569118738000000,50.045999999999999,-0.025641233000000,-0.090634853000000,50.071641229999997,0.376253091000000,0.445984817000000,1.485405235000000,1.570861954000000,-93.529850440000004,44.077317659999999,3,0
49,49,47.326000000000001,70.936999999999998,40.430000000000000,54.486674659999998,0.235674781000000,0.199648242000000,0.303354618000000,0.569942343000000,54.118000000000002,-0.029494685000000,-0.090331647000000,54.147494680000001,0.383990831000000,0.449023263000000,1.498901238000000,1.579606476000000,-93.529850440000004,44.077278659999998,2,0
50,50,41.972000000000001,64.102999999999994,35.253999999999998,48.695269820000000,0.248159975000000,0.208635399000000,0.312492057000000,0.549958660000000,50.979999999999997,-0.037799744000000,-0.104348011000000,51.017799740000001,0.399865176000000,0.470490660000000,1.527280091000000,1.618616121000000,-93.529850440000004,44.077239659999996,2,0
51,51,45.119000000000000,68.540000000000006,38.552999999999997,52.344339300000001,0.241936653000000,0.206063752000000,0.311839267000000,0.562489057000000,53.408000000000001,-0.035302079000000,-0.095694163000000,53.443302080000002,0.395340451000000,0.459556448000000,1.519093952000000,1.600770098000000,-93.529850440000004,44.077200660000003,2,0
52,52,44.709000000000003,67.710999999999999,37.695999999999998,51.654824290000001,0.243390397000000,0.204607721000000,0.307826134000000,0.556718997000000,53.017000000000003,-0.034096299000000,-0.099500386000000,53.051096299999998,0.392772297000000,0.462419290000000,1.514482543000000,1.603021944000000,-93.529850440000004,44.077161660000002,2,0
53,53,44.348999999999997,67.141999999999996,37.619999999999997,51.284001289999999,0.241915719000000,0.204438026000000,0.308551394000000,0.560305025000000,52.314999999999998,-0.033890189000000,-0.097068627000000,52.348890189999999,0.392472693000000,0.459752012000000,1.513946199000000,1.599220324000000,-93.529850440000004,44.077122660000001,2,0
54,54,44.356999999999999,66.218000000000004,37.750000000000000,50.916367610000002,0.234587006000000,0.197702917000000,0.300185376000000,0.570086683000000,50.329000000000001,-0.027764706000000,-0.090126412000000,50.356764710000000,0.380532184000000,0.447303591000000,1.492842167000000,1.575211771000000,-93.529850440000004,44.077083660000000,2,0
55,55,46.353999999999999,67.656000000000006,39.597999999999999,52.580190360000003,0.223081929000000,0.186843259000000,0.286271032000000,0.585284380000000,49.359999999999999,-0.017970418000000,-0.079545336000000,49.377970419999997,0.361081034000000,0.427548494000000,1.459550416000000,1.538158010000000,-93.530981440000005,44.077707660000002,1,0
56,56,43.323000000000000,64.483000000000004,36.695000000000000,49.603301780000002,0.234218888000000,0.196278500000000,0.297562965000000,0.569064715000000,48.948000000000000,-0.026510543000000,-0.090726016000000,48.974510539999997,0.377994662000000,0.446835683000000,1.488424163000000,1.573040429000000,-93.529850440000004,44.077044659999999,3,0
57,57,42.968000000000004,63.770000000000003,36.055999999999997,49.033651910000003,0.234871517000000,0.194888418000000,0.294304066000000,0.565406931000000,48.515999999999998,-0.025314789000000,-0.093082342000000,48.541314790000001,0.375514244000000,0.448258238000000,1.484127723000000,1.573385294000000,-93.529850440000004,44.077005659999998,3,0
58,58,41.962000000000003,62.560000000000002,35.045999999999999,47.967993360000001,0.238027389000000,0.197068560000000,0.296476481000000,0.560198210000000,48.112000000000002,-0.027321449000000,-0.096695518000000,48.139321449999997,0.379402632000000,0.453750518000000,1.490872694000000,1.583022408000000,-93.529850440000004,44.076966659999997,3,0
59,59,45.244000000000000,67.219999999999999,38.680999999999997,51.838749010000001,0.231332860000000,0.195404752000000,0.297846387000000,0.575438857000000,50.515000000000001,-0.025660128000000,-0.086450759000000,50.540660129999999,0.376436040000000,0.441636112000000,1.485721864000000,1.565318051000000,-93.529850440000004,44.076927660000003,2,0
60,60,43.243000000000002,64.283000000000001,36.619000000000000,49.474614029999998,0.233673019000000,0.195673605000000,0.296726698000000,0.569652941000000,48.704000000000001,-0.025965521000000,-0.090300739000000,48.729965520000000,0.376915797000000,0.445918327000000,1.486552737000000,1.571180316000000,-93.529850440000004,44.076888660000002,3,0
61,61,45.070999999999998,64.480000000000004,38.316000000000003,50.521220939999999,0.214615700000000,0.177168625000000,0.272464378000000,0.594230769000000,45.573000000000000,-0.009336769000000,-0.073292892000000,45.582336769999998,0.343553543000000,0.413065542000000,1.430631670000000,1.510114945000000,-93.529850440000004,44.076849660000001,1,0
62,62,41.158000000000001,61.893000000000001,34.408000000000001,47.288599320000003,0.241883703000000,0.201211051000000,0.302070131000000,0.555927165000000,48.219999999999999,-0.031076903000000,-0.099824675000000,48.251076900000001,0.386763633000000,0.460190845000000,1.503790272000000,1.596220744000000,-93.529850440000004,44.076810660000000,3,0
63,63,44.741999999999997,64.320999999999998,37.878999999999998,50.245584370000003,0.217837482000000,0.179520094000000,0.275047764000000,0.588905645000000,46.021000000000001,-0.011448054000000,-0.076835758000000,46.032448049999999,0.347830493000000,0.418796300000000,1.437597783000000,1.519563727000000,-93.529811440000003,44.077941660000000,1,0
64,64,46.499000000000002,67.881000000000000,39.729999999999997,52.752440900000003,0.223130667000000,0.186938276000000,0.286430007000000,0.585288962000000,49.533000000000001,-0.018054636000000,-0.079547077000000,49.551054639999997,0.361252260000000,0.427625750000000,1.459837846000000,1.538356034000000,-93.530981440000005,44.077668660000001,1,0
65,65,42.121000000000002,61.307000000000002,35.840000000000003,47.669810470000002,0.222624953000000,0.185501025000000,0.283866959000000,0.584598822000000,44.652999999999999,-0.016784904000000,-0.079925037000000,44.669784900000003,0.358660322000000,0.426890892000000,1.455497258000000,1.535906950000000,-93.529811440000003,44.077902659999999,1,0
66,66,43.904000000000003,63.482999999999997,37.320999999999998,49.499190380000002,0.219706904000000,0.182321883000000,0.279436531000000,0.587889671000000,45.741000000000000,-0.013941178000000,-0.077629433000000,45.754941180000003,0.352912506000000,0.421891897000000,1.445950255000000,1.526324145000000,-93.529811440000003,44.077863659999998,1,0
67,67,42.179000000000002,61.576000000000001,35.639000000000003,47.752173210000002,0.225575957000000,0.186950027000000,0.284764226000000,0.578780694000000,45.334000000000003,-0.018116992000000,-0.083801311000000,45.352116989999999,0.361273434000000,0.432193331000000,1.459873397000000,1.544120045000000,-93.529811440000003,44.077824659999997,1,0
68,68,42.366000000000000,61.438000000000002,35.598999999999997,47.738155949999999,0.223614700000000,0.183730877000000,0.279627593000000,0.579429669000000,44.911000000000001,-0.015247878000000,-0.083207678000000,44.926247879999998,0.355462398000000,0.429021379000000,1.450172308000000,1.536694849000000,-93.529811440000003,44.077785660000004,1,0
69,69,42.927000000000000,62.680999999999997,36.215000000000003,48.590675769999997,0.226010249000000,0.187050223000000,0.284668482000000,0.577766787000000,46.219999999999999,-0.018214253000000,-0.084471489000000,46.238214249999999,0.361453973000000,0.432990340000000,1.460176579000000,1.545235868000000,-93.529811440000003,44.077746660000003,1,0
70,70,42.999000000000002,63.122000000000000,36.350999999999999,48.835424590000002,0.228090314000000,0.189623166000000,0.288419091000000,0.575884795000000,46.893999999999998,-0.020519120000000,-0.085845640000000,46.914519120000001,0.366083102000000,0.436476770000000,1.467987628000000,1.552430187000000,-93.529811440000003,44.077707660000002,3,0
71,71,41.386000000000003,60.601999999999997,34.845999999999997,46.902903660000000,0.227780141000000,0.188414323000000,0.286199398000000,0.574997525000000,44.972000000000001,-0.019451306000000,-0.086364500000000,44.991451310000002,0.363909862000000,0.436085960000000,1.464311603000000,1.550632125000000,-93.529811440000003,44.077668660000001,3,0
72,72,42.615000000000002,62.646999999999998,35.960999999999999,48.421339490000001,0.229155835000000,0.190306093000000,0.289057878000000,0.574025891000000,46.718000000000004,-0.021143865000000,-0.087107624000000,46.739143859999999,0.367309554000000,0.438356966000000,1.470069224000000,1.555572009000000,-93.529811440000003,44.077629659999999,3,0
73,73,41.914000000000001,61.825000000000003,35.473999999999997,47.740683900000001,0.230115700000000,0.191933603000000,0.291672160000000,0.573780833000000,46.262000000000000,-0.022594154000000,-0.087358221000000,46.284594149999997,0.370228538000000,0.439892776000000,1.475044138000000,1.559303004000000,-93.529811440000003,44.077590659999998,3,0
74,74,43.220999999999997,63.151000000000003,36.508000000000003,48.952145700000003,0.226048507000000,0.187361336000000,0.285268522000000,0.578106443000000,46.573000000000000,-0.018488242000000,-0.084265118000000,46.591488239999997,0.362014419000000,0.433013545000000,1.461118438000000,1.545598100000000,-93.529811440000003,44.077551659999997,1,0
75,75,44.954000000000001,65.453999999999994,38.304000000000002,50.899524059999997,0.222490965000000,0.185674951000000,0.284311550000000,0.585204877000000,47.649999999999999,-0.016934746000000,-0.079538975000000,47.666934750000003,0.358974199000000,0.426614487000000,1.456021711000000,1.535746074000000,-93.530981440000005,44.077629659999999,1,0
76,76,43.268000000000001,63.256000000000000,36.744999999999997,49.070141579999998,0.225149498000000,0.187638466000000,0.286447212000000,0.580893512000000,46.499000000000002,-0.018711654000000,-0.082453287000000,46.517711650000003,0.362513488000000,0.431291506000000,1.461958029000000,1.543716117000000,-93.529811440000003,44.077512659999996,1,0
77,77,41.465000000000003,60.750000000000000,35.017000000000003,47.032254940000001,0.227384308000000,0.188670939000000,0.286987708000000,0.576411523000000,45.018000000000001,-0.019667425000000,-0.085448000000000,45.037667419999998,0.364371448000000,0.435306589000000,1.465091041000000,1.549914434000000,-93.529811440000003,44.077473660000003,3,0
78,78,41.808999999999997,61.738999999999997,35.430999999999997,47.662187539999998,0.230362997000000,0.192471125000000,0.292584817000000,0.573883607000000,46.238000000000000,-0.023071111000000,-0.087319667000000,46.261071110000003,0.371191413000000,0.440270614000000,1.476691621000000,1.560371366000000,-93.529811440000003,44.077434660000002,3,0
79,79,46.366999999999997,67.882999999999996,39.789999999999999,52.729638970000003,0.223541499000000,0.188323851000000,0.288960516000000,0.586155591000000,49.609000000000002,-0.019275513000000,-0.079050896000000,49.628275510000002,0.363747094000000,0.428194584000000,1.464036923000000,1.540546828000000,-93.529811440000003,44.077395660000001,1,0
80,80,45.621000000000002,67.769000000000005,38.883000000000003,52.236005110000001,0.231928450000000,0.195325866000000,0.297260660000000,0.573757913000000,51.033999999999999,-0.025609268000000,-0.087558530000000,51.059609270000003,0.376295244000000,0.442746837000000,1.485478179000000,1.566672259000000,-93.529811440000003,44.077356660000000,2,0
81,81,44.173999999999999,65.820999999999998,37.027000000000001,50.513183249999997,0.236986887000000,0.196799855000000,0.296664291000000,0.562540830000000,50.441000000000003,-0.027053094000000,-0.095109575000000,50.468053089999998,0.378923917000000,0.451869579000000,1.490039390000000,1.580234722000000,-93.529811440000003,44.077317659999999,3,0
82,82,45.396999999999998,68.876000000000005,38.436999999999998,52.542661889999998,0.243327647000000,0.205464108000000,0.309602300000000,0.558060863000000,53.917999999999999,-0.034838583000000,-0.098645799000000,53.952838579999998,0.394283347000000,0.462175750000000,1.517192766000000,1.603648667000000,-93.529811440000003,44.077278659999998,2,0
83,83,43.411000000000001,65.497000000000000,36.167000000000002,49.941378370000002,0.244173014000000,0.202795020000000,0.303625191000000,0.552193230000000,51.415999999999997,-0.032545925000000,-0.102451835000000,51.448545920000001,0.389568707000000,0.464139344000000,1.508765060000000,1.603335063000000,-93.529811440000003,44.077239659999996,2,0
84,84,44.524999999999999,67.391999999999996,37.404000000000003,51.391362780000001,0.243893998000000,0.204321059000000,0.306886047000000,0.555021368000000,52.854999999999997,-0.033866636000000,-0.100631525000000,52.888866640000003,0.392266147000000,0.463384026000000,1.513576642000000,1.604012746000000,-93.529811440000003,44.077200660000003,2,0
85,85,47.051000000000002,71.141000000000005,39.009000000000000,54.149609300000002,0.246218392000000,0.203820902000000,0.304231969000000,0.548333591000000,56.222000000000001,-0.033521415000000,-0.105141825000000,56.255521420000001,0.391382611000000,0.467722871000000,1.511997620000000,1.609380197000000,-93.529811440000003,44.077161660000002,2,0
86,86,45.338000000000001,66.269000000000005,38.398000000000003,51.385863839999999,0.225648945000000,0.187542000000000,0.285907470000000,0.579426278000000,48.802000000000000,-0.018638045000000,-0.083409220000000,48.820638049999999,0.362339785000000,0.432238938000000,1.461665711000000,1.544810665000000,-93.530981440000005,44.077590659999998,1,0
87,87,47.344999999999999,71.147000000000006,38.497000000000000,54.115504999999999,0.247448890000000,0.200874321000000,0.297543596000000,0.541090981000000,56.451999999999998,-0.030983063000000,-0.109887954000000,56.482983060000002,0.386166628000000,0.470511754000000,1.502735241000000,1.609910008000000,-93.529811440000003,44.077122660000001,2,0
88,88,46.786000000000001,69.525000000000006,39.505000000000003,53.489252649999997,0.234129608000000,0.195501715000000,0.296057600000000,0.568212873000000,52.759000000000000,-0.025829183000000,-0.091248652000000,52.784829180000003,0.376609085000000,0.446788651000000,1.486021459000000,1.572130319000000,-93.529811440000003,44.077083660000000,2,0
89,89,46.677999999999997,69.790999999999997,39.143000000000001,53.484557940000002,0.238510579000000,0.198447656000000,0.298903344000000,0.560860283000000,53.761000000000003,-0.028544071000000,-0.096334473000000,53.789544069999998,0.381857212000000,0.454421003000000,1.495158319000000,1.585432437000000,-93.529811440000003,44.077044659999999,2,0
90,90,44.755000000000003,65.616000000000000,37.399999999999999,50.686058180000003,0.229990580000000,0.189007982000000,0.285880692000000,0.569982931000000,49.076999999999998,-0.020024227000000,-0.089706370000000,49.097024230000002,0.364977502000000,0.440122425000000,1.466115518000000,1.556439295000000,-93.529811440000003,44.077005659999998,1,0
91,91,43.012999999999998,64.147999999999996,36.073000000000000,49.214988920000003,0.237291568000000,0.197226603000000,0.297307562000000,0.562340213000000,49.210000000000001,-0.027436223000000,-0.095269280000000,49.237436219999999,0.379684126000000,0.452364695000000,1.491363076000000,1.581358746000000,-93.529811440000003,44.076966659999997,3,0
92,92,46.357999999999997,67.712999999999994,39.302000000000000,52.531773680000001,0.225097926000000,0.187207967000000,0.285613021000000,0.580420303000000,49.765999999999998,-0.018333083000000,-0.082740769000000,49.784333080000003,0.361738161000000,0.431260008000000,1.460654040000000,1.543216320000000,-93.529811440000003,44.076927660000003,1,0
93,93,43.143999999999998,64.882999999999996,36.637000000000000,49.710757370000003,0.238538371000000,0.201236728000000,0.304510436000000,0.564662546000000,49.984999999999999,-0.030977990000000,-0.093950119000000,50.015977990000003,0.386809147000000,0.454045487000000,1.503870758000000,1.588011643000000,-93.529811440000003,44.076888660000002,3,0
94,94,48.030000000000001,67.594999999999999,40.631999999999998,53.313301500000001,0.207851616000000,0.169210811000000,0.260891016000000,0.601109550000000,46.527999999999999,-0.002259099000000,-0.068542209000000,46.530259100000002,0.329001551000000,0.401422172000000,1.407349573000000,1.487964489000000,-93.529811440000003,44.076849660000001,1,0
95,95,47.936999999999998,69.635000000000005,41.265999999999998,54.313509519999997,0.219137491000000,0.184550743000000,0.284355097000000,0.592604294000000,50.067000000000000,-0.015885367000000,-0.074683640000000,50.082885370000000,0.356944328000000,0.420503921000000,1.452635751000000,1.526960707000000,-93.529811440000003,44.076810660000000,1,0
96,96,43.874000000000002,64.457999999999998,37.539000000000001,49.963113600000000,0.225850929000000,0.190008492000000,0.290763211000000,0.582379224000000,47.503000000000000,-0.020801941000000,-0.081602238000000,47.523801939999998,0.366775216000000,0.432251904000000,1.469161690000000,1.547468667000000,-93.530981440000005,44.077551659999997,1,0
97,97,41.270000000000003,61.011000000000003,35.243000000000002,47.143836890000003,0.229224066000000,0.193007499000000,0.294474776000000,0.577649932000000,45.509000000000000,-0.023508624000000,-0.084863733000000,45.532508620000002,0.372151644000000,0.438080364000000,1.478337776000000,1.558133579000000,-93.529772440000002,44.077941660000000,3,0
98,98,41.662999999999997,60.938000000000002,35.420999999999999,47.271882599999998,0.225130680000000,0.187863666000000,0.286915749000000,0.581262923000000,44.792000000000002,-0.018908580000000,-0.082223124000000,44.810908580000003,0.362918923000000,0.431222771000000,1.462640712000000,1.543870023000000,-93.529772440000002,44.077902659999999,3,0
99,99,41.719999999999999,61.936000000000000,36.302999999999997,47.939316869999999,0.227093291000000,0.195029714000000,0.300149956000000,0.586137303000000,45.848999999999997,-0.025207382000000,-0.079393251000000,45.874207380000001,0.375766549000000,0.433875499000000,1.484563758000000,1.554936465000000,-93.529772440000002,44.077863659999998,3,0
100,100,43.084000000000003,62.555999999999997,36.332999999999998,48.612656379999997,0.223415750000000,0.184324120000000,0.280952862000000,0.580807596000000,45.695000000000000,-0.015766378000000,-0.082338191000000,45.710766380000003,0.356534832000000,0.428553249000000,1.451954322000000,1.536738134000000,-93.529772440000002,44.077824659999997,1,0
101,101,42.335000000000001,61.973999999999997,35.649999999999999,47.972045340000001,0.227615100000000,0.188277138000000,0.286036791000000,0.575241230000000,45.963000000000001,-0.019327089000000,-0.086196672000000,45.982327089999998,0.363663046000000,0.435799151000000,1.463895122000000,1.550119193000000,-93.529772440000002,44.077785660000004,3,0
102,102,42.005000000000003,62.540999999999997,35.377000000000002,48.053195639999998,0.235597440000000,0.196430279000000,0.296896008000000,0.565660926000000,47.700000000000003,-0.026686106000000,-0.093002580000000,47.726686110000003,0.378265249000000,0.449359207000000,1.488894179000000,1.576518124000000,-93.529772440000002,44.077746660000003,3,0
103,103,43.192999999999998,63.338999999999999,37.207000000000001,49.199678249999998,0.223481007000000,0.189107498000000,0.290602236000000,0.587426388000000,46.277999999999999,-0.019958397000000,-0.078261293000000,46.297958399999999,0.365156402000000,0.427973859000000,1.466418170000000,1.541105872000000,-93.529772440000002,44.077707660000002,1,0
104,104,41.463000000000001,61.302999999999997,35.085999999999999,47.287297709999997,0.231262082000000,0.193059961000000,0.293144208000000,0.572337406000000,46.057000000000002,-0.023610829000000,-0.088374489000000,46.080610829999998,0.372245532000000,0.441849743000000,1.478498903000000,1.563048492000000,-93.529772440000002,44.077668660000001,3,0
105,105,42.807000000000002,63.387000000000000,36.725000000000001,48.986653429999997,0.228989947000000,0.193796260000000,0.296247247000000,0.579377475000000,47.241999999999997,-0.024189926000000,-0.083767729000000,47.266189930000003,0.373562631000000,0.437535814000000,1.480762492000000,1.558287368000000,-93.529772440000002,44.077629659999999,3,0
106,106,42.226999999999997,64.004999999999995,36.216999999999999,48.960632629999999,0.240082537000000,0.205004142000000,0.311047633000000,0.565846418000000,49.566000000000003,-0.034308419000000,-0.093375173000000,49.600308419999998,0.393471957000000,0.456330616000000,1.515736377000000,1.595244905000000,-93.531098439999994,44.077629659999999,3,0
107,107,44.869000000000000,65.763000000000005,38.863000000000000,51.147929570000002,0.222031237000000,0.188860366000000,0.291128482000000,0.590955400000000,47.793999999999997,-0.019709020000000,-0.075954380000000,47.813709019999997,0.364712094000000,0.425314553000000,1.465666719000000,1.537509397000000,-93.530981440000005,44.077512659999996,1,0
108,108,40.484999999999999,61.271000000000001,34.627000000000002,46.876432579999999,0.239964787000000,0.204272967000000,0.309642628000000,0.565145012000000,47.430000000000000,-0.033669886000000,-0.093803480000000,47.463669889999998,0.392181213000000,0.456217416000000,1.513424725000000,1.594280096000000,-93.529772440000002,44.077590659999998,3,0
109,109,40.984000000000002,61.720999999999997,34.658999999999999,47.224345339999999,0.240093427000000,0.201908378000000,0.304749728000000,0.561543073000000,47.798999999999999,-0.031619638000000,-0.096083399000000,47.830619640000002,0.387999196000000,0.456795777000000,1.505977943000000,1.592430363000000,-93.529772440000002,44.077551659999997,3,0
110,110,42.853000000000002,64.224000000000004,36.826000000000001,49.387097040000000,0.234323274000000,0.199585345000000,0.304209193000000,0.573399352000000,48.768999999999998,-0.029393411000000,-0.088028742000000,48.798393410000003,0.383879130000000,0.446553562000000,1.498704875000000,1.576291033000000,-93.529772440000002,44.077512659999996,3,0
111,111,42.133000000000003,63.692000000000000,36.006000000000000,48.745230839999998,0.239608219000000,0.203723128000000,0.308784142000000,0.565314325000000,49.244999999999997,-0.033178924000000,-0.093657945000000,49.278178920000002,0.391209830000000,0.455644321000000,1.511689175000000,1.592901505000000,-93.529772440000002,44.077473660000003,3,0
112,112,44.795999999999999,67.212999999999994,38.039000000000001,51.546854109999998,0.237460934000000,0.200135703000000,0.303055293000000,0.565947064000000,51.591000000000001,-0.029981073000000,-0.093026232000000,51.620981069999999,0.384856259000000,0.452230982000000,1.500424145000000,1.584383907000000,-93.529772440000002,44.077434660000002,2,0
113,113,46.406999999999996,69.808000000000007,39.976999999999997,53.618799690000003,0.235539823000000,0.201359549000000,0.306946667000000,0.572670754000000,53.231999999999999,-0.030975978000000,-0.088610172000000,53.262975980000000,0.387026837000000,0.448540203000000,1.504255823000000,1.580851983000000,-93.529772440000002,44.077395660000001,2,0
114,114,45.749000000000002,69.209999999999994,38.878000000000000,52.897681059999996,0.241173385000000,0.204081455000000,0.308368712000000,0.561739633000000,53.792999999999999,-0.033551096000000,-0.096080917000000,53.826551100000003,0.391842949000000,0.458449266000000,1.512819952000000,1.597066186000000,-93.529772440000002,44.077356660000000,2,0
115,115,45.558999999999997,69.135000000000005,38.427000000000000,52.700110799999997,0.244240875000000,0.205555652000000,0.309124523000000,0.555825559000000,54.283999999999999,-0.034955362000000,-0.100163923000000,54.318955359999997,0.394444780000000,0.463827414000000,1.517482824000000,1.605998145000000,-93.529772440000002,44.077317659999999,2,0
116,116,44.847000000000001,68.625000000000000,37.557000000000002,52.061413360000003,0.249692699000000,0.209549492000000,0.313218731000000,0.547278689000000,54.845999999999997,-0.038662773000000,-0.106239199000000,54.884662769999998,0.401470038000000,0.473132521000000,1.530202689000000,1.623319906000000,-93.529772440000002,44.077278659999998,2,0
117,117,46.448999999999998,70.299000000000007,39.308999999999997,53.680090919999998,0.242273233000000,0.204286155000000,0.307984349000000,0.559168694000000,54.840000000000003,-0.033772276000000,-0.097825794000000,54.873772279999997,0.392204504000000,0.460427260000000,1.513466382000000,1.599963499000000,-93.529772440000002,44.077239659999996,2,0
118,118,46.832999999999998,68.128000000000000,40.109000000000002,53.051817919999998,0.220942840000000,0.185236732000000,0.284494736000000,0.588730038000000,49.314000000000000,-0.016520281000000,-0.077225769000000,49.330520280000002,0.358183249000000,0.423782746000000,1.454700745000000,1.531750177000000,-93.530981440000005,44.077473660000003,1,0
119,119,48.607999999999997,73.930000000000007,39.527999999999999,55.948921190000000,0.253072086000000,0.206646102000000,0.305047585000000,0.534667929000000,59.723999999999997,-0.036274111000000,-0.114711290000000,59.760274109999997,0.396366326000000,0.479796583000000,1.520943055000000,1.629361025000000,-93.529772440000002,44.077200660000003,2,0
120,120,48.576999999999998,73.545000000000002,39.619999999999997,55.792282479999997,0.250302822000000,0.204451286000000,0.302635088000000,0.538717792000000,58.893000000000001,-0.034234769000000,-0.111764415000000,58.927234769999998,0.392496107000000,0.475114488000000,1.513988101000000,1.620310935000000,-93.529772440000002,44.077161660000002,2,0
121,121,48.262999999999998,73.727000000000004,40.384999999999998,55.964083490000000,0.249070317000000,0.208738421000000,0.312039703000000,0.547764048000000,58.805999999999997,-0.037929484000000,-0.105853734000000,58.843929480000000,0.400046141000000,0.472129590000000,1.527609142000000,1.621005641000000,-93.529772440000002,44.077122660000001,2,0
122,122,47.347999999999999,71.795000000000002,40.555000000000000,54.897064749999998,0.240555870000000,0.205190401000000,0.311078027000000,0.564872206000000,55.686999999999998,-0.034488848000000,-0.094040001000000,55.721488850000000,0.393800577000000,0.457166334000000,1.516325927000000,1.596574614000000,-93.529772440000002,44.077083660000000,2,0
123,123,46.945000000000000,70.628000000000000,40.326999999999998,54.216892629999997,0.236224883000000,0.201432302000000,0.306591927000000,0.570977516000000,53.984000000000002,-0.031063965000000,-0.089741609000000,54.015063959999999,0.387155769000000,0.449782596000000,1.504483971000000,1.582571632000000,-93.529772440000002,44.077044659999999,2,0
124,124,47.990000000000002,70.471000000000004,40.564000000000000,54.511894839999997,0.228274131000000,0.189775538000000,0.288599047000000,0.575612663000000,52.387999999999998,-0.020657129000000,-0.086033014000000,52.408657130000002,0.366356825000000,0.436795967000000,1.468451761000000,1.553001969000000,-93.529772440000002,44.077005659999998,1,0
125,125,46.046999999999997,69.171999999999997,39.348999999999997,53.083065710000000,0.236649683000000,0.200704745000000,0.304797680000000,0.568857341000000,52.948000000000000,-0.030447441000000,-0.091114590000000,52.978447439999997,0.385865888000000,0.450661112000000,1.502204270000000,1.582931481000000,-93.529772440000002,44.076966659999997,2,0
126,126,47.557000000000002,69.272999999999996,41.000999999999998,53.979930770000003,0.220110610000000,0.185876915000000,0.286381200000000,0.591875623000000,49.988000000000000,-0.017063821000000,-0.075217163000000,50.005063819999997,0.359338600000000,0.422139407000000,1.456630990000000,1.530387486000000,-93.529772440000002,44.076927660000003,1,0
127,127,45.234999999999999,67.932000000000002,38.914999999999999,52.202615110000004,0.235048679000000,0.200562001000000,0.305675268000000,0.572852264000000,51.713999999999999,-0.030266567000000,-0.088445707000000,51.744266570000001,0.385612687000000,0.447749377000000,1.501757489000000,1.578933625000000,-93.529772440000002,44.076888660000002,2,0
128,128,47.329000000000001,68.120000000000005,40.356999999999999,53.257412909999999,0.216830560000000,0.180088177000000,0.276873702000000,0.592439812000000,48.554000000000002,-0.011934072000000,-0.074581210000000,48.565934069999997,0.348862144000000,0.416811456000000,1.439286695000000,1.517727230000000,-93.529772440000002,44.076849660000001,1,0
129,129,45.344000000000001,66.274000000000001,38.825000000000003,51.496608420000001,0.223235833000000,0.187514559000000,0.287527647000000,0.585825512000000,48.378999999999998,-0.018561183000000,-0.079226019000000,48.397561179999997,0.362290368000000,0.427739377000000,1.461582569000000,1.539112411000000,-93.530981440000005,44.077434660000002,1,0
130,130,45.271999999999998,65.727000000000004,38.661000000000001,51.199822380000001,0.220630772000000,0.184280939000000,0.282769775000000,0.588205760000000,47.521000000000001,-0.015676868000000,-0.077519711000000,47.536676870000001,0.356456797000000,0.423336248000000,1.451824527000000,1.530183364000000,-93.529772440000002,44.076810660000000,1,0
131,131,44.338000000000001,65.600999999999999,37.960999999999999,50.696439609999999,0.229052791000000,0.193407253000000,0.295409709000000,0.578664959000000,48.902999999999999,-0.023852603000000,-0.084216362000000,48.926852599999997,0.372866910000000,0.437706503000000,1.479566061000000,1.558085787000000,-93.530981440000005,44.077395660000001,1,0
132,132,45.228000000000002,66.218999999999994,38.740000000000002,51.417621959999998,0.223977154000000,0.188349619000000,0.288706727000000,0.585028466000000,48.469999999999999,-0.019307929000000,-0.079787199000000,48.489307930000003,0.363793455000000,0.429001987000000,1.464115150000000,1.541589491000000,-93.530981440000005,44.077356660000000,1,0
133,133,45.805000000000000,67.319000000000003,39.152000000000001,52.162645929999996,0.226239213000000,0.190180687000000,0.290839777000000,0.581589150000000,49.680999999999997,-0.020961938000000,-0.082128504000000,49.701961939999997,0.367084410000000,0.432948869000000,1.469686715000000,1.548537383000000,-93.530981440000005,44.077317659999999,1,0
134,134,47.942000000000000,71.128000000000000,41.069000000000003,54.906862080000003,0.230231724000000,0.194725792000000,0.297252599000000,0.577395681000000,53.244999999999997,-0.025035750000000,-0.085122300000000,53.270035749999998,0.375223797000000,0.439699570000000,1.483626048000000,1.562078022000000,-93.530981440000005,44.077278659999998,2,0
135,135,46.948000000000000,69.977999999999994,39.838000000000001,53.814810330000000,0.234495594000000,0.196962181000000,0.298749481000000,0.569293206000000,53.170000000000002,-0.027115919000000,-0.090612641000000,53.197115920000002,0.379213130000000,0.447244126000000,1.490542728000000,1.574323022000000,-93.530981440000005,44.077239659999996,2,0
136,136,46.936999999999998,69.549999999999997,40.042999999999999,53.677202850000000,0.230537863000000,0.194124666000000,0.295811313000000,0.575744069000000,52.119999999999997,-0.024520539000000,-0.086180285000000,52.144520540000002,0.374149730000000,0.440350747000000,1.481773441000000,1.562266249000000,-93.530981440000005,44.077200660000003,2,0
137,137,46.948999999999998,69.143000000000001,40.439000000000000,53.604339910000000,0.225537723000000,0.191175964000000,0.293365762000000,0.584860362000000,50.898000000000003,-0.021812932000000,-0.080037820000000,50.919812929999999,0.368870362000000,0.431508246000000,1.472725724000000,1.547778858000000,-93.530981440000005,44.077161660000002,1,0
138,138,43.762000000000000,65.790000000000006,37.469000000000001,50.488819569999997,0.236590214000000,0.201073463000000,0.305592165000000,0.569524244000000,50.348999999999997,-0.030765673000000,-0.090690446000000,50.379765669999998,0.386519725000000,0.450500433000000,1.503359079000000,1.583125227000000,-93.531098439999994,44.077590659999998,2,0
139,139,49.243000000000002,71.647999999999996,42.238000000000000,55.804293729999998,0.220698791000000,0.185332241000000,0.284858810000000,0.589520992000000,51.814999999999998,-0.016599133000000,-0.076717199000000,51.831599130000001,0.358355668000000,0.423313038000000,1.454988526000000,1.531267532000000,-93.530981440000005,44.077122660000001,1,0
140,140,47.192000000000000,68.525000000000006,39.822000000000003,53.255835900000001,0.223311197000000,0.184354935000000,0.281085711000000,0.581130974000000,50.036000000000001,-0.015791538000000,-0.082128598000000,50.051791540000004,0.356590520000000,0.428352074000000,1.452046957000000,1.536518703000000,-93.530981440000005,44.077083660000000,1,0
141,141,44.688000000000002,66.448999999999998,37.826999999999998,51.131754239999999,0.233890248000000,0.195803378000000,0.296835357000000,0.569263646000000,50.383000000000003,-0.026085497000000,-0.090566848000000,50.409085500000003,0.377147319000000,0.446300202000000,1.486953992000000,1.571820956000000,-93.530981440000005,44.077044659999999,2,0
142,142,44.853999999999999,66.364000000000004,38.515000000000001,51.314283379999999,0.228411315000000,0.193403945000000,0.295861244000000,0.580359834000000,49.359000000000002,-0.023831754000000,-0.083101254000000,49.382831750000001,0.372860993000000,0.436520799000000,1.479555892000000,1.556561954000000,-93.530981440000005,44.077005659999998,1,0
143,143,47.393999999999998,69.183000000000007,41.104999999999997,53.920001700000000,0.219809138000000,0.186906508000000,0.288703095000000,0.594148852000000,49.866999999999997,-0.017956393000000,-0.073794092000000,49.884956389999999,0.361195014000000,0.421440602000000,1.459741739000000,1.530611554000000,-93.530981440000005,44.076966659999997,1,0
144,144,45.444000000000003,66.426000000000002,38.887000000000000,51.606748209999999,0.223410672000000,0.187556986000000,0.287491608000000,0.585418360000000,48.521000000000001,-0.018602121000000,-0.079493490000000,48.539602119999998,0.362366770000000,0.428059273000000,1.461711117000000,1.539559092000000,-93.530981440000005,44.076927660000003,1,0
145,145,45.595999999999997,66.168000000000006,39.374000000000002,51.664014930000000,0.217969131000000,0.184066426000000,0.284182898000000,0.595061057000000,47.366000000000000,-0.015440194000000,-0.073074938000000,47.381440189999999,0.356069071000000,0.418386142000000,1.451179928000000,1.523839031000000,-93.530981440000005,44.076888660000002,1,0
146,146,43.478999999999999,63.715000000000003,36.884999999999998,49.364386260000003,0.226503171000000,0.188779223000000,0.287815216000000,0.578906066000000,47.066000000000003,-0.019741947000000,-0.083815129000000,47.085741949999999,0.364566183000000,0.433646079000000,1.465420088000000,1.547919069000000,-93.530981440000005,44.076849660000001,1,0
147,147,45.371000000000002,65.888000000000005,38.630000000000003,51.290132530000001,0.221409140000000,0.184407554000000,0.282490465000000,0.586297960000000,47.774999999999999,-0.015802360000000,-0.078764953000000,47.790802360000001,0.356685604000000,0.424775997000000,1.452205153000000,1.532107494000000,-93.530981440000005,44.076810660000000,1,0
148,148,43.659999999999997,65.003000000000000,37.386000000000003,50.097566819999997,0.231980744000000,0.196414603000000,0.299437406000000,0.575142686000000,48.960000000000001,-0.026559579000000,-0.086701039000000,48.986559579999998,0.378237304000000,0.442688040000000,1.488845625000000,1.567781207000000,-93.530942440000004,44.078019660000002,3,0
149,149,42.609000000000002,64.331000000000003,37.356999999999999,49.495959059999997,0.233410664000000,0.203123247000000,0.312173951000000,0.580699818000000,48.695999999999998,-0.032422018000000,-0.083378033000000,48.728422019999996,0.390149302000000,0.444438830000000,1.509798399000000,1.577404349000000,-93.531098439999994,44.077551659999997,3,0
150,150,43.899999999999999,65.230000000000004,37.780000000000001,50.363648599999998,0.229942491000000,0.195454962000000,0.298948844000000,0.579181358000000,48.780000000000001,-0.025661970000000,-0.083983391000000,48.805661970000003,0.376525649000000,0.439065382000000,1.485876993000000,1.562051373000000,-93.530942440000004,44.077980660000001,3,0
151,151,45.048999999999999,66.911000000000001,39.106000000000002,51.755107830000000,0.227854315000000,0.195266166000000,0.300079611000000,0.584447998000000,49.667000000000002,-0.025435240000000,-0.080511829000000,49.692435240000002,0.376188681000000,0.435245497000000,1.485293791000000,1.556942133000000,-93.530942440000004,44.077941660000000,1,0
152,152,45.430000000000000,66.867000000000004,38.920999999999999,51.800659039999999,0.226439232000000,0.190895572000000,0.292152747000000,0.582065892000000,49.383000000000003,-0.021591345000000,-0.081852689000000,49.404591340000003,0.368367422000000,0.433218698000000,1.471868809000000,1.549647660000000,-93.530942440000004,44.077902659999999,1,0
153,153,45.927999999999997,67.105000000000004,39.392000000000003,52.167013439999998,0.222703047000000,0.187352366000000,0.287570783000000,0.587020341000000,48.890000000000001,-0.018407742000000,-0.078439888000000,48.908407740000001,0.361998264000000,0.426769189000000,1.461091273000000,1.537723641000000,-93.530942440000004,44.077863659999998,1,0
154,154,44.146999999999998,65.780000000000001,37.826999999999998,50.684803570000000,0.232215947000000,0.196794236000000,0.300041609000000,0.575053208000000,49.585999999999999,-0.026897411000000,-0.086780730000000,49.612897410000002,0.378913905000000,0.443068017000000,1.490021972000000,1.568688593000000,-93.530942440000004,44.077824659999997,3,0
155,155,44.124000000000002,65.781000000000006,38.173000000000002,50.764965830000001,0.230362061000000,0.197051999000000,0.301915463000000,0.580304343000000,49.265000000000001,-0.027062764000000,-0.083326355000000,49.292062760000000,0.379373133000000,0.439624207000000,1.490821322000000,1.564506903000000,-93.530942440000004,44.077785660000004,3,0
156,156,45.814999999999998,68.751999999999995,40.060000000000002,53.011493500000000,0.231127366000000,0.200205993000000,0.307850269000000,0.582673959000000,51.628999999999998,-0.029820148000000,-0.081926184000000,51.658820149999997,0.384981008000000,0.440628843000000,1.500643894000000,1.569243946000000,-93.530942440000004,44.077746660000003,2,0
157,157,44.130000000000003,65.289000000000001,38.209000000000003,50.563617030000003,0.226562463000000,0.193375922000000,0.297135234000000,0.585228752000000,48.238999999999997,-0.023755656000000,-0.079906251000000,48.262755660000003,0.372810862000000,0.433109723000000,1.479469748000000,1.552177267000000,-93.530942440000004,44.077707660000002,1,0
158,158,43.640000000000001,64.409000000000006,37.661999999999999,49.904559329999998,0.226137445000000,0.192218345000000,0.295068692000000,0.584731947000000,47.515999999999998,-0.022736787000000,-0.080173769000000,47.538736790000002,0.370738678000000,0.432477750000000,1.475916590000000,1.550128169000000,-93.530942440000004,44.077668660000001,1,0
159,159,42.738000000000000,63.515999999999998,36.792000000000002,49.038998640000003,0.229964853000000,0.195550285000000,0.299127581000000,0.579255621000000,47.502000000000002,-0.025745564000000,-0.083939432000000,47.527745560000000,0.376695757000000,0.439093639000000,1.486171557000000,1.562191215000000,-93.530942440000004,44.077629659999999,3,0
160,160,42.734999999999999,64.584000000000003,37.292999999999999,49.625736369999998,0.234899329000000,0.203589299000000,0.312012681000000,0.577434039000000,49.140000000000001,-0.032881089000000,-0.085565513000000,49.172881089999997,0.390973301000000,0.447087929000000,1.511267111000000,1.581394806000000,-93.531098439999994,44.077512659999996,3,0
161,161,42.856000000000002,63.398000000000003,36.811999999999998,49.027429339999998,0.228262554000000,0.193329192000000,0.295815213000000,0.580649232000000,47.128000000000000,-0.023762459000000,-0.082907190000000,47.151762460000000,0.372727265000000,0.436256135000000,1.479326115000000,1.556142355000000,-93.530942440000004,44.077590659999998,3,0
162,162,41.793999999999997,62.170000000000002,35.792000000000002,47.933685439999998,0.231540267000000,0.195990920000000,0.298891040000000,0.575711758000000,46.753999999999998,-0.026177051000000,-0.086301840000000,46.780177049999999,0.377481841000000,0.441935863000000,1.487534096000000,1.566343985000000,-93.530942440000004,44.077551659999997,3,0
163,163,41.954000000000001,63.314999999999998,36.381000000000000,48.622712460000002,0.235625595000000,0.202918238000000,0.310083033000000,0.574603175000000,48.295000000000002,-0.032328980000000,-0.087409813000000,48.327328979999997,0.389786693000000,0.448492857000000,1.509152882000000,1.582506557000000,-93.530942440000004,44.077512659999996,3,0
164,164,43.167000000000002,64.379999999999995,37.484999999999999,49.710158300000003,0.229728955000000,0.197243996000000,0.302774685000000,0.582246039000000,48.107999999999997,-0.027209168000000,-0.082057753000000,48.135209170000003,0.379715102000000,0.438437188000000,1.491417055000000,1.563184083000000,-93.530942440000004,44.077473660000003,3,0
165,165,44.909999999999997,66.659000000000006,38.570999999999998,51.471844800000000,0.229876522000000,0.194937662000000,0.297939670000000,0.578631543000000,49.837000000000003,-0.025209804000000,-0.084318636000000,49.862209800000002,0.375602181000000,0.439014594000000,1.484279670000000,1.561424887000000,-93.530942440000004,44.077434660000002,1,0
166,166,43.970999999999997,65.534999999999997,37.866000000000000,50.537507599999998,0.231241810000000,0.196920717000000,0.301005025000000,0.577798123000000,49.232999999999997,-0.026976631000000,-0.084972722000000,49.259976629999997,0.379139259000000,0.441258391000000,1.490414137000000,1.566477975000000,-93.530942440000004,44.077395660000001,3,0
167,167,43.378999999999998,65.221999999999994,37.253000000000000,50.078048860000003,0.235990828000000,0.201130745000000,0.306147334000000,0.571172304000000,49.811999999999998,-0.030793808000000,-0.089595075000000,49.842793810000003,0.386621276000000,0.449395760000000,1.503538579000000,1.581728589000000,-93.530942440000004,44.077356660000000,3,0
168,168,43.683999999999997,65.664000000000001,37.643999999999998,50.455007969999997,0.235121511000000,0.201009621000000,0.306537990000000,0.573282164000000,50.000000000000000,-0.030657451000000,-0.088184391000000,50.030657450000000,0.386406536000000,0.447822400000000,1.503159051000000,1.579521731000000,-93.530942440000004,44.077317659999999,2,0
169,169,45.643999999999998,69.013999999999996,39.433999999999997,52.919269610000001,0.237331134000000,0.203823545000000,0.310672126000000,0.571391312000000,52.950000000000003,-0.033177582000000,-0.089598422000000,52.983177580000003,0.391387282000000,0.451481175000000,1.512005959000000,1.587461812000000,-93.530942440000004,44.077278659999998,2,0
170,170,46.390999999999998,69.980000000000004,40.039000000000001,53.704272959999997,0.236450373000000,0.202705141000000,0.309031599000000,0.572149185000000,53.530000000000001,-0.032175692000000,-0.089031392000000,53.562175689999997,0.389409682000000,0.450023511000000,1.508482249000000,1.584293807000000,-93.530942440000004,44.077239659999996,2,0
171,171,44.612000000000002,66.361999999999995,38.600000000000001,51.264365750000003,0.229290160000000,0.195991854000000,0.300522287000000,0.581658178000000,49.512000000000000,-0.026108816000000,-0.082380628000000,49.538108819999998,0.377483507000000,0.437792831000000,1.487536986000000,1.560995367000000,-93.531098439999994,44.077473660000003,1,0
172,172,44.560000000000002,67.469999999999999,38.061000000000000,51.595976010000001,0.240479682000000,0.204498795000000,0.309724344000000,0.564117386000000,52.319000000000003,-0.033886109000000,-0.094506666000000,52.352886110000000,0.392579990000000,0.457124159000000,1.514138241000000,1.595748221000000,-93.530942440000004,44.077200660000003,2,0
173,173,47.475999999999999,70.129999999999995,41.207000000000001,54.375865740000002,0.225283149000000,0.192626227000000,0.296522206000000,0.587580208000000,51.576999999999998,-0.023068640000000,-0.078332378000000,51.600068640000003,0.371469141000000,0.430845491000000,1.477167411000000,1.548496606000000,-93.530942440000004,44.077161660000002,1,0
174,174,46.335000000000001,70.082999999999998,40.009999999999998,53.725720760000002,0.237608770000000,0.203989074000000,0.310805151000000,0.570894511000000,53.820999999999998,-0.033331629000000,-0.089939141000000,53.854331629999997,0.391679749000000,0.451964814000000,1.512528326000000,1.588287588000000,-93.530942440000004,44.077122660000001,2,0
175,175,44.481000000000002,65.534000000000006,38.011000000000003,50.721792290000003,0.227458326000000,0.191364814000000,0.292386534000000,0.580019532000000,48.576000000000001,-0.022027211000000,-0.083219164000000,48.598027209999998,0.369209012000000,0.435042996000000,1.473303208000000,1.552474451000000,-93.530942440000004,44.077083660000000,1,0
176,176,43.643999999999998,64.875000000000000,37.149999999999999,49.978951770000002,0.232521468000000,0.195643159000000,0.297482100000000,0.572639692000000,48.956000000000003,-0.025903933000000,-0.088316663000000,48.981903930000001,0.376861476000000,0.443795676000000,1.486458620000000,1.568380419000000,-93.530942440000004,44.077044659999999,3,0
177,177,44.133000000000003,65.861000000000004,38.201000000000001,50.809150789999997,0.230724670000000,0.197538048000000,0.302647890000000,0.580024597000000,49.387999999999998,-0.027496204000000,-0.083535882000000,49.415496200000000,0.380238694000000,0.440226497000000,1.492330002000000,1.565814151000000,-93.530942440000004,44.077005659999998,3,0
178,178,44.351999999999997,65.909000000000006,38.810000000000002,51.046750750000001,0.226328031000000,0.195508838000000,0.301703265000000,0.588842192000000,48.655999999999999,-0.025599882000000,-0.077647564000000,48.681599880000000,0.376621796000000,0.432409985000000,1.486043470000000,1.553586287000000,-93.530942440000004,44.076966659999997,1,0
179,179,43.238000000000000,64.504000000000005,37.829000000000001,49.870913039999998,0.228208973000000,0.197378924000000,0.304178050000000,0.586459754000000,47.941000000000003,-0.027277411000000,-0.079297388000000,47.968277409999999,0.379955379000000,0.435633946000000,1.491835885000000,1.559727088000000,-93.530942440000004,44.076927660000003,3,0
180,180,43.439000000000000,64.793999999999997,37.868000000000002,50.063941049999997,0.228933830000000,0.197305812000000,0.303488950000000,0.584436831000000,48.280999999999999,-0.027237322000000,-0.080620940000000,48.308237320000003,0.379825188000000,0.436971146000000,1.491608923000000,1.561364331000000,-93.530942440000004,44.076888660000002,3,0
181,181,41.576000000000001,61.753000000000000,35.844000000000001,47.703211359999997,0.229368026000000,0.195269479000000,0.298984960000000,0.580441436000000,46.085999999999999,-0.025483391000000,-0.083144001000000,46.111483389999997,0.376194594000000,0.438031986000000,1.485304022000000,1.560519835000000,-93.530942440000004,44.076849660000001,3,0
182,182,44.164999999999999,65.988000000000000,38.338999999999999,50.907898179999997,0.230660201000000,0.198115349000000,0.303882251000000,0.580999576000000,49.472000000000001,-0.027994774000000,-0.082922986000000,49.499994770000001,0.381266120000000,0.440033840000000,1.494124307000000,1.566193449000000,-93.531098439999994,44.077434660000002,3,0
183,183,42.781999999999996,63.356999999999999,36.411999999999999,48.888453710000000,0.230782680000000,0.193849575000000,0.295079381000000,0.574711555000000,47.520000000000003,-0.024287448000000,-0.086847514000000,47.544287449999999,0.373657958000000,0.440843647000000,1.480926558000000,1.562604363000000,-93.530942440000004,44.076810660000000,3,0
184,184,44.347000000000001,65.171999999999997,38.427000000000000,50.631611739999997,0.223209677000000,0.190149654000000,0.292930288000000,0.589624379000000,47.570000000000000,-0.020860314000000,-0.076880754000000,47.590860309999997,0.367028692000000,0.427331327000000,1.469592081000000,1.541411692000000,-93.530903440000003,44.078019660000002,1,0
185,185,44.726999999999997,65.239000000000004,38.613999999999997,50.818870009999998,0.220452813000000,0.186530382000000,0.287476174000000,0.591885222000000,47.137000000000000,-0.017641675000000,-0.075241621000000,47.154641669999997,0.360517083000000,0.422688894000000,1.458604422000000,1.531761831000000,-93.530903440000003,44.077980660000001,1,0
186,186,44.896999999999998,66.162999999999997,38.956000000000003,51.351251570000002,0.224226220000000,0.191482082000000,0.294935094000000,0.588788296000000,48.472999999999999,-0.022045648000000,-0.077489068000000,48.495045650000002,0.369419263000000,0.429039997000000,1.473661937000000,1.544987514000000,-93.530903440000003,44.077941660000000,1,0
187,187,44.938000000000002,65.936999999999998,38.643999999999998,51.187467699999999,0.224138571000000,0.189393461000000,0.290720051000000,0.586074586000000,48.292000000000002,-0.020223517000000,-0.079156495000000,48.312223520000003,0.365670369000000,0.429156336000000,1.467288264000000,1.542898969000000,-93.530903440000003,44.077902659999999,1,0
188,188,45.308000000000000,65.677999999999997,38.524999999999999,51.155287029999997,0.220843073000000,0.183536662000000,0.281116739000000,0.586573891000000,47.523000000000003,-0.015027657000000,-0.078542716000000,47.538027659999997,0.355111154000000,0.423843980000000,1.449589476000000,1.530026543000000,-93.530903440000003,44.077863659999998,1,0
189,189,45.743000000000002,67.119000000000000,39.322000000000003,52.101189669999997,0.224224019000000,0.189399444000000,0.290671743000000,0.585854974000000,49.173000000000002,-0.020230773000000,-0.079300058000000,49.193230770000000,0.365681119000000,0.429314266000000,1.467306473000000,1.543104314000000,-93.530903440000003,44.077824659999997,1,0
190,190,44.640000000000001,66.057000000000002,38.121000000000002,51.021131210000000,0.229682373000000,0.193474078000000,0.295097553000000,0.577092511000000,49.353000000000002,-0.023928557000000,-0.085255816000000,49.376928560000003,0.372986446000000,0.438861776000000,1.479771505000000,1.559642666000000,-93.530903440000003,44.077785660000004,1,1
191,191,45.975999999999999,68.584999999999994,39.700000000000003,52.895446560000003,0.231074374000000,0.197353375000000,0.302013064000000,0.578843771000000,51.494000000000000,-0.027347158000000,-0.084305171000000,51.521347159999998,0.379909885000000,0.440892808000000,1.491756569000000,1.566475491000000,-93.530903440000003,44.077746660000003,2,0
192,192,44.119000000000000,65.031000000000006,37.899000000000001,50.371457929999998,0.226537156000000,0.191589556000000,0.293497635000000,0.582783596000000,48.043999999999997,-0.022199403000000,-0.081417759000000,48.066199400000002,0.369611930000000,0.433303334000000,1.473990798000000,1.550501090000000,-93.530903440000003,44.077707660000002,1,0
193,193,43.628999999999998,64.623999999999995,37.734000000000002,50.012017800000002,0.227362294000000,0.193943817000000,0.297721182000000,0.583900718000000,47.884999999999998,-0.024272024000000,-0.080804455000000,47.909272020000003,0.373826449000000,0.434510856000000,1.481216622000000,1.554575077000000,-93.531098439999994,44.077395660000001,1,0
194,194,44.152999999999999,64.510999999999996,38.173000000000002,50.227265039999999,0.220943657000000,0.187348156000000,0.288802826000000,0.591728542000000,46.695999999999998,-0.018365943000000,-0.075381546000000,46.714365940000000,0.361990681000000,0.423493272000000,1.461078522000000,1.533629535000000,-93.530903440000003,44.077668660000001,1,0
195,195,44.069000000000003,64.451999999999998,37.737000000000002,50.067348750000001,0.223520478000000,0.187825398000000,0.287960556000000,0.585505492000000,47.097999999999999,-0.018839311000000,-0.079450013000000,47.116839310000003,0.362850034000000,0.428225715000000,1.462524677000000,1.540054259000000,-93.530903440000003,44.077629659999999,1,0
196,196,43.033999999999999,63.948999999999998,36.895000000000003,49.337750190000001,0.230812166000000,0.195498350000000,0.298410570000000,0.576944127000000,47.969000000000001,-0.025725962000000,-0.085461294000000,47.994725959999997,0.376603079000000,0.440662472000000,1.486011061000000,1.564159947000000,-93.530903440000003,44.077590659999998,3,0
197,197,42.957999999999998,63.914999999999999,36.831000000000003,49.285019869999999,0.231390191000000,0.196092558000000,0.299206191000000,0.576249707000000,48.040999999999997,-0.026260925000000,-0.085951678000000,48.067260930000003,0.377663105000000,0.441645094000000,1.487848596000000,1.566077718000000,-93.530903440000003,44.077551659999997,3,0
198,198,44.689999999999998,65.549999999999997,38.545000000000002,50.923850420000001,0.223318637000000,0.189223512000000,0.290954739000000,0.588024409000000,47.865000000000002,-0.020055785000000,-0.077877474000000,47.885055790000003,0.365364937000000,0.427656514000000,1.466771090000000,1.540831076000000,-93.530903440000003,44.077512659999996,1,0
199,199,42.829000000000001,63.859000000000002,36.847000000000001,49.227351919999997,0.231646046000000,0.197116827000000,0.301112527000000,0.577005590000000,48.042000000000002,-0.027159926000000,-0.085506671000000,48.069159929999998,0.379488607000000,0.441975077000000,1.491022438000000,1.567620739000000,-93.530903440000003,44.077473660000003,3,0
200,200,44.453000000000003,65.965000000000003,38.093000000000004,50.919960340000003,0.230254201000000,0.194823308000000,0.297435188000000,0.577472902000000,49.384000000000000,-0.025121371000000,-0.085076526000000,49.409121370000001,0.375397965000000,0.439727396000000,1.483926844000000,1.562219684000000,-93.530903440000003,44.077434660000002,3,0
201,201,43.988000000000000,65.376000000000005,37.987000000000002,50.504051619999998,0.229293884000000,0.195567097000000,0.299648346000000,0.581054209000000,48.777000000000001,-0.025739900000000,-0.082756140000000,48.802739899999999,0.376725756000000,0.437855686000000,1.486223516000000,1.560615689000000,-93.530903440000003,44.077395660000001,3,0
202,202,46.136000000000003,68.489000000000004,39.792000000000002,52.923456930000000,0.229020305000000,0.195009815000000,0.298705117000000,0.580998409000000,51.049999999999997,-0.025247220000000,-0.082764203000000,51.075247220000001,0.375731019000000,0.437426098000000,1.484502341000000,1.559459842000000,-93.530903440000003,44.077356660000000,1,0
203,203,45.048000000000002,67.492000000000004,39.161000000000001,52.019471639999999,0.231645171000000,0.199431313000000,0.305864076000000,0.580231731000000,50.774999999999999,-0.029167903000000,-0.083497142000000,50.804167900000003,0.383605541000000,0.441670381000000,1.498224116000000,1.569749753000000,-93.530903440000003,44.077317659999999,2,0
204,204,45.447000000000003,66.698999999999998,39.500999999999998,51.879717970000002,0.221895524000000,0.189502969000000,0.292545943000000,0.592227770000000,48.450000000000003,-0.020265485000000,-0.075158757000000,48.470265480000002,0.365867146000000,0.424979544000000,1.467621625000000,1.537775179000000,-93.531098439999994,44.077356660000000,1,0
205,205,46.787999999999997,70.472999999999999,40.451999999999998,54.135401160000001,0.235360627000000,0.201985315000000,0.308362301000000,0.574007067000000,53.706000000000003,-0.031511670000000,-0.087755607000000,53.737511670000004,0.388135453000000,0.448130253000000,1.506219543000000,1.581000623000000,-93.530903440000003,44.077278659999998,2,0
206,206,46.005000000000003,68.914000000000001,39.863000000000000,53.086904189999998,0.232279522000000,0.199349107000000,0.305225432000000,0.578445599000000,51.960000000000001,-0.029118373000000,-0.084672636000000,51.989118370000000,0.383459507000000,0.442841535000000,1.497967612000000,1.571182731000000,-93.530903440000003,44.077239659999996,2,0
207,207,46.250999999999998,69.823999999999998,40.131999999999998,53.619410049999999,0.235653517000000,0.203084213000000,0.310403856000000,0.574759395000000,53.265000000000001,-0.032473577000000,-0.087314909000000,53.297473580000002,0.390080268000000,0.448522565000000,1.509675466000000,1.582728764000000,-93.530903440000003,44.077200660000003,2,0
208,208,47.622999999999998,71.319999999999993,41.067000000000000,54.896845740000003,0.233216617000000,0.199229883000000,0.304291438000000,0.575813236000000,53.950000000000003,-0.029046935000000,-0.086408349000000,53.979046930000003,0.383247690000000,0.444573402000000,1.497595700000000,1.573310353000000,-93.530903440000003,44.077161660000002,2,0
209,209,49.281999999999996,73.533000000000001,42.412999999999997,56.670627850000002,0.231909734000000,0.197459594000000,0.301621850000000,0.576788653000000,55.371000000000002,-0.027466289000000,-0.085668289000000,55.398466290000002,0.380099016000000,0.442413245000000,1.492086360000000,1.568563149000000,-93.530903440000003,44.077122660000001,2,0
210,210,45.511000000000003,67.552999999999997,39.497999999999998,52.264554380000000,0.227594666000000,0.194951532000000,0.299622108000000,0.584696461000000,50.097000000000001,-0.025154363000000,-0.080333242000000,50.122154360000003,0.375626948000000,0.434808013000000,1.484322471000000,1.556042685000000,-93.530903440000003,44.077083660000000,1,0
211,211,44.390000000000001,65.700999999999993,38.069000000000003,50.781697039999997,0.228854256000000,0.193576223000000,0.295895699000000,0.579428015000000,48.942999999999998,-0.023994330000000,-0.083723002000000,48.966994329999999,0.373169144000000,0.437315676000000,1.480085605000000,1.557766962000000,-93.530903440000003,44.077044659999999,1,0
212,212,45.808999999999997,67.727999999999994,39.740000000000002,52.487503480000001,0.225818420000000,0.193056008000000,0.297017494000000,0.586758800000000,49.906999999999996,-0.023456879000000,-0.078889853000000,49.930456880000001,0.372238457000000,0.431778176000000,1.478486760000000,1.550140923000000,-93.530903440000003,44.077005659999998,1,0
213,213,45.613999999999997,67.492999999999995,39.786000000000001,52.341404390000001,0.224996143000000,0.193436304000000,0.298400185000000,0.589483354000000,49.585999999999999,-0.023764332000000,-0.077129757000000,49.609764329999997,0.372918877000000,0.430213792000000,1.479655369000000,1.548567279000000,-93.530903440000003,44.076966659999997,1,0
214,214,44.750999999999998,66.602999999999994,39.003999999999998,51.510269610000002,0.227925756000000,0.196239021000000,0.302031790000000,0.585619266000000,49.451000000000001,-0.026281275000000,-0.079792229000000,49.477281280000000,0.377924272000000,0.435254083000000,1.488301937000000,1.558005602000000,-93.530903440000003,44.076927660000003,1,0
215,215,43.847000000000001,65.134000000000000,38.146999999999998,50.399044220000000,0.227426482000000,0.195327626000000,0.300519525000000,0.585669543000000,48.274000000000001,-0.025475776000000,-0.079714262000000,48.299475780000002,0.376298384000000,0.434450764000000,1.485483613000000,1.555992636000000,-93.531098439999994,44.077317659999999,1,0
216,216,43.432000000000002,65.132000000000005,38.189999999999998,50.289137820000001,0.229566843000000,0.199882097000000,0.308352517000000,0.586347725000000,48.642000000000003,-0.029486079000000,-0.079493574000000,48.671486080000001,0.384406075000000,0.437820198000000,1.499631608000000,1.565258325000000,-93.530903440000003,44.076888660000002,3,0
217,217,44.137000000000000,64.834999999999994,38.387000000000000,50.415651550000000,0.222183474000000,0.189938700000000,0.293235107000000,0.592072183000000,47.146000000000001,-0.020651606000000,-0.075280098000000,47.166651610000002,0.366649878000000,0.425457437000000,1.468948954000000,1.538837322000000,-93.530903440000003,44.076849660000001,1,0
218,218,43.478000000000002,64.134000000000000,37.523000000000003,49.704064119999998,0.225867185000000,0.191948853000000,0.294711010000000,0.585071881000000,47.267000000000003,-0.022494919000000,-0.079937989000000,47.289494920000003,0.370255865000000,0.432013916000000,1.475090851000000,1.549249793000000,-93.530903440000003,44.076810660000000,1,0
219,219,45.097000000000001,66.751000000000005,38.606000000000002,51.574731040000003,0.229271886000000,0.193602031000000,0.295650037000000,0.578358377000000,49.798999999999999,-0.024028607000000,-0.084428463000000,49.823028610000001,0.373215301000000,0.438084221000000,1.480164978000000,1.558781496000000,-93.530864440000002,44.078019660000002,1,0
220,220,44.654000000000003,65.945999999999998,38.539999999999999,51.082241639999999,0.226411761000000,0.192513562000000,0.295475992000000,0.584417554000000,48.698000000000000,-0.023001207000000,-0.080394260000000,48.721001209999997,0.371267408000000,0.432945469000000,1.476821785000000,1.551039983000000,-93.530864440000002,44.077980660000001,1,0
221,221,44.509999999999998,65.563000000000002,38.238000000000000,50.799579110000003,0.226198603000000,0.191263979000000,0.293074407000000,0.583225295000000,48.378000000000000,-0.021906669000000,-0.081111988000000,48.399906670000000,0.369028202000000,0.432720955000000,1.472994833000000,1.549411271000000,-93.530864440000002,44.077941660000000,1,0
222,222,45.326999999999998,66.988000000000000,39.128999999999998,51.874874179999999,0.226706710000000,0.192859369000000,0.295971907000000,0.584119544000000,49.520000000000003,-0.023310267000000,-0.080606693000000,49.543310269999999,0.371886517000000,0.433444384000000,1.477882940000000,1.552046845000000,-93.530864440000002,44.077902659999999,1,0
223,223,45.232999999999997,66.263000000000005,38.578000000000003,51.397378470000000,0.225181083000000,0.188616632000000,0.288406155000000,0.582195192000000,48.715000000000003,-0.019569013000000,-0.081651718000000,48.734569010000001,0.364273775000000,0.431205949000000,1.464926050000000,1.544654039000000,-93.530864440000002,44.077863659999998,1,0
224,224,44.822000000000003,66.221000000000004,38.161000000000001,51.154975139999998,0.229588024000000,0.192709131000000,0.293611591000000,0.576267347000000,49.459000000000003,-0.023258090000000,-0.085759095000000,49.482258090000002,0.371617571000000,0.438797885000000,1.477421802000000,1.558732920000000,-93.530864440000002,44.077824659999997,1,0
225,225,44.606000000000002,66.125000000000000,37.735999999999997,50.945122619999999,0.232571578000000,0.194335823000000,0.294801014000000,0.570676749000000,49.908000000000001,-0.024763752000000,-0.089545825000000,49.932763749999999,0.374527101000000,0.444083024000000,1.482423889000000,1.567330788000000,-93.530864440000002,44.077785660000004,3,0
226,226,44.732999999999997,66.366000000000000,38.277000000000001,51.220490609999999,0.230469728000000,0.194718224000000,0.297066820000000,0.576756170000000,49.722000000000001,-0.025036150000000,-0.085543862000000,49.747036150000000,0.375210281000000,0.440140088000000,1.483602709000000,1.562638183000000,-93.531098439999994,44.077980660000001,1,0
227,227,43.201999999999998,65.599999999999994,37.911999999999999,50.355709859999997,0.235905310000000,0.205860186000000,0.315954295000000,0.577926829000000,50.085999999999999,-0.034878744000000,-0.085357907000000,50.120878740000002,0.394981675000000,0.448641760000000,1.518448220000000,1.585952333000000,-93.531098439999994,44.077278659999998,2,0
228,228,45.011000000000003,66.736000000000004,38.415999999999997,51.495866739999997,0.230729510000000,0.194412378000000,0.296259426000000,0.575641333000000,50.045000000000002,-0.024777076000000,-0.086263594000000,50.069777080000001,0.374663895000000,0.440663637000000,1.482659794000000,1.562982378000000,-93.530864440000002,44.077746660000003,1,0
229,229,44.531999999999996,65.028999999999996,38.003999999999998,50.517897429999998,0.223534060000000,0.187082995000000,0.286442976000000,0.584416184000000,47.521999999999998,-0.018189950000000,-0.080123335000000,47.540189949999998,0.361513017000000,0.428357718000000,1.460275757000000,1.539428625000000,-93.530864440000002,44.077707660000002,1,0
230,230,44.329999999999998,65.471000000000004,37.930000000000000,50.630312529999998,0.228337445000000,0.192539230000000,0.294152022000000,0.579340471000000,48.682000000000002,-0.023075725000000,-0.083726503000000,48.705075729999997,0.371313370000000,0.436505279000000,1.476900519000000,1.555608477000000,-93.530864440000002,44.077668660000001,1,0
231,231,43.893999999999998,64.781000000000006,37.283000000000001,50.044258030000002,0.229596800000000,0.192196917000000,0.292567795000000,0.575523688000000,48.384999999999998,-0.022810672000000,-0.086222064000000,48.407810670000003,0.370700294000000,0.438889721000000,1.475850914000000,1.558297210000000,-93.530864440000002,44.077629659999999,3,0
232,232,43.783000000000001,64.899000000000001,37.427999999999997,50.098857189999997,0.230260321000000,0.194291603000000,0.296348275000000,0.576711506000000,48.587000000000003,-0.024658134000000,-0.085550613000000,48.611658130000002,0.374448080000000,0.439813751000000,1.482287646000000,1.561754446000000,-93.530864440000002,44.077590659999998,3,0
233,233,42.817000000000000,64.186999999999998,36.755000000000003,49.343005190000000,0.234685928000000,0.199712160000000,0.304203619000000,0.572623740000000,48.802000000000000,-0.029516065000000,-0.088550978000000,48.831516069999999,0.384104339000000,0.447200897000000,1.499100824000000,1.577279573000000,-93.530864440000002,44.077551659999997,3,0
234,234,44.673999999999999,66.581000000000003,38.317000000000000,51.306232000000001,0.232108738000000,0.196908004000000,0.300350983000000,0.575494510000000,50.170999999999999,-0.026993020000000,-0.086494798000000,50.197993019999998,0.379116610000000,0.442854849000000,1.490374715000000,1.568535550000000,-93.530864440000002,44.077512659999996,2,0
235,235,44.920999999999999,66.688000000000002,38.573999999999998,51.488312790000002,0.230003089000000,0.195029075000000,0.298035189000000,0.578424904000000,49.881000000000000,-0.025293142000000,-0.084459626000000,49.906293140000002,0.375765409000000,0.439235448000000,1.484561786000000,1.561808584000000,-93.530864440000002,44.077473660000003,1,0
236,236,45.616999999999997,67.664000000000001,39.287999999999997,52.290453329999998,0.228952973000000,0.194622223000000,0.297960618000000,0.580633720000000,50.423000000000002,-0.024908074000000,-0.082984092000000,50.447908069999997,0.375038797000000,0.437354175000000,1.483306662000000,1.558947865000000,-93.530864440000002,44.077434660000002,1,0
237,237,45.659999999999997,68.037999999999997,39.064999999999998,52.408902769999997,0.232566881000000,0.196819645000000,0.299840553000000,0.574164438000000,51.350999999999999,-0.026930605000000,-0.087370633000000,51.377930599999999,0.378959180000000,0.443710583000000,1.490100745000000,1.569552120000000,-93.530864440000002,44.077395660000001,2,0
238,238,44.337000000000003,66.864000000000004,38.713000000000001,51.430407459999998,0.233778335000000,0.202579113000000,0.310768679000000,0.578981216000000,50.677999999999997,-0.031966327000000,-0.084487106000000,50.709966330000000,0.389186669000000,0.445172376000000,1.508085797000000,1.577767135000000,-93.531098439999994,44.077239659999996,2,0
239,239,44.941000000000003,67.855999999999995,38.457000000000001,51.971373739999997,0.238756789000000,0.203152566000000,0.308245897000000,0.566744282000000,52.314000000000000,-0.032651037000000,-0.092666640000000,52.346651039999998,0.390201154000000,0.454170546000000,1.509890746000000,1.590298847000000,-93.530864440000002,44.077356660000000,2,0
240,240,45.944000000000003,69.000000000000000,39.530999999999999,53.023740269999998,0.235037476000000,0.200584633000000,0.305729781000000,0.572913043000000,52.524999999999999,-0.030285807000000,-0.088406538000000,52.555285810000001,0.385652834000000,0.447725817000000,1.501828313000000,1.578927509000000,-93.530864440000002,44.077317659999999,2,0
241,241,45.805999999999997,69.629999999999995,39.345999999999997,53.212261280000000,0.241110101000000,0.206382758000000,0.313102904000000,0.565072526000000,54.107999999999997,-0.035544185000000,-0.093974752000000,54.143544179999999,0.395902506000000,0.458010550000000,1.520106536000000,1.599039822000000,-93.530864440000002,44.077278659999998,2,0
242,242,47.351999999999997,70.855999999999995,40.494999999999997,54.475161510000000,0.234645560000000,0.198835950000000,0.302446180000000,0.571511234000000,53.865000000000002,-0.028753080000000,-0.089242169000000,53.893753080000003,0.382547600000000,0.447248827000000,1.496367630000000,1.576381394000000,-93.530864440000002,44.077239659999996,2,0
243,243,46.738999999999997,69.936000000000007,40.043999999999997,53.786925779999997,0.234228232000000,0.198817227000000,0.302710391000000,0.572580645000000,53.088999999999999,-0.028722746000000,-0.088530427000000,53.117722749999999,0.382514318000000,0.446485156000000,1.496309292000000,1.575359393000000,-93.530864440000002,44.077200660000003,2,0
244,244,47.872000000000000,72.155000000000001,40.923000000000002,55.295461950000004,0.238154480000000,0.202312813000000,0.306975627000000,0.567154043000000,55.515000000000001,-0.031899348000000,-0.092344206000000,55.546899349999997,0.388715323000000,0.453188055000000,1.507248496000000,1.588059818000000,-93.530864440000002,44.077161660000002,2,0
245,245,49.154000000000003,73.203999999999994,42.445000000000000,56.499319630000002,0.230283143000000,0.196554373000000,0.300952286000000,0.579818043000000,54.808999999999997,-0.026628156000000,-0.083621051000000,54.835628159999999,0.378486444000000,0.439544744000000,1.489278594000000,1.563863387000000,-93.530864440000002,44.077122660000001,2,0
246,246,46.299999999999997,69.129000000000005,39.960999999999999,53.289743110000003,0.231592872000000,0.197775256000000,0.302499072000000,0.578064199000000,51.997000000000000,-0.027730227000000,-0.084842010000000,52.024730230000003,0.380660939000000,0.441788901000000,1.493066955000000,1.568096732000000,-93.530864440000002,44.077083660000000,2,0
247,247,46.265000000000001,68.361000000000004,39.805999999999997,52.909338120000001,0.227345563000000,0.192766039000000,0.295322106000000,0.582291072000000,50.651000000000003,-0.023246477000000,-0.081800404000000,50.674246480000001,0.371719450000000,0.434637994000000,1.477596455000000,1.553467178000000,-93.530864440000002,44.077044659999999,1,0
248,248,46.356000000000002,68.656000000000006,40.235999999999997,53.170984470000000,0.226525654000000,0.193892811000000,0.298224029000000,0.586052202000000,50.719999999999999,-0.024203854000000,-0.079392971000000,50.744203849999998,0.373735261000000,0.432974845000000,1.481059626000000,1.552562519000000,-93.530864440000002,44.077005659999998,1,0
249,249,43.481999999999999,65.394000000000005,37.753999999999998,50.307136919999998,0.233709391000000,0.201256475000000,0.308090324000000,0.577331254000000,49.552000000000000,-0.030820432000000,-0.085510469000000,49.582820429999998,0.386844150000000,0.445210913000000,1.503932662000000,1.576365020000000,-93.531098439999994,44.077200660000003,3,0
250,250,46.860999999999997,68.650999999999996,40.859999999999999,53.474145530000001,0.220337477000000,0.188638410000000,0.291887692000000,0.595184338000000,49.581000000000003,-0.019476633000000,-0.073203643000000,49.600476630000003,0.364312944000000,0.422200647000000,1.464992211000000,1.533392052000000,-93.530864440000002,44.076966659999997,1,0
251,251,45.418999999999997,67.381000000000000,39.055000000000000,52.052466310000000,0.229378387000000,0.194698582000000,0.297810021000000,0.579614431000000,50.287999999999997,-0.024986994000000,-0.083658753000000,50.312986989999999,0.375175195000000,0.438128504000000,1.483542130000000,1.560025410000000,-93.530864440000002,44.076927660000003,1,0
252,252,44.841000000000001,66.316000000000003,38.817999999999998,51.365890960000002,0.226421811000000,0.193195210000000,0.296866144000000,0.585348935000000,48.972999999999999,-0.023594599000000,-0.079818636000000,48.996594600000002,0.372487550000000,0.432873772000000,1.478914386000000,1.551682507000000,-93.530864440000002,44.076888660000002,1,0
253,253,45.215000000000003,66.870999999999995,38.783999999999999,51.705336670000001,0.228450315000000,0.193208786000000,0.295435322000000,0.579982354000000,49.743000000000002,-0.023662756000000,-0.083339299000000,49.766662760000003,0.372511841000000,0.436620018000000,1.478956099000000,1.556478233000000,-93.530864440000002,44.076849660000001,1,0
254,254,44.353999999999999,64.927999999999997,37.688000000000002,50.343181739999999,0.225646302000000,0.188265222000000,0.287370450000000,0.580458354000000,47.814000000000000,-0.019271960000000,-0.082770633000000,47.833271959999998,0.363641606000000,0.432124992000000,1.463858953000000,1.545440267000000,-93.530864440000002,44.076810660000000,1,0
255,255,44.225000000000001,65.030000000000001,37.600000000000001,50.327300489999999,0.227647073000000,0.190426067000000,0.290349592000000,0.578194679000000,48.234999999999999,-0.021211399000000,-0.084368935000000,48.256211399999998,0.367524914000000,0.435530386000000,1.470435274000000,1.552085892000000,-93.530825440000001,44.078019660000002,1,0
256,256,45.618000000000002,66.293000000000006,38.668999999999997,51.546274789999998,0.222706377000000,0.184745021000000,0.282283389000000,0.583304421000000,48.298999999999999,-0.016122991000000,-0.080730509000000,48.315122989999999,0.357295295000000,0.427157021000000,1.453220220000000,1.535436785000000,-93.530825440000001,44.077980660000001,1,0
257,257,46.088000000000001,67.888000000000005,39.149000000000001,52.489771980000000,0.228669807000000,0.191268337000000,0.291338688000000,0.576670398000000,50.539000000000001,-0.021974204000000,-0.085416490000000,50.560974199999997,0.369036017000000,0.437306502000000,1.473008158000000,1.555263308000000,-93.530825440000001,44.077941660000000,1,0
258,258,46.475999999999999,68.670000000000002,39.698000000000000,53.077046770000003,0.228916309000000,0.192746600000000,0.294162867000000,0.578098151000000,51.165999999999997,-0.023272455000000,-0.084554778000000,51.189272449999997,0.371684650000000,0.437547846000000,1.477536793000000,1.557168188000000,-93.530825440000001,44.077902659999999,1,0
259,259,46.445999999999998,67.474000000000004,39.625000000000000,52.536058150000002,0.221143884000000,0.184585674000000,0.283033852000000,0.587263242000000,48.877000000000002,-0.015953629000000,-0.078146472000000,48.892953630000001,0.357007437000000,0.424252869000000,1.452740817000000,1.531645150000000,-93.530825440000001,44.077863659999998,1,0
260,260,44.081000000000003,66.272999999999996,38.390000000000001,51.019725559999998,0.232888562000000,0.201098284000000,0.308376410000000,0.579270593000000,50.075000000000003,-0.030654010000000,-0.084218523000000,50.105654010000002,0.386563729000000,0.443733114000000,1.503436855000000,1.574259380000000,-93.531098439999994,44.077161660000002,2,0
261,261,45.359000000000002,66.801000000000002,38.424999999999997,51.627812620000000,0.229168392000000,0.191173324000000,0.290798128000000,0.575215940000000,49.817999999999998,-0.021903908000000,-0.086369824000000,49.839903909999997,0.368865627000000,0.438247469000000,1.472717653000000,1.556366978000000,-93.530825440000001,44.077824659999997,1,0
262,262,45.212000000000003,66.495000000000005,38.631000000000000,51.504252670000000,0.226658304000000,0.190525213000000,0.291244732000000,0.580960975000000,49.146999999999998,-0.021273397000000,-0.082557969000000,49.168273399999997,0.367702865000000,0.433678115000000,1.470737857000000,1.549833658000000,-93.530825440000001,44.077785660000004,1,0
263,263,46.240000000000002,67.444000000000003,39.375999999999998,52.400063969999998,0.223451729000000,0.186517012000000,0.285352856000000,0.583832513000000,49.271999999999998,-0.017692408000000,-0.080475630000000,49.289692410000001,0.360492980000000,0.428286814000000,1.458564014000000,1.538736687000000,-93.530825440000001,44.077746660000003,1,0
264,264,45.201999999999998,66.277000000000001,38.582999999999998,51.395555649999999,0.225428610000000,0.189049059000000,0.289110514000000,0.582147653000000,48.768999999999998,-0.019953086000000,-0.081704895000000,48.788953090000000,0.365051348000000,0.431604141000000,1.466240432000000,1.545620336000000,-93.530825440000001,44.077707660000002,1,0
265,265,45.176000000000002,66.061000000000007,38.357999999999997,51.238861749999998,0.225303261000000,0.187752277000000,0.286570891000000,0.580645161000000,48.588000000000001,-0.018814800000000,-0.082621745000000,48.606814800000002,0.362718397000000,0.431561530000000,1.462302993000000,1.544178939000000,-93.530825440000001,44.077668660000001,1,0
266,266,44.761000000000003,65.141999999999996,37.835999999999999,50.591798349999998,0.224007779000000,0.185445347000000,0.282806277000000,0.580823432000000,47.686999999999998,-0.016763346000000,-0.082385829000000,47.703763350000003,0.358559830000000,0.429489360000000,1.455329416000000,1.539105880000000,-93.530825440000001,44.077629659999999,1,0
267,267,44.616999999999997,65.382000000000005,37.859999999999999,50.658537330000001,0.226443320000000,0.188774443000000,0.287847073000000,0.579058456000000,48.286999999999999,-0.019736370000000,-0.083714891000000,48.306736370000003,0.364557589000000,0.433535195000000,1.465405563000000,1.547773172000000,-93.530825440000001,44.077590659999998,1,0
268,268,44.822000000000003,66.048000000000002,38.087000000000003,51.061954389999997,0.228771424000000,0.191449445000000,0.291634035000000,0.576656371000000,49.186999999999998,-0.022135247000000,-0.085435394000000,49.209135250000003,0.369360752000000,0.437468365000000,1.473562090000000,1.555665989000000,-93.530825440000001,44.077551659999997,1,0
269,269,45.808999999999997,67.153000000000006,39.119999999999997,52.084432380000003,0.225224075000000,0.188948496000000,0.289049592000000,0.582550296000000,49.377000000000002,-0.019860339000000,-0.081436330000000,49.396860340000003,0.364870553000000,0.431237902000000,1.465934642000000,1.545049551000000,-93.530825440000001,44.077512659999996,1,0
270,270,45.276000000000003,67.302999999999997,38.436000000000000,51.823212560000002,0.233118662000000,0.195658160000000,0.297088060000000,0.571088956000000,50.893999999999998,-0.025935172000000,-0.089346091000000,50.919935170000002,0.376888241000000,0.444896349000000,1.486504992000000,1.569829975000000,-93.530825440000001,44.077473660000003,2,0
271,271,45.618000000000002,68.034999999999997,40.219000000000001,52.685643550000002,0.226369605000000,0.197240724000000,0.305267315000000,0.591151613000000,50.232999999999997,-0.027099147000000,-0.076221795000000,50.260099150000002,0.379709275000000,0.432283310000000,1.491406901000000,1.555295460000000,-93.531098439999994,44.077122660000001,1,0
272,272,45.140999999999998,66.992000000000004,38.555000000000000,51.678899530000002,0.231018008000000,0.194866810000000,0.296977357000000,0.575516480000000,50.287999999999997,-0.025181833000000,-0.086370514000000,50.313181829999998,0.375475655000000,0.441131523000000,1.484061053000000,1.564080472000000,-93.530825440000001,44.077434660000002,2,0
273,273,46.603999999999999,69.207999999999998,39.728000000000002,53.354144060000003,0.231743998000000,0.195178393000000,0.297092687000000,0.574037684000000,52.084000000000003,-0.025475119000000,-0.087365308000000,52.109475119999999,0.376031995000000,0.442427550000000,1.485022745000000,1.566097611000000,-93.530825440000001,44.077395660000001,2,0
274,274,45.216999999999999,67.921000000000006,38.552000000000000,52.102770350000000,0.237114716000000,0.200675282000000,0.304400290000000,0.567600595000000,52.073000000000000,-0.030438394000000,-0.091952007000000,52.103438390000001,0.385813629000000,0.451517485000000,1.502112038000000,1.584032856000000,-93.530825440000001,44.077356660000000,2,0
275,275,45.624000000000002,67.930000000000007,39.155000000000001,52.374129430000004,0.231513921000000,0.196435176000000,0.299815858000000,0.576402179000000,51.081000000000003,-0.026562940000000,-0.085869202000000,51.107562940000001,0.378273978000000,0.441825437000000,1.488909346000000,1.566684322000000,-93.530825440000001,44.077317659999999,2,0
276,276,48.496000000000002,72.085999999999999,41.597000000000001,55.613439090000000,0.230845410000000,0.195634506000000,0.298664303000000,0.577046861000000,54.079000000000001,-0.025845516000000,-0.085400699000000,54.104845519999998,0.376846036000000,0.440704814000000,1.486431871000000,1.564362620000000,-93.530825440000001,44.077278659999998,2,0
277,277,46.917000000000002,69.478999999999999,40.155999999999999,53.668863309999999,0.229548159000000,0.193838276000000,0.295933893000000,0.577958808000000,51.884999999999998,-0.024242424000000,-0.084704124000000,51.909242419999998,0.373637757000000,0.438561682000000,1.480891788000000,1.559650879000000,-93.530825440000001,44.077239659999996,2,0
278,278,46.517000000000003,69.777000000000001,39.497000000000000,53.518451730000002,0.237356363000000,0.200010319000000,0.302876414000000,0.566046118000000,53.539999999999999,-0.029868221000000,-0.092952738000000,53.569868219999996,0.384633702000000,0.452057455000000,1.500032246000000,1.584015555000000,-93.530825440000001,44.077200660000003,2,0
279,279,47.529000000000003,71.623999999999995,41.158000000000001,55.024189170000000,0.235242633000000,0.202218996000000,0.308930060000000,0.574639786000000,54.561000000000000,-0.031709614000000,-0.087347718000000,54.592709610000000,0.388549233000000,0.447884706000000,1.506953649000000,1.580934454000000,-93.530825440000001,44.077161660000002,2,0
280,280,49.948999999999998,74.733000000000004,42.956000000000003,57.518524050000003,0.233365378000000,0.198777690000000,0.303257225000000,0.574792929000000,56.561000000000000,-0.028659373000000,-0.087060213000000,56.589659370000000,0.382444034000000,0.444907053000000,1.496186110000000,1.573251323000000,-93.530825440000001,44.077122660000001,2,0
281,281,45.575000000000003,68.304000000000002,38.667000000000002,52.401189330000001,0.237111161000000,0.199589037000000,0.302199117000000,0.566101546000000,52.366000000000000,-0.029492743000000,-0.092891325000000,52.395492740000002,0.383885688000000,0.451669290000000,1.498716402000000,1.583036995000000,-93.530825440000001,44.077083660000000,2,0
282,282,42.173000000000002,63.734999999999999,36.649000000000001,48.934859269999997,0.235821069000000,0.203591797000000,0.311324160000000,0.575021574000000,48.648000000000003,-0.032918762000000,-0.087167940000000,48.680918759999997,0.390977716000000,0.448763340000000,1.511274986000000,1.583606561000000,-93.531098439999994,44.077083660000000,3,0
283,283,45.698999999999998,68.117999999999995,39.218000000000004,52.492894909999997,0.232052018000000,0.196974090000000,0.300526817000000,0.575736222000000,51.319000000000003,-0.027048714000000,-0.086338419000000,51.346048709999998,0.379234345000000,0.442741329000000,1.490579663000000,1.568460079000000,-93.530825440000001,44.077044659999999,2,0
284,284,45.883000000000003,68.409999999999997,39.435000000000002,52.726644159999999,0.231846870000000,0.197098685000000,0.300929760000000,0.576450811000000,51.502000000000002,-0.027150552000000,-0.085872450000000,51.529150549999997,0.379456293000000,0.442346831000000,1.490966153000000,1.568083487000000,-93.530825440000001,44.077005659999998,2,0
285,285,46.783000000000001,68.540000000000006,40.457999999999998,53.301752479999998,0.222177148000000,0.188661412000000,0.290616443000000,0.590283046000000,49.838999999999999,-0.019538968000000,-0.076381587000000,49.858538969999998,0.364354314000000,0.425611753000000,1.465062095000000,1.537669111000000,-93.530825440000001,44.076966659999997,1,0
286,286,45.569000000000003,66.843000000000004,39.122999999999998,51.881690859999999,0.224354102000000,0.189250258000000,0.290275485000000,0.585296890000000,48.994000000000000,-0.020103606000000,-0.079656845000000,49.014103609999999,0.365413008000000,0.429576714000000,1.466852465000000,1.543275537000000,-93.530825440000001,44.076927660000003,1,0
287,287,45.906999999999996,67.212000000000003,39.359999999999999,52.198707499999998,0.223755183000000,0.188341481000000,0.288846107000000,0.585609713000000,49.156999999999996,-0.019295772000000,-0.079407656000000,49.176295770000003,0.363778813000000,0.428589874000000,1.464090444000000,1.541062452000000,-93.530825440000001,44.076888660000002,1,0
288,288,43.975999999999999,64.594999999999999,37.844000000000001,50.128404910000000,0.224491730000000,0.189912592000000,0.291529402000000,0.585865779000000,47.369999999999997,-0.020685039000000,-0.079318376000000,47.390685040000001,0.366602990000000,0.429740835000000,1.468869383000000,1.544190948000000,-93.530825440000001,44.076849660000001,1,0
289,289,44.292000000000002,64.638000000000005,37.719000000000001,50.208150959999998,0.223700464000000,0.186780501000000,0.285714286000000,0.583542189000000,47.265000000000001,-0.017928523000000,-0.080678354000000,47.282928519999999,0.360967930000000,0.428712722000000,1.459360607000000,1.539552149000000,-93.530825440000001,44.076810660000000,1,0
290,290,46.768000000000001,67.974000000000004,40.359000000000002,53.030052429999998,0.218854645000000,0.184814628000000,0.285092024000000,0.593741725000000,48.820999999999998,-0.016110792000000,-0.073960838000000,48.837110789999997,0.357421023000000,0.419939416000000,1.453429696000000,1.526542243000000,-93.530786440000000,44.078019660000002,1,0
291,291,46.518000000000001,67.784999999999997,39.893999999999998,52.758132969999998,0.221450388000000,0.186058109000000,0.285812200000000,0.588537287000000,49.158000000000001,-0.017249363000000,-0.077390611000000,49.175249360000002,0.359665455000000,0.424614628000000,1.457177867000000,1.533656661000000,-93.530786440000000,44.077980660000001,1,0
292,292,46.704000000000001,68.864000000000004,40.348999999999997,53.390248530000001,0.225441652000000,0.191748581000000,0.294606416000000,0.585922979000000,50.674999999999997,-0.022309306000000,-0.079371717000000,50.697309310000001,0.369896968000000,0.431253324000000,1.474477561000000,1.548070594000000,-93.530786440000000,44.077941660000000,1,0
293,293,44.317000000000000,65.906999999999996,38.445999999999998,50.943838530000001,0.228593931000000,0.195873857000000,0.300788542000000,0.583337127000000,49.051000000000002,-0.025985068000000,-0.081271272000000,49.076985069999999,0.377273042000000,0.436527829000000,1.487171966000000,1.559242562000000,-93.531098439999994,44.077044659999999,1,0
294,294,46.957999999999998,69.561999999999998,40.408000000000001,53.779587429999999,0.228522231000000,0.193992448000000,0.296983393000000,0.580891866000000,51.758000000000003,-0.024347471000000,-0.082781913000000,51.782347469999998,0.373913387000000,0.436644870000000,1.481366327000000,1.557356835000000,-93.530786440000000,44.077902659999999,1,0
295,295,46.259000000000000,67.497000000000000,39.840000000000003,52.545109789999998,0.221151280000000,0.186697845000000,0.287326154000000,0.590248455000000,48.895000000000003,-0.017802547000000,-0.076310581000000,48.912802550000002,0.360818953000000,0.423967765000000,1.459110660000000,1.533529876000000,-93.530786440000000,44.077863659999998,1,0
296,296,45.575000000000003,67.271000000000001,39.218000000000004,52.091328740000002,0.226817425000000,0.192262021000000,0.294670506000000,0.582985239000000,49.749000000000002,-0.022793035000000,-0.081319707000000,49.771793029999998,0.370816911000000,0.433729840000000,1.476050466000000,1.551767092000000,-93.530786440000000,44.077824659999997,1,0
297,297,44.241999999999997,65.278000000000006,38.164000000000001,50.580176430000002,0.226096675000000,0.192074507000000,0.294803520000000,0.584638010000000,48.149999999999999,-0.022610439000000,-0.080228054000000,48.172610440000000,0.370481001000000,0.432421637000000,1.475475792000000,1.549902277000000,-93.530786440000000,44.077785660000004,1,0
298,298,44.814000000000000,66.319000000000003,38.509000000000000,51.281729810000002,0.228351415000000,0.193506879000000,0.296114232000000,0.580663158000000,49.314999999999998,-0.023919755000000,-0.082907205000000,49.338919760000003,0.373045117000000,0.436395876000000,1.479872361000000,1.556513165000000,-93.530786440000000,44.077746660000003,1,0
299,299,44.360999999999997,65.572999999999993,38.107999999999997,50.727823770000001,0.227872574000000,0.192952135000000,0.295324813000000,0.581153829000000,48.677000000000000,-0.023423083000000,-0.082556302000000,48.700423080000000,0.372052557000000,0.435587106000000,1.478167760000000,1.554879679000000,-93.530786440000000,44.077707660000002,1,0
300,300,44.926000000000002,66.141000000000005,38.320000000000000,51.190493119999999,0.227515682000000,0.191010831000000,0.291627146000000,0.579368319000000,49.036000000000001,-0.021719427000000,-0.083628428000000,49.057719429999999,0.368574183000000,0.435200488000000,1.472220986000000,1.552294305000000,-93.530786440000000,44.077668660000001,1,0
301,301,46.067000000000000,67.418999999999997,39.259999999999998,52.309456279999999,0.224881339000000,0.188146556000000,0.287662005000000,0.582328424000000,49.511000000000003,-0.019150747000000,-0.081540597000000,49.530150749999997,0.363428075000000,0.430715935000000,1.463498817000000,1.543532486000000,-93.530786440000000,44.077629659999999,1,0
302,302,44.423000000000002,65.191999999999993,38.137999999999998,50.589547130000000,0.224579117000000,0.189472244000000,0.290568994000000,0.585010431000000,47.823000000000000,-0.020302803000000,-0.079854893000000,47.843302799999996,0.365811937000000,0.429963991000000,1.467528082000000,1.544001296000000,-93.530786440000000,44.077590659999998,1,0
303,303,45.411999999999999,67.084000000000003,38.750000000000000,51.846167649999998,0.229038611000000,0.192646850000000,0.293873566000000,0.577634011000000,50.006000000000000,-0.023188712000000,-0.084855137000000,50.029188710000000,0.371506066000000,0.437788764000000,1.477230688000000,1.557369490000000,-93.530786440000000,44.077551659999997,1,0
304,304,44.149000000000001,65.712000000000003,38.661000000000001,50.865423970000002,0.226920097000000,0.196275293000000,0.302851124000000,0.588340029000000,48.613999999999997,-0.026281628000000,-0.078012685000000,48.640281629999997,0.377988944000000,0.433404289000000,1.488414234000000,1.555680929000000,-93.531098439999994,44.077005659999998,1,0
305,305,45.591999999999999,67.869000000000000,39.347999999999999,52.386692740000001,0.230190594000000,0.196340593000000,0.300581544000000,0.579763957000000,50.798000000000002,-0.026439542000000,-0.083645597000000,50.824439540000000,0.378105364000000,0.439402962000000,1.488616424000000,1.563448132000000,-93.530786440000000,44.077512659999996,2,0
306,306,46.405000000000001,69.475999999999999,39.859000000000002,53.444920189999998,0.233944302000000,0.199092172000000,0.303477941000000,0.573708907000000,52.688000000000002,-0.028952100000000,-0.087796327000000,52.716952100000000,0.383002989000000,0.445926130000000,1.497166254000000,1.574928382000000,-93.530786440000000,44.077473660000003,2,0
307,307,46.164000000000001,69.000000000000000,39.399000000000001,53.054676499999999,0.234551335000000,0.198291133000000,0.301405662000000,0.571000000000000,52.436999999999998,-0.028275849000000,-0.089551833000000,52.465275849999998,0.381578825000000,0.447153054000000,1.494671172000000,1.575658621000000,-93.530786440000000,44.077434660000002,2,0
308,308,46.622999999999998,69.846999999999994,39.801000000000002,53.654534259999998,0.235584960000000,0.199398987000000,0.302912520000000,0.569831202000000,53.270000000000003,-0.029274785000000,-0.090391691000000,53.299274789999998,0.383548117000000,0.448893854000000,1.498123244000000,1.579162118000000,-93.530786440000000,44.077395660000001,2,0
309,309,46.680999999999997,70.364999999999995,40.066000000000003,53.961817799999999,0.237311904000000,0.202347795000000,0.307664328000000,0.569402402000000,53.982999999999997,-0.031898264000000,-0.090843475000000,54.014898260000002,0.388777249000000,0.451643746000000,1.507358454000000,1.586046105000000,-93.530786440000000,44.077356660000000,2,0
310,310,46.631999999999998,69.641999999999996,39.890000000000001,53.590309099999999,0.233660753000000,0.197894628000000,0.301241098000000,0.572786537000000,52.762000000000000,-0.027901437000000,-0.088343024000000,52.789901440000001,0.380873385000000,0.445571833000000,1.493437983000000,1.573154057000000,-93.530786440000000,44.077317659999999,2,0
311,311,46.271000000000001,69.162999999999997,39.935000000000002,53.289555679999999,0.232127269000000,0.198312456000000,0.303209314000000,0.577404103000000,52.119999999999997,-0.028214123000000,-0.085306593000000,52.148214119999999,0.381616752000000,0.442698225000000,1.494737525000000,1.569863955000000,-93.530786440000000,44.077278659999998,2,0
312,312,47.195999999999998,70.284999999999997,40.735999999999997,54.242865389999999,0.230361222000000,0.196533908000000,0.300853476000000,0.579583126000000,52.637999999999998,-0.026612817000000,-0.083774816000000,52.664612820000002,0.378449967000000,0.439691030000000,1.489215188000000,1.564030020000000,-93.530786440000000,44.077239659999996,2,0
313,313,46.856999999999999,70.201999999999998,40.728000000000002,54.106898010000002,0.231673458000000,0.199429348000000,0.305839043000000,0.580154412000000,52.819000000000003,-0.029167168000000,-0.083548074000000,52.848167170000004,0.383602050000000,0.441722366000000,1.498217982000000,1.569815129000000,-93.530786440000000,44.077200660000003,2,0
314,314,46.710999999999999,69.966999999999999,40.679000000000002,53.950840739999997,0.231141454000000,0.199317781000000,0.306004026000000,0.581402661000000,52.543999999999997,-0.029052409000000,-0.082718913000000,52.573052410000003,0.383403855000000,0.440763392000000,1.497869881000000,1.568448888000000,-93.530786440000000,44.077161660000002,2,0
315,315,43.927999999999997,65.965000000000003,38.698999999999998,50.920405240000001,0.229789753000000,0.200531426000000,0.309534511000000,0.586659592000000,49.302999999999997,-0.030054108000000,-0.079320556000000,49.333054109999999,0.385558447000000,0.438152009000000,1.501661810000000,1.566394026000000,-93.531098439999994,44.076966659999997,3,0
316,316,47.621000000000002,71.102000000000004,41.363999999999997,54.876329269999999,0.230196938000000,0.197779706000000,0.303532879000000,0.581755787000000,53.219000000000001,-0.027688694000000,-0.082407691000000,53.246688689999999,0.380668859000000,0.439227363000000,1.493080784000000,1.564785841000000,-93.530786440000000,44.077122660000001,2,0
317,317,46.344999999999999,69.542000000000002,39.854999999999997,53.455183140000003,0.234743701000000,0.200169130000000,0.305095223000000,0.573106899000000,52.884000000000000,-0.029914859000000,-0.088254934000000,52.913914859999998,0.384915586000000,0.447244333000000,1.500528644000000,1.577838230000000,-93.530786440000000,44.077083660000000,2,0
318,318,45.613000000000000,67.751999999999995,38.779000000000003,52.200543150000001,0.232437152000000,0.195289551000000,0.296825141000000,0.572366867000000,51.112000000000002,-0.025592859000000,-0.088478021000000,51.137592859999998,0.376230424000000,0.443691771000000,1.485366014000000,1.567860177000000,-93.530786440000000,44.077044659999999,2,0
319,319,46.009999999999998,68.438000000000002,39.747999999999998,52.853834450000001,0.229605541000000,0.195966727000000,0.300240964000000,0.580788451000000,51.118000000000002,-0.026096656000000,-0.082951568000000,51.144096660000002,0.377438692000000,0.438376311000000,1.487459248000000,1.561718954000000,-93.530786440000000,44.077005659999998,2,0
320,320,46.643999999999998,68.403999999999996,40.527999999999999,53.220574769999999,0.221609072000000,0.189138447000000,0.292002147000000,0.592479972000000,49.636000000000003,-0.019941379000000,-0.074978146000000,49.655941380000002,0.365212034000000,0.424495198000000,1.466512306000000,1.536781898000000,-93.530786440000000,44.076966659999997,1,0
321,321,45.073000000000000,66.558000000000007,39.301000000000002,51.659498300000003,0.224111453000000,0.192464459000000,0.297041338000000,0.590477478000000,48.741999999999997,-0.022896404000000,-0.076435746000000,48.764896399999998,0.371179477000000,0.428703421000000,1.476671178000000,1.545615919000000,-93.530786440000000,44.076927660000003,1,0
322,322,44.341999999999999,65.528000000000006,38.259000000000000,50.740788420000001,0.226788731000000,0.192827888000000,0.295848403000000,0.583857282000000,48.454999999999998,-0.023285110000000,-0.080776890000000,48.478285110000002,0.371830165000000,0.433600174000000,1.477786297000000,1.552211259000000,-93.530786440000000,44.076888660000002,1,0
323,323,44.475999999999999,66.180000000000007,38.545000000000002,51.132585829999996,0.229077774000000,0.196139387000000,0.300980433000000,0.582426715000000,49.338999999999999,-0.026230387000000,-0.081882829000000,49.365230390000001,0.377746613000000,0.437383094000000,1.487993525000000,1.560628544000000,-93.530786440000000,44.076849660000001,3,0
324,324,42.427999999999997,62.874000000000002,35.872000000000000,48.442665230000003,0.232533522000000,0.194165353000000,0.294483653000000,0.570537901000000,47.448000000000000,-0.024613597000000,-0.089628402000000,47.472613600000003,0.374222451000000,0.444038478000000,1.481898746000000,1.567087409000000,-93.530786440000000,44.076810660000000,3,0
325,325,43.104999999999997,63.747000000000000,37.423999999999999,49.404037660000000,0.225768304000000,0.193183094000000,0.297315204000000,0.587070764000000,46.965000000000003,-0.023565943000000,-0.078692229000000,46.988565940000001,0.372465871000000,0.431669349000000,1.478877160000000,1.550139529000000,-93.530747439999999,44.078019660000002,1,0
326,326,43.750999999999998,64.855999999999995,38.082999999999998,50.235331610000003,0.226324298000000,0.194324491000000,0.299259826000000,0.587193166000000,47.878000000000000,-0.024572909000000,-0.078667939000000,47.902572910000004,0.374506851000000,0.432549059000000,1.482388974000000,1.552486030000000,-93.531098439999994,44.076927660000003,1,0
327,327,42.799999999999997,63.241000000000000,36.567000000000000,48.882203890000000,0.228881364000000,0.192765063000000,0.294225178000000,0.578216663000000,47.115000000000002,-0.023287614000000,-0.084477729000000,47.138287609999999,0.371717701000000,0.437480478000000,1.477593458000000,1.557101730000000,-93.530747439999999,44.077980660000001,3,0
328,328,44.640000000000001,65.962999999999994,38.540999999999997,51.085730720000001,0.226608153000000,0.192788622000000,0.295897977000000,0.584282098000000,48.744999999999997,-0.023245990000000,-0.080496701000000,48.768245989999997,0.371759877000000,0.433271707000000,1.477665771000000,1.551750933000000,-93.530747439999999,44.077941660000000,1,0
329,329,44.276000000000003,65.376999999999995,38.396999999999998,50.691373079999998,0.225280775000000,0.192434316000000,0.296129449000000,0.587316640000000,48.081000000000003,-0.022901722000000,-0.078495103000000,48.103901720000003,0.371125496000000,0.430865878000000,1.476578733000000,1.548316281000000,-93.530747439999999,44.077902659999999,1,0
330,330,43.661000000000001,64.986000000000004,37.784999999999997,50.190202700000000,0.229526341000000,0.196277854000000,0.300937033000000,0.581432924000000,48.526000000000003,-0.026364456000000,-0.082543433000000,48.552364460000000,0.377993510000000,0.438189728000000,1.488422162000000,1.561816309000000,-93.530747439999999,44.077863659999998,3,0
331,331,42.933000000000000,63.594000000000001,36.838000000000001,49.140877650000000,0.229113013000000,0.193950829000000,0.296474336000000,0.579268484000000,47.417000000000002,-0.024328114000000,-0.083847522000000,47.441328110000001,0.373838986000000,0.437741710000000,1.481238208000000,1.558718914000000,-93.530747439999999,44.077824659999997,3,0
332,332,43.313000000000002,64.156999999999996,37.719000000000001,49.715388560000001,0.225855760000000,0.193951801000000,0.298834425000000,0.587917141000000,47.281999999999996,-0.024235996000000,-0.078176721000000,47.306235999999998,0.373840722000000,0.431733058000000,1.481241198000000,1.551047608000000,-93.530747439999999,44.077785660000004,1,0
333,333,43.155999999999999,63.810000000000002,36.972999999999999,49.332744920000003,0.228597972000000,0.193089393000000,0.295086652000000,0.579423288000000,47.491000000000000,-0.023562759000000,-0.083700734000000,47.514562759999997,0.372298201000000,0.436909871000000,1.478589304000000,1.556720600000000,-93.530747439999999,44.077746660000003,3,0
334,334,43.442000000000000,64.646000000000001,37.271000000000001,49.851245790000000,0.231323064000000,0.196173488000000,0.299419631000000,0.576539925000000,48.579000000000001,-0.026329295000000,-0.085764211000000,48.605329300000001,0.377807422000000,0.441510186000000,1.488099075000000,1.565990978000000,-93.530747439999999,44.077707660000002,3,0
335,335,43.030000000000001,63.750000000000000,37.034999999999997,49.285679549999998,0.228530822000000,0.194043828000000,0.297082228000000,0.580941176000000,47.435000000000002,-0.024392449000000,-0.082752147000000,47.459392450000003,0.374005235000000,0.436653731000000,1.481524518000000,1.557423735000000,-93.530747439999999,44.077668660000001,3,0
336,336,42.963999999999999,63.707999999999998,36.915999999999997,49.218579200000001,0.229314603000000,0.194465277000000,0.297379437000000,0.579456269000000,47.536000000000001,-0.024782015000000,-0.083750731000000,47.560782019999998,0.374758411000000,0.438042824000000,1.482822828000000,1.559662596000000,-93.530747439999999,44.077629659999999,3,0
337,337,44.149000000000001,66.144999999999996,38.176000000000002,50.930351799999997,0.232812245000000,0.199430613000000,0.305000139000000,0.577156248000000,49.965000000000003,-0.029207247000000,-0.085529737000000,49.994207250000002,0.383604297000000,0.443806190000000,1.498221930000000,1.572528732000000,-93.531098439999994,44.077941660000000,3,0
338,338,43.210999999999999,64.224000000000004,37.405000000000001,49.635493760000003,0.228791184000000,0.195588030000000,0.300057118000000,0.582414674000000,47.832000000000001,-0.025742889000000,-0.081862745000000,47.857742889999997,0.376763109000000,0.436927674000000,1.486288214000000,1.559446087000000,-93.531098439999994,44.076888660000002,3,0
339,339,44.712000000000003,66.179000000000002,38.341000000000001,51.149634300000002,0.228888033000000,0.193586495000000,0.295892488000000,0.579352967000000,49.305000000000000,-0.024004235000000,-0.083772917000000,49.329004240000003,0.373187515000000,0.437376683000000,1.480117194000000,1.557856332000000,-93.530747439999999,44.077590659999998,1,0
340,340,43.927000000000000,65.480999999999995,37.752000000000002,50.472950490000002,0.231766216000000,0.197005703000000,0.300798258000000,0.576533651000000,49.283000000000001,-0.027067138000000,-0.085812721000000,49.310067140000001,0.379290663000000,0.442211222000000,1.490677715000000,1.567806119000000,-93.530747439999999,44.077551659999997,3,0
341,341,45.534999999999997,68.042000000000002,39.323000000000000,52.438689019999998,0.231852703000000,0.198165121000000,0.303108250000000,0.577922460000000,51.225999999999999,-0.028077175000000,-0.084956181000000,51.254077170000002,0.381354668000000,0.442214055000000,1.494279126000000,1.569073891000000,-93.530747439999999,44.077512659999996,2,0
342,342,45.244000000000000,67.936000000000007,38.862000000000002,52.193788509999997,0.235323532000000,0.200494787000000,0.305336527000000,0.572038389000000,51.765999999999998,-0.030217966000000,-0.088983307000000,51.796217970000001,0.385493447000000,0.448261599000000,1.501547166000000,1.579533771000000,-93.530747439999999,44.077473660000003,2,0
343,343,44.680999999999997,67.263999999999996,38.515000000000001,51.653469330000000,0.235766383000000,0.201732994000000,0.307544600000000,0.572594553000000,51.332000000000001,-0.031307989000000,-0.088681377000000,51.363307990000003,0.387688537000000,0.448904221000000,1.505427363000000,1.581743173000000,-93.530747439999999,44.077434660000002,2,0
344,344,45.783000000000001,68.897000000000006,39.853000000000002,53.013021379999998,0.233442241000000,0.201552145000000,0.308899194000000,0.578443183000000,52.158000000000001,-0.031066504000000,-0.084789657000000,52.189066500000003,0.387368131000000,0.444686476000000,1.504859882000000,1.576003071000000,-93.530747439999999,44.077395660000001,2,0
345,345,45.758000000000003,69.078999999999994,39.759999999999998,53.061475049999999,0.235340403000000,0.203079147000000,0.310627756000000,0.575572895000000,52.640000000000001,-0.032457292000000,-0.086773999000000,52.672457289999997,0.390071309000000,0.447953242000000,1.509659513000000,1.581972345000000,-93.530747439999999,44.077356660000000,2,0
346,346,45.219999999999999,68.373000000000005,39.055999999999997,52.424824479999998,0.237397182000000,0.203824179000000,0.310624254000000,0.571219633000000,52.469999999999999,-0.033180696000000,-0.089713002000000,52.503180700000001,0.391388403000000,0.451601318000000,1.512007961000000,1.587622075000000,-93.530747439999999,44.077317659999999,2,0
347,347,46.442000000000000,69.792000000000002,40.030999999999999,53.635385049999996,0.234945169000000,0.200887864000000,0.306418382000000,0.573575768000000,53.110999999999997,-0.030545548000000,-0.087982594000000,53.141545549999996,0.386190644000000,0.447516246000000,1.502777658000000,1.578985166000000,-93.530747439999999,44.077278659999998,2,0
348,348,45.918999999999997,69.230999999999995,39.637000000000000,53.143132799999997,0.236168522000000,0.202448980000000,0.308715056000000,0.572532536000000,52.905999999999999,-0.031943251000000,-0.088761976000000,52.937943249999996,0.388956354000000,0.449543282000000,1.507676561000000,1.583376157000000,-93.530747439999999,44.077239659999996,2,0
349,349,42.514000000000003,63.405999999999999,36.908999999999999,48.955882559999999,0.229781560000000,0.197243202000000,0.302734347000000,0.582105794000000,47.389000000000003,-0.027210160000000,-0.082149984000000,47.416210159999999,0.379713689000000,0.438533811000000,1.491414593000000,1.563307764000000,-93.531098439999994,44.076849660000001,3,0
350,350,43.728000000000002,66.825000000000003,37.938000000000002,51.045765260000003,0.241431199000000,0.208922417000000,0.318074778000000,0.567721661000000,51.984000000000002,-0.037751783000000,-0.092340950000000,52.021751780000002,0.400369285000000,0.458259844000000,1.528197036000000,1.602213987000000,-93.530747439999999,44.077200660000003,2,0
351,351,45.503000000000000,68.343000000000004,39.165999999999997,52.520675969999999,0.234993562000000,0.200621893000000,0.305838243000000,0.573079906000000,52.017000000000003,-0.030316576000000,-0.088297650000000,52.047316580000000,0.385718929000000,0.447640436000000,1.501944927000000,1.578856169000000,-93.530747439999999,44.077161660000002,2,0
352,352,45.213000000000001,67.472999999999999,39.270000000000003,52.086319369999998,0.229974160000000,0.197540067000000,0.303203661000000,0.582010582000000,50.463000000000001,-0.027473742000000,-0.082227750000000,50.490473739999999,0.380242290000000,0.438849313000000,1.492336275000000,1.564037288000000,-93.530747439999999,44.077122660000001,2,0
353,353,43.744000000000000,66.361999999999995,37.945000000000000,50.850354330000002,0.238021948000000,0.205420231000000,0.313438007000000,0.571788071000000,51.034999999999997,-0.034585379000000,-0.089421888000000,51.069585379999999,0.394205968000000,0.452531005000000,1.517053767000000,1.590627051000000,-93.530747439999999,44.077083660000000,2,0
354,354,44.091999999999999,66.239000000000004,38.021000000000001,50.915963529999999,0.234702294000000,0.200732342000000,0.306278523000000,0.573997192000000,50.365000000000002,-0.030402017000000,-0.087694133000000,50.395402019999999,0.385914835000000,0.447092858000000,1.502290665000000,1.578257800000000,-93.530747439999999,44.077044659999999,2,0
355,355,43.393000000000001,64.956000000000003,37.549999999999997,50.040772990000001,0.232240165000000,0.199014296000000,0.304566449000000,0.578083626000000,48.969000000000001,-0.028826791000000,-0.084894345000000,48.997826789999998,0.382864593000000,0.442812868000000,1.496923467000000,1.570779550000000,-93.530747439999999,44.077005659999998,3,0
356,356,43.715000000000003,64.486000000000004,37.954000000000001,50.033160789999997,0.224566917000000,0.191966803000000,0.295685225000000,0.588561858000000,47.302999999999997,-0.022476138000000,-0.077660018000000,47.325476139999999,0.370288027000000,0.429607341000000,1.475145831000000,1.546223045000000,-93.530747439999999,44.076966659999997,1,0
357,357,43.270000000000003,64.808999999999997,37.359000000000002,49.893868230000002,0.233006892000000,0.199289409000000,0.304567308000000,0.576447716000000,48.988999999999997,-0.029091434000000,-0.085991282000000,49.018091429999998,0.383353449000000,0.444181244000000,1.497781373000000,1.572863540000000,-93.530747439999999,44.076927660000003,3,0
358,358,42.710000000000001,64.138999999999996,37.329000000000001,49.434838130000003,0.231565355000000,0.200554053000000,0.308242232000000,0.582001590000000,48.238999999999997,-0.030136359000000,-0.082387049000000,48.269136359999997,0.385598587000000,0.441385961000000,1.501732615000000,1.570606982000000,-93.530747439999999,44.076888660000002,3,0
359,359,43.490000000000002,64.081000000000003,37.715000000000003,49.733207839999999,0.224280808000000,0.191417761000000,0.294763514000000,0.588551989000000,46.957000000000001,-0.021991107000000,-0.077639965000000,46.978991110000003,0.369303946000000,0.429149279000000,1.473465164000000,1.545056431000000,-93.530747439999999,44.076849660000001,1,0
360,360,41.808999999999997,62.302999999999997,35.773000000000003,47.990845720000003,0.232575623000000,0.196845705000000,0.299887326000000,0.574177808000000,47.024000000000001,-0.026953569000000,-0.087363191000000,47.050953569999997,0.379005612000000,0.443723004000000,1.490181540000000,1.569596712000000,-93.531098439999994,44.076810660000000,3,0
361,361,42.082000000000001,62.133000000000003,35.820000000000000,48.008599269999998,0.229334019000000,0.192400326000000,0.293164705000000,0.576505239000000,46.363999999999997,-0.022981398000000,-0.085585746000000,46.386981400000003,0.371064625000000,0.438372209000000,1.476474502000000,1.557852102000000,-93.530747439999999,44.076810660000000,3,0
362,362,44.482999999999997,65.405000000000001,37.863999999999997,50.630141909999999,0.227358238000000,0.190393856000000,0.290486504000000,0.578915985000000,48.463000000000001,-0.021176025000000,-0.083893281000000,48.484176020000000,0.367467095000000,0.434998027000000,1.470336983000000,1.551372484000000,-93.530708439999998,44.078019660000002,1,0
363,363,45.048000000000002,66.274000000000001,38.201000000000001,51.253883690000002,0.228450813000000,0.190672104000000,0.290285964000000,0.576410055000000,49.298999999999999,-0.021446868000000,-0.085556068000000,49.320446869999998,0.367966474000000,0.436988588000000,1.471186290000000,1.554213689000000,-93.530708439999998,44.077980660000001,1,0
364,364,45.948999999999998,67.406000000000006,39.140000000000001,52.239254199999998,0.226115388000000,0.189290283000000,0.289119450000000,0.580660475000000,49.722999999999999,-0.020180334000000,-0.082691236000000,49.743180330000001,0.365484943000000,0.432847600000000,1.466974254000000,1.547453786000000,-93.530708439999998,44.077941660000000,1,0
365,365,45.591000000000001,67.527000000000001,39.207000000000001,52.203524340000001,0.228590142000000,0.193921392000000,0.296789382000000,0.580612200000000,50.256000000000000,-0.024287543000000,-0.082962088000000,50.280287540000003,0.373786358000000,0.436779977000000,1.481147595000000,1.557453184000000,-93.530708439999998,44.077902659999999,1,0
366,366,44.979999999999997,65.938999999999993,38.555000000000000,51.178251060000001,0.224420067000000,0.188957708000000,0.289632967000000,0.584707078000000,48.343000000000004,-0.019849606000000,-0.080027296000000,48.362849609999998,0.364887116000000,0.429740372000000,1.465962650000000,1.543169059000000,-93.530708439999998,44.077863659999998,1,0
367,367,46.156999999999996,68.010000000000005,39.520000000000003,52.655038220000002,0.227080204000000,0.191412580000000,0.292751216000000,0.581091016000000,50.343000000000004,-0.022059120000000,-0.082518365000000,50.365059119999998,0.369294656000000,0.434334768000000,1.473449314000000,1.551623232000000,-93.530708439999998,44.077824659999997,1,0
368,368,43.805000000000000,65.159000000000006,37.442000000000000,50.221100049999997,0.231942902000000,0.195972982000000,0.298565476000000,0.574625148000000,49.070999999999998,-0.026173791000000,-0.087019658000000,49.097173789999999,0.377449848000000,0.442680662000000,1.487478598000000,1.567290687000000,-93.530708439999998,44.077785660000004,3,0
369,369,45.473999999999997,66.771000000000001,38.593000000000004,51.690330390000000,0.227357324000000,0.189736737000000,0.289157117000000,0.577990445000000,49.475000000000001,-0.020600910000000,-0.084466779000000,49.495600910000000,0.366287126000000,0.435093909000000,1.468333553000000,1.550788282000000,-93.530708439999998,44.077746660000003,1,0
370,370,45.069000000000003,66.248999999999995,38.674999999999997,51.367630490000003,0.225460364000000,0.190265725000000,0.291562848000000,0.583782397000000,48.753999999999998,-0.021016981000000,-0.080697099000000,48.775016979999997,0.367237084000000,0.431490187000000,1.469946083000000,1.546779672000000,-93.530708439999998,44.077707660000002,1,0
371,371,45.244999999999997,67.412999999999997,39.134000000000000,52.035540900000001,0.230136174000000,0.196772533000000,0.301506991000000,0.580511177000000,50.447000000000003,-0.026813007000000,-0.083175661000000,50.473813010000001,0.378875233000000,0.439245837000000,1.489954691000000,1.563714658000000,-93.531059440000007,44.078019660000002,2,0
372,372,43.828000000000003,64.656000000000006,37.509999999999998,50.027632429999997,0.227742701000000,0.191991446000000,0.293459577000000,0.580147241000000,47.973999999999997,-0.022581750000000,-0.083167801000000,47.996581749999997,0.370332182000000,0.435481060000000,1.475221320000000,1.553708380000000,-93.530708439999998,44.077668660000001,1,0
373,373,44.524000000000001,65.546999999999997,37.881999999999998,50.707795949999998,0.228046838000000,0.190994903000000,0.291221654000000,0.577936443000000,48.688000000000002,-0.021719059000000,-0.084568748000000,48.709719059999998,0.368545612000000,0.436189479000000,1.472172312000000,1.553539678000000,-93.530708439999998,44.077629659999999,1,0
374,374,44.991000000000000,67.028999999999996,38.076999999999998,51.532950139999997,0.234840599000000,0.196732726000000,0.298040382000000,0.568067553000000,50.990000000000002,-0.026926587000000,-0.091415551000000,51.016926589999997,0.378804300000000,0.447914991000000,1.489831300000000,1.574951728000000,-93.530708439999998,44.077590659999998,2,0
375,375,46.167999999999999,68.408000000000001,39.270000000000003,52.767640299999997,0.231167943000000,0.194106968000000,0.295328393000000,0.574055666000000,51.378000000000000,-0.024523225000000,-0.087295087000000,51.402523219999999,0.374118096000000,0.441518866000000,1.481718940000000,1.563756491000000,-93.530708439999998,44.077551659999997,2,0
376,376,47.529000000000003,70.361000000000004,40.981000000000002,54.433808499999998,0.227769247000000,0.193672067000000,0.296870327000000,0.582439135000000,52.212000000000003,-0.024047183000000,-0.081749344000000,52.236047180000000,0.373340552000000,0.435298022000000,1.480380399000000,1.555287122000000,-93.530708439999998,44.077512659999996,1,0
377,377,46.215000000000003,68.439999999999998,39.710000000000001,52.904769549999997,0.228697740000000,0.193842397000000,0.296550804000000,0.580216248000000,50.954999999999998,-0.024221812000000,-0.083218346000000,50.979221809999999,0.373645125000000,0.436989553000000,1.480904468000000,1.557636466000000,-93.530708439999998,44.077473660000003,1,0
378,378,45.869000000000000,68.671000000000006,38.811999999999998,52.681567760000000,0.237187138000000,0.199074559000000,0.301103951000000,0.565187634000000,52.661000000000001,-0.029046899000000,-0.093472534000000,52.690046899999999,0.382971690000000,0.451885841000000,1.497111339000000,1.582757323000000,-93.530708439999998,44.077434660000002,2,0
379,379,46.183000000000000,70.105999999999995,39.685000000000002,53.611627939999998,0.240375088000000,0.205720231000000,0.312294397000000,0.566071378000000,54.344000000000001,-0.034940439000000,-0.093265544000000,54.378940440000001,0.394734958000000,0.456765088000000,1.518004461000000,1.596625328000000,-93.530708439999998,44.077395660000001,2,0
380,380,44.633000000000003,68.614999999999995,38.268000000000001,52.168198289999999,0.246803040000000,0.211765329000000,0.319845292000000,0.557720615000000,54.329000000000001,-0.040449853000000,-0.099262124000000,54.369449850000002,0.405352793000000,0.467578981000000,1.537315439000000,1.618132770000000,-93.530708439999998,44.077356660000000,2,0
381,381,46.143999999999998,70.015000000000001,39.561000000000000,53.530183639999997,0.240658294000000,0.205502802000000,0.311639991000000,0.565036064000000,54.325000000000003,-0.034763678000000,-0.093948112000000,54.359763680000000,0.394351584000000,0.457309600000000,1.517315361000000,1.597115156000000,-93.530708439999998,44.077317659999999,2,0
382,382,44.475000000000001,66.426000000000002,38.503999999999998,51.228238040000001,0.231074313000000,0.197933292000000,0.303203171000000,0.579652546000000,49.872999999999998,-0.027850474000000,-0.083801747000000,49.900850470000002,0.380942188000000,0.440816566000000,1.493558179000000,1.567008349000000,-93.531059440000007,44.077980660000001,3,0
383,383,46.337000000000003,70.061000000000007,39.545000000000002,53.601829309999999,0.239995752000000,0.203817935000000,0.308693220000000,0.564436705000000,54.240000000000002,-0.033276261000000,-0.094252387000000,54.273276260000003,0.391377369000000,0.456337971000000,1.511988260000000,1.593936141000000,-93.530708439999998,44.077278659999998,2,0
384,384,46.753000000000000,70.876999999999995,39.911000000000001,54.167271970000002,0.241180643000000,0.205083737000000,0.310400288000000,0.563102276000000,55.090000000000003,-0.034421516000000,-0.095223466000000,55.124421519999999,0.393612397000000,0.458318663000000,1.515988279000000,1.598006577000000,-93.530708439999998,44.077239659999996,2,0
385,385,45.698000000000000,69.454999999999998,38.908999999999999,52.997529849999999,0.242947964000000,0.206308129000000,0.311591732000000,0.560204449000000,54.302999999999997,-0.035555815000000,-0.097249159000000,54.338555820000003,0.395771038000000,0.461361046000000,1.519869579000000,1.603486894000000,-93.530708439999998,44.077200660000003,2,0
386,386,46.439000000000000,69.381000000000000,39.573999999999998,53.342932550000000,0.234674675000000,0.198083233000000,0.300894473000000,0.570386705000000,52.749000000000002,-0.028098897000000,-0.089948132000000,52.777098899999999,0.381208981000000,0.447409774000000,1.494024419000000,1.575767630000000,-93.530708439999998,44.077161660000002,2,0
387,387,46.801000000000002,69.754000000000005,40.143000000000001,53.750704079999998,0.232119831000000,0.196928489000000,0.300384756000000,0.575493878000000,52.564000000000000,-0.027011194000000,-0.086496318000000,52.591011190000003,0.379153105000000,0.442872422000000,1.490438238000000,1.568580716000000,-93.530708439999998,44.077122660000001,2,0
388,388,45.993000000000002,68.617999999999995,39.692000000000000,52.912635029999997,0.231252327000000,0.197406881000000,0.301992819000000,0.578448804000000,51.551000000000002,-0.027399338000000,-0.084568673000000,51.578399339999997,0.380005159000000,0.441212549000000,1.491922684000000,1.566947958000000,-93.530708439999998,44.077083660000000,2,0
389,389,45.201000000000001,67.915000000000006,38.784999999999997,52.153152190000000,0.235851803000000,0.200802716000000,0.305579099000000,0.571081499000000,51.844000000000001,-0.030504078000000,-0.089637330000000,51.874504080000001,0.386039645000000,0.449186378000000,1.502511006000000,1.581091181000000,-93.530708439999998,44.077044659999999,2,0
390,390,46.372999999999998,68.605999999999995,39.613999999999997,52.998450800000001,0.229503716000000,0.193365745000000,0.295004312000000,0.577413054000000,51.225000000000001,-0.023829022000000,-0.085038779000000,51.248829020000002,0.372792657000000,0.438546683000000,1.479438466000000,1.559120204000000,-93.530708439999998,44.077005659999998,1,0
391,391,46.430000000000000,68.236000000000004,40.180000000000000,52.997889880000002,0.223514223000000,0.190169710000000,0.292753001000000,0.588838736000000,49.862000000000002,-0.020885267000000,-0.077393023000000,49.882885270000003,0.367064702000000,0.427893096000000,1.469653241000000,1.542139038000000,-93.530708439999998,44.076966659999997,1,0
392,392,45.039000000000001,66.247000000000000,38.649999999999999,51.351725160000001,0.225757807000000,0.190572040000000,0.291976430000000,0.583422646000000,48.805000000000000,-0.021291751000000,-0.080947871000000,48.826291750000003,0.367786904000000,0.431999543000000,1.470880792000000,1.547753319000000,-93.530708439999998,44.076927660000003,1,0
393,393,46.180000000000000,68.594999999999999,40.281999999999996,53.105260090000002,0.226816662000000,0.195295143000000,0.300900756000000,0.587243968000000,50.728000000000002,-0.025429358000000,-0.078682033000000,50.753429359999998,0.376240404000000,0.433333738000000,1.485383283000000,1.554532187000000,-93.531059440000007,44.077941660000000,1,0
394,394,45.871000000000002,67.334000000000003,39.399999999999999,52.250601899999999,0.224594092000000,0.189594099000000,0.290806856000000,0.585142721000000,49.396999999999998,-0.020409554000000,-0.079774581000000,49.417409550000002,0.366030881000000,0.429974867000000,1.467899108000000,1.544145386000000,-93.530708439999998,44.076888660000002,1,0
395,395,44.801000000000002,65.197999999999993,38.402000000000001,50.769486929999999,0.220942046000000,0.185428958000000,0.284886238000000,0.589005798000000,47.192999999999998,-0.016688567000000,-0.077056085000000,47.209688569999997,0.358530249000000,0.423753965000000,1.455280016000000,1.531918083000000,-93.530708439999998,44.076849660000001,1,0
396,396,45.338999999999999,65.463999999999999,38.396000000000001,51.040549349999999,0.219846923000000,0.181628656000000,0.277942740000000,0.586520836000000,47.192999999999998,-0.013333870000000,-0.078483100000000,47.206333870000002,0.351656526000000,0.422260565000000,1.443878339000000,1.526049159000000,-93.530708439999998,44.076810660000000,1,0
397,397,43.667000000000002,63.613999999999997,36.579000000000001,49.300341869999997,0.226447651000000,0.185932271000000,0.282127804000000,0.575014934000000,46.981999999999999,-0.017240373000000,-0.086218546000000,46.999240370000003,0.359438464000000,0.433988323000000,1.456798040000000,1.545305026000000,-93.530669439999997,44.078019660000002,1,0
398,398,45.244000000000000,64.843000000000004,37.945999999999998,50.634418799999999,0.218418234000000,0.178031920000000,0.271676301000000,0.585198094000000,46.496000000000002,-0.010142333000000,-0.079162079000000,46.506142330000003,0.345124978000000,0.420131651000000,1.433184511000000,1.519643224000000,-93.530669439999997,44.077980660000001,1,0
399,399,45.156999999999996,66.230000000000004,38.289000000000001,51.288774179999997,0.227015460000000,0.189187248000000,0.288284221000000,0.578121697000000,49.014000000000003,-0.020111441000000,-0.084351533000000,49.034111439999997,0.365299755000000,0.434539655000000,1.466660761000000,1.549492489000000,-93.530669439999997,44.077941660000000,1,0
400,400,44.411999999999999,65.031000000000006,37.524999999999999,50.363949839999997,0.227005788000000,0.188399441000000,0.286701521000000,0.577032492000000,48.125000000000000,-0.019420554000000,-0.085025312000000,48.144420550000000,0.363883088000000,0.434641845000000,1.464266414000000,1.548777098000000,-93.530669439999997,44.077902659999999,1,0
401,401,43.241000000000000,63.238000000000000,36.451999999999998,48.981551050000000,0.226915783000000,0.187802290000000,0.285561284000000,0.576425567000000,46.783000000000001,-0.018894432000000,-0.085392252000000,46.801894429999997,0.362808435000000,0.434566511000000,1.462454615000000,1.548041010000000,-93.530669439999997,44.077863659999998,1,0
402,402,43.875000000000000,64.257000000000005,37.311000000000000,49.819970540000000,0.225693848000000,0.188491843000000,0.287795993000000,0.580652692000000,47.328000000000003,-0.019471546000000,-0.082655061000000,47.347471550000002,0.364049315000000,0.432179956000000,1.464547009000000,1.545752424000000,-93.530669439999997,44.077824659999997,1,0
403,403,44.517000000000003,65.766000000000005,38.127000000000002,50.861243180000002,0.228260870000000,0.192677022000000,0.294486945000000,0.579737250000000,48.887999999999998,-0.023193855000000,-0.083472812000000,48.911193849999997,0.371560086000000,0.436344002000000,1.477323270000000,1.555550779000000,-93.530669439999997,44.077785660000004,1,0
404,404,45.488000000000000,67.475999999999999,39.389000000000003,52.197260600000000,0.227790692000000,0.194646082000000,0.298851512000000,0.583748296000000,50.075000000000003,-0.024894817000000,-0.080939660000000,50.099894820000003,0.375081418000000,0.435208515000000,1.483380232000000,1.556224598000000,-93.531059440000007,44.077902659999999,1,0
405,405,43.283999999999999,64.588999999999999,36.689999999999998,49.636678900000000,0.235254743000000,0.197500765000000,0.299298990000000,0.568053384000000,49.204000000000001,-0.027610108000000,-0.091468771000000,49.231610109999998,0.380172318000000,0.448563493000000,1.492214213000000,1.576644589000000,-93.530669439999997,44.077746660000003,3,0
406,406,44.151000000000003,64.727000000000004,37.392000000000003,50.123371110000001,0.227069579000000,0.188982164000000,0.287832583000000,0.577687827000000,47.911000000000001,-0.019933001000000,-0.084625692000000,47.930933000000003,0.364931084000000,0.434671618000000,1.466037009000000,1.549440237000000,-93.530669439999997,44.077707660000002,1,0
407,407,43.247999999999998,64.322999999999993,36.548999999999999,49.476146559999997,0.234351837000000,0.195917115000000,0.296739039000000,0.568210438000000,48.848999999999997,-0.026199001000000,-0.091273938000000,48.875199000000002,0.377350203000000,0.447136018000000,1.487305771000000,1.573038708000000,-93.530669439999997,44.077668660000001,3,0
408,408,43.081000000000003,63.814999999999998,36.371000000000002,49.163592309999999,0.232651800000000,0.193964227000000,0.293995037000000,0.569944370000000,48.177999999999997,-0.024441079000000,-0.090010959000000,48.202441080000000,0.373862937000000,0.444288464000000,1.481279450000000,1.567193659000000,-93.530669439999997,44.077629659999999,3,0
409,409,43.783999999999999,65.328000000000003,36.823999999999998,50.135792989999999,0.236897910000000,0.197448493000000,0.298030102000000,0.563678668000000,50.048000000000002,-0.027617586000000,-0.094386580000000,50.075617590000000,0.380079252000000,0.451602580000000,1.492051891000000,1.580594102000000,-93.530669439999997,44.077590659999998,3,0
410,410,44.689999999999998,67.161000000000001,37.784999999999997,51.431191069999997,0.239149988000000,0.200901199000000,0.303391570000000,0.562603297000000,51.847000000000001,-0.030707851000000,-0.095311289000000,51.877707850000000,0.386214290000000,0.455217287000000,1.502819423000000,1.589203374000000,-93.530669439999997,44.077551659999997,2,0
411,411,47.033000000000001,69.456000000000003,40.317999999999998,53.733230399999997,0.227880829000000,0.192490278000000,0.294377125000000,0.580482608000000,51.561000000000000,-0.023020656000000,-0.082973337000000,51.584020660000000,0.371225713000000,0.435666631000000,1.476750367000000,1.554483153000000,-93.530669439999997,44.077512659999996,1,0
412,412,46.347999999999999,68.399000000000001,39.436000000000000,52.857539359999997,0.229191938000000,0.192170601000000,0.292799193000000,0.576558137000000,51.014000000000003,-0.022776830000000,-0.085538613000000,51.036776830000001,0.370653152000000,0.438142416000000,1.475770260000000,1.557308861000000,-93.530669439999997,44.077473660000003,1,0
413,413,45.540999999999997,68.295000000000002,38.468000000000004,52.338566819999997,0.238355568000000,0.199884044000000,0.301905318000000,0.563262318000000,52.581000000000003,-0.029793045000000,-0.094809066000000,52.610793049999998,0.384409531000000,0.453912147000000,1.499637689000000,1.586339838000000,-93.530669439999997,44.077434660000002,2,0
414,414,44.905000000000001,67.802000000000007,38.314999999999998,51.902503000000003,0.239388732000000,0.203155084000000,0.307788472000000,0.565101324000000,52.384000000000000,-0.032677358000000,-0.093767795000000,52.416677360000001,0.390205606000000,0.455324024000000,1.509898675000000,1.591842586000000,-93.530669439999997,44.077395660000001,2,0
415,415,46.057000000000002,67.771000000000001,39.454999999999998,52.506674859999997,0.226324789000000,0.190761500000000,0.291960792000000,0.582181169000000,50.030000000000001,-0.021471396000000,-0.081770320000000,50.051471399999997,0.368126881000000,0.433025222000000,1.471459279000000,1.549257888000000,-93.531059440000007,44.077863659999998,1,0
416,416,45.578000000000003,68.316000000000003,38.780999999999999,52.435344000000001,0.236539045000000,0.199641772000000,0.302717239000000,0.567670824000000,52.273000000000003,-0.029518913000000,-0.091846078000000,52.302518910000003,0.383979342000000,0.450610620000000,1.498881039000000,1.581694267000000,-93.530669439999997,44.077356660000000,2,0
417,417,45.362000000000002,67.695999999999998,38.158999999999999,51.950517290000001,0.236948011000000,0.197544623000000,0.298188227000000,0.563681754000000,51.871000000000002,-0.027703234000000,-0.094390181000000,51.898703230000002,0.380250401000000,0.451680028000000,1.492350425000000,1.580802152000000,-93.530669439999997,44.077317659999999,2,0
418,418,47.630000000000003,71.769999999999996,40.142000000000003,54.866291910000001,0.241094280000000,0.202177554000000,0.304574932000000,0.559314477000000,55.768000000000001,-0.031891289000000,-0.097599378000000,55.799891289999998,0.388475861000000,0.458589405000000,1.506823431000000,1.595137515000000,-93.530669439999997,44.077278659999998,2,1
419,419,44.173999999999999,66.421000000000006,37.642000000000003,50.924819360000001,0.237708355000000,0.201157376000000,0.304949762000000,0.566718357000000,51.026000000000003,-0.030878930000000,-0.092569332000000,51.056878930000003,0.386668486000000,0.452536058000000,1.503622040000000,1.585916060000000,-93.530669439999997,44.077239659999996,2,0
420,420,45.204000000000001,67.444999999999993,38.423999999999999,51.860818279999997,0.234589370000000,0.197436284000000,0.299642977000000,0.569708651000000,51.262000000000000,-0.027532385000000,-0.090362937000000,51.289532389999998,0.380057514000000,0.447346949000000,1.492013981000000,1.574976696000000,-93.530669439999997,44.077200660000003,2,0
421,421,46.292999999999999,68.319999999999993,39.332999999999998,52.781780750000003,0.229517785000000,0.192185878000000,0.292600956000000,0.575717213000000,51.014000000000003,-0.022798904000000,-0.086093825000000,51.036798900000001,0.370680518000000,0.438744733000000,1.475817078000000,1.558098933000000,-93.530669439999997,44.077161660000002,1,0
422,422,45.219999999999999,66.688999999999993,38.630000000000003,51.589882799999998,0.228000074000000,0.191843373000000,0.292976160000000,0.579255949000000,49.527999999999999,-0.022459296000000,-0.083745740000000,49.550459300000000,0.370066850000000,0.435979308000000,1.474767802000000,1.554185294000000,-93.530669439999997,44.077122660000001,1,0
423,423,45.201999999999998,67.114000000000004,38.335999999999999,51.695127739999997,0.232772793000000,0.195092418000000,0.296188159000000,0.571207200000000,50.689999999999998,-0.025430794000000,-0.089236120000000,50.715430789999999,0.375878505000000,0.444341382000000,1.484757312000000,1.568490553000000,-93.530669439999997,44.077083660000000,2,0
424,424,44.085000000000001,65.808999999999997,37.267000000000003,50.540877829999999,0.236023853000000,0.197681402000000,0.299117408000000,0.566290325000000,50.265999999999998,-0.027792690000000,-0.092654983000000,50.293792689999997,0.380493888000000,0.449954084000000,1.492775320000000,1.578673292000000,-93.530669439999997,44.077044659999999,2,0
425,425,43.338000000000001,64.308999999999997,36.734000000000002,49.541956900000002,0.232622550000000,0.194812675000000,0.295728569000000,0.571210873000000,48.545999999999999,-0.025181984000000,-0.089218110000000,48.571181979999999,0.375378975000000,0.444105390000000,1.483894042000000,1.567878864000000,-93.530669439999997,44.077005659999998,3,0
426,426,46.652999999999999,69.319999999999993,40.250000000000000,53.546949210000001,0.229388631000000,0.195450665000000,0.299341019000000,0.580640508000000,51.737000000000002,-0.025641551000000,-0.083022346000000,51.762641549999998,0.376517981000000,0.438045661000000,1.485863717000000,1.560733805000000,-93.531059440000007,44.077824659999997,2,0
427,427,44.972999999999999,66.510000000000005,38.222999999999999,51.339226580000002,0.230436230000000,0.193186405000000,0.293980344000000,0.574695535000000,49.823999999999998,-0.023698449000000,-0.086822171000000,49.847698450000003,0.372471795000000,0.440299640000000,1.478887332000000,1.561183345000000,-93.530669439999997,44.076966659999997,1,0
428,428,44.765999999999998,65.751000000000005,37.845999999999997,50.857672229999999,0.228336307000000,0.189880290000000,0.288767184000000,0.575595808000000,48.890000000000001,-0.020750457000000,-0.086049756000000,48.910750460000003,0.366544975000000,0.436895745000000,1.468770942000000,1.553242258000000,-93.530669439999997,44.076927660000003,1,0
429,429,44.036000000000001,64.927000000000007,37.569000000000003,50.219897740000000,0.228171891000000,0.191725632000000,0.292615626000000,0.578634466000000,48.249000000000002,-0.022360986000000,-0.084148172000000,48.271360989999998,0.369855837000000,0.436314960000000,1.474407303000000,1.554487461000000,-93.530669439999997,44.076888660000002,1,0
430,430,43.719000000000001,63.363000000000000,37.097000000000001,49.336964299999998,0.221208237000000,0.183448199000000,0.280688719000000,0.585467860000000,45.909999999999997,-0.014956408000000,-0.079257035000000,45.924956410000000,0.354951141000000,0.424542780000000,1.449324092000000,1.530801495000000,-93.530669439999997,44.076849660000001,1,0
431,431,43.305999999999997,62.415999999999997,36.555999999999997,48.674112999999998,0.219693787000000,0.180757080000000,0.276291820000000,0.585683158000000,44.969999999999999,-0.012564135000000,-0.078983399000000,44.982564140000001,0.350076081000000,0.422107270000000,1.441278345000000,1.524941321000000,-93.530669439999997,44.076810660000000,1,0
432,432,44.268000000000001,64.334999999999994,37.433000000000000,49.999591789999997,0.223267466000000,0.184773901000000,0.281958690000000,0.581845030000000,46.969000000000001,-0.016159029000000,-0.081683968000000,46.985159029999998,0.357347462000000,0.428204887000000,1.453307129000000,1.536779462000000,-93.530630439999996,44.078019660000002,1,0
433,433,45.607999999999997,66.319000000000003,38.505000000000003,51.513540130000003,0.223874400000000,0.185040249000000,0.282081665000000,0.580602844000000,48.524999999999999,-0.016404754000000,-0.082509041000000,48.541404749999998,0.357828489000000,0.429302123000000,1.454108928000000,1.538439421000000,-93.530630439999996,44.077980660000001,1,0
434,434,44.497000000000000,65.700999999999993,38.119999999999997,50.825645790000003,0.227947051000000,0.192417285000000,0.294181304000000,0.580204259000000,48.784999999999997,-0.022958778000000,-0.083152416000000,48.807958780000000,0.371094997000000,0.435799504000000,1.476526507000000,1.554574246000000,-93.530630439999996,44.077941660000000,1,0
435,435,45.531999999999996,66.861999999999995,39.104999999999997,51.874499489999998,0.224797468000000,0.189778814000000,0.291039583000000,0.584861356000000,49.087000000000003,-0.020575713000000,-0.079967525000000,49.107575709999999,0.366362709000000,0.430327008000000,1.468461741000000,1.544787525000000,-93.530630439999996,44.077902659999999,1,0
436,436,45.432000000000002,66.528000000000006,38.908000000000001,51.652279299999996,0.224088760000000,0.188424437000000,0.288780595000000,0.584836460000000,48.716000000000001,-0.019375878000000,-0.079916218000000,48.735375879999999,0.363928057000000,0.429199182000000,1.464342314000000,1.541917558000000,-93.530630439999996,44.077863659999998,1,0
437,437,46.231000000000002,69.224999999999994,40.231999999999999,53.379208839999997,0.231142709000000,0.199158121000000,0.305673721000000,0.581177320000000,51.987000000000002,-0.028914239000000,-0.082859308000000,52.015914240000001,0.383120179000000,0.440785605000000,1.497371893000000,1.568303499000000,-93.531059440000007,44.077785660000004,2,0
438,438,45.905999999999999,67.503000000000000,39.659999999999997,52.398891350000000,0.224144497000000,0.190434622000000,0.292844649000000,0.587529443000000,49.439999999999998,-0.021131647000000,-0.078258824000000,49.461131649999999,0.367540269000000,0.429026177000000,1.470461378000000,1.543848561000000,-93.530630439999996,44.077824659999997,1,0
439,439,45.631999999999998,67.021000000000001,38.795999999999999,51.894840719999998,0.227097542000000,0.189866226000000,0.289600173000000,0.578863341000000,49.613999999999997,-0.020707961000000,-0.083900191000000,49.634707960000000,0.366519716000000,0.434590970000000,1.468728086000000,1.550286945000000,-93.530630439999996,44.077785660000004,1,0
440,440,44.987000000000002,65.623000000000005,38.020000000000003,50.910800090000002,0.225149706000000,0.186565410000000,0.284281581000000,0.579370038000000,48.238999999999997,-0.017770302000000,-0.083395008000000,48.256770299999999,0.360580229000000,0.431455150000000,1.458710294000000,1.542776433000000,-93.530630439999996,44.077746660000003,1,0
441,441,44.335000000000001,65.695999999999998,37.549999999999997,50.634504509999999,0.232125358000000,0.194136198000000,0.294711718000000,0.571572090000000,49.506999999999998,-0.024576334000000,-0.088940988000000,49.531576330000000,0.374170341000000,0.443286874000000,1.481808955000000,1.566079338000000,-93.530630439999996,44.077707660000002,3,0
442,442,44.615000000000002,66.150999999999996,37.939999999999998,51.009465220000003,0.231535393000000,0.194427893000000,0.295718562000000,0.573536303000000,49.747000000000000,-0.024814063000000,-0.087656181000000,49.771814059999997,0.374691617000000,0.442151488000000,1.482707610000000,1.564923980000000,-93.530630439999996,44.077668660000001,3,0
443,443,44.750000000000000,66.697999999999993,38.404000000000003,51.400560700000000,0.232011083000000,0.196934893000000,0.300476425000000,0.575789379000000,50.241999999999997,-0.027013320000000,-0.086301150000000,50.269013319999999,0.379164516000000,0.442671428000000,1.490458101000000,1.568326542000000,-93.530630439999996,44.077629659999999,2,0
444,444,44.097000000000001,66.238000000000000,37.427000000000000,50.770064609999999,0.238093458000000,0.200670685000000,0.303684095000000,0.565038196000000,50.951999999999998,-0.030469268000000,-0.093665489000000,50.982469270000003,0.385805475000000,0.453312953000000,1.502097648000000,1.586411200000000,-93.530630439999996,44.077590659999998,2,0
445,445,45.314999999999998,67.896000000000001,38.658000000000001,52.146450840000000,0.235792779000000,0.199459416000000,0.302885196000000,0.569370802000000,51.819000000000003,-0.029334492000000,-0.090701855000000,51.848334489999999,0.383655462000000,0.449266733000000,1.498311817000000,1.579719836000000,-93.530630439999996,44.077551659999997,2,0
446,446,45.988999999999997,69.063000000000002,39.481000000000002,53.051658629999999,0.235496163000000,0.200552794000000,0.305328764000000,0.571666449000000,52.655999999999999,-0.030274440000000,-0.089234015000000,52.686274439999998,0.385596353000000,0.448569698000000,1.501728674000000,1.580003293000000,-93.530630439999996,44.077512659999996,2,0
447,447,46.877000000000002,70.066000000000003,39.829000000000001,53.830123929999999,0.235524912000000,0.198293186000000,0.300710636000000,0.568449747000000,53.426000000000002,-0.028309902000000,-0.091249713000000,53.454309899999998,0.381582477000000,0.448943606000000,1.494677560000000,1.578013558000000,-93.530630439999996,44.077473660000003,2,0
448,448,42.396000000000001,64.268000000000001,37.305000000000000,49.394532980000001,0.234516440000000,0.205055126000000,0.315344800000000,0.580459949000000,48.835000000000001,-0.034129570000000,-0.083636061000000,48.869129569999998,0.393561917000000,0.446220503000000,1.515897726000000,1.581869534000000,-93.531098439999994,44.077902659999999,3,0
449,449,46.146999999999998,68.930999999999997,39.460000000000001,53.034956930000000,0.233835566000000,0.197987452000000,0.301303922000000,0.572456514000000,52.255000000000003,-0.027987938000000,-0.088567213000000,52.282987939999998,0.381038562000000,0.445880165000000,1.493726569000000,1.573658800000000,-93.531059440000007,44.077746660000003,2,0
450,450,45.594999999999999,68.792000000000002,38.747000000000000,52.638937740000003,0.239908798000000,0.202794024000000,0.306676362000000,0.563248634000000,53.241999999999997,-0.032383403000000,-0.094990009000000,53.274383399999998,0.389566945000000,0.456326483000000,1.508761926000000,1.592783942000000,-93.530630439999996,44.077434660000002,2,0
451,451,45.712000000000003,68.427000000000007,38.954999999999998,52.565303190000002,0.235584888000000,0.199011731000000,0.302125452000000,0.569292823000000,52.186999999999998,-0.028937777000000,-0.090728572000000,52.215937779999997,0.382860035000000,0.448949242000000,1.496915471000000,1.578809724000000,-93.530630439999996,44.077395660000001,2,0
452,452,45.991000000000000,68.608000000000004,39.003999999999998,52.736899670000000,0.235006368000000,0.197357743000000,0.299186454000000,0.568505131000000,52.220999999999997,-0.027477328000000,-0.091159678000000,52.248477330000000,0.379917663000000,0.448127013000000,1.491770129000000,1.575914387000000,-93.530630439999996,44.077356660000000,2,0
453,453,45.533999999999999,67.403000000000006,38.323000000000000,51.913909160000003,0.233002383000000,0.193638931000000,0.293095130000000,0.568565197000000,50.948999999999998,-0.024166336000000,-0.090908370000000,50.973166339999999,0.373281294000000,0.444989185000000,1.480278473000000,1.567751528000000,-93.530630439999996,44.077317659999999,2,0
454,454,47.411999999999999,70.872000000000000,40.046999999999997,54.389031789999997,0.236842450000000,0.198336208000000,0.299858123000000,0.565060955000000,54.284999999999997,-0.028391155000000,-0.093514220000000,54.313391160000002,0.381659000000000,0.451363146000000,1.494811440000000,1.581253147000000,-93.530630439999996,44.077278659999998,2,0
455,455,45.095999999999997,68.447000000000003,38.268000000000001,52.227326339999998,0.243033170000000,0.205657768000000,0.310209233000000,0.559089515000000,53.530000000000001,-0.034994829000000,-0.097962598000000,53.564994830000003,0.394624833000000,0.461610478000000,1.517806457000000,1.603097909000000,-93.530630439999996,44.077239659999996,2,0
456,456,45.921999999999997,68.813000000000002,38.923999999999999,52.786162419999997,0.237243338000000,0.199511919000000,0.301948266000000,0.565648933000000,52.780000000000001,-0.029430102000000,-0.093189465000000,52.809430100000000,0.383748718000000,0.451923658000000,1.498475676000000,1.583289045000000,-93.530630439999996,44.077200660000003,2,0
457,457,46.979999999999997,69.941000000000003,40.301000000000002,53.922890879999997,0.231556195000000,0.196380462000000,0.299673714000000,0.576214238000000,52.600999999999999,-0.026516645000000,-0.085990510000000,52.627516649999997,0.378176441000000,0.441910859000000,1.488739889000000,1.566735519000000,-93.530630439999996,44.077161660000002,2,0
458,458,45.375000000000000,67.323999999999998,38.850999999999999,51.964128019999997,0.230369985000000,0.194757717000000,0.297218611000000,0.577075040000000,50.421999999999997,-0.025067634000000,-0.085335533000000,50.447067629999999,0.375280820000000,0.439950346000000,1.483724518000000,1.562436157000000,-93.530630439999996,44.077122660000001,2,0
459,459,45.348999999999997,67.013000000000005,38.521999999999998,51.740436969999998,0.230177561000000,0.192805397000000,0.293391116000000,0.574843687000000,50.155000000000001,-0.023358342000000,-0.086703693000000,50.178358340000003,0.371789905000000,0.439876620000000,1.477717259000000,1.560225442000000,-93.530630439999996,44.077083660000000,1,0
460,460,44.896000000000001,66.766000000000005,38.390999999999998,51.469144329999999,0.231737071000000,0.195858931000000,0.298480982000000,0.575008238000000,50.244999999999997,-0.026068123000000,-0.086760011000000,50.271068120000002,0.377246418000000,0.442317302000000,1.487125802000000,1.566695001000000,-93.531059440000007,44.077707660000002,2,0
461,461,46.148000000000003,67.902000000000001,39.707000000000001,52.652842139999997,0.225341628000000,0.190740903000000,0.292616655000000,0.584769226000000,49.948999999999998,-0.021428618000000,-0.080075704000000,49.970428620000000,0.368089925000000,0.431204155000000,1.471396377000000,1.546927131000000,-93.530630439999996,44.077044659999999,1,0
462,462,45.072000000000003,67.257999999999996,38.512000000000000,51.763236280000001,0.233525906000000,0.197507344000000,0.300550001000000,0.572601029000000,50.932000000000002,-0.027559963000000,-0.088444863000000,50.959559960000000,0.380184032000000,0.445378598000000,1.492234647000000,1.572478084000000,-93.530630439999996,44.077005659999998,2,0
463,463,47.017000000000003,68.632999999999996,40.256000000000000,53.359261969999999,0.222647291000000,0.186908776000000,0.286707165000000,0.586540003000000,49.993000000000002,-0.018018550000000,-0.078730774000000,50.011018550000003,0.361199102000000,0.426727978000000,1.459748602000000,1.537199938000000,-93.530630439999996,44.076966659999997,1,0
464,464,45.482999999999997,66.572999999999993,38.923000000000002,51.690320010000001,0.224038391000000,0.188209467000000,0.288378707000000,0.584666456000000,48.740000000000002,-0.019186774000000,-0.080016426000000,48.759186769999999,0.363541282000000,0.429135948000000,1.463689730000000,1.541608431000000,-93.530630439999996,44.076927660000003,1,0
465,465,45.597999999999999,66.459000000000003,39.304000000000002,51.771229790000000,0.220438895000000,0.186164184000000,0.286737317000000,0.591402218000000,48.015999999999998,-0.017321503000000,-0.075537292000000,48.033321500000000,0.359856775000000,0.422712562000000,1.457498136000000,1.531403091000000,-93.530630439999996,44.076888660000002,1,0
466,466,43.668999999999997,64.161000000000001,37.040999999999997,49.650952199999999,0.227773738000000,0.190039878000000,0.289480004000000,0.577313321000000,47.612000000000002,-0.020876504000000,-0.084927970000000,47.632876500000002,0.366831576000000,0.435823718000000,1.469257368000000,1.552044712000000,-93.530630439999996,44.076849660000001,1,0
467,467,44.557000000000002,64.531999999999996,37.652000000000001,50.224092419999998,0.221774671000000,0.183107371000000,0.279617005000000,0.583462468000000,46.854999999999997,-0.014666658000000,-0.080544633000000,46.869666660000000,0.354334505000000,0.425659394000000,1.448302175000000,1.531830706000000,-93.530630439999996,44.076810660000000,1,1
468,468,43.353999999999999,63.567999999999998,37.298000000000002,49.368008349999997,0.223708780000000,0.189053703000000,0.290330920000000,0.586741757000000,46.484000000000002,-0.019916794000000,-0.078704757000000,46.503916789999998,0.365059696000000,0.428404471000000,1.466254556000000,1.541589710000000,-93.530591439999995,44.078019660000002,1,0
469,469,44.209000000000003,65.186000000000007,37.804000000000002,50.440700139999997,0.227694988000000,0.191754651000000,0.293011691000000,0.579940478000000,48.359000000000002,-0.022373793000000,-0.083291327000000,48.381373789999998,0.369907847000000,0.435426265000000,1.474496143000000,1.553383289000000,-93.530591439999995,44.077980660000001,1,0
470,470,42.320999999999998,63.357999999999997,36.368000000000002,48.744006910000003,0.233816119000000,0.199065093000000,0.303516036000000,0.574008018000000,48.027000000000001,-0.028924229000000,-0.087596359000000,48.055924230000002,0.382954868000000,0.445694720000000,1.497081827000000,1.574595819000000,-93.530591439999995,44.077941660000000,3,0
471,471,45.741000000000000,67.864000000000004,39.512000000000000,52.468910540000003,0.228413303000000,0.194736147000000,0.298584212000000,0.582223270000000,50.475000000000001,-0.024991346000000,-0.081945179000000,50.499991350000002,0.375242293000000,0.436343916000000,1.483657987000000,1.557775326000000,-93.531059440000007,44.077668660000001,1,0
472,472,42.220999999999997,62.942999999999998,36.154000000000003,48.482112870000002,0.232599468000000,0.197044616000000,0.300275322000000,0.574392705000000,47.511000000000003,-0.027127471000000,-0.087231634000000,47.538127469999999,0.379359981000000,0.443738937000000,1.490798418000000,1.569834441000000,-93.530591439999995,44.077902659999999,3,0
473,473,42.173999999999999,63.228999999999999,36.985999999999997,48.800672509999998,0.230028499000000,0.199757123000000,0.307745151000000,0.584953107000000,47.298000000000002,-0.029394125000000,-0.080403683000000,47.327394120000001,0.384184179000000,0.438677004000000,1.499241239000000,1.566228034000000,-93.530591439999995,44.077863659999998,3,0
474,474,41.856999999999999,62.722000000000001,36.247999999999998,48.304503709999999,0.232568079000000,0.199514243000000,0.305351890000000,0.577915245000000,47.338999999999999,-0.029271376000000,-0.085031990000000,47.368271380000003,0.383752846000000,0.443348340000000,1.498482930000000,1.572023335000000,-93.530591439999995,44.077824659999997,3,0
475,475,42.023000000000003,62.527000000000001,35.994000000000000,48.204862460000001,0.231628347000000,0.196116691000000,0.299083961000000,0.575655317000000,47.036999999999999,-0.026289276000000,-0.086345913000000,47.063289279999999,0.377706140000000,0.442080551000000,1.487923280000000,1.566668459000000,-93.530591439999995,44.077785660000004,3,0
476,476,42.298000000000002,63.463999999999999,36.497000000000000,48.815404360000002,0.233969950000000,0.200128591000000,0.305580019000000,0.575081936000000,48.133000000000003,-0.029852593000000,-0.086941424000000,48.162852590000000,0.384843635000000,0.445833378000000,1.500401910000000,1.575942893000000,-93.530591439999995,44.077746660000003,3,0
477,477,42.167000000000002,62.790999999999997,36.100000000000001,48.387242020000002,0.232108080000000,0.196497647000000,0.299514944000000,0.574923158000000,47.314999999999998,-0.026635852000000,-0.086850799000000,47.341635850000003,0.378385334000000,0.442910937000000,1.489102853000000,1.568161213000000,-93.530591439999995,44.077707660000002,3,0
478,478,43.154000000000003,63.915999999999997,37.128999999999998,49.416884469999999,0.228474641000000,0.193910526000000,0.296850202000000,0.580903060000000,47.548999999999999,-0.024274787000000,-0.082770338000000,47.573274789999999,0.373766932000000,0.436568175000000,1.481114149000000,1.557170006000000,-93.530591439999995,44.077668660000001,3,0
479,479,43.445999999999998,64.564999999999998,37.563000000000002,49.890457040000001,0.228996045000000,0.195526382000000,0.299781399000000,0.581785797000000,48.121000000000002,-0.025695523000000,-0.082272933000000,48.146695520000002,0.376653102000000,0.437312786000000,1.486097684000000,1.559873824000000,-93.530591439999995,44.077629659999999,3,0
480,480,43.134000000000000,65.001999999999995,37.234999999999999,49.907404880000001,0.235938072000000,0.202226825000000,0.308430064000000,0.572828528000000,49.634999999999998,-0.031742232000000,-0.088552737000000,49.666742229999997,0.388563095000000,0.449152168000000,1.506978254000000,1.582614551000000,-93.530591439999995,44.077590659999998,3,0
481,481,43.225000000000001,64.861999999999995,37.243000000000002,49.874912590000001,0.234338129000000,0.200181335000000,0.305417537000000,0.574188277000000,49.256000000000000,-0.029911236000000,-0.087537329000000,49.285911239999997,0.384937247000000,0.446500184000000,1.500566802000000,1.576874822000000,-93.530591439999995,44.077551659999997,3,0
482,482,46.076999999999998,67.730999999999995,39.677999999999997,52.551314519999998,0.224697921000000,0.190267819000000,0.292108458000000,0.585817425000000,49.707000000000001,-0.020999961000000,-0.079367499000000,49.727999959999998,0.367240844000000,0.430074907000000,1.469952471000000,1.544992783000000,-93.531059440000007,44.077629659999999,1,0
483,483,43.750999999999998,65.388000000000005,37.527000000000001,50.325660370000001,0.233421676000000,0.198251771000000,0.302142099000000,0.573912645000000,49.497999999999998,-0.028204219000000,-0.087615398000000,49.526204219999997,0.381508809000000,0.445082552000000,1.494548696000000,1.572905270000000,-93.530591439999995,44.077512659999996,3,0
484,484,44.377000000000002,66.305999999999997,38.003999999999998,51.023222760000003,0.233640165000000,0.198124373000000,0.301724019000000,0.573160800000000,50.231000000000002,-0.028100641000000,-0.088107232000000,50.259100640000000,0.381282175000000,0.445501720000000,1.494152376000000,1.573313697000000,-93.530591439999995,44.077473660000003,2,0
485,485,42.921999999999997,64.716999999999999,36.956000000000003,49.653244639999997,0.236756612000000,0.202482372000000,0.308348542000000,0.571040067000000,49.555999999999997,-0.031994191000000,-0.089758290000000,49.587994190000003,0.389015455000000,0.450611770000000,1.507781557000000,1.584826626000000,-93.530591439999995,44.077434660000002,3,0
486,486,44.198000000000000,66.025000000000006,37.710999999999999,50.776908630000001,0.234348637000000,0.198025820000000,0.301012246000000,0.571162438000000,50.140999999999998,-0.028038179000000,-0.089429070000000,50.169038180000001,0.381106832000000,0.446818267000000,1.493845875000000,1.574929086000000,-93.530591439999995,44.077395660000001,3,0
487,487,41.779000000000003,62.933999999999997,35.820999999999998,48.267716049999997,0.237226493000000,0.202028401000000,0.307074842000000,0.569183589000000,48.268000000000001,-0.031617971000000,-0.090971580000000,48.299617970000000,0.388211756000000,0.451531638000000,1.506354867000000,1.585544614000000,-93.530591439999995,44.077356660000000,3,0
488,488,41.731999999999999,62.808000000000000,35.542999999999999,48.130757789999997,0.238260938000000,0.201607040000000,0.305462556000000,0.565899249000000,48.341000000000001,-0.031290021000000,-0.093143351000000,48.372290020000001,0.387465395000000,0.453483336000000,1.505032110000000,1.587672417000000,-93.530591439999995,44.077317659999999,3,0
489,489,43.308999999999997,65.519999999999996,36.914000000000001,50.103836440000002,0.240539044000000,0.204090821000000,0.308850727000000,0.563400488000000,50.817000000000000,-0.033534372000000,-0.094964424000000,50.850534369999998,0.391859494000000,0.457290321000000,1.512849523000000,1.595517675000000,-93.530591439999995,44.077278659999998,2,0
490,490,43.741000000000000,66.393000000000001,37.128000000000000,50.661602530000003,0.242994547000000,0.205676721000000,0.310275868000000,0.559215580000000,51.917000000000002,-0.035009711000000,-0.097878611000000,51.952009709999999,0.394658248000000,0.461537340000000,1.517866533000000,1.603019875000000,-93.530591439999995,44.077239659999996,2,0
491,491,42.798000000000002,64.706000000000003,36.671999999999997,49.542476129999997,0.239091927000000,0.203787766000000,0.309295234000000,0.566748060000000,49.942000000000000,-0.033214959000000,-0.092700588000000,49.975214960000002,0.391324058000000,0.454693694000000,1.511893079000000,1.591701683000000,-93.530591439999995,44.077200660000003,2,0
492,492,42.584000000000003,64.388000000000005,36.167000000000002,49.218097919999998,0.241052971000000,0.203829039000000,0.307944354000000,0.561704044000000,50.024999999999999,-0.033327046000000,-0.096089815000000,50.058327050000003,0.391396991000000,0.458266250000000,1.512023295000000,1.596538858000000,-93.530591439999995,44.077161660000002,2,0
493,493,45.576000000000001,67.394999999999996,39.198999999999998,52.140257650000002,0.227791315000000,0.193138062000000,0.295762620000000,0.581630685000000,50.015000000000001,-0.023582835000000,-0.082252744000000,50.038582830000003,0.372385292000000,0.435411283000000,1.478738810000000,1.554855581000000,-93.531059440000007,44.077590659999998,1,0
494,494,42.692000000000000,64.075000000000003,37.003999999999998,49.320409920000003,0.233124525000000,0.200277239000000,0.306509181000000,0.577510730000000,48.454000000000001,-0.029951798000000,-0.085339881000000,48.483951800000000,0.385107444000000,0.444267698000000,1.500866673000000,1.574057855000000,-93.530591439999995,44.077122660000001,3,0
495,495,42.124000000000002,63.137999999999998,36.148000000000003,48.536983579999998,0.234683302000000,0.199635196000000,0.304048384000000,0.572523678000000,48.003999999999998,-0.029449120000000,-0.088613252000000,48.033449120000000,0.383967664000000,0.447206672000000,1.498860507000000,1.577202700000000,-93.530591439999995,44.077083660000000,3,0
496,496,43.390999999999998,64.634000000000000,37.326000000000001,49.844970029999999,0.231211753000000,0.196648924000000,0.300471011000000,0.577497911000000,48.551000000000002,-0.026739410000000,-0.085156621000000,48.577739410000000,0.378654958000000,0.441239962000000,1.489571570000000,1.566158269000000,-93.530591439999995,44.077044659999999,3,0
497,497,43.116999999999997,63.863999999999997,37.027999999999999,49.358413570000003,0.228904187000000,0.193931633000000,0.296584850000000,0.579794563000000,47.582999999999998,-0.024305425000000,-0.083500337000000,47.607305429999997,0.373804667000000,0.437358595000000,1.481179117000000,1.558206343000000,-93.530591439999995,44.077005659999998,3,0
498,498,44.326000000000001,64.744000000000000,38.036000000000001,50.343212410000000,0.222449847000000,0.187200880000000,0.287439818000000,0.587483010000000,47.125999999999998,-0.018269819000000,-0.078131415000000,47.144269819999998,0.361725394000000,0.426318504000000,1.460632586000000,1.536998340000000,-93.530591439999995,44.076966659999997,1,0
499,499,42.491999999999997,63.094000000000001,36.579000000000001,48.732077529999998,0.229549009000000,0.195120565000000,0.298549423000000,0.579754018000000,47.116999999999997,-0.025359266000000,-0.083588788000000,47.142359270000000,0.375928758000000,0.438385628000000,1.484844206000000,1.560813376000000,-93.530591439999995,44.076927660000003,3,0
500,500,43.886000000000003,65.385000000000005,38.079999999999998,50.501701689999997,0.229411101000000,0.196749366000000,0.301990420000000,0.582396574000000,48.804000000000002,-0.026770093000000,-0.081933614000000,48.830770090000001,0.378833952000000,0.437916953000000,1.489882878000000,1.561976897000000,-93.530591439999995,44.076888660000002,3,0
501,501,41.723999999999997,62.319000000000003,35.600000000000001,47.930192069999997,0.234271794000000,0.197947003000000,0.300907324000000,0.571254353000000,47.314000000000000,-0.027967030000000,-0.089363591000000,47.341967029999999,0.380966586000000,0.446688209000000,1.493600805000000,1.574672368000000,-93.530591439999995,44.076849660000001,3,0
502,502,41.985999999999997,62.045000000000002,36.460999999999999,48.103398149999997,0.225356355000000,0.192817526000000,0.296862513000000,0.587654122000000,45.643000000000001,-0.023236910000000,-0.078293426000000,45.666236910000002,0.371811616000000,0.430956065000000,1.477754490000000,1.548842192000000,-93.530591439999995,44.076810660000000,3,0
503,503,44.534999999999997,64.322999999999993,37.902000000000001,50.190889470000002,0.218913887000000,0.181778096000000,0.278877051000000,0.589244905000000,46.209000000000003,-0.013450531000000,-0.076725266000000,46.222450530000003,0.351927360000000,0.420482184000000,1.444324688000000,1.524010403000000,-93.530552439999994,44.078019660000002,1,0
504,504,45.481999999999999,67.286000000000001,39.526000000000003,52.148259150000001,0.225721833000000,0.193352724000000,0.297698042000000,0.587432750000000,49.564000000000000,-0.023712031000000,-0.078464024000000,49.587712029999999,0.372769363000000,0.431561947000000,1.479398443000000,1.550185729000000,-93.531059440000007,44.077551659999997,1,0
505,505,45.075000000000003,65.353999999999999,38.177999999999997,50.860792449999998,0.221792757000000,0.183638356000000,0.280674316000000,0.584172354000000,47.454999999999998,-0.015133877000000,-0.080109282000000,47.470133879999999,0.355295080000000,0.425611486000000,1.449894620000000,1.532333342000000,-93.530552439999994,44.077980660000001,1,0
506,506,44.363000000000000,65.600999999999999,37.765000000000001,50.654918139999999,0.230037969000000,0.193135935000000,0.294159199000000,0.575677200000000,49.073999999999998,-0.023643293000000,-0.086171300000000,49.097643290000001,0.372381487000000,0.439569174000000,1.478732277000000,1.560187215000000,-93.530552439999994,44.077941660000000,3,0
507,507,44.716999999999999,66.018000000000001,37.459000000000003,50.863094330000003,0.232760069000000,0.192360139000000,0.290695453000000,0.567405859000000,49.859999999999999,-0.023038720000000,-0.091605598000000,49.883038720000002,0.370992651000000,0.444742382000000,1.476351276000000,1.566040148000000,-93.530552439999994,44.077902659999999,3,0
508,508,44.279000000000003,65.352000000000004,37.881999999999998,50.552150200000000,0.228045945000000,0.192217530000000,0.293704442000000,0.579660913000000,48.542999999999999,-0.022787144000000,-0.083499081000000,48.565787139999998,0.370737217000000,0.436010934000000,1.475914090000000,1.554629098000000,-93.530552439999994,44.077863659999998,1,0
509,509,44.520000000000003,64.802999999999997,37.948000000000000,50.403405679999999,0.222271471000000,0.185532779000000,0.284175131000000,0.585590173000000,47.137999999999998,-0.016805753000000,-0.079281053000000,47.154805750000001,0.358717632000000,0.426224767000000,1.455592992000000,1.535107953000000,-93.530552439999994,44.077824659999997,1,0
510,510,43.767000000000003,64.914000000000001,37.338999999999999,50.078533680000000,0.230982203000000,0.194578629000000,0.296417258000000,0.575207197000000,48.722000000000001,-0.024929462000000,-0.086559375000000,48.746929459999997,0.374960922000000,0.441106743000000,1.483172253000000,1.563735502000000,-93.530552439999994,44.077785660000004,3,0
511,511,43.357999999999997,64.010999999999996,36.990000000000002,49.482604299999998,0.228794932000000,0.192355335000000,0.293454013000000,0.577869429000000,47.673999999999999,-0.022927563000000,-0.084684710000000,47.696927559999999,0.370984048000000,0.437379274000000,1.476336547000000,1.556529463000000,-93.530552439999994,44.077746660000003,3,0
512,512,45.368000000000002,66.453999999999994,38.920000000000002,51.604767029999998,0.223853110000000,0.188567545000000,0.289237607000000,0.585668282000000,48.619999999999997,-0.019495562000000,-0.079380664000000,48.639495560000000,0.364185485000000,0.428740376000000,1.464776935000000,1.541493040000000,-93.530552439999994,44.077707660000002,1,0
513,513,45.119999999999997,66.475999999999999,38.561999999999998,51.451921960000000,0.227434290000000,0.191368866000000,0.292411753000000,0.580089055000000,49.270000000000003,-0.022030128000000,-0.083173724000000,49.292030130000001,0.369216278000000,0.434997819000000,1.473315603000000,1.552421201000000,-93.530552439999994,44.077668660000001,1,0
514,514,45.661000000000001,66.863000000000000,39.374000000000002,51.980443649999998,0.222576236000000,0.188422026000000,0.289842789000000,0.588875761000000,48.691000000000003,-0.019339293000000,-0.077284757000000,48.710339290000000,0.363923718000000,0.426385469000000,1.464334990000000,1.538382350000000,-93.530552439999994,44.077629659999999,1,0
515,515,45.094999999999999,66.561000000000007,39.130000000000003,51.623904820000000,0.224972049000000,0.192251200000000,0.295976615000000,0.587881793000000,48.896999999999998,-0.022734206000000,-0.078117332000000,48.919734210000001,0.370797529000000,0.430319248000000,1.476017297000000,1.547427896000000,-93.531059440000007,44.077512659999996,1,0
516,516,45.093000000000004,66.688000000000002,38.689000000000000,51.567130079999998,0.228377495000000,0.193190256000000,0.295449570000000,0.580149352000000,49.594000000000001,-0.023644580000000,-0.083228551000000,49.617644579999997,0.372478685000000,0.436487924000000,1.478899164000000,1.556289060000000,-93.530552439999994,44.077590659999998,1,0
517,517,43.606000000000002,64.843999999999994,37.140999999999998,49.952248709999999,0.232570628000000,0.195832181000000,0.297830568000000,0.572774659000000,48.941000000000003,-0.026070293000000,-0.088237597000000,48.967070290000002,0.377198700000000,0.443858889000000,1.487043067000000,1.568668594000000,-93.530552439999994,44.077551659999997,3,0
518,518,46.162999999999997,68.106999999999999,39.314999999999998,52.647428689999998,0.228858055000000,0.192036405000000,0.292762324000000,0.577253439000000,50.735999999999997,-0.022650649000000,-0.085073412000000,50.758650650000000,0.370412736000000,0.437542701000000,1.475359054000000,1.556394649000000,-93.530552439999994,44.077512659999996,1,0
519,519,46.914999999999999,69.444999999999993,39.820000000000000,53.570071400000003,0.231157895000000,0.193623238000000,0.294355892000000,0.573403413000000,52.155000000000001,-0.024100397000000,-0.087700090000000,52.179100400000003,0.373253228000000,0.441571848000000,1.480230204000000,1.563300067000000,-93.530552439999994,44.077473660000003,2,0
520,520,44.476999999999997,66.436000000000007,37.948000000000000,51.094671380000001,0.234313530000000,0.197984005000000,0.300952511000000,0.571196339000000,50.447000000000003,-0.028000618000000,-0.089404209000000,50.475000620000003,0.381032429000000,0.446759682000000,1.493715853000000,1.574806527000000,-93.530552439999994,44.077434660000002,2,0
521,521,46.649000000000001,68.579999999999998,39.509000000000000,53.041828410000001,0.228382844000000,0.190325352000000,0.289632858000000,0.576100904000000,51.002000000000002,-0.021141542000000,-0.085741059000000,51.023141539999997,0.367344126000000,0.436914502000000,1.470127977000000,1.553745417000000,-93.530552439999994,44.077395660000001,1,0
522,522,45.137999999999998,67.893000000000001,38.451000000000001,52.042860200000000,0.237935043000000,0.201316453000000,0.305108608000000,0.566347046000000,52.197000000000003,-0.031025468000000,-0.092826871000000,52.228025469999999,0.386950456000000,0.452928404000000,1.504120697000000,1.586613091000000,-93.530552439999994,44.077356660000000,2,0
523,523,44.225000000000001,65.673000000000002,37.421999999999997,50.560853229999999,0.233336307000000,0.195162787000000,0.295932447000000,0.569823215000000,49.698999999999998,-0.025509096000000,-0.090158838000000,49.724509099999999,0.376004136000000,0.445372950000000,1.484974562000000,1.569911303000000,-93.530552439999994,44.077317659999999,3,0
524,524,45.103000000000002,66.983000000000004,37.921999999999997,51.507543079999998,0.234760889000000,0.195207252000000,0.295021843000000,0.566143648000000,50.941000000000003,-0.025590635000000,-0.092609727000000,50.966590640000000,0.376083513000000,0.448002799000000,1.485111855000000,1.573398719000000,-93.530552439999994,44.077278659999998,2,0
525,525,46.002000000000002,68.472999999999999,38.735999999999997,52.615629579999997,0.235506396000000,0.196296135000000,0.296689948000000,0.565712032000000,52.207999999999998,-0.026565978000000,-0.092960688000000,52.234565979999999,0.378026102000000,0.449211793000000,1.488478762000000,1.576177301000000,-93.530552439999994,44.077239659999996,2,0
526,526,45.512999999999998,67.656999999999996,39.463999999999999,52.301402510000003,0.228502299000000,0.195670231000000,0.300436871000000,0.583295151000000,50.337000000000003,-0.025805522000000,-0.081288573000000,50.362805520000002,0.376909777000000,0.436385549000000,1.486542307000000,1.558839549000000,-93.531059440000007,44.077473660000003,1,0
527,527,44.753000000000000,67.085999999999999,37.881000000000000,51.440362120000003,0.237714823000000,0.199688838000000,0.301968685000000,0.564663268000000,51.537999999999997,-0.029600588000000,-0.093859204000000,51.567600589999998,0.384062925000000,0.452763815000000,1.499027998000000,1.584598293000000,-93.530552439999994,44.077200660000003,2,0
528,528,44.146999999999998,66.159000000000006,37.570000000000000,50.785417170000002,0.236414605000000,0.199553968000000,0.302628685000000,0.567874363000000,50.600999999999999,-0.029438178000000,-0.091705212000000,50.630438179999999,0.383823403000000,0.450394866000000,1.498606927000000,1.581312544000000,-93.530552439999994,44.077161660000002,2,0
529,529,45.805000000000000,67.125000000000000,39.085000000000001,52.062465289999999,0.225244136000000,0.188789516000000,0.288712844000000,0.582271881000000,49.359999999999999,-0.019721738000000,-0.081610367000000,49.379721740000001,0.364584693000000,0.431298267000000,1.465451370000000,1.544955711000000,-93.530552439999994,44.077122660000001,1,0
530,530,45.317000000000000,66.584000000000003,38.387999999999998,51.512775400000002,0.228073573000000,0.190051921000000,0.289295771000000,0.576534903000000,49.463000000000001,-0.020894410000000,-0.085440718000000,49.483894409999998,0.366853202000000,0.436380160000000,1.469294084000000,1.552768086000000,-93.530552439999994,44.077083660000000,1,0
531,531,43.902999999999999,64.873000000000005,37.107999999999997,50.043258629999997,0.231237871000000,0.192781496000000,0.292599207000000,0.572009927000000,48.734999999999999,-0.023366510000000,-0.088575855000000,48.758366510000002,0.371747120000000,0.441847281000000,1.477643897000000,1.562743347000000,-93.530552439999994,44.077044659999999,3,0
532,532,44.323000000000000,65.497000000000000,37.965000000000003,50.648219990000001,0.228364325000000,0.192806410000000,0.294676780000000,0.579644869000000,48.706000000000003,-0.023309538000000,-0.083540278000000,48.729309540000003,0.371791720000000,0.436517291000000,1.477720371000000,1.555912224000000,-93.530552439999994,44.077005659999998,1,0
533,533,45.631999999999998,66.840000000000003,38.670000000000002,51.785564020000002,0.226523291000000,0.188562487000000,0.287363486000000,0.578545781000000,49.378000000000000,-0.019552474000000,-0.084040174000000,49.397552470000001,0.364176386000000,0.433716342000000,1.464761571000000,1.547775910000000,-93.530552439999994,44.076966659999997,1,0
534,534,45.241000000000000,66.468000000000004,38.293999999999997,51.417161659999998,0.228210707000000,0.190020500000000,0.289137097000000,0.576126858000000,49.401000000000003,-0.020870249000000,-0.085707619000000,49.421870249999998,0.366796778000000,0.436640323000000,1.469198294000000,1.553066680000000,-93.530552439999994,44.076927660000003,1,0
535,535,44.360999999999997,65.906000000000006,37.999000000000002,50.844282399999997,0.230898530000000,0.195389373000000,0.298126418000000,0.576563591000000,49.451999999999998,-0.025633658000000,-0.085706770000000,49.477633660000002,0.376408593000000,0.440836988000000,1.485674354000000,1.564267192000000,-93.530552439999994,44.076888660000002,3,0
536,536,45.502000000000002,66.679000000000002,38.572000000000003,51.653719549999998,0.226663969000000,0.188775283000000,0.287695798000000,0.578472982000000,49.283999999999999,-0.019742227000000,-0.084099156000000,49.303742229999997,0.364559098000000,0.433946541000000,1.465408114000000,1.548296440000000,-93.530552439999994,44.076849660000001,1,0
537,537,44.604999999999997,66.703000000000003,38.450000000000003,51.372167349999998,0.232610031000000,0.198530204000000,0.303302314000000,0.576435842000000,50.350999999999999,-0.028419183000000,-0.085958680000000,50.379419179999999,0.382004010000000,0.443554774000000,1.495415312000000,1.571216607000000,-93.531059440000007,44.077434660000002,2,0
538,538,44.023000000000003,64.382000000000005,37.472999999999999,49.957622649999998,0.224807381000000,0.187804991000000,0.287021373000000,0.582041564000000,47.268000000000001,-0.018849998000000,-0.081710745000000,47.286850000000001,0.362813297000000,0.430628202000000,1.462462804000000,1.543056752000000,-93.530552439999994,44.076810660000000,1,0
539,539,44.917000000000002,64.582999999999998,37.588999999999999,50.336976800000002,0.220435391000000,0.179598174000000,0.273476937000000,0.582026230000000,46.659999999999997,-0.011552189000000,-0.081300437000000,46.671552190000000,0.347972324000000,0.423695324000000,1.437829775000000,1.525685479000000,-93.530513439999993,44.078019660000002,1,0
540,540,44.082999999999998,63.944000000000003,36.969999999999999,49.661946950000001,0.224154187000000,0.183852185000000,0.279508001000000,0.578162142000000,46.835000000000001,-0.015364456000000,-0.084043118000000,46.850364460000002,0.355681749000000,0.430016728000000,1.450536488000000,1.538073470000000,-93.530513439999993,44.077980660000001,1,0
541,541,43.180999999999997,63.826000000000001,37.042000000000002,49.364179999999998,0.228161155000000,0.192931304000000,0.295076109000000,0.580359101000000,47.429000000000002,-0.023412866000000,-0.083077286000000,47.452412870000003,0.372015273000000,0.436123816000000,1.478103796000000,1.555543482000000,-93.530513439999993,44.077941660000000,3,0
542,542,44.555000000000000,65.500000000000000,37.521999999999998,50.607306809999997,0.229602444000000,0.190313934000000,0.288765114000000,0.572854962000000,48.923000000000002,-0.021161834000000,-0.087880903000000,48.944161829999999,0.367323629000000,0.439187946000000,1.470093143000000,1.556646997000000,-93.530513439999993,44.077902659999999,1,0
543,543,43.619999999999997,64.260999999999996,36.810000000000002,49.622429810000000,0.230158122000000,0.191331189000000,0.290427882000000,0.572820218000000,48.091999999999999,-0.022067717000000,-0.087959859000000,48.114067720000001,0.369148720000000,0.440064072000000,1.473200367000000,1.558872251000000,-93.530513439999993,44.077863659999998,3,0
544,544,44.085000000000001,64.468999999999994,37.085999999999999,49.916966330000001,0.227343902000000,0.187777512000000,0.285218559000000,0.575253222000000,47.767000000000003,-0.018882175000000,-0.086161769000000,47.785882180000002,0.362763828000000,0.435371038000000,1.462379494000000,1.549037787000000,-93.530513439999993,44.077824659999997,1,0
545,545,43.621000000000002,64.662999999999997,37.088000000000001,49.865201470000002,0.231470945000000,0.194322338000000,0.295550312000000,0.573558295000000,48.616999999999997,-0.024720029000000,-0.087635858000000,48.641720030000002,0.374503003000000,0.442047805000000,1.482382339000000,1.564675008000000,-93.530513439999993,44.077785660000004,3,0
546,546,43.950000000000003,65.048000000000002,37.335000000000001,50.188800309999998,0.230914794000000,0.193563185000000,0.294405760000000,0.573960767000000,48.811000000000000,-0.024041057000000,-0.087328217000000,48.835041060000002,0.373145824000000,0.441130463000000,1.480045506000000,1.562664318000000,-93.530513439999993,44.077746660000003,3,0
547,547,43.216000000000001,63.948999999999998,36.709000000000003,49.344530050000003,0.230835856000000,0.193468017000000,0.294268763000000,0.574035560000000,47.972999999999999,-0.023955683000000,-0.087273587000000,47.996955679999999,0.372975604000000,0.440998351000000,1.479752869000000,1.562390433000000,-93.530513439999993,44.077707660000002,3,0
548,548,45.048999999999999,66.679000000000002,38.808000000000000,51.580236220000003,0.227889418000000,0.193595160000000,0.296626440000000,0.582012328000000,49.500999999999998,-0.023983632000000,-0.082025562000000,49.524983630000001,0.373203012000000,0.435530310000000,1.480143843000000,1.555501018000000,-93.531059440000007,44.077395660000001,1,0
549,549,42.909999999999997,63.460000000000001,36.433999999999997,48.975762899999999,0.230655859000000,0.193193570000000,0.293840082000000,0.574125433000000,47.576000000000001,-0.023710820000000,-0.087199238000000,47.599710819999999,0.372484615000000,0.440705594000000,1.478909345000000,1.561714908000000,-93.530513439999993,44.077668660000001,3,0
550,550,43.810000000000002,64.888999999999996,37.381999999999998,50.090958420000000,0.230298147000000,0.193920827000000,0.295567677000000,0.576091479000000,48.585999999999999,-0.024335814000000,-0.085939992000000,48.610335810000002,0.373785349000000,0.439936784000000,1.481145857000000,1.561511180000000,-93.530513439999993,44.077629659999999,3,0
551,551,44.411999999999999,65.676000000000002,37.433999999999997,50.619716439999998,0.232206681000000,0.193154567000000,0.292674870000000,0.569979901000000,49.506000000000000,-0.023719852000000,-0.089941839000000,49.529719849999999,0.372414826000000,0.443588042000000,1.478789516000000,1.565403558000000,-93.530513439999993,44.077590659999998,3,0
552,552,43.529000000000003,64.242000000000004,36.762000000000000,49.575709940000003,0.230837026000000,0.192194561000000,0.291695419000000,0.572242458000000,48.192999999999998,-0.022841842000000,-0.088389503000000,48.215841840000003,0.370696072000000,0.441192980000000,1.475843690000000,1.561261881000000,-93.530513439999993,44.077551659999997,3,0
553,553,44.482999999999997,65.513999999999996,37.366000000000000,50.553731950000000,0.231020730000000,0.191196124000000,0.289559554000000,0.570351375000000,49.179000000000002,-0.021971594000000,-0.089585581000000,49.200971590000002,0.368906516000000,0.441690996000000,1.472787357000000,1.560824097000000,-93.530513439999993,44.077512659999996,3,0
554,554,45.594000000000001,67.042000000000002,38.906999999999996,51.920443140000003,0.226836242000000,0.190418694000000,0.290903172000000,0.580337699000000,49.582999999999998,-0.021184746000000,-0.082961272000000,49.604184750000002,0.367511679000000,0.434024074000000,1.470412774000000,1.550159157000000,-93.530513439999993,44.077473660000003,1,0
555,555,44.664000000000001,66.867000000000004,38.238999999999997,51.407812980000003,0.234636743000000,0.199074697000000,0.302938929000000,0.571866541000000,50.831000000000003,-0.028960406000000,-0.089019163000000,50.859960409999999,0.382971934000000,0.447199095000000,1.497111768000000,1.576577908000000,-93.530513439999993,44.077434660000002,2,0
556,556,44.253999999999998,65.914000000000001,37.704000000000001,50.743352690000002,0.233270654000000,0.196608816000000,0.298907043000000,0.572018084000000,49.869999999999997,-0.026769098000000,-0.088782190000000,49.896769100000000,0.378583477000000,0.445037405000000,1.489447282000000,1.571051118000000,-93.530513439999993,44.077395660000001,3,0
557,557,47.503000000000000,70.606999999999999,40.573000000000000,54.430542240000001,0.231750185000000,0.195614258000000,0.297973871000000,0.574631410000000,53.137999999999998,-0.025855322000000,-0.086996087000000,53.163855320000003,0.376809908000000,0.442376305000000,1.486369282000000,1.566505290000000,-93.530513439999993,44.077356660000000,2,0
558,558,44.756000000000000,66.179000000000002,37.835999999999999,51.036988129999997,0.231523610000000,0.193113084000000,0.293068305000000,0.571722148000000,49.765999999999998,-0.023664558000000,-0.088784777000000,49.789664559999999,0.372340596000000,0.442326818000000,1.478662079000000,1.563723523000000,-93.530513439999993,44.077317659999999,3,0
559,559,42.417999999999999,63.869000000000000,37.015000000000001,49.155013680000003,0.233164873000000,0.201821483000000,0.309663356000000,0.579545632000000,48.305000000000000,-0.031289166000000,-0.084074193000000,48.336289170000001,0.387845287000000,0.444147779000000,1.505705125000000,1.575594112000000,-93.531098439999994,44.077863659999998,3,0
560,560,45.115000000000002,66.497000000000000,38.823999999999998,51.525130470000001,0.226129727000000,0.191574383000000,0.293757213000000,0.583845888000000,49.055000000000000,-0.022175543000000,-0.080721370000000,49.077175539999999,0.369584731000000,0.432550633000000,1.473944364000000,1.549528536000000,-93.531059440000007,44.077356660000000,1,0
561,561,42.701999999999998,63.854999999999997,35.677000000000000,48.900477700000003,0.239367458000000,0.198513472000000,0.298433973000000,0.558718973000000,49.331000000000003,-0.028630285000000,-0.097776903000000,49.359630289999998,0.381974255000000,0.455991609000000,1.495363215000000,1.587598338000000,-93.530513439999993,44.077278659999998,3,0
562,562,44.039999999999999,65.977000000000004,37.215000000000003,50.588016869999997,0.237790150000000,0.199396457000000,0.301324139000000,0.564060203000000,50.698999999999998,-0.029348240000000,-0.094245816000000,50.728348240000003,0.383543623000000,0.452946475000000,1.498115350000000,1.584518472000000,-93.530513439999993,44.077239659999996,2,0
563,563,44.045999999999999,66.024000000000001,37.445000000000000,50.666710690000002,0.236757688000000,0.199672935000000,0.302623064000000,0.567142251000000,50.557000000000002,-0.029553605000000,-0.092200793000000,50.586553600000002,0.384034684000000,0.451007600000000,1.498978341000000,1.582253506000000,-93.530513439999993,44.077200660000003,2,0
564,564,43.923999999999999,65.739999999999995,37.265000000000001,50.463668779999999,0.236475462000000,0.198934929000000,0.301330129000000,0.566854274000000,50.290999999999997,-0.028901034000000,-0.092350727000000,50.319901029999997,0.382723533000000,0.450597590000000,1.496676077000000,1.580899525000000,-93.530513439999993,44.077161660000002,2,0
565,565,43.680999999999997,64.241000000000000,37.186999999999998,49.725274630000001,0.227437306000000,0.190507959000000,0.290662331000000,0.578867079000000,47.613999999999997,-0.021277798000000,-0.083931390000000,47.635277799999997,0.367671899000000,0.435128261000000,1.470685195000000,1.551661184000000,-93.530513439999993,44.077122660000001,1,0
566,566,43.835000000000001,64.162999999999997,37.159999999999997,49.730149789999999,0.226116825000000,0.188225708000000,0.286964624000000,0.579149977000000,47.331000000000003,-0.019247992000000,-0.083626118000000,47.350247990000000,0.363570506000000,0.433008864000000,1.463739021000000,1.546517495000000,-93.530513439999993,44.077083660000000,1,0
567,567,44.292000000000002,64.626999999999995,37.064000000000000,50.040551850000000,0.227425099000000,0.186698372000000,0.283000487000000,0.573506429000000,47.898000000000003,-0.017934965000000,-0.087252625000000,47.915934970000002,0.360819904000000,0.435696982000000,1.459112255000000,1.548295728000000,-93.530513439999993,44.077044659999999,1,0
568,568,43.776000000000003,64.977000000000004,37.298999999999999,50.098450100000001,0.231622194000000,0.194946346000000,0.296708372000000,0.574033889000000,48.878999999999998,-0.025269082000000,-0.087355189000000,48.904269079999999,0.375617689000000,0.442236182000000,1.484306469000000,1.565597178000000,-93.530513439999993,44.077005659999998,3,0
569,569,44.609000000000002,65.539000000000001,37.758000000000003,50.698421949999997,0.228213357000000,0.190017068000000,0.289128333000000,0.576114985000000,48.710999999999999,-0.020867308000000,-0.085715252000000,48.731867309999998,0.366790616000000,0.436645782000000,1.469187832000000,1.553069962000000,-93.530513439999993,44.076966659999997,1,0
570,570,43.795999999999999,64.641000000000005,36.956000000000003,49.874156409999998,0.231057829000000,0.192231434000000,0.291615954000000,0.571711452000000,48.530000000000001,-0.022880056000000,-0.088742924000000,48.552880060000000,0.370762123000000,0.441597556000000,1.475956708000000,1.561824384000000,-93.530513439999993,44.076927660000003,3,0
571,571,46.149000000000001,68.191000000000003,40.018999999999998,52.855977410000001,0.225630195000000,0.192775931000000,0.296578356000000,0.586866302000000,50.213999999999999,-0.023208235000000,-0.078805901000000,50.237208240000001,0.371737159000000,0.431466933000000,1.477626817000000,1.549444959000000,-93.531059440000007,44.077317659999999,1,0
572,572,43.116999999999997,64.048000000000002,36.311999999999998,49.260475489999997,0.234511505000000,0.195315635000000,0.295414450000000,0.566949788000000,48.667000000000002,-0.025677983000000,-0.092078870000000,48.692677979999999,0.376276981000000,0.447524077000000,1.485446576000000,1.572889788000000,-93.530513439999993,44.076888660000002,3,0
573,573,44.432000000000002,65.049000000000007,37.159999999999997,50.287309950000001,0.229136946000000,0.188315781000000,0.285076257000000,0.571261664000000,48.506000000000000,-0.019395667000000,-0.088822362000000,48.525395670000002,0.363732574000000,0.438639083000000,1.464012423000000,1.553789830000000,-93.530513439999993,44.076849660000001,1,0
574,574,42.881000000000000,62.548999999999999,36.069000000000003,48.484122220000003,0.226162472000000,0.186550318000000,0.283559926000000,0.576651905000000,46.148000000000003,-0.017778218000000,-0.085176574000000,46.165778220000000,0.360553022000000,0.433354093000000,1.458664677000000,1.545162016000000,-93.530513439999993,44.076810660000000,1,0
575,575,45.634000000000000,65.382000000000005,38.350999999999999,51.081852880000000,0.217831049000000,0.177884269000000,0.271767701000000,0.586568169000000,46.779000000000003,-0.010004887000000,-0.078267623000000,46.789004890000001,0.344856314000000,0.419042625000000,1.432747513000000,1.518151482000000,-93.530474440000006,44.078019660000002,1,0
576,576,45.878000000000000,66.406000000000006,38.722000000000001,51.684752760000002,0.221754089000000,0.182822130000000,0.279057122000000,0.583109960000000,48.212000000000003,-0.014415321000000,-0.080759705000000,48.226415320000001,0.353818262000000,0.425665169000000,1.447447578000000,1.531535944000000,-93.530474440000006,44.077980660000001,1,0
577,577,45.085999999999999,65.900000000000006,38.216000000000001,51.107794749999996,0.225465128000000,0.187537167000000,0.286024461000000,0.579908953000000,48.497999999999998,-0.018629777000000,-0.083092720000000,48.516629780000002,0.362331081000000,0.431896249000000,1.461651067000000,1.544372057000000,-93.530474440000006,44.077941660000000,1,0
578,578,47.363999999999997,69.037999999999997,39.662999999999997,53.487529729999999,0.226780629000000,0.186199550000000,0.282437874000000,0.574509690000000,51.048999999999999,-0.017482459000000,-0.086565213000000,51.066482460000003,0.359920556000000,0.434569602000000,1.457604932000000,1.546328448000000,-93.530474440000006,44.077902659999999,1,0
579,579,45.139000000000003,66.614000000000004,37.768000000000001,51.320483699999997,0.232822079000000,0.192164864000000,0.290261540000000,0.566967905000000,50.320999999999998,-0.022869028000000,-0.091885421000000,50.343869030000000,0.370642874000000,0.444889418000000,1.475752675000000,1.566019210000000,-93.530474440000006,44.077863659999998,3,0
580,580,45.954999999999998,66.914000000000001,38.805999999999997,51.946289749999998,0.224471497000000,0.185693149000000,0.282988807000000,0.579938428000000,49.067000000000000,-0.016990275000000,-0.082977419000000,49.083990280000002,0.359007036000000,0.430320090000000,1.456076597000000,1.540414888000000,-93.530474440000006,44.077824659999997,1,0
581,581,44.648000000000003,66.219999999999999,37.756999999999998,51.003670960000001,0.232888827000000,0.194573727000000,0.295058199000000,0.570175174000000,50.034999999999997,-0.024980992000000,-0.089892010000000,50.059980990000000,0.374952165000000,0.444634295000000,1.483157140000000,1.568306980000000,-93.530474440000006,44.077785660000004,3,0
582,582,46.012000000000000,68.709999999999994,39.991000000000000,53.032846190000001,0.230132976000000,0.197852199000000,0.303729376000000,0.582025906000000,51.417000000000002,-0.027749446000000,-0.082233555000000,51.444749450000003,0.380797878000000,0.439100919000000,1.493306094000000,1.564701444000000,-93.531059440000007,44.077278659999998,2,0
583,583,45.350000000000001,66.599000000000004,38.162999999999997,51.473177059999998,0.229268473000000,0.189809645000000,0.287981460000000,0.573026622000000,49.685000000000002,-0.020711202000000,-0.087739821000000,49.705711200000003,0.366418089000000,0.438644602000000,1.468555678000000,1.555405749000000,-93.530474440000006,44.077746660000003,1,0
584,584,44.546999999999997,65.212999999999994,37.832000000000001,50.558318810000003,0.225779469000000,0.188283528000000,0.287315093000000,0.580129729000000,48.046999999999997,-0.019291018000000,-0.082986883000000,48.066291020000001,0.363674543000000,0.432370674000000,1.463914517000000,1.545770868000000,-93.530474440000006,44.077707660000002,1,0
585,585,44.615000000000002,66.361999999999995,38.210000000000001,51.167754719999998,0.231497247000000,0.195959523000000,0.298857999000000,0.575781321000000,49.899000000000001,-0.026148391000000,-0.086254164000000,49.925148389999997,0.377425843000000,0.441860974000000,1.487436961000000,1.566212747000000,-93.530474440000006,44.077668660000001,3,0
586,586,44.906999999999996,66.766999999999996,38.868000000000002,51.591964369999999,0.228978091000000,0.195748339000000,0.300249979000000,0.582143873000000,49.759000000000000,-0.025887792000000,-0.082048863000000,49.784887789999999,0.377049131000000,0.437250628000000,1.486783798000000,1.560034473000000,-93.530474440000006,44.077629659999999,1,0
587,587,44.340000000000003,65.718000000000004,37.530000000000001,50.640537199999997,0.232370397000000,0.194243035000000,0.294755129000000,0.571076417000000,49.566000000000003,-0.024676803000000,-0.089275551000000,49.590676799999997,0.374361286000000,0.443724527000000,1.482138024000000,1.566763883000000,-93.530474440000006,44.077590659999998,3,0
588,588,43.963000000000001,64.983000000000004,36.863999999999997,50.048277210000002,0.233114952000000,0.192939621000000,0.291612330000000,0.567286829000000,49.139000000000003,-0.023556683000000,-0.091717989000000,49.162556680000002,0.372030161000000,0.445309137000000,1.478129336000000,1.567407411000000,-93.530474440000006,44.077551659999997,3,0
589,589,44.718000000000004,65.876999999999995,37.996000000000002,50.935170130000003,0.228658821000000,0.191319680000000,0.291450295000000,0.576771863000000,49.039999999999999,-0.022018830000000,-0.085352410000000,49.062018830000000,0.369128083000000,0.437278459000000,1.473165168000000,1.555282760000000,-93.530474440000006,44.077512659999996,1,0
590,590,46.895000000000003,69.188999999999993,40.066000000000003,53.514929700000003,0.228176215000000,0.192050584000000,0.293272646000000,0.579080490000000,51.417000000000002,-0.022644893000000,-0.083871918000000,51.439644889999997,0.370438140000000,0.436276188000000,1.475402495000000,1.554788243000000,-93.530474440000006,44.077473660000003,1,0
591,591,46.508000000000003,68.260000000000005,39.459000000000003,52.850210799999999,0.227217770000000,0.189530183000000,0.288836660000000,0.578069147000000,50.552999999999997,-0.020416659000000,-0.084404158000000,50.573416659999999,0.365916043000000,0.434864993000000,1.467704481000000,1.550274806000000,-93.530474440000006,44.077434660000002,1,0
592,592,44.683000000000000,66.527000000000001,38.183000000000000,51.252166480000000,0.232437940000000,0.196421185000000,0.299122242000000,0.573947420000000,50.188000000000002,-0.026579559000000,-0.087492721000000,50.214579559999997,0.378249038000000,0.443529491000000,1.488866012000000,1.568882013000000,-93.530474440000006,44.077395660000001,3,0
593,593,45.491000000000000,67.950000000000003,39.274999999999999,52.374164129999997,0.231725776000000,0.197979566000000,0.302820700000000,0.577998528000000,51.134000000000000,-0.027911941000000,-0.084896147000000,51.161911940000003,0.381024530000000,0.442005728000000,1.493702051000000,1.568600940000000,-93.531059440000007,44.077239659999996,2,0
594,594,47.017000000000003,69.709999999999994,39.945999999999998,53.745589910000000,0.231717929000000,0.194410890000000,0.295554890000000,0.573031129000000,52.457000000000001,-0.024804529000000,-0.087989634000000,52.481804529999998,0.374661237000000,0.442491670000000,1.482655210000000,1.565346356000000,-93.530474440000006,44.077356660000000,2,0
595,595,45.500000000000000,67.122000000000000,38.250999999999998,51.764698029999998,0.231624579000000,0.191987356000000,0.290731602000000,0.569872769000000,50.493000000000002,-0.022681328000000,-0.089947174000000,50.515681330000000,0.370324854000000,0.442689446000000,1.475208791000000,1.562972140000000,-93.530474440000006,44.077317659999999,1,0
596,596,45.860999999999997,67.448999999999998,38.841000000000001,52.157524870000003,0.228579235000000,0.190521578000000,0.289892438000000,0.575857314000000,50.195999999999998,-0.021318296000000,-0.085912022000000,50.217318300000002,0.367696341000000,0.437250274000000,1.470726761000000,1.554386383000000,-93.530474440000006,44.077278659999998,1,0
597,597,44.911000000000001,66.766000000000005,38.241999999999997,51.436521530000000,0.232498789000000,0.195698309000000,0.297610131000000,0.572776563000000,50.378999999999998,-0.025951347000000,-0.088228977000000,50.404951349999997,0.376959873000000,0.443745766000000,1.486629111000000,1.568375580000000,-93.530474440000006,44.077239659999996,2,0
598,598,44.566000000000003,66.731999999999999,37.808000000000000,51.214363360000000,0.236705307000000,0.199159015000000,0.301619268000000,0.566564767000000,51.090000000000003,-0.029104127000000,-0.092556973000000,51.119104129999997,0.383121767000000,0.450987026000000,1.497374680000000,1.581660720000000,-93.530474440000006,44.077200660000003,2,0
599,599,45.841000000000001,67.640000000000001,39.061000000000000,52.288713260000002,0.228801628000000,0.192093831000000,0.292918570000000,0.577483737000000,50.378000000000000,-0.022699322000000,-0.084924808000000,50.400699320000001,0.370515620000000,0.437429648000000,1.475535001000000,1.556311718000000,-93.530474440000006,44.077161660000002,1,0
600,600,45.551000000000002,67.231999999999999,39.072000000000003,52.030941460000001,0.227494101000000,0.192236419000000,0.294135204000000,0.581151832000000,49.841000000000001,-0.022788845000000,-0.082520826000000,49.863788839999998,0.370771052000000,0.434986045000000,1.475971987000000,1.553340487000000,-93.530474440000006,44.077122660000001,1,0
601,601,45.320000000000000,66.328999999999994,38.164000000000001,51.348253900000003,0.227507842000000,0.188170069000000,0.285895081000000,0.575374271000000,49.173999999999999,-0.019230641000000,-0.086103342000000,49.193230640000003,0.363470387000000,0.435615547000000,1.463570168000000,1.549770327000000,-93.530474440000006,44.077083660000000,1,0
602,602,45.712000000000003,66.445999999999998,38.621000000000002,51.627639559999999,0.223542410000000,0.184864209000000,0.281953302000000,0.581238901000000,48.558999999999997,-0.016243641000000,-0.082084375000000,48.575243639999997,0.357510575000000,0.428706696000000,1.453578929000000,1.537504702000000,-93.530474440000006,44.077044659999999,1,0
603,603,43.701000000000001,64.349000000000004,36.570999999999998,49.625293429999999,0.231736613000000,0.191096714000000,0.288868059000000,0.568322740000000,48.426000000000002,-0.021902767000000,-0.090924555000000,48.447902769999999,0.368728228000000,0.443040953000000,1.472483467000000,1.562462090000000,-93.530474440000006,44.077005659999998,3,0
604,604,46.277000000000001,68.713999999999999,40.122000000000000,53.144298560000003,0.227984113000000,0.195119618000000,0.299683447000000,0.583898478000000,51.029000000000003,-0.025311869000000,-0.080864918000000,51.054311869999999,0.375927067000000,0.435503209000000,1.484841282000000,1.557113418000000,-93.531059440000007,44.077200660000003,1,0
605,605,46.094000000000001,67.051000000000002,38.991000000000000,52.092198770000003,0.223630964000000,0.185222502000000,0.282614559000000,0.581512580000000,49.017000000000003,-0.016560183000000,-0.081924068000000,49.033560180000002,0.358157558000000,0.428817387000000,1.454657873000000,1.538024699000000,-93.530474440000006,44.076966659999997,1,0
606,606,45.073999999999998,65.968000000000004,38.192999999999998,51.127773759999997,0.226153910000000,0.188163037000000,0.286812448000000,0.578962527000000,48.668999999999997,-0.019193889000000,-0.083745770000000,48.688193890000001,0.363457734000000,0.433087581000000,1.463548831000000,1.546550167000000,-93.530474440000006,44.076927660000003,1,0
607,607,44.106000000000002,64.881000000000000,37.401000000000003,50.178741180000003,0.228405493000000,0.190619065000000,0.290210376000000,0.576455357000000,48.255000000000003,-0.021399295000000,-0.085523404000000,48.276399300000001,0.367871295000000,0.436912264000000,1.471024350000000,1.554058906000000,-93.530474440000006,44.076888660000002,1,0
608,608,45.286999999999999,66.527000000000001,38.460999999999999,51.497581230000002,0.227424101000000,0.189958324000000,0.289558709000000,0.578126174000000,49.305999999999997,-0.020796540000000,-0.084389286000000,49.326796539999997,0.366685121000000,0.435185084000000,1.469008766000000,1.551142616000000,-93.530474440000006,44.076849660000001,1,0
609,609,42.459000000000003,62.972999999999999,36.247999999999998,48.587662750000000,0.230824860000000,0.194570908000000,0.296513645000000,0.575611770000000,47.238999999999997,-0.024918125000000,-0.086291643000000,47.263918130000000,0.374947129000000,0.440817085000000,1.483148449000000,1.563352686000000,-93.530474440000006,44.076810660000000,3,0
610,610,43.014000000000003,63.095999999999997,36.673999999999999,48.909071030000000,0.225879153000000,0.189256432000000,0.289215969000000,0.581241283000000,46.503999999999998,-0.020145114000000,-0.082308942000000,46.524145109999999,0.365424105000000,0.432412747000000,1.466871251000000,1.546866247000000,-93.530435440000005,44.078019660000002,1,0
611,611,44.103000000000002,64.703000000000003,37.726999999999997,50.182597739999999,0.225226761000000,0.189327794000000,0.289818371000000,0.583079610000000,47.576000000000001,-0.020192039000000,-0.081109375000000,47.596192039999998,0.365552359000000,0.431188463000000,1.467088407000000,1.545393092000000,-93.530435440000005,44.077980660000001,1,0
612,612,43.039000000000001,64.186000000000007,36.701000000000001,49.393526960000003,0.233681864000000,0.197220797000000,0.299855368000000,0.571791356000000,48.631999999999998,-0.027315426000000,-0.088966552000000,48.659315429999999,0.379673787000000,0.445706690000000,1.491345059000000,1.572593597000000,-93.530435440000005,44.077941660000000,3,0
613,613,43.048999999999999,64.567999999999998,36.624000000000002,49.543113890000001,0.236881552000000,0.199959114000000,0.303114392000000,0.567215958000000,49.463000000000001,-0.029807059000000,-0.092167969000000,49.492807059999997,0.384542805000000,0.451193269000000,1.499872239000000,1.582814299000000,-93.530435440000005,44.077902659999999,3,0
614,614,42.270000000000003,63.261000000000003,36.548000000000002,48.732136300000001,0.232317133000000,0.198908378000000,0.304292362000000,0.577733517000000,47.704000000000001,-0.028737533000000,-0.085120250000000,47.732737530000001,0.382676341000000,0.442967710000000,1.496593329000000,1.570865347000000,-93.530435440000005,44.077863659999998,3,0
615,615,45.667000000000002,67.780000000000001,39.406999999999996,52.384841760000000,0.228822394000000,0.194919213000000,0.298662885000000,0.581395692000000,50.485999999999997,-0.025162573000000,-0.082498332000000,50.511162570000003,0.375569237000000,0.437073486000000,1.484222743000000,1.558909039000000,-93.531059440000007,44.077161660000002,1,0
616,616,43.988000000000000,65.225999999999999,37.741000000000000,50.377767259999999,0.229629420000000,0.194462248000000,0.297147174000000,0.578618956000000,48.722999999999999,-0.024788541000000,-0.084301997000000,48.747788540000002,0.374753000000000,0.438624384000000,1.482813495000000,1.560407254000000,-93.530435440000005,44.077824659999997,3,0
617,617,42.997999999999998,64.551000000000002,37.128000000000000,49.645906140000001,0.234079569000000,0.200401677000000,0.306059272000000,0.575173119000000,48.975999999999999,-0.030093242000000,-0.086895636000000,49.006093239999998,0.385328251000000,0.445997796000000,1.501255872000000,1.576457875000000,-93.530435440000005,44.077785660000004,3,0
618,618,41.692000000000000,62.932000000000002,35.930000000000000,48.268776619999997,0.237077735000000,0.203012693000000,0.309197310000000,0.570933706000000,48.241999999999997,-0.032465814000000,-0.089858702000000,48.274465810000002,0.389953772000000,0.451126603000000,1.509450254000000,1.586094687000000,-93.530435440000005,44.077746660000003,3,0
619,619,43.292000000000002,64.501999999999995,37.448000000000000,49.789751189999997,0.230109085000000,0.196764198000000,0.301509681000000,0.580571145000000,48.264000000000003,-0.026804919000000,-0.083135732000000,48.290804919999999,0.378860381000000,0.439197155000000,1.489928855000000,1.563642785000000,-93.530435440000005,44.077707660000002,3,0
620,620,43.078000000000003,63.512999999999998,37.017000000000003,49.193067069999998,0.226587357000000,0.191714122000000,0.293716043000000,0.582825563000000,46.930999999999997,-0.022309342000000,-0.081396580000000,46.953309339999997,0.369835208000000,0.433379123000000,1.474372069000000,1.550731401000000,-93.530435440000005,44.077668660000001,1,0
621,621,41.524999999999999,62.588999999999999,35.996000000000002,48.088184830000003,0.235112161000000,0.202316691000000,0.309228104000000,0.575117033000000,47.656999999999996,-0.031789308000000,-0.087035900000000,47.688789309999997,0.388722189000000,0.447634281000000,1.507260686000000,1.580712251000000,-93.530435440000005,44.077629659999999,3,0
622,622,43.031999999999996,64.495999999999995,36.808000000000000,49.552382729999998,0.235366227000000,0.199613124000000,0.303506787000000,0.570702059000000,49.152000000000001,-0.029453497000000,-0.089823745000000,49.181453500000003,0.383928465000000,0.448462132000000,1.498791597000000,1.578828910000000,-93.530435440000005,44.077590659999998,3,0
623,623,42.241000000000000,63.213999999999999,35.832999999999998,48.525992230000000,0.236447565000000,0.198881039000000,0.301240987000000,0.566852280000000,48.353999999999999,-0.028853123000000,-0.092348961000000,48.382853120000000,0.382627748000000,0.450554274000000,1.496508132000000,1.580783053000000,-93.530435440000005,44.077551659999997,3,0
624,624,42.537999999999997,63.826000000000001,36.335999999999999,49.001852399999997,0.236183338000000,0.200142905000000,0.303992689000000,0.569297778000000,48.777999999999999,-0.029942537000000,-0.090789068000000,48.807942539999999,0.384869042000000,0.449885920000000,1.500446659000000,1.581288325000000,-93.530435440000005,44.077512659999996,3,0
625,625,43.859000000000002,65.335999999999999,37.942999999999998,50.438332070000001,0.230004612000000,0.196684830000000,0.301423118000000,0.580736501000000,48.869999999999997,-0.026732727000000,-0.083022741000000,48.896732729999997,0.378718947000000,0.439015578000000,1.489682847000000,1.563322318000000,-93.530435440000005,44.077473660000003,3,0
626,626,46.786999999999999,69.783000000000001,40.738999999999997,53.908430320000001,0.229158227000000,0.197272025000000,0.303253287000000,0.583795480000000,52.039999999999999,-0.027215226000000,-0.081040500000000,52.067215230000002,0.379765020000000,0.437386776000000,1.491504050000000,1.561862066000000,-93.531059440000007,44.077122660000001,2,0
627,627,42.354999999999997,63.670000000000002,36.438000000000002,48.906518890000001,0.235512994000000,0.201037491000000,0.306307213000000,0.572294644000000,48.546999999999997,-0.030695689000000,-0.088842717000000,48.577695689999999,0.386455950000000,0.448534488000000,1.503246370000000,1.580490047000000,-93.530435440000005,44.077434660000002,3,0
628,628,41.792999999999999,62.872999999999998,35.847000000000001,48.251688700000003,0.236525621000000,0.201402557000000,0.306310757000000,0.570149349000000,48.106000000000002,-0.031049084000000,-0.090292001000000,48.137049079999997,0.387103056000000,0.450336616000000,1.504390687000000,1.583271265000000,-93.530435440000005,44.077395660000001,3,0
629,629,44.030000000000001,66.236999999999995,37.938000000000002,50.876559479999997,0.235522892000000,0.201392982000000,0.307027610000000,0.572761448000000,50.506000000000000,-0.031004352000000,-0.088551668000000,50.537004349999997,0.387086089000000,0.448504790000000,1.504360663000000,1.580842107000000,-93.530435440000005,44.077356660000000,2,0
630,630,43.195000000000000,64.150999999999996,36.783000000000001,49.444069130000003,0.232014596000000,0.195219198000000,0.296982838000000,0.573381553000000,48.323999999999998,-0.025518806000000,-0.087801900000000,48.349518809999999,0.376104839000000,0.442921434000000,1.485148744000000,1.566782819000000,-93.530435440000005,44.077317659999999,3,0
631,631,41.634999999999998,63.104999999999997,35.646000000000001,48.257474610000003,0.240447981000000,0.204983769000000,0.310736099000000,0.564868077000000,48.929000000000002,-0.034305415000000,-0.094030744000000,48.963305419999998,0.393436008000000,0.456998587000000,1.515671911000000,1.596119150000000,-93.530435440000005,44.077278659999998,3,0
632,632,42.722000000000001,63.767000000000003,36.439000000000000,49.055072090000003,0.234030818000000,0.197626046000000,0.300428266000000,0.571439773000000,48.372999999999998,-0.027679671000000,-0.089222546000000,48.400679670000002,0.380395350000000,0.446290856000000,1.492603343000000,1.573800782000000,-93.530435440000005,44.077239659999996,3,0
633,633,42.865000000000002,65.003000000000000,36.881000000000000,49.742692580000003,0.239616309000000,0.205232321000000,0.311859918000000,0.567373814000000,50.259999999999998,-0.034487285000000,-0.092364023000000,50.294487279999998,0.393874527000000,0.455451603000000,1.516458649000000,1.594320092000000,-93.530435440000005,44.077200660000003,2,0
634,634,42.578000000000003,64.349999999999994,36.725999999999999,49.337638300000002,0.237476202000000,0.203613647000000,0.310133614000000,0.570722611000000,49.396000000000001,-0.033001518000000,-0.090032996000000,49.429001520000000,0.391016336000000,0.451772927000000,1.511343887000000,1.587617091000000,-93.530435440000005,44.077161660000002,3,0
635,635,44.515000000000001,65.641000000000005,38.238000000000000,50.834603540000003,0.226733945000000,0.191782563000000,0.293751217000000,0.582532259000000,48.529000000000003,-0.022372872000000,-0.081592248000000,48.551372870000002,0.369957871000000,0.433641210000000,1.474581602000000,1.551138379000000,-93.530435440000005,44.077122660000001,1,0
636,636,42.488999999999997,63.716000000000001,36.491999999999997,48.978600229999998,0.234728433000000,0.199868179000000,0.304491271000000,0.572728985000000,48.451000000000001,-0.029653041000000,-0.088489597000000,48.480653040000000,0.384381365000000,0.447257390000000,1.499588129000000,1.577524993000000,-93.530435440000005,44.077083660000000,3,0
637,637,45.825000000000003,67.763999999999996,38.869000000000000,52.289863519999997,0.230830707000000,0.193143702000000,0.293616167000000,0.573593649000000,50.834000000000003,-0.023672093000000,-0.087548046000000,50.857672090000001,0.372395385000000,0.441037144000000,1.478756137000000,1.562088958000000,-93.531059440000007,44.077083660000000,1,0
638,638,42.465000000000003,63.167999999999999,36.533999999999999,48.744933430000003,0.230535466000000,0.195989890000000,0.299613598000000,0.578362462000000,47.337000000000003,-0.026145308000000,-0.084551267000000,47.363145310000000,0.377480003000000,0.440084885000000,1.487530908000000,1.563947565000000,-93.530435440000005,44.077044659999999,3,0
639,639,41.712000000000003,62.732999999999997,35.872999999999998,48.173963790000002,0.235807753000000,0.201263823000000,0.306553695000000,0.571836195000000,47.881000000000000,-0.030902664000000,-0.089160336000000,47.911902660000003,0.386857174000000,0.449042848000000,1.503955696000000,1.581409405000000,-93.530435440000005,44.077005659999998,3,0
640,640,43.262999999999998,63.911000000000001,36.906999999999996,49.391057689999997,0.229104966000000,0.192658667000000,0.293850598000000,0.577474926000000,47.652000000000001,-0.023200838000000,-0.084960543000000,47.675200840000002,0.371527224000000,0.437910004000000,1.477266949000000,1.557537844000000,-93.530435440000005,44.076966659999997,3,0
641,641,43.511000000000003,64.358000000000004,37.265999999999998,49.745733620000003,0.228833422000000,0.193262198000000,0.295270739000000,0.579042233000000,47.939000000000000,-0.023719985000000,-0.083960451000000,47.962719980000003,0.372607406000000,0.437321159000000,1.479120222000000,1.557434560000000,-93.530435440000005,44.076927660000003,3,0
642,642,43.009000000000000,63.570000000000000,36.932000000000002,49.176185310000001,0.227925305000000,0.192917929000000,0.295217310000000,0.580965864000000,47.198999999999998,-0.023394722000000,-0.082677983000000,47.222394719999997,0.371991335000000,0.435689368000000,1.478062731000000,1.554973482000000,-93.530435440000005,44.076888660000002,3,0
643,643,42.320000000000000,63.581000000000003,36.103999999999999,48.775078260000001,0.237068672000000,0.200762977000000,0.304611946000000,0.567842594000000,48.738000000000000,-0.030513010000000,-0.091795359000000,48.768513009999999,0.385969168000000,0.451420546000000,1.502386578000000,1.584001097000000,-93.530435440000005,44.076849660000001,3,0
644,644,41.286000000000001,61.884000000000000,35.787999999999997,47.661809300000002,0.232491212000000,0.199651061000000,0.305689947000000,0.578307802000000,46.694000000000003,-0.029387297000000,-0.084779574000000,46.723387299999999,0.383995839000000,0.443190031000000,1.498910042000000,1.571966696000000,-93.530435440000005,44.076810660000000,3,0
645,645,44.890999999999998,65.674000000000007,38.462000000000003,51.015035699999999,0.223543439000000,0.187970877000000,0.288240434000000,0.585650333000000,47.994999999999997,-0.018967033000000,-0.079362800000000,48.013967030000003,0.363111903000000,0.428247870000000,1.462965851000000,1.540237236000000,-93.530396440000004,44.078019660000002,1,0
646,646,44.651000000000003,65.677000000000007,38.168999999999997,50.872561990000001,0.226610139000000,0.190577188000000,0.291384304000000,0.581162355000000,48.533999999999999,-0.021317602000000,-0.082428601000000,48.555317600000002,0.367796143000000,0.433581204000000,1.470896508000000,1.549766300000000,-93.530396440000004,44.077980660000001,1,0
647,647,44.216999999999999,65.864000000000004,38.290999999999997,50.857350390000001,0.229746635000000,0.196646106000000,0.301532247000000,0.581364630000000,49.219999999999999,-0.026691020000000,-0.082607230000000,49.246691020000000,0.378649936000000,0.438546604000000,1.489562838000000,1.562675679000000,-93.530396440000004,44.077941660000000,3,0
648,648,45.600999999999999,67.575000000000003,39.426000000000002,52.282059709999999,0.227648664000000,0.194157772000000,0.297952542000000,0.583440622000000,50.122999999999998,-0.024466259000000,-0.081116892000000,50.147466260000002,0.374208901000000,0.435010801000000,1.481875397000000,1.555444455000000,-93.531059440000007,44.077044659999999,1,0
649,649,44.448000000000000,65.950999999999993,38.021999999999998,50.894765900000003,0.230589816000000,0.194775315000000,0.297097144000000,0.576518931000000,49.432000000000002,-0.025089442000000,-0.085703506000000,49.457089439999997,0.375312250000000,0.440353768000000,1.483778798000000,1.562976005000000,-93.530396440000004,44.077902659999999,3,0
650,650,42.750999999999998,64.001999999999995,36.962000000000003,49.295346129999999,0.232484582000000,0.199067005000000,0.304494849000000,0.577513203000000,48.290999999999997,-0.028880771000000,-0.085274328000000,48.319880769999997,0.382958266000000,0.443253710000000,1.497087787000000,1.571411073000000,-93.530396440000004,44.077863659999998,3,0
651,651,45.082000000000001,66.418000000000006,38.542999999999999,51.411089259999997,0.227343494000000,0.191354260000000,0.292446235000000,0.580309555000000,49.210999999999999,-0.022015022000000,-0.083028199000000,49.233015020000003,0.369190089000000,0.434831447000000,1.473270929000000,1.552193355000000,-93.530396440000004,44.077824659999997,1,0
652,652,45.018999999999998,66.497000000000000,38.973999999999997,51.534888010000003,0.225824589000000,0.192600165000000,0.296076756000000,0.586101629000000,49.000999999999998,-0.023060668000000,-0.079296963000000,49.024060669999997,0.371422479000000,0.431848846000000,1.477087452000000,1.549740405000000,-93.530396440000004,44.077785660000004,1,0
653,653,42.197000000000003,62.689999999999998,35.984000000000002,48.323462780000000,0.231866615000000,0.195381696000000,0.297418110000000,0.573999043000000,47.198999999999998,-0.025656097000000,-0.087401949000000,47.224656099999997,0.376394892000000,0.442624590000000,1.485650639000000,1.566574366000000,-93.530396440000004,44.077746660000003,3,0
654,654,44.640999999999998,65.822999999999993,38.345999999999997,50.976798400000000,0.226707915000000,0.191754780000000,0.293713081000000,0.582562326000000,48.658999999999999,-0.022347960000000,-0.081571131000000,48.681347959999997,0.369908078000000,0.433596835000000,1.474496539000000,1.551052037000000,-93.530396440000004,44.077707660000002,1,0
655,655,44.005000000000003,64.998000000000005,37.670999999999999,50.266901869999998,0.228277713000000,0.192591030000000,0.294299893000000,0.579571679000000,48.320000000000000,-0.023119299000000,-0.083577185000000,48.343119299999998,0.371406122000000,0.436387325000000,1.477059425000000,1.555513419000000,-93.530396440000004,44.077668660000001,1,0
656,656,44.630000000000003,65.206000000000003,38.515999999999998,50.751491250000001,0.221326291000000,0.187333843000000,0.288502524000000,0.590681839000000,47.265999999999998,-0.018361734000000,-0.076059642000000,47.284361730000001,0.361964901000000,0.424207301000000,1.461035178000000,1.534503608000000,-93.530396440000004,44.077629659999999,1,0
657,657,43.465000000000003,64.957999999999998,37.296999999999997,49.999380660000000,0.233313398000000,0.198232847000000,0.302182043000000,0.574171003000000,49.154000000000003,-0.028184189000000,-0.087443041000000,49.182184190000001,0.381475147000000,0.444886279000000,1.494489819000000,1.572628228000000,-93.530396440000004,44.077590659999998,3,0
658,658,43.802000000000000,65.469999999999999,37.551000000000002,50.381920379999997,0.233578121000000,0.198294165000000,0.302115141000000,0.573560409000000,49.587000000000003,-0.028246256000000,-0.087851358000000,49.615246259999999,0.381584219000000,0.445364051000000,1.494680608000000,1.573319482000000,-93.530396440000004,44.077551659999997,3,0
659,659,46.793999999999997,68.653000000000006,40.354999999999997,53.327412809999998,0.223461273000000,0.189342296000000,0.291096255000000,0.587811166000000,50.156999999999996,-0.020162771000000,-0.078022105000000,50.177162770000002,0.365578420000000,0.427905334000000,1.467132538000000,1.541270471000000,-93.531059440000007,44.077005659999998,1,0
660,660,43.634000000000000,65.242999999999995,37.518999999999998,50.226985990000003,0.233099759000000,0.198471670000000,0.302825191000000,0.575065524000000,49.332999999999998,-0.028384655000000,-0.086863029000000,49.361384659999999,0.381899919000000,0.444461273000000,1.495233075000000,1.572334564000000,-93.530396440000004,44.077512659999996,3,0
661,661,45.174999999999997,66.251999999999995,38.783000000000001,51.427065570000003,0.224270311000000,0.189155232000000,0.290140961000000,0.585386102000000,48.545999999999999,-0.020018641000000,-0.079593902000000,48.566018640000003,0.365242206000000,0.429434193000000,1.466563365000000,1.542994341000000,-93.530396440000004,44.077473660000003,1,0
662,662,42.639000000000003,63.195000000000000,36.137999999999998,48.708819839999997,0.232069485000000,0.194228698000000,0.294938017000000,0.571849039000000,47.613000000000000,-0.024655566000000,-0.088762573000000,47.637655570000000,0.374335662000000,0.443169487000000,1.482093858000000,1.566027529000000,-93.530396440000004,44.077434660000002,3,0
663,663,43.298999999999999,63.841999999999999,36.487000000000002,49.267655159999997,0.230867113000000,0.191737990000000,0.290754947000000,0.571520316000000,47.898000000000003,-0.022442699000000,-0.088842009000000,47.920442700000002,0.369877987000000,0.441319681000000,1.474445137000000,1.560931126000000,-93.530396440000004,44.077395660000001,3,0
664,664,44.539000000000001,66.756000000000000,37.786000000000001,51.211547699999997,0.237155817000000,0.199622625000000,0.302235100000000,0.566031518000000,51.186999999999998,-0.029523548000000,-0.092940080000000,51.216523549999998,0.383945338000000,0.451746367000000,1.498821258000000,1.583176087000000,-93.530396440000004,44.077356660000000,2,0
665,665,45.155000000000001,66.885999999999996,38.570999999999998,51.641175629999999,0.230098668000000,0.193955784000000,0.295780591000000,0.576667763000000,50.045999999999999,-0.024360609000000,-0.085561575000000,50.070360610000002,0.373847844000000,0.439562840000000,1.481253460000000,1.561067009000000,-93.530396440000004,44.077317659999999,1,0
666,666,45.003999999999998,66.893000000000001,38.335000000000001,51.541587380000003,0.232340818000000,0.195617398000000,0.297558522000000,0.573079395000000,50.447000000000003,-0.025875978000000,-0.088023856000000,50.472875979999998,0.376815511000000,0.443465913000000,1.486378989000000,1.567923569000000,-93.530396440000004,44.077278659999998,2,0
667,667,44.460000000000001,66.233000000000004,37.893999999999998,50.988420660000003,0.233274369000000,0.196697171000000,0.299083779000000,0.572131717000000,50.112000000000002,-0.026846225000000,-0.088711664000000,50.138846219999998,0.378740940000000,0.445031466000000,1.489721098000000,1.571139827000000,-93.530396440000004,44.077239659999996,3,0
668,668,43.241999999999997,64.238000000000000,36.911000000000001,49.527141139999998,0.231621683000000,0.195347972000000,0.297524409000000,0.574597590000000,48.323000000000000,-0.025619325000000,-0.087004038000000,48.348619329999998,0.376334699000000,0.442177269000000,1.485546459000000,1.565957516000000,-93.530396440000004,44.077200660000003,3,0
669,669,44.451999999999998,65.846999999999994,38.427999999999997,50.952654160000002,0.227492613000000,0.193972747000000,0.297686132000000,0.583595304000000,48.814000000000000,-0.024300900000000,-0.081006139000000,48.838300900000000,0.373878168000000,0.434747420000000,1.481305678000000,1.554908297000000,-93.530396440000004,44.077161660000002,1,0
670,670,43.767000000000003,66.021000000000001,37.756999999999998,50.661996860000002,0.236545143000000,0.202699749000000,0.308950313000000,0.571893791000000,50.518000000000001,-0.032174591000000,-0.089201261000000,50.550174589999997,0.389400140000000,0.450197037000000,1.508465282000000,1.584517484000000,-93.531098439999994,44.077824659999997,2,0
671,671,45.734999999999999,67.239999999999995,40.079000000000001,52.342570520000002,0.220913870000000,0.190351848000000,0.295009328000000,0.596058894000000,48.665999999999997,-0.020979524000000,-0.072715512000000,48.686979520000001,0.367391689000000,0.423057436000000,1.470208812000000,1.536280482000000,-93.531059440000007,44.076966659999997,1,0
672,672,44.395000000000003,65.572999999999993,38.037999999999997,50.720225409999998,0.228079540000000,0.192583297000000,0.294425136000000,0.580086316000000,48.713000000000001,-0.023107171000000,-0.083238517000000,48.736107169999997,0.371392276000000,0.436021480000000,1.477035702000000,1.555037081000000,-93.530396440000004,44.077122660000001,1,0
673,673,43.329000000000001,64.680000000000007,36.908000000000001,49.743023309999998,0.234368813000000,0.197677971000000,0.300291135000000,0.570624613000000,49.122999999999998,-0.027735876000000,-0.089767246000000,49.150735879999999,0.380487781000000,0.446905516000000,1.492764661000000,1.574662592000000,-93.530396440000004,44.077083660000000,3,0
674,674,43.761000000000003,65.134000000000000,36.957000000000001,50.077549609999998,0.234849706000000,0.196271638000000,0.297103061000000,0.567399515000000,49.549999999999997,-0.026524148000000,-0.091834188000000,49.576524149999997,0.377982427000000,0.448001903000000,1.488402916000000,1.574561245000000,-93.530396440000004,44.077044659999999,3,0
675,675,43.573999999999998,64.609999999999999,37.701999999999998,49.981951340000002,0.227766798000000,0.194446499000000,0.298459181000000,0.583531961000000,47.944000000000003,-0.024720672000000,-0.081071522000000,47.968720670000003,0.374724860000000,0.435190599000000,1.482764952000000,1.555986069000000,-93.530396440000004,44.077005659999998,3,0
676,676,43.220999999999997,64.043000000000006,37.229999999999997,49.516440330000002,0.228424692000000,0.194119183000000,0.297312734000000,0.581328170000000,47.634999999999998,-0.024454995000000,-0.082501696000000,47.659454990000000,0.374139928000000,0.436447603000000,1.481756554000000,1.557241065000000,-93.530396440000004,44.076966659999997,3,0
677,677,43.472000000000001,64.656999999999996,37.628000000000000,49.954008240000000,0.229138746000000,0.195923388000000,0.300492192000000,0.581963283000000,48.213999999999999,-0.026044718000000,-0.082176499000000,48.240044720000000,0.377361391000000,0.437523289000000,1.487325175000000,1.560574567000000,-93.530396440000004,44.076927660000003,3,0
678,678,43.783999999999999,65.250000000000000,37.470999999999997,50.261572459999996,0.232556492000000,0.196874369000000,0.299959476000000,0.574268199000000,49.244999999999997,-0.026977919000000,-0.087304870000000,49.271977919999998,0.379056685000000,0.443683742000000,1.490270418000000,1.569576875000000,-93.530396440000004,44.076888660000002,3,0
679,679,42.494000000000000,63.192999999999998,36.366999999999997,48.722527210000003,0.231550278000000,0.195851902000000,0.298600692000000,0.575490956000000,47.524999999999999,-0.026056288000000,-0.086440368000000,47.551056289999998,0.377233880000000,0.441973872000000,1.487104062000000,1.566241999000000,-93.530396440000004,44.076849660000001,3,0
680,680,41.856999999999999,62.545000000000002,35.734000000000002,48.099910710000003,0.234353491000000,0.198157123000000,0.301275703000000,0.571332640000000,47.499000000000002,-0.028152652000000,-0.089323229000000,47.527152649999998,0.381340440000000,0.446808416000000,1.494254247000000,1.575059961000000,-93.530396440000004,44.076810660000000,3,0
681,681,44.454999999999998,64.867000000000004,37.884999999999998,50.395925560000002,0.223478597000000,0.186714477000000,0.285734283000000,0.584041192000000,47.393999999999998,-0.017865998000000,-0.080349440000000,47.411866000000003,0.360848931000000,0.428307968000000,1.459160949000000,1.538973547000000,-93.530357440000003,44.078019660000002,1,0
682,682,45.356999999999999,67.025999999999996,39.121000000000002,51.897960030000000,0.226852148000000,0.192813860000000,0.295774071000000,0.583669024000000,49.573999999999998,-0.023274633000000,-0.080899514000000,49.597274630000001,0.371805054000000,0.433719266000000,1.477743237000000,1.552347788000000,-93.531059440000007,44.076927660000003,1,0
683,683,44.156999999999996,65.137000000000000,37.758000000000003,50.392909490000001,0.227905311000000,0.191959302000000,0.293278909000000,0.579670541000000,48.359000000000002,-0.022558007000000,-0.083479313000000,48.381558009999999,0.370274588000000,0.435787032000000,1.475122857000000,1.554064554000000,-93.530357440000003,44.077980660000001,1,0
684,684,43.741999999999997,65.603999999999999,37.298000000000002,50.359997960000001,0.236365007000000,0.199934154000000,0.303436598000000,0.568532407000000,50.167999999999999,-0.029767328000000,-0.091287744000000,50.197767329999998,0.384498494000000,0.450248920000000,1.499794248000000,1.581538043000000,-93.530357440000003,44.077941660000000,3,0
685,685,43.314000000000000,64.325000000000003,36.670999999999999,49.526324520000003,0.233254248000000,0.195198766000000,0.296063014000000,0.570089390000000,48.664999999999999,-0.025538078000000,-0.089984062000000,48.690538080000003,0.376068366000000,0.445215733000000,1.485085654000000,1.569745502000000,-93.530357440000003,44.077902659999999,3,0
686,686,43.270000000000003,65.099999999999994,36.914999999999999,49.909986060000001,0.237730827000000,0.201439513000000,0.305506962000000,0.567050691000000,50.015000000000001,-0.031125030000000,-0.092363286000000,50.046125029999999,0.387168548000000,0.452536797000000,1.504506587000000,1.586228588000000,-93.530357440000003,44.077863659999998,3,0
687,687,43.710999999999999,65.694999999999993,37.118000000000002,50.346236110000000,0.238249167000000,0.200939619000000,0.304116866000000,0.565004947000000,50.561000000000000,-0.030708962000000,-0.093703421000000,50.591708959999998,0.386282418000000,0.453558943000000,1.502939763000000,1.587035462000000,-93.530357440000003,44.077824659999997,2,0
688,688,45.488999999999997,67.703000000000003,38.939999999999998,52.183231440000000,0.231887552000000,0.196250618000000,0.299170393000000,0.575159151000000,50.976999999999997,-0.026413904000000,-0.086681303000000,51.003413899999998,0.377944950000000,0.442539385000000,1.488337840000000,1.567409595000000,-93.530357440000003,44.077785660000004,2,0
689,689,44.563000000000002,65.600999999999999,37.911000000000001,50.749699810000003,0.228046201000000,0.190969827000000,0.291171301000000,0.577902776000000,48.728000000000002,-0.021697113000000,-0.084589566000000,48.749697110000000,0.368500629000000,0.436191990000000,1.472095685000000,1.553515878000000,-93.530357440000003,44.077746660000003,1,0
690,690,44.219000000000001,65.239999999999995,37.957999999999998,50.505403420000000,0.227140419000000,0.192044510000000,0.293995888000000,0.581820969000000,48.302999999999997,-0.022612046000000,-0.082071946000000,48.325612049999997,0.370427257000000,0.434357772000000,1.475383885000000,1.552332674000000,-93.530357440000003,44.077707660000002,1,0
691,691,43.103000000000002,64.034000000000006,36.442000000000000,49.282319780000002,0.233718505000000,0.195366680000000,0.296074687000000,0.569103914000000,48.523000000000003,-0.025698744000000,-0.090648354000000,48.548698739999999,0.376368090000000,0.446048910000000,1.485604250000000,1.571015957000000,-93.530357440000003,44.077668660000001,3,0
692,692,44.036000000000001,64.781000000000006,37.536000000000001,50.148773839999997,0.227296409000000,0.190641168000000,0.291031271000000,0.579429154000000,47.990000000000002,-0.021390747000000,-0.083569179000000,48.011390749999997,0.367910960000000,0.434846893000000,1.471091834000000,1.551445851000000,-93.530357440000003,44.077629659999999,1,0
693,693,45.598999999999997,67.411000000000001,39.496000000000002,52.228490749999999,0.226117126000000,0.193009468000000,0.296705389000000,0.585898444000000,49.726999999999997,-0.023424652000000,-0.079449989000000,49.750424649999999,0.372155168000000,0.432335581000000,1.478343823000000,1.550798546000000,-93.531059440000007,44.076888660000002,1,0
694,694,42.651000000000003,63.396999999999998,36.359000000000002,48.854424199999997,0.232182076000000,0.195628395000000,0.297694041000000,0.573512942000000,47.783999999999999,-0.025880750000000,-0.087737260000000,47.809880749999998,0.376835132000000,0.443171295000000,1.486412980000000,1.567552684000000,-93.530357440000003,44.077590659999998,3,0
695,695,42.671999999999997,63.902000000000001,36.529000000000003,49.121390550000001,0.234791430000000,0.199204309000000,0.303090870000000,0.571640950000000,48.603000000000002,-0.029078356000000,-0.089176328000000,48.632078360000001,0.383202249000000,0.447464855000000,1.497515936000000,1.577068979000000,-93.530357440000003,44.077551659999997,3,0
696,696,42.509999999999998,63.503999999999998,36.765000000000001,48.960948180000003,0.231395704000000,0.198030449000000,0.303166833000000,0.578939909000000,47.732999999999997,-0.027945286000000,-0.084277100000000,47.760945290000002,0.381115067000000,0.441393420000000,1.493860268000000,1.567861886000000,-93.530357440000003,44.077512659999996,3,0
697,697,44.579999999999998,65.037999999999997,38.140999999999998,50.570260449999999,0.222536032000000,0.186629933000000,0.286217944000000,0.586441773000000,47.354999999999997,-0.017772183000000,-0.078780988000000,47.372772179999998,0.360696542000000,0.426560148000000,1.458905339000000,1.536693286000000,-93.530357440000003,44.077473660000003,1,0
698,698,43.384999999999998,63.706000000000003,36.820999999999998,49.316997409999999,0.227369496000000,0.189754508000000,0.289184574000000,0.577983235000000,47.206000000000003,-0.020616766000000,-0.084472455000000,47.226616770000000,0.366319049000000,0.435113910000000,1.468387692000000,1.550832862000000,-93.530357440000003,44.077434660000002,1,0
699,699,42.930999999999997,63.488999999999997,36.481000000000002,49.006078680000002,0.230466592000000,0.193177974000000,0.293941864000000,0.574603475000000,47.566000000000003,-0.023691927000000,-0.086882527000000,47.589691930000001,0.372456709000000,0.440357151000000,1.478861429000000,1.561248391000000,-93.530357440000003,44.077395660000001,3,0
700,700,46.887000000000000,69.533000000000001,39.927000000000000,53.626467929999997,0.231326368000000,0.194519842000000,0.296053234000000,0.574216559000000,52.252000000000002,-0.024888229000000,-0.087211139000000,52.276888229999997,0.374855898000000,0.441751465000000,1.482991021000000,1.564505815000000,-93.530357440000003,44.077356660000000,2,0
701,701,44.426000000000002,66.686999999999998,37.954000000000001,51.190271080000002,0.236352513000000,0.200345594000000,0.304282453000000,0.569136413000000,50.994000000000000,-0.030124709000000,-0.090908115000000,51.024124710000002,0.385228740000000,0.450167348000000,1.501080448000000,1.581883131000000,-93.530357440000003,44.077317659999999,2,0
702,702,44.276000000000003,65.941999999999993,37.325000000000003,50.668422659999997,0.235534112000000,0.196574062000000,0.297230187000000,0.566027721000000,50.283000000000001,-0.026809811000000,-0.092766177000000,50.309809809999997,0.378521537000000,0.449219888000000,1.489339597000000,1.576492350000000,-93.530357440000003,44.077278659999998,3,0
703,703,44.703000000000003,66.938000000000002,37.695999999999998,51.316152330000001,0.238016414000000,0.199165181000000,0.300696464000000,0.563147988000000,51.476999999999997,-0.029154195000000,-0.094843207000000,51.506154189999997,0.383132725000000,0.453398169000000,1.497393911000000,1.584863448000000,-93.530357440000003,44.077239659999996,2,0
704,704,44.018000000000001,64.923000000000002,37.787999999999997,50.267660900000003,0.226976357000000,0.191892859000000,0.293803494000000,0.582043344000000,48.039999999999999,-0.022475448000000,-0.081918367000000,48.062475450000001,0.370155530000000,0.434074964000000,1.474919351000000,1.551809173000000,-93.531059440000007,44.076849660000001,1,0
705,705,43.579999999999998,65.281000000000006,36.886000000000003,50.071290370000000,0.237390299000000,0.199345955000000,0.301507468000000,0.565034237000000,50.095999999999997,-0.029290483000000,-0.093590949000000,50.125290479999997,0.383453908000000,0.452218688000000,1.497957779000000,1.583497269000000,-93.530357440000003,44.077200660000003,3,0
706,706,42.700000000000003,63.704999999999998,36.529000000000003,49.044146320000003,0.233165085000000,0.197406137000000,0.300603927000000,0.573408681000000,48.180999999999997,-0.027460226000000,-0.087903508000000,48.208460230000000,0.380003835000000,0.444728985000000,1.491920375000000,1.571519396000000,-93.530357440000003,44.077161660000002,3,0
707,707,44.747999999999998,66.102000000000004,38.030000000000001,51.049449260000003,0.229907620000000,0.192638701000000,0.293243614000000,0.575322986000000,49.426000000000002,-0.023205266000000,-0.086378291000000,49.449205270000000,0.371491476000000,0.439400780000000,1.477205685000000,1.559432290000000,-93.530357440000003,44.077122660000001,1,0
708,708,43.408999999999999,64.924999999999997,36.732999999999997,49.829409640000002,0.236713780000000,0.198608009000000,0.300498596000000,0.565775895000000,49.707999999999998,-0.028624015000000,-0.093052176000000,49.736624020000001,0.382142358000000,0.451084984000000,1.495657583000000,1.581184191000000,-93.530357440000003,44.077083660000000,3,0
709,709,42.731000000000002,64.135000000000005,36.206000000000003,49.159980410000003,0.238085586000000,0.200288211000000,0.302915369000000,0.564527949000000,49.332999999999998,-0.030135876000000,-0.093984847000000,49.363135880000002,0.385126915000000,0.453355243000000,1.500900985000000,1.586045194000000,-93.530357440000003,44.077044659999999,3,0
710,710,44.453000000000003,66.260999999999996,37.795000000000002,50.974017420000003,0.234082972000000,0.196975992000000,0.299071573000000,0.570395859000000,50.274000000000001,-0.027114855000000,-0.089880075000000,50.301114849999998,0.379237734000000,0.446481319000000,1.490585562000000,1.573339080000000,-93.530357440000003,44.077005659999998,2,0
711,711,44.783000000000001,66.283000000000001,38.082999999999998,51.150979360000001,0.230699246000000,0.193578593000000,0.294589151000000,0.574551544000000,49.700000000000003,-0.024048435000000,-0.086938565000000,49.724048430000003,0.373173382000000,0.440728981000000,1.480092892000000,1.562162432000000,-93.530357440000003,44.076966659999997,3,0
712,712,45.369999999999997,66.765000000000001,38.643000000000001,51.669731870000000,0.227619367000000,0.190796807000000,0.291120122000000,0.578791283000000,49.517000000000003,-0.021534972000000,-0.083996339000000,49.538534970000001,0.368190231000000,0.435424281000000,1.471567115000000,1.552349441000000,-93.530357440000003,44.076927660000003,1,0
713,713,44.773000000000003,66.343999999999994,38.095999999999997,51.177641870000002,0.231117523000000,0.194128711000000,0.295408170000000,0.574219221000000,49.819000000000003,-0.024540757000000,-0.087188114000000,49.843540760000003,0.374156959000000,0.441422382000000,1.481785898000000,1.563655286000000,-93.530357440000003,44.076888660000002,3,0
714,714,42.545000000000002,63.686999999999998,36.521000000000001,48.989435710000002,0.234005038000000,0.199017245000000,0.303280687000000,0.573445130000000,48.308000000000000,-0.028889060000000,-0.087967328000000,48.336889059999997,0.382869834000000,0.446047834000000,1.496932660000000,1.575005656000000,-93.530357440000003,44.076849660000001,3,0
715,715,44.843000000000004,65.364999999999995,38.317999999999998,50.832230580000001,0.222398324000000,0.186211527000000,0.285463903000000,0.586215865000000,47.569000000000003,-0.017403014000000,-0.078907397000000,47.586403009999998,0.359942156000000,0.426363122000000,1.457641103000000,1.536002011000000,-93.531059440000007,44.076810660000000,1,0
716,716,41.723999999999997,63.530000000000001,35.408000000000001,48.410327889999998,0.244514966000000,0.207175024000000,0.312201128000000,0.557342988000000,49.927999999999997,-0.036373719000000,-0.099236468000000,49.964373719999998,0.397297450000000,0.464084999000000,1.522624868000000,1.608165239000000,-93.530357440000003,44.076810660000000,2,0
717,717,44.457999999999998,65.236000000000004,37.454999999999998,50.448410889999998,0.228636674000000,0.189417835000000,0.287628566000000,0.574146177000000,48.558999999999997,-0.020352160000000,-0.086979864000000,48.579352159999999,0.365714169000000,0.437527554000000,1.467362454000000,1.553552601000000,-93.530318440000002,44.078019660000002,1,0
718,718,44.872000000000000,65.480999999999995,38.042000000000002,50.821424319999998,0.224653538000000,0.186755231000000,0.285005048000000,0.580962417000000,48.048000000000002,-0.017926480000000,-0.082362613000000,48.065926480000002,0.360922386000000,0.430497847000000,1.459284186000000,1.541771455000000,-93.530318440000002,44.077980660000001,1,0
719,719,44.963999999999999,65.905000000000001,38.299999999999997,51.095075829999999,0.225717660000000,0.188880571000000,0.288566743000000,0.581139519000000,48.545999999999999,-0.019812428000000,-0.082356254000000,48.565812430000001,0.364748424000000,0.432166983000000,1.465728138000000,1.546152255000000,-93.530318440000002,44.077941660000000,1,0
720,720,45.741999999999997,66.206999999999994,38.369000000000000,51.471278640000001,0.223082785000000,0.182806457000000,0.278132645000000,0.579530865000000,48.302999999999997,-0.014424088000000,-0.083093176000000,48.317424090000003,0.353789891000000,0.428169265000000,1.447400638000000,1.534645975000000,-93.530318440000002,44.077902659999999,1,0
721,721,45.572000000000003,65.980000000000004,38.957999999999998,51.471329720000000,0.219086332000000,0.182946070000000,0.281125162000000,0.590451652000000,47.430000000000000,-0.014478772000000,-0.076000266000000,47.444478770000003,0.354042595000000,0.420634645000000,1.447818836000000,1.525429007000000,-93.530318440000002,44.077863659999998,1,0
722,722,44.445999999999998,65.215999999999994,37.792999999999999,50.520241560000002,0.226608235000000,0.189400157000000,0.288998038000000,0.579505029000000,48.192999999999998,-0.020288224000000,-0.083454613000000,48.213288220000003,0.365682401000000,0.433749113000000,1.467308644000000,1.548715959000000,-93.530318440000002,44.077824659999997,1,0
723,723,43.996000000000002,64.545000000000002,37.091999999999999,49.925015459999997,0.228387367000000,0.189320165000000,0.287603745000000,0.574668836000000,48.002000000000002,-0.020260518000000,-0.086630091000000,48.022260520000003,0.365538648000000,0.437077671000000,1.467065188000000,1.552872080000000,-93.530318440000002,44.077785660000004,1,0
724,724,45.381999999999998,66.668999999999997,38.598999999999997,51.620939829999998,0.227117739000000,0.189975993000000,0.289808310000000,0.578964736000000,49.356999999999999,-0.020804514000000,-0.083839363000000,49.377804509999997,0.366716853000000,0.434612303000000,1.469062624000000,1.550432034000000,-93.530318440000002,44.077746660000003,1,0
725,725,44.990000000000002,66.462999999999994,38.226999999999997,51.324893240000002,0.229982003000000,0.192664172000000,0.293242837000000,0.575162120000000,49.709000000000003,-0.023229556000000,-0.086485836000000,49.732229560000000,0.371537080000000,0.439534944000000,1.477283841000000,1.559632552000000,-93.530318440000002,44.077707660000002,1,0
726,726,44.043999999999997,65.057000000000002,37.579000000000001,50.280773080000003,0.229015241000000,0.192601351000000,0.293797713000000,0.577631923000000,48.491000000000000,-0.023148350000000,-0.084854104000000,48.514148349999999,0.371424602000000,0.437752029000000,1.477091091000000,1.557273200000000,-93.531020440000006,44.078019660000002,1,0
727,727,44.848999999999997,65.575000000000003,37.939000000000000,50.829391590000000,0.226056147000000,0.187694704000000,0.285935021000000,0.578558902000000,48.362000000000002,-0.018780963000000,-0.083985899000000,48.380780960000003,0.362614744000000,0.432976449000000,1.462128476000000,1.545907869000000,-93.530318440000002,44.077668660000001,1,0
728,728,44.378999999999998,64.596999999999994,37.866000000000000,50.253033100000003,0.222045129000000,0.185527089000000,0.284320068000000,0.586188213000000,46.948999999999998,-0.016796284000000,-0.078891598000000,46.965796279999999,0.358707362000000,0.425802199000000,1.455575835000000,1.534574185000000,-93.530318440000002,44.077629659999999,1,0
729,729,43.384999999999998,64.619000000000000,36.835000000000001,49.714822110000000,0.234023050000000,0.196603829000000,0.298360241000000,0.570033581000000,49.018000000000001,-0.026788365000000,-0.090100042000000,49.044788369999999,0.378574590000000,0.446425681000000,1.489431831000000,1.572859443000000,-93.530318440000002,44.077590659999998,3,0
730,730,42.777000000000001,63.814000000000000,36.463999999999999,49.097595400000003,0.233901648000000,0.197361879000000,0.299984314000000,0.571410662000000,48.387000000000000,-0.027445388000000,-0.089227220000000,48.414445389999997,0.379925027000000,0.446091095000000,1.491782967000000,1.573250461000000,-93.530318440000002,44.077551659999997,3,0
731,731,44.003999999999998,65.045000000000002,37.595999999999997,50.268158430000000,0.229061363000000,0.192949958000000,0.294473290000000,0.577999846000000,48.490000000000002,-0.023453919000000,-0.084630229000000,48.513453920000003,0.372048662000000,0.437787344000000,1.478161076000000,1.557695207000000,-93.530318440000002,44.077512659999996,3,0
732,732,42.740000000000002,63.814000000000000,36.642000000000003,49.131016539999997,0.233061205000000,0.197777653000000,0.301436091000000,0.574200019000000,48.246000000000002,-0.027780106000000,-0.087399089000000,48.273780109999997,0.380665205000000,0.444485925000000,1.493074403000000,1.571608181000000,-93.530318440000002,44.077473660000003,3,0
733,733,43.789999999999999,64.489000000000004,37.070000000000000,49.834994799999997,0.229310230000000,0.191163568000000,0.290679549000000,0.574826715000000,48.118000000000002,-0.021899015000000,-0.086625983000000,48.139899020000001,0.368848131000000,0.438512692000000,1.472687828000000,1.556696801000000,-93.530318440000002,44.077434660000002,3,0
734,734,42.832999999999998,63.618000000000002,36.603000000000002,49.063548660000002,0.231284354000000,0.195254154000000,0.297574734000000,0.575356031000000,47.799999999999997,-0.025527423000000,-0.086497407000000,47.825527420000000,0.376167240000000,0.441568011000000,1.485256695000000,1.565066162000000,-93.530318440000002,44.077395660000001,3,0
735,735,45.295000000000002,67.197000000000003,38.548000000000002,51.810623550000003,0.231633499000000,0.194698290000000,0.296197122000000,0.573656562000000,50.551000000000002,-0.025052966000000,-0.087591367000000,50.576052969999999,0.375174674000000,0.442293236000000,1.483541230000000,1.565401488000000,-93.530318440000002,44.077356660000000,2,0
736,736,44.698999999999998,65.921000000000006,38.021999999999998,50.955049879999997,0.228935091000000,0.191845959000000,0.292322103000000,0.576781299000000,49.121000000000002,-0.022486242000000,-0.085374255000000,49.143486240000001,0.370071485000000,0.437713607000000,1.474775722000000,1.556408194000000,-93.530318440000002,44.077317659999999,1,0
737,737,45.076999999999998,66.552000000000007,38.652000000000001,51.494600810000001,0.227709804000000,0.192378325000000,0.294270798000000,0.580778940000000,49.375000000000000,-0.022918400000000,-0.082772939000000,49.397918400000002,0.371025221000000,0.435365644000000,1.476407037000000,1.553977967000000,-93.531020440000006,44.077980660000001,1,0
738,738,45.442999999999998,66.677999999999997,38.481000000000002,51.613335790000001,0.227503682000000,0.189393602000000,0.288362303000000,0.577116890000000,49.432000000000002,-0.020303847000000,-0.085022775000000,49.452303850000000,0.365670621000000,0.435418397000000,1.467288691000000,1.550833041000000,-93.530318440000002,44.077278659999998,1,0
739,739,43.645000000000003,65.039000000000001,36.494999999999997,49.889352809999998,0.237553397000000,0.196845902000000,0.296360941000000,0.561124864000000,49.938000000000002,-0.027111359000000,-0.096060725000000,49.965111360000002,0.379005964000000,0.452909916000000,1.490182151000000,1.581662557000000,-93.530318440000002,44.077239659999996,3,0
740,740,43.094999999999999,64.438999999999993,36.277999999999999,49.415439659999997,0.237717946000000,0.198486060000000,0.299539688000000,0.562982045000000,49.505000000000003,-0.028551164000000,-0.094914194000000,49.533551160000002,0.381925510000000,0.452953400000000,1.495277874000000,1.583524652000000,-93.530318440000002,44.077200660000003,3,0
741,741,44.348999999999997,65.287000000000006,37.567999999999998,50.466427099999997,0.228983816000000,0.190977416000000,0.290531165000000,0.575428493000000,48.656999999999996,-0.021727670000000,-0.086219124000000,48.678727670000001,0.368514243000000,0.437933889000000,1.472118875000000,1.555753469000000,-93.530318440000002,44.077161660000002,1,0
742,742,43.552000000000000,64.022000000000006,37.173000000000002,49.589733870000003,0.226657214000000,0.190287616000000,0.290762915000000,0.580628534000000,47.319000000000003,-0.021065722000000,-0.082763719000000,47.340065719999998,0.367276383000000,0.433710315000000,1.470012858000000,1.549619373000000,-93.530318440000002,44.077122660000001,1,0
743,743,44.627000000000002,66.109999999999999,38.319000000000003,51.089617310000001,0.229004583000000,0.194000199000000,0.296652766000000,0.579624868000000,49.274000000000001,-0.024368023000000,-0.083615554000000,49.298368019999998,0.373927243000000,0.437534563000000,1.481390190000000,1.558506358000000,-93.530318440000002,44.077083660000000,1,0
744,744,44.945000000000000,66.332999999999998,38.079000000000001,51.218909770000003,0.230154388000000,0.192203311000000,0.292189784000000,0.574058161000000,49.642000000000003,-0.022831203000000,-0.087189753000000,49.664831200000002,0.370711746000000,0.439923769000000,1.475870508000000,1.559634640000000,-93.530318440000002,44.077044659999999,1,0
745,745,45.860999999999997,67.727999999999994,38.808000000000000,52.269730469999999,0.230718910000000,0.192509838000000,0.292413848000000,0.572997874000000,50.786999999999999,-0.023114628000000,-0.087907242000000,50.810114630000001,0.371260739000000,0.440925386000000,1.476810362000000,1.561257879000000,-93.530318440000002,44.077005659999998,1,0
746,746,45.798999999999999,67.049999999999997,38.709000000000003,51.934694829999998,0.226853546000000,0.188313587000000,0.286633396000000,0.577315436000000,49.591999999999999,-0.019341770000000,-0.084834849000000,49.611341770000003,0.363728627000000,0.434370803000000,1.464005764000000,1.548340427000000,-93.530318440000002,44.076966659999997,1,0
747,747,45.698000000000000,67.685000000000002,38.981000000000002,52.246482469999997,0.230362328000000,0.193917959000000,0.295516250000000,0.575917855000000,50.691000000000003,-0.024335145000000,-0.086054449000000,50.715335140000001,0.373780222000000,0.440055918000000,1.481137030000000,1.561661718000000,-93.530318440000002,44.076927660000003,2,0
748,748,45.783999999999999,67.587000000000003,39.491999999999997,52.357092129999998,0.226346110000000,0.192315495000000,0.295117692000000,0.584313551000000,49.898000000000003,-0.022826976000000,-0.080452431000000,49.920826980000001,0.370912692000000,0.432850642000000,1.476214398000000,1.550706367000000,-93.531020440000006,44.077941660000000,1,0
749,749,44.847999999999999,66.771000000000001,38.158000000000001,51.399554180000003,0.233370892000000,0.196409213000000,0.298430460000000,0.571475641000000,50.536000000000001,-0.026598209000000,-0.089131175000000,50.562598209999997,0.378227696000000,0.445251301000000,1.488828933000000,1.571112341000000,-93.530318440000002,44.076888660000002,2,0
750,750,43.024000000000001,64.164000000000001,36.649000000000001,49.366765719999997,0.233917145000000,0.197223570000000,0.299692369000000,0.571176984000000,48.655000000000001,-0.027325375000000,-0.089374778000000,48.682325380000002,0.379678724000000,0.446139639000000,1.491353663000000,1.573162725000000,-93.530318440000002,44.076849660000001,3,0
751,751,43.505000000000003,64.486999999999995,36.558999999999997,49.624653400000000,0.233976598000000,0.194292170000000,0.293729789000000,0.566920465000000,48.909999999999997,-0.024766345000000,-0.092039488000000,48.934766349999997,0.374449093000000,0.446693600000000,1.482289392000000,1.570686246000000,-93.530318440000002,44.076810660000000,3,0
752,752,44.796999999999997,65.140000000000001,37.893000000000001,50.615775730000003,0.223458703000000,0.185042342000000,0.282369108000000,0.581716303000000,47.590000000000003,-0.016398566000000,-0.081781776000000,47.606398570000003,0.357832269000000,0.428522161000000,1.454115231000000,1.537462649000000,-93.530279440000001,44.078019660000002,1,0
753,753,44.067999999999998,64.569000000000003,37.329000000000001,50.015326399999999,0.226760396000000,0.188711028000000,0.287499299000000,0.578125726000000,47.741000000000000,-0.019688147000000,-0.084323747000000,47.760688150000000,0.364443547000000,0.434136142000000,1.465212853000000,1.548468431000000,-93.530279440000001,44.077980660000001,1,0
754,754,43.875000000000000,64.923000000000002,37.637000000000000,50.188163690000003,0.228683087000000,0.193459439000000,0.295779992000000,0.579717512000000,48.334000000000003,-0.023887732000000,-0.083526479000000,48.357887730000002,0.372960260000000,0.437015515000000,1.479726496000000,1.557255809000000,-93.530279440000001,44.077941660000000,3,0
755,755,42.832000000000001,63.838000000000001,36.136000000000003,49.043113560000002,0.235709723000000,0.196925096000000,0.297813820000000,0.566057834000000,48.707999999999998,-0.027122110000000,-0.092766410000000,48.735122109999999,0.379147061000000,0.449490094000000,1.490427718000000,1.577232562000000,-93.530279440000001,44.077902659999999,3,0
756,756,43.451999999999998,64.531999999999996,37.350000000000001,49.824618510000001,0.229965788000000,0.195214106000000,0.298439845000000,0.578782619000000,48.262000000000000,-0.025453094000000,-0.084233559000000,48.287453090000000,0.376095749000000,0.439141205000000,1.485133020000000,1.561887813000000,-93.530279440000001,44.077863659999998,3,0
757,757,44.436999999999998,65.536000000000001,37.896000000000001,50.681097989999998,0.228387339000000,0.191856183000000,0.292728610000000,0.578247070000000,48.738999999999997,-0.022480709000000,-0.084409849000000,48.761480710000001,0.370089806000000,0.436695730000000,1.474807030000000,1.555115328000000,-93.530279440000001,44.077824659999997,1,0
758,758,43.567999999999998,64.617000000000004,37.008000000000003,49.810037059999999,0.231914589000000,0.194564866000000,0.295727552000000,0.572728539000000,48.658000000000001,-0.024944729000000,-0.088198467000000,48.682944730000003,0.374936334000000,0.442832687000000,1.483129820000000,1.565955966000000,-93.530279440000001,44.077785660000004,3,0
759,759,44.918999999999997,66.469999999999999,38.776000000000003,51.444324719999997,0.227317839000000,0.193475119000000,0.296792585000000,0.583360915000000,49.244999999999997,-0.023863084000000,-0.081134752000000,49.268863080000003,0.372988307000000,0.434490967000000,1.479774706000000,1.554044085000000,-93.531020440000006,44.077902659999999,1,0
760,760,43.500999999999998,64.671000000000006,37.527000000000001,49.943137569999998,0.229662024000000,0.195706837000000,0.299667351000000,0.580275549000000,48.314000000000000,-0.025872518000000,-0.083275795000000,48.339872520000000,0.376975089000000,0.438514841000000,1.486655479000000,1.561615395000000,-93.530279440000001,44.077746660000003,3,0
761,761,44.109999999999999,65.444999999999993,37.415999999999997,50.427165899999999,0.232393040000000,0.194742367000000,0.295748486000000,0.571716709000000,49.363999999999997,-0.025113798000000,-0.088878758000000,49.389113799999997,0.375253402000000,0.443691339000000,1.483677171000000,1.567263988000000,-93.530279440000001,44.077707660000002,3,0
762,762,44.384000000000000,65.872000000000000,37.985999999999997,50.833047110000003,0.230596785000000,0.194891888000000,0.297329459000000,0.576663833000000,49.374000000000002,-0.025191241000000,-0.085614063000000,49.399191240000000,0.375520440000000,0.440350155000000,1.484138428000000,1.563097857000000,-93.530279440000001,44.077668660000001,3,0
763,763,43.843000000000004,65.194000000000003,37.820000000000000,50.341562300000000,0.229779628000000,0.195814265000000,0.299802014000000,0.580114734000000,48.725000000000001,-0.025969481000000,-0.083387241000000,48.750969480000002,0.377166740000000,0.438716983000000,1.486987661000000,1.561992286000000,-93.530279440000001,44.077629659999999,3,0
764,764,42.658999999999999,63.048999999999999,36.595999999999997,48.765540760000000,0.228109645000000,0.192889848000000,0.295028360000000,0.580437438000000,46.843000000000004,-0.023375309000000,-0.083023668000000,46.866375310000002,0.371941072000000,0.436034294000000,1.477976511000000,1.555384226000000,-93.530279440000001,44.077590659999998,3,0
765,765,42.588000000000001,63.399999999999999,36.438000000000002,48.857021289999999,0.232108674000000,0.196361852000000,0.299237958000000,0.574731861000000,47.774000000000001,-0.026517630000000,-0.086970076000000,47.800517630000002,0.378143265000000,0.442931154000000,1.488682258000000,1.568039527000000,-93.530279440000001,44.077551659999997,3,0
766,766,42.716999999999999,63.930999999999997,36.616000000000000,49.168575009999998,0.234218972000000,0.198916060000000,0.302918666000000,0.572742488000000,48.529000000000003,-0.028808354000000,-0.088428356000000,48.557808350000002,0.382689996000000,0.446454407000000,1.496617272000000,1.575427389000000,-93.530279440000001,44.077512659999996,3,0
767,767,42.347999999999999,63.612000000000002,36.357999999999997,48.859471319999997,0.235604332000000,0.200679502000000,0.305508462000000,0.571558825000000,48.518000000000001,-0.030388285000000,-0.089312666000000,48.548388289999998,0.385821114000000,0.448750335000000,1.502125248000000,1.580380666000000,-93.530279440000001,44.077473660000003,3,0
768,768,43.344999999999999,64.179000000000002,37.390000000000001,49.651267740000002,0.227759896000000,0.193761393000000,0.297059914000000,0.582589320000000,47.622999999999998,-0.024124653000000,-0.081655327000000,47.647124650000002,0.373500286000000,0.435268760000000,1.480655208000000,1.555346149000000,-93.530279440000001,44.077434660000002,3,0
769,769,42.783000000000001,63.610999999999997,36.579999999999998,49.040258330000000,0.231667352000000,0.195762919000000,0.298335577000000,0.575057773000000,47.859000000000002,-0.025982346000000,-0.086722061000000,47.884982350000001,0.377075142000000,0.442202342000000,1.486828881000000,1.566441415000000,-93.530279440000001,44.077395660000001,3,0
770,770,44.661000000000001,65.706999999999994,38.482999999999997,50.967166089999999,0.224974133000000,0.190689330000000,0.292773179000000,0.585675803000000,48.270000000000003,-0.021374395000000,-0.079480823000000,48.291374390000001,0.367997385000000,0.430529807000000,1.471238889000000,1.546018964000000,-93.531020440000006,44.077863659999998,1,0
771,771,44.448999999999998,66.765000000000001,38.247000000000000,51.303384670000000,0.235096612000000,0.200658191000000,0.305836885000000,0.572860031000000,50.834000000000003,-0.030351731000000,-0.088445815000000,50.864351730000003,0.385783314000000,0.447824084000000,1.502058539000000,1.579137608000000,-93.530279440000001,44.077356660000000,2,0
772,772,44.018000000000001,65.390000000000001,37.651000000000003,50.434889460000001,0.231166068000000,0.195342205000000,0.297838538000000,0.575791405000000,49.110999999999997,-0.025600609000000,-0.086214377000000,49.136600610000002,0.376324407000000,0.441337210000000,1.485528647000000,1.564863077000000,-93.530279440000001,44.077317659999999,3,0
773,773,45.027000000000001,67.138999999999996,38.439999999999998,51.680781889999999,0.233350938000000,0.197136387000000,0.299921330000000,0.572543529000000,50.811000000000000,-0.027231319000000,-0.088462611000000,50.838231319999998,0.379523447000000,0.445109388000000,1.491083128000000,1.571721174000000,-93.530279440000001,44.077278659999998,2,0
774,774,44.378999999999998,66.558999999999997,37.853000000000002,51.096137270000000,0.236294404000000,0.199931493000000,0.303482247000000,0.568713472000000,50.886000000000003,-0.029762553000000,-0.091166804000000,50.915762549999997,0.384493770000000,0.450119763000000,1.499785935000000,1.581364505000000,-93.530279440000001,44.077239659999996,2,0
775,775,43.750999999999998,65.742999999999995,37.048000000000002,50.361514249999999,0.238768637000000,0.200851188000000,0.303564034000000,0.563527676000000,50.686999999999998,-0.030650598000000,-0.094688212000000,50.717650599999999,0.386125606000000,0.454524950000000,1.502662796000000,1.588224404000000,-93.530279440000001,44.077200660000003,2,0
776,776,44.058999999999997,64.843999999999994,37.575000000000003,50.192364759999997,0.227397053000000,0.190857919000000,0.291400292000000,0.579467645000000,48.054000000000002,-0.021582763000000,-0.083555210000000,48.075582760000003,0.368299873000000,0.435002348000000,1.471753785000000,1.551877125000000,-93.530279440000001,44.077161660000002,1,0
777,777,44.280999999999999,65.543999999999997,37.924999999999997,50.646251990000003,0.229176629000000,0.193608013000000,0.295730181000000,0.578618943000000,48.881999999999998,-0.024031134000000,-0.084257191000000,48.906031130000002,0.373225999000000,0.437907236000000,1.480183374000000,1.558560630000000,-93.530279440000001,44.077122660000001,3,0
778,778,43.549999999999997,65.751000000000005,37.462000000000003,50.408987109999998,0.237584347000000,0.203117995000000,0.309038266000000,0.569755593000000,50.490000000000002,-0.032576331000000,-0.090650913000000,50.522576330000000,0.390140015000000,0.452036228000000,1.509781860000000,1.587418621000000,-93.530279440000001,44.077083660000000,2,0
779,779,44.051000000000002,66.703999999999994,37.698000000000000,51.026311579999998,0.240099090000000,0.204532527000000,0.310072957000000,0.565153514000000,51.658999999999999,-0.033900292000000,-0.093812857000000,51.692900289999997,0.392639546000000,0.456425933000000,1.514244853000000,1.594848303000000,-93.530279440000001,44.077044659999999,2,0
780,780,44.189999999999998,66.129999999999995,37.771000000000001,50.834966450000003,0.234799576000000,0.198875997000000,0.302416298000000,0.571162861000000,50.298999999999999,-0.028793107000000,-0.089476065000000,50.327793110000002,0.382618785000000,0.447526030000000,1.496492419000000,1.576789208000000,-93.530279440000001,44.077005659999998,2,0
781,781,43.045999999999999,64.528999999999996,36.948999999999998,49.605707189999997,0.234691681000000,0.199702533000000,0.304179764000000,0.572595267000000,49.063000000000002,-0.029507902000000,-0.088569373000000,49.092507900000001,0.384087244000000,0.447212766000000,1.499070762000000,1.577284593000000,-93.531098439999994,44.077785660000004,3,0
782,782,44.454999999999998,65.685000000000002,38.143000000000001,50.812251470000000,0.227940627000000,0.192754676000000,0.294873398000000,0.580695745000000,48.771999999999998,-0.023252834000000,-0.082846989000000,48.795252830000003,0.371699107000000,0.435740383000000,1.477561579000000,1.554862574000000,-93.531020440000006,44.077824659999997,1,0
783,783,44.314000000000000,66.805999999999997,37.950000000000003,51.208640979999998,0.237858771000000,0.202411807000000,0.307393741000000,0.568062749000000,51.347999999999999,-0.031974240000000,-0.091742135000000,51.379974240000003,0.388890558000000,0.452633833000000,1.507559688000000,1.587431999000000,-93.530279440000001,44.076966659999997,2,0
784,784,44.622000000000000,67.370999999999995,38.670999999999999,51.721758049999998,0.235966703000000,0.203128767000000,0.310261586000000,0.574000683000000,51.448999999999998,-0.032524027000000,-0.087821908000000,51.481524030000003,0.390159065000000,0.449087104000000,1.509815786000000,1.583523272000000,-93.530279440000001,44.076927660000003,2,0
785,785,43.859000000000002,65.183000000000007,37.923000000000002,50.367282039999999,0.229009936000000,0.195557675000000,0.299835487000000,0.581792799000000,48.584000000000003,-0.025723131000000,-0.082269928000000,48.609723129999999,0.376708944000000,0.437334235000000,1.486194396000000,1.559935280000000,-93.530279440000001,44.076888660000002,3,0
786,786,43.418999999999997,65.281000000000006,37.820999999999998,50.256828929999998,0.232868434000000,0.201122355000000,0.308441146000000,0.579356934000000,49.322000000000003,-0.030674101000000,-0.084162680000000,49.352674100000002,0.386606403000000,0.443693413000000,1.503512287000000,1.574233932000000,-93.530279440000001,44.076849660000001,3,0
787,787,41.561999999999998,63.161999999999999,35.677999999999997,48.269237169999997,0.241123185000000,0.206256446000000,0.312834922000000,0.564864950000000,49.084000000000003,-0.035435393000000,-0.094106922000000,49.119435390000000,0.395679983000000,0.458051465000000,1.519705500000000,1.598954046000000,-93.530279440000001,44.076810660000000,3,0
788,788,43.353999999999999,62.834000000000003,36.453000000000003,48.841587750000002,0.223195036000000,0.183448224000000,0.279343228000000,0.580147691000000,45.860999999999997,-0.014991482000000,-0.082723761000000,45.875991480000003,0.354951186000000,0.428277177000000,1.449324168000000,1.535461984000000,-93.530240440000000,44.078019660000002,1,0
789,789,43.814000000000000,63.932000000000002,37.116000000000000,49.613723489999998,0.224786153000000,0.186716908000000,0.284836472000000,0.580554339000000,46.933999999999997,-0.017895652000000,-0.082627604000000,46.951895649999997,0.360853314000000,0.430751684000000,1.459168302000000,1.542050568000000,-93.530240440000000,44.077980660000001,1,0
790,790,42.895000000000003,63.375000000000000,36.729999999999997,49.008382109999999,0.228346457000000,0.192716665000000,0.294506759000000,0.579566075000000,47.125000000000000,-0.023230769000000,-0.083587413000000,47.148230769999998,0.371631059000000,0.436496863000000,1.477444924000000,1.555789202000000,-93.530240440000000,44.077941660000000,3,0
791,791,42.725999999999999,63.603999999999999,36.482999999999997,48.996561720000003,0.232534142000000,0.196350983000000,0.298910476000000,0.573596000000000,47.999000000000002,-0.026521395000000,-0.087721706000000,48.025521400000002,0.378123887000000,0.443716812000000,1.488648598000000,1.569049181000000,-93.530240440000000,44.077902659999999,3,0
792,792,43.119999999999997,64.644999999999996,36.798000000000002,49.640048450000002,0.235994799000000,0.199740175000000,0.303309989000000,0.569231959000000,49.372000000000000,-0.029585717000000,-0.090810235000000,49.401585720000000,0.384154086000000,0.449597389000000,1.499188312000000,1.580464512000000,-93.530240440000000,44.077863659999998,3,0
793,793,44.945000000000000,66.492999999999995,38.802000000000000,51.468330969999997,0.227187369000000,0.193363126000000,0.296657305000000,0.583550148000000,49.238999999999997,-0.023761981000000,-0.081005059000000,49.262761980000001,0.372787971000000,0.434265006000000,1.479430415000000,1.553635102000000,-93.531020440000006,44.077785660000004,1,0
794,794,43.527000000000001,64.159999999999997,37.454999999999998,49.712447650000001,0.226170796000000,0.191601586000000,0.293783461000000,0.583774938000000,47.338000000000001,-0.022200328000000,-0.080769178000000,47.360200329999998,0.369633495000000,0.432622982000000,1.474027615000000,1.549649623000000,-93.530240440000000,44.077824659999997,1,0
795,795,41.704000000000001,62.997000000000000,35.737000000000002,48.252733239999998,0.238665913000000,0.203369595000000,0.308755293000000,0.567280982000000,48.552999999999997,-0.032835842000000,-0.092319743000000,48.585835840000001,0.390584914000000,0.453974562000000,1.510574525000000,1.590277849000000,-93.530240440000000,44.077785660000004,3,0
796,796,42.091999999999999,62.942000000000000,36.168999999999997,48.448007830000002,0.233280266000000,0.198507150000000,0.302766282000000,0.574640145000000,47.622999999999998,-0.028421492000000,-0.087146874000000,47.651421489999997,0.381963014000000,0.444787753000000,1.495343533000000,1.572799549000000,-93.530240440000000,44.077746660000003,3,0
797,797,43.465000000000003,64.771000000000001,37.006999999999998,49.846453279999999,0.233651090000000,0.196847629000000,0.299119741000000,0.571351376000000,49.070000000000000,-0.026989252000000,-0.089238036000000,49.096989250000000,0.379009041000000,0.445704002000000,1.490187507000000,1.572182294000000,-93.530240440000000,44.077707660000002,3,0
798,798,42.942000000000000,64.122000000000000,36.923000000000002,49.392827339999997,0.232469523000000,0.197825600000000,0.301963188000000,0.575824210000000,48.378999999999998,-0.027802510000000,-0.086325849000000,48.406802509999999,0.380750539000000,0.443392020000000,1.493223418000000,1.570235143000000,-93.530240440000000,44.077668660000001,3,0
799,799,43.061999999999998,64.150999999999996,37.527000000000001,49.591539509999997,0.228410989000000,0.196701892000000,0.302628936000000,0.584979190000000,47.713000000000001,-0.026697527000000,-0.080234904000000,47.739697530000001,0.378749353000000,0.436087161000000,1.489735730000000,1.559574409000000,-93.530240440000000,44.077629659999999,3,0
800,800,42.540999999999997,62.801000000000002,36.456000000000003,48.589238240000000,0.227787037000000,0.192325948000000,0.294109108000000,0.580500311000000,46.604999999999997,-0.022874794000000,-0.082953215000000,46.627874790000000,0.370931413000000,0.435516007000000,1.476246445000000,1.554113542000000,-93.530240440000000,44.077590659999998,3,0
801,801,42.110999999999997,62.252000000000002,35.976999999999997,48.107491979999999,0.229110725000000,0.192989853000000,0.294519346000000,0.577925207000000,46.415999999999997,-0.023490095000000,-0.084681488000000,46.439490100000000,0.372120063000000,0.437873031000000,1.478283584000000,1.557848307000000,-93.530240440000000,44.077551659999997,3,0
802,802,41.892000000000003,62.664000000000001,36.052999999999997,48.240838060000002,0.233100313000000,0.198668656000000,0.303227596000000,0.575338312000000,47.383000000000003,-0.028555782000000,-0.086692886000000,47.411555780000000,0.382250190000000,0.444435553000000,1.495846462000000,1.572516403000000,-93.530240440000000,44.077512659999996,3,0
803,803,41.921999999999997,62.658999999999999,36.148000000000003,48.271048149999999,0.232304757000000,0.198286496000000,0.303026318000000,0.576900365000000,47.247999999999998,-0.028197458000000,-0.085638355000000,47.276197459999999,0.381570577000000,0.443027312000000,1.494656743000000,1.570263684000000,-93.530240440000000,44.077473660000003,3,0
804,804,46.759999999999998,68.572999999999993,39.795999999999999,53.142812450000001,0.226149073000000,0.189130604000000,0.288772390000000,0.580345034000000,50.590000000000003,-0.020041385000000,-0.082889724000000,50.610041379999998,0.365197938000000,0.432933809000000,1.466488452000000,1.547391935000000,-93.531020440000006,44.077746660000003,1,0
805,805,41.348999999999997,61.423999999999999,35.390000000000001,47.381781580000002,0.231022061000000,0.195333405000000,0.297923809000000,0.576159156000000,46.109000000000002,-0.025588616000000,-0.085970918000000,46.134588620000002,0.376308699000000,0.441072744000000,1.485501463000000,1.564511303000000,-93.530240440000000,44.077434660000002,3,0
806,806,41.649000000000001,62.567999999999998,35.505000000000003,47.993051059999999,0.237194127000000,0.200725409000000,0.304444638000000,0.567462601000000,47.981999999999999,-0.030484820000000,-0.092047065000000,48.012484819999997,0.385902539000000,0.451655847000000,1.502268962000000,1.584271501000000,-93.530240440000000,44.077395660000001,3,0
807,807,43.802999999999997,65.561000000000007,37.665999999999997,50.450223280000003,0.233561157000000,0.198950294000000,0.303467321000000,0.574518387000000,49.652999999999999,-0.028815888000000,-0.087251581000000,49.681815890000003,0.382750844000000,0.445242720000000,1.496723969000000,1.573878901000000,-93.530240440000000,44.077356660000000,3,0
808,808,43.585000000000001,64.099000000000004,36.828000000000003,49.546730840000002,0.229062705000000,0.190501839000000,0.289516766000000,0.574548745000000,47.784999999999997,-0.021313109000000,-0.086773417000000,47.806313109999998,0.367660913000000,0.438153278000000,1.470666514000000,1.555521875000000,-93.530240440000000,44.077317659999999,3,0
809,809,43.130000000000003,64.186000000000007,37.087000000000003,49.515940409999999,0.230860688000000,0.196205598000000,0.299819163000000,0.577805129000000,48.155000000000001,-0.026342943000000,-0.084930368000000,48.181342940000000,0.377864678000000,0.440654286000000,1.488198470000000,1.564917999000000,-93.530240440000000,44.077278659999998,3,0
810,810,43.194000000000003,64.716999999999999,37.271999999999998,49.810352700000003,0.233292044000000,0.199451400000000,0.304690044000000,0.575922864000000,48.968000000000004,-0.029241716000000,-0.086347575000000,48.997241719999998,0.383641221000000,0.444682113000000,1.498286799000000,1.573694819000000,-93.530240440000000,44.077239659999996,3,0
811,811,43.466999999999999,65.251000000000005,37.262999999999998,50.118540350000004,0.235627178000000,0.200371604000000,0.304863201000000,0.571071708000000,49.771999999999998,-0.030121728000000,-0.089619882000000,49.802121730000003,0.385274891000000,0.448834598000000,1.501161801000000,1.580153076000000,-93.530240440000000,44.077200660000003,3,0
812,812,44.091000000000001,65.960999999999999,38.140000000000001,50.824959100000001,0.232035040000000,0.198724239000000,0.304121704000000,0.578220464000000,49.691000000000003,-0.028568344000000,-0.084788653000000,49.719568340000002,0.382349010000000,0.442474885000000,1.496019596000000,1.570023113000000,-93.530240440000000,44.077161660000002,3,0
813,813,43.340000000000003,64.227999999999994,37.497999999999998,49.698060280000000,0.227517272000000,0.194184144000000,0.298101898000000,0.583826369000000,47.618000000000002,-0.024485407000000,-0.080865261000000,47.642485409999999,0.374256035000000,0.434765054000000,1.481956622000000,1.555159003000000,-93.530240440000000,44.077122660000001,3,0
814,814,44.040999999999997,66.254999999999995,37.563000000000002,50.794729629999999,0.237751852000000,0.201403496000000,0.305418448000000,0.566945891000000,50.905999999999999,-0.031094489000000,-0.092431303000000,50.937094490000000,0.387104721000000,0.452580435000000,1.504393633000000,1.586246785000000,-93.530240440000000,44.077083660000000,2,0
815,815,45.243000000000002,66.325999999999993,38.369000000000000,51.375245290000002,0.226759886000000,0.188968262000000,0.288019126000000,0.578491089000000,49.039999999999999,-0.019913564000000,-0.084097427000000,49.059913559999998,0.364906091000000,0.434096259000000,1.465994740000000,1.548693681000000,-93.531020440000006,44.077707660000002,1,0
816,816,42.649000000000001,64.727999999999994,37.152999999999999,49.628609339999997,0.237286030000000,0.205621316000000,0.314408180000000,0.573986528000000,49.654000000000003,-0.034729122000000,-0.087966512000000,49.688729119999998,0.394560561000000,0.451171089000000,1.517690919000000,1.589040693000000,-93.530240440000000,44.077044659999999,2,0
817,817,42.494000000000000,64.281000000000006,36.847000000000001,49.313583000000001,0.236749830000000,0.204045891000000,0.311563322000000,0.573217592000000,49.220999999999997,-0.033347259000000,-0.088393143000000,49.254347260000003,0.391780124000000,0.450394892000000,1.512707676000000,1.586266656000000,-93.530240440000000,44.077005659999998,3,0
818,818,44.085999999999999,66.275000000000006,38.173000000000002,50.967731460000003,0.234119613000000,0.201058345000000,0.307377958000000,0.575978876000000,50.290999999999997,-0.030663686000000,-0.086396381000000,50.321663690000001,0.386492923000000,0.445985203000000,1.503311709000000,1.577162080000000,-93.530240440000000,44.076966659999997,2,0
819,819,43.722999999999999,66.435000000000002,38.055000000000000,50.903480490000000,0.238026909000000,0.206176583000000,0.314993828000000,0.572815534000000,51.091999999999999,-0.035238474000000,-0.088777638000000,51.127238470000002,0.395539272000000,0.452445231000000,1.519452005000000,1.591352153000000,-93.530240440000000,44.076927660000003,2,0
820,820,43.015999999999998,64.775999999999996,37.401000000000003,49.816801830000003,0.234010735000000,0.201870269000000,0.309130429000000,0.577389774000000,49.134999999999998,-0.031362394000000,-0.085504122000000,49.166362390000003,0.387931698000000,0.445683128000000,1.505858285000000,1.577657732000000,-93.530240440000000,44.076888660000002,3,0
821,821,43.524000000000001,65.439999999999998,37.820000000000000,50.355683480000003,0.233413752000000,0.201130649000000,0.308051276000000,0.577933985000000,49.536000000000001,-0.030700894000000,-0.085104644000000,49.566700890000000,0.386621106000000,0.444687306000000,1.503538278000000,1.575541737000000,-93.530240440000000,44.076849660000001,3,0
822,822,41.661999999999999,63.180000000000000,35.832000000000001,48.343792669999999,0.239710773000000,0.205242174000000,0.311809883000000,0.567141500000000,48.866000000000000,-0.034499623000000,-0.092520295000000,48.900499619999998,0.393891907000000,0.455622031000000,1.516489847000000,1.594559413000000,-93.530240440000000,44.076810660000000,3,0
823,823,45.118000000000002,65.554000000000002,38.305000000000000,50.990959539999999,0.222275569000000,0.184653752000000,0.282393909000000,0.584327425000000,47.685000000000002,-0.016034690000000,-0.080059338000000,47.701034690000000,0.357130424000000,0.426363168000000,1.452945609000000,1.534347688000000,-93.530201439999999,44.078019660000002,1,0
824,824,47.216999999999999,67.090999999999994,39.667999999999999,52.612411700000003,0.213948712000000,0.173863597000000,0.266264737000000,0.591256651000000,47.296999999999997,-0.006411389000000,-0.075049358000000,47.303411390000001,0.337524322000000,0.412317742000000,1.420907724000000,1.505774775000000,-93.530201439999999,44.077980660000001,1,0
825,825,44.832999999999998,64.941000000000003,38.216999999999999,50.622361519999998,0.219938760000000,0.183176344000000,0.281006750000000,0.588488012000000,46.832000000000001,-0.014695488000000,-0.077283078000000,46.846695490000002,0.354459312000000,0.422200392000000,1.448508911000000,1.527607541000000,-93.530201439999999,44.077941660000000,1,0
826,826,45.152999999999999,66.474999999999994,38.220999999999997,51.376271680000002,0.229174756000000,0.191009424000000,0.290462762000000,0.574968033000000,49.576000000000001,-0.021760572000000,-0.086524435000000,49.597760569999998,0.368571659000000,0.438284169000000,1.472216685000000,1.556237212000000,-93.531020440000006,44.077668660000001,1,0
827,827,43.902000000000001,64.971000000000004,37.365000000000002,50.148976959999999,0.230458929000000,0.193519054000000,0.294638362000000,0.575102738000000,48.674999999999997,-0.023989661000000,-0.086571206000000,48.698989660000002,0.373066894000000,0.440292721000000,1.479909799000000,1.561534842000000,-93.530201439999999,44.077902659999999,3,0
828,828,44.256999999999998,66.293000000000006,37.744000000000000,50.918410010000002,0.235731894000000,0.199330620000000,0.302667363000000,0.569351214000000,50.585000000000001,-0.029220333000000,-0.090707648000000,50.614220330000002,0.383426664000000,0.449173401000000,1.497909935000000,1.579455299000000,-93.530201439999999,44.077863659999998,2,0
829,829,45.078000000000003,66.248000000000005,38.512000000000000,51.328996779999997,0.226326555000000,0.190162226000000,0.290740792000000,0.581330757000000,48.905999999999999,-0.020947957000000,-0.082296881000000,48.926947960000000,0.367051265000000,0.433113836000000,1.469630418000000,1.548726983000000,-93.530201439999999,44.077824659999997,1,0
830,830,44.944000000000003,66.453999999999994,38.604999999999997,51.401826419999999,0.228031433000000,0.193091438000000,0.295495446000000,0.580928161000000,49.359000000000002,-0.023548862000000,-0.082711679000000,49.382548860000000,0.372301860000000,0.435861653000000,1.478595586000000,1.555380981000000,-93.530201439999999,44.077785660000004,1,0
831,831,42.933000000000000,63.673999999999999,36.484999999999999,49.087595139999998,0.231807937000000,0.194555705000000,0.295784490000000,0.572996828000000,47.930000000000000,-0.024933609000000,-0.088020295000000,47.954933609999998,0.374919968000000,0.442636766000000,1.483101577000000,1.565691881000000,-93.530201439999999,44.077746660000003,3,0
832,832,44.277999999999999,65.603999999999999,37.613000000000000,50.593688239999999,0.231427646000000,0.194080923000000,0.295091948000000,0.573333943000000,49.317000000000000,-0.024507949000000,-0.087771111000000,49.341507950000000,0.374071542000000,0.442003343000000,1.481638737000000,1.564355240000000,-93.530201439999999,44.077707660000002,3,0
833,833,43.421999999999997,64.454999999999998,37.015999999999998,49.699434490000002,0.231537918000000,0.194972052000000,0.296820536000000,0.574292142000000,48.472000000000001,-0.025289006000000,-0.087185716000000,48.497289010000003,0.375663589000000,0.442076751000000,1.484385795000000,1.565418499000000,-93.530201439999999,44.077668660000001,3,0
834,834,44.238999999999997,65.078999999999994,37.709000000000003,50.379671969999997,0.227292014000000,0.190636492000000,0.291024871000000,0.579434226000000,48.210000000000001,-0.021386548000000,-0.083565604000000,48.231386550000003,0.367902568000000,0.434839408000000,1.471077556000000,1.551431285000000,-93.530201439999999,44.077629659999999,1,0
835,835,44.231000000000002,65.587999999999994,37.628999999999998,50.577032819999999,0.231491391000000,0.194474544000000,0.295844300000000,0.573717753000000,49.316000000000003,-0.024853508000000,-0.087538658000000,49.340853510000002,0.374774969000000,0.442063250000000,1.482851394000000,1.564860358000000,-93.530201439999999,44.077590659999998,3,0
836,836,43.819000000000003,63.920000000000002,37.256999999999998,49.645258949999999,0.223841161000000,0.186571251000000,0.285193383000000,0.582869212000000,46.764000000000003,-0.017748076000000,-0.081107065000000,46.781748080000000,0.360590759000000,0.429006640000000,1.458727949000000,1.539698474000000,-93.530201439999999,44.077551659999997,1,0
837,837,45.590000000000003,66.350999999999999,38.533999999999999,51.529190620000001,0.224041397000000,0.185463771000000,0.282820439000000,0.580759898000000,48.578000000000003,-0.016780196000000,-0.082428310000000,48.594780200000002,0.358593084000000,0.429549526000000,1.455384953000000,1.539201123000000,-93.531020440000006,44.077629659999999,1,0
838,838,43.457000000000001,64.353999999999999,37.003999999999998,49.663011660000002,0.230660375000000,0.193829943000000,0.295126188000000,0.575006993000000,48.247000000000000,-0.024266823000000,-0.086651245000000,48.271266820000001,0.373622858000000,0.440620160000000,1.480866144000000,1.562294451000000,-93.530201439999999,44.077512659999996,3,0
839,839,43.223999999999997,63.247999999999998,36.697000000000003,49.041796759999997,0.225635485000000,0.188068225000000,0.286979577000000,0.580208070000000,46.575000000000003,-0.019099107000000,-0.082924376000000,46.594099110000002,0.363287109000000,0.432134271000000,1.463261151000000,1.545241187000000,-93.530201439999999,44.077473660000003,1,0
840,840,43.951999999999998,64.802000000000007,37.398000000000003,50.098861970000002,0.228741811000000,0.191717086000000,0.292196872000000,0.577111818000000,48.253999999999998,-0.022368493000000,-0.085149707000000,48.276368490000003,0.369840521000000,0.437373826000000,1.474381143000000,1.555833598000000,-93.530201439999999,44.077434660000002,1,0
841,841,42.732999999999997,63.844999999999999,36.356000000000002,49.071553369999997,0.235038374000000,0.198089662000000,0.300646521000000,0.569441616000000,48.600999999999999,-0.028116473000000,-0.090577469000000,48.629116470000000,0.381220420000000,0.448078051000000,1.494044415000000,1.576652107000000,-93.530201439999999,44.077395660000001,3,0
842,842,44.148000000000003,65.915000000000006,37.338000000000001,50.622654259999997,0.236006676000000,0.197768551000000,0.299305603000000,0.566456800000000,50.344000000000001,-0.027868196000000,-0.092548897000000,50.371868200000002,0.380649005000000,0.449909203000000,1.493046118000000,1.578709770000000,-93.530201439999999,44.077356660000000,3,0
843,843,44.340000000000003,65.102999999999994,37.328000000000003,50.324996419999998,0.229088987000000,0.189715194000000,0.287915136000000,0.573368355000000,48.537999999999997,-0.020623965000000,-0.087509113000000,48.558623969999999,0.366248428000000,0.438324682000000,1.468267930000000,1.554893740000000,-93.530201439999999,44.077317659999999,1,0
844,844,44.130000000000003,65.504000000000005,38.027000000000001,50.610551090000001,0.229169892000000,0.194957769000000,0.298490371000000,0.580529433000000,48.850999999999999,-0.025206385000000,-0.083070005000000,48.876206379999999,0.375638085000000,0.437708805000000,1.484341718000000,1.559766663000000,-93.530201439999999,44.077278659999998,3,0
845,845,44.442000000000000,66.697999999999993,38.152999999999999,51.248954390000002,0.235199615000000,0.200251934000000,0.304931015000000,0.572026148000000,50.801000000000002,-0.030002746000000,-0.088978050000000,50.831002750000003,0.385062539000000,0.448067957000000,1.500787543000000,1.579011994000000,-93.530201439999999,44.077239659999996,2,0
846,846,43.954999999999998,65.578999999999994,37.097000000000001,50.361475599999999,0.236115169000000,0.197418153000000,0.298521474000000,0.565684137000000,50.106000000000002,-0.027565794000000,-0.093044445000000,50.133565789999999,0.380025231000000,0.450162676000000,1.491957684000000,1.578659426000000,-93.530201439999999,44.077200660000003,3,0
847,847,44.676000000000002,66.981999999999999,38.210000000000001,51.453983970000003,0.235545308000000,0.199770728000000,0.303697854000000,0.570451763000000,51.078000000000003,-0.029596712000000,-0.089999199000000,51.107596710000003,0.384208338000000,0.448768440000000,1.499283732000000,1.579405373000000,-93.530201439999999,44.077161660000002,2,0
848,848,45.945999999999998,66.105999999999995,39.122999999999998,51.677355710000000,0.216967890000000,0.179916467000000,0.276433243000000,0.591822225000000,47.143000000000001,-0.011785017000000,-0.074971391000000,47.154785019999998,0.348550381000000,0.417095681000000,1.438775954000000,1.517895076000000,-93.531020440000006,44.077590659999998,1,0
849,849,44.616999999999997,66.394000000000005,38.103999999999999,51.155823200000000,0.232319764000000,0.196169749000000,0.298695599000000,0.573907281000000,50.067000000000000,-0.026356839000000,-0.087505616000000,50.093356839999998,0.377800754000000,0.443347494000000,1.488087500000000,1.568371317000000,-93.530201439999999,44.077122660000001,3,0
850,850,45.704000000000001,67.316000000000003,38.744999999999997,52.030358120000002,0.229061397000000,0.191222792000000,0.290972736000000,0.575568958000000,50.183000000000000,-0.021944454000000,-0.086139756000000,50.204944449999999,0.368954343000000,0.438041084000000,1.472868896000000,1.556155623000000,-93.530201439999999,44.077083660000000,1,0
851,851,45.828000000000003,67.448999999999998,39.579000000000001,52.332496040000002,0.224647648000000,0.190868402000000,0.293372954000000,0.586798915000000,49.491000000000000,-0.021522217000000,-0.078756477000000,49.512522220000001,0.368318680000000,0.429900642000000,1.471785808000000,1.545416048000000,-93.530201439999999,44.077044659999999,1,0
852,852,42.924999999999997,65.168000000000006,36.621000000000002,49.767866110000000,0.241993120000000,0.205776507000000,0.311212783000000,0.561947582000000,50.789999999999999,-0.035055351000000,-0.096041848000000,50.825055350000000,0.394834168000000,0.459699675000000,1.518182877000000,1.600642941000000,-93.530201439999999,44.077005659999998,2,0
853,853,43.539999999999999,66.111000000000004,37.343000000000004,50.533472639999999,0.240909411000000,0.205843996000000,0.312150799000000,0.564853050000000,51.338999999999999,-0.035069459000000,-0.094090915000000,51.374069460000001,0.394953136000000,0.457719362000000,1.518396876000000,1.598046756000000,-93.530201439999999,44.076966659999997,2,0
854,854,45.060000000000002,66.807000000000002,38.783999999999999,51.632604379999997,0.228871782000000,0.194400493000000,0.297565781000000,0.580537968000000,49.770000000000003,-0.024712747000000,-0.083035625000000,49.794712750000002,0.374642659000000,0.437234487000000,1.482623169000000,1.558554283000000,-93.530201439999999,44.076927660000003,1,0
855,855,44.261000000000003,65.980999999999995,37.843000000000004,50.808861210000003,0.232909477000000,0.197021099000000,0.300004144000000,0.573543899000000,49.857999999999997,-0.027116859000000,-0.087792822000000,49.885116859999997,0.379318089000000,0.444312930000000,1.490725469000000,1.570556439000000,-93.530201439999999,44.076888660000002,3,0
856,856,44.648000000000003,66.542000000000002,37.637000000000000,51.113681919999998,0.235869601000000,0.196906197000000,0.297662910000000,0.565612696000000,50.798999999999999,-0.027110672000000,-0.093062415000000,50.826110669999998,0.379113390000000,0.449788228000000,1.490369109000000,1.577604422000000,-93.530201439999999,44.076849660000001,2,0
857,857,43.012999999999998,64.483000000000004,36.206000000000003,49.393150310000003,0.238955736000000,0.199728362000000,0.301164259000000,0.561481321000000,49.747000000000000,-0.029678084000000,-0.095994489000000,49.776678080000003,0.384133109000000,0.455039892000000,1.499151419000000,1.587670186000000,-93.530201439999999,44.076810660000000,3,0
858,858,44.959000000000003,64.829999999999998,37.932000000000002,50.540667470000002,0.220036603000000,0.180992631000000,0.276535341000000,0.585099491000000,46.768999999999998,-0.012776789000000,-0.079373955000000,46.781776790000002,0.350503357000000,0.422716911000000,1.441980471000000,1.525943342000000,-93.530162439999998,44.078019660000002,1,0
859,859,45.790999999999997,66.614000000000004,38.948000000000000,51.804721090000001,0.222460281000000,0.185249766000000,0.283471963000000,0.584681899000000,48.488999999999997,-0.016561284000000,-0.079858344000000,48.505561280000002,0.358206780000000,0.426619970000000,1.454740014000000,1.535301268000000,-93.531020440000006,44.077551659999997,1,0
860,860,46.908000000000001,68.049999999999997,39.408000000000001,52.865090649999999,0.223832818000000,0.183910646000000,0.279841165000000,0.579103600000000,49.783999999999999,-0.015410129000000,-0.083430289000000,49.799410129999998,0.355787448000000,0.429402758000000,1.450712032000000,1.537364445000000,-93.530162439999998,44.077980660000001,1,0
861,861,42.536999999999999,63.234999999999999,35.838999999999999,48.622681659999998,0.234781250000000,0.195685058000000,0.295968999000000,0.566758915000000,48.094000000000001,-0.026009279000000,-0.092227299000000,48.120009279999998,0.376936233000000,0.447965787000000,1.486588147000000,1.573872402000000,-93.530162439999998,44.077941660000000,3,0
862,862,43.741000000000000,64.212999999999994,36.756999999999998,49.624125509999999,0.229403994000000,0.189636327000000,0.287540205000000,0.572423030000000,47.927999999999997,-0.020562362000000,-0.088128753000000,47.948562359999997,0.366106746000000,0.438924921000000,1.468027709000000,1.555578575000000,-93.530162439999998,44.077902659999999,3,0
863,863,44.430000000000000,65.069000000000003,38.003000000000000,50.504876560000000,0.224419135000000,0.188485740000000,0.288673492000000,0.584041556000000,47.704999999999998,-0.019437025000000,-0.080438231000000,47.724437020000003,0.364038335000000,0.429805622000000,1.464528472000000,1.542746880000000,-93.530162439999998,44.077863659999998,1,0
864,864,42.856000000000002,63.356999999999999,36.723999999999997,48.987748000000003,0.228479743000000,0.193017804000000,0.295025112000000,0.579636031000000,47.134000000000000,-0.023497065000000,-0.083557092000000,47.157497069999998,0.372170086000000,0.436701171000000,1.478369423000000,1.556375919000000,-93.530162439999998,44.077824659999997,3,0
865,865,44.103999999999999,65.709000000000003,37.223999999999997,50.492447200000001,0.235445085000000,0.196743555000000,0.297634628000000,0.566497740000000,50.090000000000003,-0.026955120000000,-0.092462441000000,50.116955120000000,0.378823596000000,0.449029331000000,1.489864865000000,1.576427395000000,-93.530162439999998,44.077785660000004,3,0
866,866,42.064999999999998,62.594999999999999,35.667999999999999,48.165701749999997,0.233867033000000,0.196158991000000,0.297570733000000,0.569821871000000,47.457000000000001,-0.026395302000000,-0.090215780000000,47.483395299999998,0.377781571000000,0.446203901000000,1.488054202000000,1.572083399000000,-93.530162439999998,44.077746660000003,3,0
867,867,42.139000000000003,61.758000000000003,35.231000000000002,47.717813749999998,0.229712374000000,0.188831246000000,0.285716366000000,0.570468603000000,46.146000000000001,-0.019862285000000,-0.089375252000000,46.165862290000000,0.364659733000000,0.439631151000000,1.465578205000000,1.555617535000000,-93.530162439999998,44.077707660000002,3,0
868,868,42.427000000000000,62.789999999999999,35.667000000000002,48.355521289999999,0.233147088000000,0.193533364000000,0.292782171000000,0.568036312000000,47.485999999999997,-0.024077965000000,-0.091253797000000,47.510077959999997,0.373092489000000,0.445274362000000,1.479953803000000,1.568008026000000,-93.530162439999998,44.077668660000001,3,0
869,869,43.713000000000001,63.956000000000003,37.061000000000000,49.580621299999997,0.225880030000000,0.188011405000000,0.286695559000000,0.579476515000000,47.137999999999998,-0.019054792000000,-0.083400815000000,47.157054789999997,0.363184848000000,0.432599276000000,1.463088784000000,1.545769058000000,-93.530162439999998,44.077629659999999,1,0
870,870,43.843000000000004,64.350999999999999,37.713000000000001,49.951744110000000,0.224229280000000,0.189548404000000,0.290972035000000,0.586051499000000,47.146000000000001,-0.020360915000000,-0.079179203000000,47.166360910000002,0.365948781000000,0.429303507000000,1.467759962000000,1.543250031000000,-93.531020440000006,44.077512659999996,1,0
871,871,42.570999999999998,62.965000000000003,36.039000000000001,48.565044999999998,0.231348392000000,0.193242116000000,0.293451516000000,0.572365600000000,47.320000000000000,-0.023772559000000,-0.088365884000000,47.343772559999998,0.372571477000000,0.441982186000000,1.479058514000000,1.563417428000000,-93.530162439999998,44.077590659999998,3,0
872,872,41.161000000000001,61.075000000000003,34.945000000000000,47.065686620000001,0.232245178000000,0.194784616000000,0.295938536000000,0.572165370000000,46.043999999999997,-0.025146340000000,-0.088583696000000,46.069146340000003,0.375328862000000,0.443411553000000,1.483807488000000,1.566946429000000,-93.530162439999998,44.077551659999997,3,0
873,873,41.743000000000002,61.799999999999997,35.511000000000003,47.689094390000001,0.230744720000000,0.193706962000000,0.294817145000000,0.574611650000000,46.345999999999997,-0.024161836000000,-0.086905806000000,46.370161840000002,0.373402954000000,0.440794298000000,1.480487746000000,1.562385964000000,-93.530162439999998,44.077512659999996,3,0
874,874,42.439999999999998,62.200000000000003,36.094000000000001,48.210546690000001,0.226014369000000,0.188837920000000,0.288273568000000,0.580289389000000,45.866000000000000,-0.019782000000000,-0.082911024000000,45.885781999999999,0.364671734000000,0.432726109000000,1.465598492000000,1.546814910000000,-93.530162439999998,44.077473660000003,1,0
875,875,43.170000000000002,62.767000000000003,36.627000000000002,48.801920449999997,0.222747661000000,0.184987304000000,0.282744193000000,0.583539121000000,45.737000000000002,-0.016336523000000,-0.080589770000000,45.753336519999998,0.357732880000000,0.427197664000000,1.453949502000000,1.535744951000000,-93.530162439999998,44.077434660000002,1,0
876,876,42.329999999999998,62.195000000000000,36.012000000000000,48.155688720000001,0.227137304000000,0.190050227000000,0.289944974000000,0.579017606000000,46.048000000000002,-0.020869949000000,-0.083808534000000,46.068869950000000,0.366850161000000,0.434637738000000,1.469288920000000,1.550544182000000,-93.530162439999998,44.077395660000001,3,0
877,877,44.414000000000001,66.361999999999995,37.448999999999998,50.921331619999997,0.237018086000000,0.198129559000000,0.299316759000000,0.564313915000000,50.860999999999997,-0.028216563000000,-0.094001687000000,50.889216560000001,0.381291401000000,0.451718500000000,1.494168505000000,1.581496029000000,-93.530162439999998,44.077356660000000,2,0
878,878,43.191000000000003,62.923999999999999,36.015999999999998,48.723863119999997,0.227456048000000,0.185958630000000,0.281501876000000,0.572373021000000,46.640999999999998,-0.017284055000000,-0.087958292000000,46.658284049999999,0.359486013000000,0.435877443000000,1.456877590000000,1.547732935000000,-93.530162439999998,44.077317659999999,1,0
879,879,43.332999999999998,64.212000000000003,37.142000000000003,49.599926070000002,0.229531975000000,0.194141987000000,0.296564067000000,0.578427708000000,47.948999999999998,-0.024506694000000,-0.084411177000000,47.973506690000001,0.374180688000000,0.438489070000000,1.481826783000000,1.559886308000000,-93.530162439999998,44.077278659999998,3,0
880,880,43.442000000000000,64.825000000000003,36.691000000000003,49.785263780000001,0.236039145000000,0.197502471000000,0.298745390000000,0.566000771000000,49.517000000000003,-0.027636971000000,-0.092837925000000,49.544636969999999,0.380175355000000,0.450009529000000,1.492219511000000,1.578550033000000,-93.530162439999998,44.077239659999996,3,0
881,881,43.853000000000002,64.671999999999997,37.863999999999997,50.130615030000001,0.225655142000000,0.191835982000000,0.294632117000000,0.585477486000000,47.627000000000002,-0.022391027000000,-0.079667188000000,47.649391029999997,0.370053606000000,0.431636688000000,1.474745171000000,1.548650193000000,-93.531020440000006,44.077473660000003,1,0
882,882,41.776000000000003,62.805999999999997,34.808999999999997,47.963507980000003,0.242471451000000,0.201086229000000,0.301405988000000,0.554230488000000,49.027000000000001,-0.030989088000000,-0.100963477000000,49.057989090000000,0.386542358000000,0.461292260000000,1.503399081000000,1.597569048000000,-93.530162439999998,44.077200660000003,3,0
883,883,42.817000000000000,63.741999999999997,36.215000000000003,49.016542370000003,0.234616204000000,0.196370086000000,0.297466735000000,0.568149729000000,48.451999999999998,-0.026602883000000,-0.091340160000000,48.478602879999997,0.378157944000000,0.447555572000000,1.488707756000000,1.574083586000000,-93.530162439999998,44.077161660000002,3,0
884,884,43.020000000000003,64.081999999999994,36.460000000000001,49.283380309999998,0.234458978000000,0.196653657000000,0.298151241000000,0.568958522000000,48.683999999999997,-0.026845544000000,-0.090817904000000,48.710845540000001,0.378663394000000,0.447222589000000,1.489586239000000,1.573957305000000,-93.530162439999998,44.077122660000001,3,0
885,885,44.527999999999999,66.072000000000003,37.893000000000001,50.938300640000001,0.231738634000000,0.194792043000000,0.296312597000000,0.573510716000000,49.722999999999999,-0.025137885000000,-0.087693023000000,49.748137890000002,0.375342128000000,0.442473869000000,1.483830399000000,1.565737569000000,-93.530162439999998,44.077083660000000,3,0
886,886,44.344000000000001,65.649000000000001,38.073000000000000,50.746871380000002,0.228720492000000,0.193694144000000,0.296231924000000,0.579947905000000,48.881000000000000,-0.024093310000000,-0.083387138000000,48.905093309999998,0.373380032000000,0.437052059000000,1.480448313000000,1.557556343000000,-93.530162439999998,44.077044659999999,1,0
887,887,42.591000000000001,64.563000000000002,36.369999999999997,49.346229680000000,0.241077050000000,0.205050675000000,0.310409132000000,0.563325744000000,50.164999999999999,-0.034388674000000,-0.095071208000000,50.199388669999998,0.393554062000000,0.458134665000000,1.515883637000000,1.597721891000000,-93.530162439999998,44.077005659999998,2,0
888,888,44.512999999999998,66.686000000000007,37.799999999999997,51.177044870000003,0.236729490000000,0.199399275000000,0.302088584000000,0.566835618000000,51.058999999999997,-0.029314291000000,-0.092389882000000,51.088314290000000,0.383548630000000,0.450995968000000,1.498124144000000,1.581936912000000,-93.530162439999998,44.076966659999997,2,0
889,889,43.344999999999999,63.704000000000001,36.396999999999998,49.199357210000002,0.230103790000000,0.190183934000000,0.288158863000000,0.571345598000000,47.665999999999997,-0.021060190000000,-0.088871073000000,47.687060189999997,0.367090241000000,0.440143282000000,1.469696620000000,1.557734878000000,-93.530162439999998,44.076927660000003,3,0
890,890,43.509000000000000,64.575000000000003,36.831000000000003,49.730896719999997,0.232994415000000,0.194903964000000,0.295650709000000,0.570360046000000,48.810000000000002,-0.025272746000000,-0.089787807000000,48.835272750000001,0.375542005000000,0.444779629000000,1.484175688000000,1.568855899000000,-93.530162439999998,44.076888660000002,3,0
891,891,42.209000000000003,62.609000000000002,35.363999999999997,48.139031490000001,0.234946324000000,0.194623061000000,0.293719584000000,0.564838921000000,47.645000000000003,-0.025084533000000,-0.093445663000000,47.670084529999997,0.375040295000000,0.448439395000000,1.483309247000000,1.573332993000000,-93.530162439999998,44.076849660000001,3,0
892,892,44.933999999999997,67.968000000000004,38.834000000000003,52.111396499999998,0.237446747000000,0.204017644000000,0.310984501000000,0.571357109000000,52.167999999999999,-0.033350029000000,-0.089631992000000,52.201350030000000,0.391730222000000,0.451666224000000,1.512618507000000,1.587922395000000,-93.531098439999994,44.077746660000003,2,0
893,893,44.222999999999999,64.899000000000001,37.784999999999997,50.316531929999996,0.225631002000000,0.189475999000000,0.289835569000000,0.582212361000000,47.789999999999999,-0.020331230000000,-0.081684331000000,47.810331230000003,0.365818686000000,0.431919183000000,1.467539516000000,1.546476361000000,-93.531020440000006,44.077434660000002,1,0
894,894,41.929000000000002,62.085999999999999,35.198000000000000,47.789858199999998,0.233707073000000,0.193789357000000,0.292907276000000,0.566923300000000,47.045000000000002,-0.024318131000000,-0.092008649000000,47.069318129999999,0.373550289000000,0.446273269000000,1.480741253000000,1.569589253000000,-93.530162439999998,44.076810660000000,3,0
895,895,46.063000000000002,66.611999999999995,38.991000000000000,51.894947070000001,0.220681883000000,0.182374085000000,0.278880083000000,0.585344983000000,48.170000000000002,-0.014003138000000,-0.079283425000000,48.184003140000002,0.353007047000000,0.423717464000000,1.446106419000000,1.528640658000000,-93.530123439999997,44.078019660000002,1,0
896,896,45.661999999999999,66.456999999999994,39.015999999999998,51.716532979999997,0.221680944000000,0.185472578000000,0.284461650000000,0.587086387000000,48.235999999999997,-0.016741324000000,-0.078304827000000,48.252741319999998,0.358608980000000,0.425129015000000,1.455411502000000,1.533676493000000,-93.530123439999997,44.077980660000001,1,0
897,897,43.351999999999997,64.060000000000002,36.926000000000002,49.486055210000004,0.229570341000000,0.192790377000000,0.293788837000000,0.576428348000000,47.841999999999999,-0.023328576000000,-0.085657277000000,47.865328580000003,0.371763018000000,0.438753238000000,1.477671157000000,1.558763382000000,-93.530123439999997,44.077941660000000,3,0
898,898,44.723999999999997,65.135000000000005,38.006999999999998,50.620603350000003,0.223186746000000,0.185792698000000,0.284070033000000,0.583511169000000,47.539000000000001,-0.017051925000000,-0.080648695000000,47.556051930000002,0.359186658000000,0.427898833000000,1.456376889000000,1.537479152000000,-93.530123439999997,44.077902659999999,1,0
899,899,43.677000000000000,64.787999999999997,37.156999999999996,49.952670670000003,0.231652488000000,0.194634214000000,0.296053739000000,0.573516701000000,48.741999999999997,-0.024997597000000,-0.087680433000000,48.766997600000003,0.375060217000000,0.442337732000000,1.483343636000000,1.565389518000000,-93.530123439999997,44.077863659999998,3,0
900,900,44.119999999999997,65.981999999999999,37.731999999999999,50.740853190000003,0.234369738000000,0.198561334000000,0.302086500000000,0.571852930000000,50.112000000000002,-0.028504945000000,-0.088999824000000,50.140504940000000,0.382059365000000,0.446780919000000,1.495512239000000,1.575466679000000,-93.530123439999997,44.077824659999997,3,0
901,901,44.448999999999998,66.021000000000001,37.832999999999998,50.878357979999997,0.232171852000000,0.195274735000000,0.296983631000000,0.573044940000000,49.759999999999998,-0.025571971000000,-0.088027889000000,49.785571969999999,0.376203977000000,0.443203819000000,1.485320255000000,1.567209941000000,-93.530123439999997,44.077785660000004,3,0
902,902,43.247000000000000,64.706000000000003,37.154000000000003,49.791529269999998,0.233593724000000,0.198780951000000,0.303097501000000,0.574197138000000,49.011000000000003,-0.028669878000000,-0.087455464000000,49.039669879999998,0.382449830000000,0.445325573000000,1.496196268000000,1.573801857000000,-93.530123439999997,44.077746660000003,3,0
903,903,44.073999999999998,64.305999999999997,37.167999999999999,49.863946009999999,0.225728364000000,0.186676509000000,0.284109420000000,0.577986502000000,47.369999999999997,-0.017880012000000,-0.084307582000000,47.387880010000003,0.360780496000000,0.432521122000000,1.459046150000000,1.544242317000000,-93.530123439999997,44.077707660000002,1,0
904,904,44.640999999999998,66.337999999999994,38.399000000000001,51.212082969999997,0.230098834000000,0.195505456000000,0.298939102000000,0.578838675000000,49.636000000000003,-0.025710613000000,-0.084211865000000,49.661710610000000,0.376615760000000,0.439346593000000,1.486033019000000,1.562468683000000,-93.531020440000006,44.077395660000001,3,0
905,905,44.061000000000000,64.313000000000002,37.481000000000002,49.941162220000002,0.224030300000000,0.186871390000000,0.285669953000000,0.582790416000000,47.084000000000003,-0.018015152000000,-0.081173768000000,47.102015150000000,0.361131729000000,0.429315492000000,1.459635505000000,1.540406697000000,-93.530123439999997,44.077668660000001,1,0
906,906,43.558999999999997,63.820999999999998,36.478999999999999,49.332963839999998,0.229218028000000,0.188694356000000,0.285778762000000,0.571583021000000,47.603999999999999,-0.019730430000000,-0.088631229000000,47.623730430000002,0.364413564000000,0.438728991000000,1.465162194000000,1.554312541000000,-93.530123439999997,44.077629659999999,3,0
907,907,43.250000000000000,64.051000000000002,36.832999999999998,49.429286159999997,0.230655427000000,0.193856534000000,0.295183629000000,0.575057376000000,48.018999999999998,-0.024289897000000,-0.086619396000000,48.043289899999998,0.373670402000000,0.440607122000000,1.480947977000000,1.562306451000000,-93.530123439999997,44.077590659999998,3,0
908,908,43.215000000000003,64.659000000000006,37.036000000000001,49.732577530000000,0.234132911000000,0.198787474000000,0.302718880000000,0.572789558000000,49.067000000000000,-0.028693672000000,-0.088390035000000,49.095693670000003,0.382461427000000,0.446314301000000,1.496216591000000,1.575102945000000,-93.530123439999997,44.077551659999997,3,0
909,909,42.979999999999997,64.248999999999995,36.533000000000001,49.362180160000001,0.235492354000000,0.198351192000000,0.300851533000000,0.568615854000000,48.984999999999999,-0.028359372000000,-0.091142305000000,49.013359370000003,0.381685651000000,0.448875175000000,1.494858074000000,1.577987138000000,-93.530123439999997,44.077512659999996,3,0
910,910,44.625000000000000,65.334999999999994,38.488000000000000,50.798225010000003,0.222454545000000,0.188341215000000,0.289763824000000,0.589087013000000,47.557000000000002,-0.019266006000000,-0.077143512000000,47.576266009999998,0.363778335000000,0.426170161000000,1.464089636000000,1.538026708000000,-93.530123439999997,44.077473660000003,1,0
911,911,42.454000000000001,62.726999999999997,36.548000000000002,48.555037329999998,0.227198028000000,0.192743937000000,0.295382688000000,0.582651809000000,46.451999999999998,-0.023223194000000,-0.081562701000000,46.475223190000001,0.371679882000000,0.434368174000000,1.477528619000000,1.553099273000000,-93.530123439999997,44.077434660000002,3,0
912,912,42.387999999999998,63.448000000000000,36.189999999999998,48.758272280000000,0.235153839000000,0.198987112000000,0.302386354000000,0.570388350000000,48.317999999999998,-0.028901750000000,-0.089997606000000,48.346901750000001,0.382816280000000,0.448160915000000,1.496838728000000,1.577745344000000,-93.530123439999997,44.077395660000001,3,0
913,913,47.340000000000003,70.206000000000003,40.981000000000002,54.312062490000002,0.227737143000000,0.194528100000000,0.298648207000000,0.583725038000000,52.091000000000001,-0.024790730000000,-0.080948987000000,52.115790730000001,0.374870651000000,0.435125260000000,1.483016477000000,1.555990693000000,-93.530123439999997,44.077356660000000,2,0
914,914,43.962000000000003,64.978999999999999,37.445000000000000,50.189826029999999,0.229702174000000,0.192920939000000,0.293960501000000,0.576263100000000,48.551000000000002,-0.023446231000000,-0.085773230000000,48.574446230000000,0.371996722000000,0.438978472000000,1.478071971000000,1.559194243000000,-93.530123439999997,44.077317659999999,3,0
915,915,44.752000000000002,65.694000000000003,38.462000000000003,50.982900999999998,0.224480667000000,0.189613024000000,0.290925761000000,0.585472037000000,48.173999999999999,-0.020423349000000,-0.079560534000000,48.194423350000001,0.366064880000000,0.429761535000000,1.467956739000000,1.543896534000000,-93.531020440000006,44.077356660000000,1,0
916,916,45.051000000000002,66.278999999999996,38.386000000000003,51.302967549999998,0.227417301000000,0.190676368000000,0.291017767000000,0.579157803000000,49.121000000000002,-0.021424564000000,-0.083749232000000,49.142424560000002,0.367974124000000,0.435066409000000,1.471199307000000,1.551763480000000,-93.530123439999997,44.077278659999998,1,0
917,917,43.417999999999999,64.921999999999997,36.808999999999997,49.849410859999999,0.236191573000000,0.198486247000000,0.300624904000000,0.566972675000000,49.616999999999997,-0.028500369000000,-0.092245899000000,49.645500370000001,0.381925842000000,0.450141967000000,1.495278456000000,1.579804825000000,-93.530123439999997,44.077239659999996,3,0
918,918,44.396000000000001,65.594999999999999,37.475999999999999,50.590379249999998,0.231472529000000,0.192733951000000,0.292339516000000,0.571324034000000,49.317999999999998,-0.023331322000000,-0.089027376000000,49.341331320000002,0.371662005000000,0.442290221000000,1.477497973000000,1.563264867000000,-93.530123439999997,44.077200660000003,3,0
919,919,43.509000000000000,65.156000000000006,36.985999999999997,50.021000970000003,0.236315682000000,0.199208577000000,0.301999191000000,0.567653017000000,49.817000000000000,-0.029134026000000,-0.091833218000000,49.846134030000002,0.383209833000000,0.450263517000000,1.497529247000000,1.580759175000000,-93.530123439999997,44.077161660000002,3,0
920,920,44.966999999999999,66.346999999999994,38.234999999999999,51.270104099999998,0.229240004000000,0.192069281000000,0.292560106000000,0.576288302000000,49.491999999999997,-0.022689553000000,-0.085711038000000,49.514689550000000,0.370471639000000,0.438246530000000,1.475459782000000,1.557333066000000,-93.530123439999997,44.077122660000001,1,0
921,921,46.100999999999999,68.814999999999998,39.734000000000002,53.039598990000002,0.231781263000000,0.197657419000000,0.302120188000000,0.577403182000000,51.795000000000002,-0.027634012000000,-0.085272551000000,51.822634010000002,0.380451198000000,0.442150554000000,1.492700809000000,1.568437696000000,-93.530123439999997,44.077083660000000,2,0
922,922,44.314000000000000,65.939999999999998,37.593000000000004,50.744614970000001,0.233751351000000,0.196147079000000,0.297628714000000,0.570109190000000,49.972999999999999,-0.026381327000000,-0.090024147000000,49.999381329999999,0.377760328000000,0.445992086000000,1.488017331000000,1.571793545000000,-93.530123439999997,44.077044659999999,3,0
923,923,45.478999999999999,68.259000000000000,39.058999999999997,52.450726090000003,0.235144036000000,0.200284865000000,0.305038900000000,0.572217583000000,51.979999999999997,-0.030029385000000,-0.088852530000000,52.010029390000000,0.385120977000000,0.447961655000000,1.500890521000000,1.578908322000000,-93.530123439999997,44.077005659999998,2,0
924,924,44.081000000000003,65.903999999999996,37.456000000000003,50.627475130000001,0.235632426000000,0.198417966000000,0.300886542000000,0.568341831000000,50.271000000000001,-0.028422216000000,-0.091328735000000,50.299422219999997,0.381804411000000,0.449123097000000,1.495065901000000,1.578386800000000,-93.530123439999997,44.076966659999997,2,0
925,925,46.576999999999998,68.242000000000004,39.201999999999998,52.798940320000000,0.228130638000000,0.188688283000000,0.286509647000000,0.574455614000000,50.704999999999998,-0.019699911000000,-0.086736224000000,50.724699909999998,0.364402642000000,0.436697592000000,1.465143740000000,1.551706963000000,-93.530123439999997,44.076927660000003,1,0
926,926,44.936000000000000,66.161000000000001,38.767000000000003,51.314073139999998,0.225061914000000,0.191049263000000,0.293446703000000,0.585949426000000,48.619000000000000,-0.021690333000000,-0.079319917000000,48.640690329999998,0.368643119000000,0.430643850000000,1.472338437000000,1.546548977000000,-93.531020440000006,44.077317659999999,1,0
927,927,46.664000000000001,68.731999999999999,39.787999999999997,53.181142219999998,0.227817574000000,0.191237131000000,0.291873876000000,0.578886108000000,51.012000000000000,-0.021924941000000,-0.083957109000000,51.033924939999999,0.368980057000000,0.435728206000000,1.472912738000000,1.553211364000000,-93.530123439999997,44.076888660000002,1,0
928,928,45.887000000000000,67.563000000000002,39.305999999999997,52.330161390000001,0.226639554000000,0.191062142000000,0.292350022000000,0.581768128000000,49.933000000000000,-0.021741863000000,-0.082056351000000,49.954741859999999,0.368666219000000,0.433566895000000,1.472377798000000,1.550269210000000,-93.530123439999997,44.076849660000001,1,0
929,929,41.901000000000003,62.093000000000004,35.607999999999997,47.885850779999998,0.231423684000000,0.194165048000000,0.295265113000000,0.573462387000000,46.677000000000000,-0.024581310000000,-0.087690721000000,46.701581310000002,0.374221905000000,0.441983562000000,1.481897807000000,1.564420981000000,-93.530123439999997,44.076810660000000,3,0
930,930,43.033999999999999,63.567000000000000,36.572000000000003,49.092429250000002,0.229892619000000,0.192615454000000,0.293207100000000,0.575329967000000,47.527999999999999,-0.023184539000000,-0.086372431000000,47.551184540000001,0.371449853000000,0.439376403000000,1.477134359000000,1.559375766000000,-93.530084439999996,44.078019660000002,3,0
931,931,44.540999999999997,64.992999999999995,38.235999999999997,50.563433510000003,0.221885384000000,0.186718279000000,0.286852366000000,0.588309510000000,47.209000000000003,-0.017835826000000,-0.077570549000000,47.226835829999999,0.360855785000000,0.425333632000000,1.459172448000000,1.535254439000000,-93.530084439999996,44.077980660000001,1,0
932,932,43.253000000000000,63.741999999999997,37.326999999999998,49.420540610000003,0.225430637000000,0.191494930000000,0.294094850000000,0.585595055000000,46.904000000000003,-0.022088109000000,-0.079573454000000,46.926088110000002,0.369442297000000,0.431266832000000,1.473701246000000,1.547815421000000,-93.530084439999996,44.077941660000000,1,0
933,933,42.167000000000002,62.966000000000001,36.216000000000001,48.491826459999999,0.232723980000000,0.197835123000000,0.301797815000000,0.575167551000000,47.548999999999999,-0.027819086000000,-0.086761137000000,47.576819090000001,0.380767488000000,0.443858218000000,1.493253018000000,1.570852658000000,-93.530084439999996,44.077902659999999,3,0
934,934,41.829999999999998,62.354999999999997,35.826000000000001,48.032618090000000,0.232519297000000,0.197005327000000,0.300253076000000,0.574548954000000,47.054000000000002,-0.027090729000000,-0.087126012000000,47.081090730000000,0.379289993000000,0.443596883000000,1.490676548000000,1.569606674000000,-93.530084439999996,44.077863659999998,3,0
935,935,41.728999999999999,62.594999999999999,36.276000000000003,48.219607500000002,0.232215360000000,0.200011503000000,0.306636492000000,0.579535107000000,47.185000000000002,-0.029689900000000,-0.083987198000000,47.214689900000003,0.384635803000000,0.442639764000000,1.500035946000000,1.571644275000000,-93.530084439999996,44.077824659999997,3,0
936,936,42.729999999999997,63.219000000000001,36.603000000000002,48.861281429999998,0.228919527000000,0.193385497000000,0.295460445000000,0.578987330000000,47.104999999999997,-0.023829901000000,-0.084003030000000,47.128829899999999,0.372827991000000,0.437463081000000,1.479499181000000,1.557749883000000,-93.530084439999996,44.077785660000004,3,0
937,937,46.713999999999999,69.793999999999997,39.988999999999997,53.704501219999997,0.233703506000000,0.198097985000000,0.301624433000000,0.572957561000000,52.884999999999998,-0.028079771000000,-0.088240669000000,52.913079770000003,0.381235227000000,0.445621831000000,1.494070300000000,1.573441865000000,-93.531020440000006,44.077278659999998,2,0
938,938,41.847000000000001,62.103999999999999,35.853000000000002,47.935775900000003,0.230342532000000,0.194870660000000,0.297468354000000,0.577305810000000,46.508000000000003,-0.025165231000000,-0.085189265000000,46.533165230000002,0.375482531000000,0.439883804000000,1.484072932000000,1.562472829000000,-93.530084439999996,44.077746660000003,3,0
939,939,42.191000000000003,62.456000000000003,36.026000000000003,48.231058779999998,0.229878550000000,0.193651036000000,0.295317760000000,0.576822083000000,46.695000000000000,-0.024088489000000,-0.085443546000000,46.719088489999997,0.373302942000000,0.439199371000000,1.480315707000000,1.560268728000000,-93.530084439999996,44.077707660000002,3,0
940,940,41.194000000000003,61.465000000000003,35.177000000000000,47.301561599999999,0.233611472000000,0.197459551000000,0.300391215000000,0.572309444000000,46.558999999999997,-0.027521112000000,-0.088635770000000,46.586521110000000,0.380098939000000,0.445542875000000,1.492086226000000,1.572640485000000,-93.530084439999996,44.077668660000001,3,0
941,941,40.963999999999999,61.020000000000003,35.000999999999998,46.998438620000002,0.232696144000000,0.196658299000000,0.299419256000000,0.573598820000000,46.075000000000003,-0.026794175000000,-0.087736613000000,46.101794169999998,0.378671666000000,0.443971525000000,1.489600625000000,1.569715838000000,-93.530084439999996,44.077629659999999,3,0
942,942,41.195999999999998,61.048999999999999,35.268999999999998,47.145141770000002,0.229816230000000,0.194170864000000,0.296419613000000,0.577716261000000,45.633000000000003,-0.024540047000000,-0.084881539000000,45.657540050000001,0.374232301000000,0.439010206000000,1.481915720000000,1.560588200000000,-93.530084439999996,44.077590659999998,3,0
943,943,41.399000000000001,61.649000000000001,35.505000000000003,47.522210340000001,0.231735947000000,0.196510364000000,0.299809011000000,0.575921751000000,46.393999999999998,-0.026635295000000,-0.086190844000000,46.420635290000000,0.378408002000000,0.442223824000000,1.489142250000000,1.567282905000000,-93.530084439999996,44.077551659999997,3,0
944,944,41.453000000000003,61.770000000000003,35.554000000000002,47.602419490000003,0.232030397000000,0.196826289000000,0.300240878000000,0.575586854000000,46.533000000000001,-0.026919446000000,-0.086429307000000,46.559919450000002,0.378971017000000,0.442722011000000,1.490121342000000,1.568273890000000,-93.530084439999996,44.077512659999996,3,0
945,945,43.009000000000000,63.100000000000001,37.021000000000001,48.996389399999998,0.223876255000000,0.189343034000000,0.290803034000000,0.586703645000000,46.170000000000002,-0.020173269000000,-0.078743799000000,46.190173270000003,0.365579747000000,0.428675950000000,1.467134786000000,1.542240287000000,-93.530084439999996,44.077473660000003,1,0
946,946,41.820999999999998,61.683000000000000,36.253000000000000,47.847217049999998,0.224841144000000,0.191895965000000,0.295341333000000,0.587730817000000,45.292000000000002,-0.022421775000000,-0.078198588000000,45.314421770000003,0.370161096000000,0.430123328000000,1.474928863000000,1.546798985000000,-93.530084439999996,44.077434660000002,3,0
947,947,41.850000000000001,63.134999999999998,36.152000000000001,48.457602870000002,0.236292786000000,0.202743249000000,0.309226679000000,0.572614239000000,48.268000000000001,-0.032202753000000,-0.088723722000000,48.300202749999997,0.389477110000000,0.449731184000000,1.508602151000000,1.583949190000000,-93.530084439999996,44.077395660000001,3,0
948,948,45.195000000000000,67.807000000000002,38.804000000000002,52.109268819999997,0.235027070000000,0.200102653000000,0.304752150000000,0.572271299000000,51.615000000000002,-0.029867067000000,-0.088806767000000,51.644867069999997,0.384797598000000,0.447772390000000,1.500320832000000,1.578459221000000,-93.531020440000006,44.077239659999996,2,0
949,949,47.107999999999997,70.530000000000001,40.866999999999997,54.356098260000003,0.231776803000000,0.199102331000000,0.305089161000000,0.579427194000000,53.085000000000001,-0.028887417000000,-0.084011230000000,53.113887419999998,0.383021042000000,0.441953015000000,1.497197928000000,1.569757667000000,-93.530084439999996,44.077356660000000,2,0
950,950,42.645000000000003,63.128999999999998,36.674999999999997,48.815715679999997,0.228322097000000,0.193658177000000,0.296444232000000,0.580953286000000,46.938000000000002,-0.024050713000000,-0.082724343000000,46.962050710000000,0.373315712000000,0.436320929000000,1.480337671000000,1.556580638000000,-93.530084439999996,44.077317659999999,3,0
951,951,41.988999999999997,62.808000000000000,35.622000000000000,48.224640549999997,0.236213692000000,0.198660267000000,0.300961330000000,0.567157050000000,48.005000000000003,-0.028652818000000,-0.092132831000000,48.033652820000000,0.382235274000000,0.450156793000000,1.495820334000000,1.580015586000000,-93.530084439999996,44.077278659999998,3,0
952,952,42.091999999999999,63.448000000000000,36.228999999999999,48.682391099999997,0.236700663000000,0.202349820000000,0.308118480000000,0.571003026000000,48.575000000000003,-0.031877209000000,-0.089775621000000,48.606877210000000,0.388780834000000,0.450527463000000,1.507364820000000,1.584568673000000,-93.530084439999996,44.077239659999996,3,0
953,953,42.917000000000002,64.515000000000001,36.408999999999999,49.428970569999997,0.238553245000000,0.201038797000000,0.304098672000000,0.564349376000000,49.704000000000001,-0.030806237000000,-0.094148400000000,49.734806239999998,0.386458265000000,0.454101934000000,1.503250460000000,1.587868038000000,-93.530084439999996,44.077200660000003,3,0
954,954,43.341000000000001,65.364999999999995,37.454999999999998,50.179353429999999,0.236065543000000,0.202601512000000,0.309104434000000,0.573013080000000,49.933999999999997,-0.032071483000000,-0.088450407000000,49.966071479999997,0.389226307000000,0.449335456000000,1.508156249000000,1.583269760000000,-93.530084439999996,44.077161660000002,2,0
955,955,43.779000000000003,65.194000000000003,37.366000000000000,50.209814559999998,0.232791101000000,0.196516568000000,0.299062941000000,0.573150903000000,49.243000000000002,-0.026673682000000,-0.088025748000000,49.269673679999997,0.378419061000000,0.444166741000000,1.489161470000000,1.569815467000000,-93.530084439999996,44.077122660000001,3,0
956,956,45.838000000000001,67.704999999999998,39.438000000000002,52.410066190000002,0.227173450000000,0.192587830000000,0.295081304000000,0.582497600000000,50.134000000000000,-0.023086527000000,-0.081655892000000,50.157086530000001,0.371400393000000,0.434344018000000,1.477049609000000,1.552900290000000,-93.530084439999996,44.077083660000000,1,0
957,957,44.110999999999997,65.093999999999994,37.973999999999997,50.415056720000003,0.226609131000000,0.192143217000000,0.294576799000000,0.583371739000000,48.103000000000002,-0.022683943000000,-0.081060477000000,48.125683940000002,0.370604095000000,0.433360578000000,1.475686337000000,1.551169375000000,-93.530084439999996,44.077044659999999,1,0
958,958,46.289999999999999,69.555999999999997,39.654000000000003,53.395508399999997,0.236243424000000,0.200835592000000,0.305360143000000,0.570101788000000,53.167999999999999,-0.030546624000000,-0.090291961000000,53.198546620000002,0.386097948000000,0.449898723000000,1.502613955000000,1.582067749000000,-93.530084439999996,44.077005659999998,2,0
959,959,44.695000000000000,66.141000000000005,38.326999999999998,51.124794489999999,0.228792777000000,0.193493089000000,0.295770180000000,0.579474154000000,49.259999999999998,-0.023920141000000,-0.083688314000000,49.283920139999999,0.373020450000000,0.437213620000000,1.479829959000000,1.557546192000000,-93.531020440000006,44.077200660000003,1,0
960,960,41.979999999999997,64.132000000000005,35.905000000000001,48.868540830000001,0.244381491000000,0.208760555000000,0.315524093000000,0.559860912000000,50.378999999999998,-0.037741960000000,-0.097629157000000,50.416741960000003,0.400085017000000,0.463616785000000,1.527679848000000,1.609306955000000,-93.530084439999996,44.076966659999997,2,0
961,961,42.198000000000000,63.362000000000002,36.003999999999998,48.619962510000001,0.236778154000000,0.200492611000000,0.304272816000000,0.568227013000000,48.521999999999998,-0.030267582000000,-0.091523269000000,48.552267579999999,0.385489586000000,0.450926688000000,1.501540357000000,1.583049156000000,-93.530084439999996,44.076927660000003,3,0
962,962,43.494999999999997,64.463999999999999,37.476999999999997,49.839568780000000,0.228470700000000,0.194231143000000,0.297508584000000,0.581363241000000,47.956000000000003,-0.024553756000000,-0.082484392000000,47.980553759999999,0.374340033000000,0.436517368000000,1.482101391000000,1.557451491000000,-93.530084439999996,44.076888660000002,3,0
963,963,43.329999999999998,64.466999999999999,37.103999999999999,49.699731069999999,0.231649536000000,0.196081524000000,0.298997072000000,0.575550282000000,48.500000000000000,-0.026259308000000,-0.086413482000000,48.526259310000000,0.377643426000000,0.442124532000000,1.487814447000000,1.566687223000000,-93.530084439999996,44.076849660000001,3,0
964,964,41.584000000000003,61.405999999999999,35.600999999999999,47.495112360000000,0.228138422000000,0.192465288000000,0.294142961000000,0.579764192000000,45.627000000000002,-0.023005823000000,-0.083444091000000,45.650005819999997,0.371180961000000,0.436147147000000,1.476673721000000,1.555070489000000,-93.530084439999996,44.076810660000000,3,0
965,965,49.253999999999998,70.305000000000007,41.354999999999997,55.012076149999999,0.216249530000000,0.176072065000000,0.269180605000000,0.588222744000000,50.000999999999998,-0.008385846000000,-0.077109512000000,50.009385850000001,0.341555442000000,0.416335531000000,1.427396760000000,1.512947631000000,-93.530045439999995,44.078019660000002,1,0
966,966,45.267000000000003,65.875000000000000,38.323000000000000,51.177043169999997,0.223646327000000,0.185420453000000,0.283003062000000,0.581753321000000,48.159999999999997,-0.016734353000000,-0.081777005000000,48.176734349999997,0.358514897000000,0.428815786000000,1.455254380000000,1.538233312000000,-93.530045439999995,44.077980660000001,1,0
967,967,47.978999999999999,69.137000000000000,41.194000000000003,54.095147179999998,0.215878864000000,0.180658492000000,0.278680751000000,0.595831465000000,49.100999999999999,-0.012421199000000,-0.072423726000000,49.113421199999998,0.349897218000000,0.414938368000000,1.440984597000000,1.516036563000000,-93.530045439999995,44.077941660000000,1,0
968,968,44.539000000000001,65.197000000000003,37.534999999999997,50.475233379999999,0.227422482000000,0.188251804000000,0.286117921000000,0.575716674000000,48.320000000000000,-0.019300473000000,-0.085882489000000,48.339300469999998,0.363617463000000,0.435443175000000,1.463818227000000,1.549638495000000,-93.530045439999995,44.077902659999999,1,0
969,969,43.356999999999999,64.606999999999999,36.543999999999997,49.629822470000001,0.235817612000000,0.196824868000000,0.297535704000000,0.565635303000000,49.313000000000002,-0.027037949000000,-0.093042600000000,49.340037950000003,0.378968485000000,0.449704792000000,1.490116936000000,1.577405378000000,-93.530045439999995,44.077863659999998,3,0
970,970,45.268999999999998,67.028999999999996,38.808000000000000,51.795205910000000,0.229128751000000,0.193770147000000,0.296094707000000,0.578973280000000,49.981000000000002,-0.024171112000000,-0.084032401000000,50.005171109999999,0.373515940000000,0.437795980000000,1.480682145000000,1.558593136000000,-93.531020440000006,44.077161660000002,1,0
971,971,44.392000000000003,65.399000000000001,37.543999999999997,50.521384249999997,0.229685899000000,0.191336266000000,0.290766399000000,0.574076056000000,48.862000000000002,-0.022059931000000,-0.087130689000000,48.884059929999999,0.369157824000000,0.439184962000000,1.473215895000000,1.557746789000000,-93.530045439999995,44.077824659999997,1,0
972,972,45.043999999999997,66.120000000000005,38.256000000000000,51.200058179999999,0.227057623000000,0.189593753000000,0.289076645000000,0.578584392000000,48.939999999999998,-0.020468478000000,-0.084069067000000,48.960468480000003,0.366030259000000,0.434557191000000,1.467898055000000,1.549951277000000,-93.530045439999995,44.077785660000004,1,0
973,973,43.667999999999999,64.731999999999999,37.270000000000003,49.953908579999997,0.230634690000000,0.194317343000000,0.296133839000000,0.575758512000000,48.526000000000003,-0.024691426000000,-0.086181094000000,48.550691430000001,0.374494078000000,0.440502027000000,1.482366951000000,1.562670543000000,-93.530045439999995,44.077746660000003,3,0
974,974,44.402000000000001,65.108000000000004,37.694000000000003,50.436187089999997,0.226647575000000,0.189078623000000,0.288320151000000,0.578945752000000,48.119999999999997,-0.020007608000000,-0.083804788000000,48.140007609999998,0.365104495000000,0.433870320000000,1.466330345000000,1.548524976000000,-93.530045439999995,44.077707660000002,1,0
975,975,42.274999999999999,63.002000000000002,35.968000000000004,48.477227139999997,0.233839420000000,0.196880610000000,0.299052071000000,0.570902511000000,47.761000000000003,-0.027023965000000,-0.089538037000000,47.788023969999998,0.379067804000000,0.446046333000000,1.490289769000000,1.572665791000000,-93.530045439999995,44.077668660000001,3,0
976,976,43.365000000000002,64.155000000000001,37.101999999999997,49.574676510000003,0.229158384000000,0.193359375000000,0.295237013000000,0.578318136000000,47.843000000000004,-0.023813804000000,-0.084442201000000,47.866813800000003,0.372781261000000,0.437908606000000,1.479418886000000,1.558293483000000,-93.530045439999995,44.077629659999999,3,0
977,977,43.426000000000002,63.576000000000001,36.990000000000002,49.315262519999997,0.225159948000000,0.188314237000000,0.287807804000000,0.581823330000000,46.735999999999997,-0.019303850000000,-0.081879549000000,46.755303849999997,0.363729797000000,0.431210779000000,1.464007737000000,1.544336665000000,-93.530045439999995,44.077590659999998,1,0
978,978,42.789999999999999,63.286000000000001,36.835999999999999,48.965950049999996,0.227674371000000,0.193219956000000,0.296013865000000,0.582056063000000,46.945999999999998,-0.023650918000000,-0.081977721000000,46.969650919999999,0.372531826000000,0.435183953000000,1.478990418000000,1.554653508000000,-93.530045439999995,44.077551659999997,3,0
979,979,43.685000000000002,64.525999999999996,36.680999999999997,49.724171390000002,0.232482404000000,0.192595947000000,0.291360268000000,0.568468524000000,48.686000000000000,-0.023237998000000,-0.090913232000000,48.709237999999999,0.371414926000000,0.444188155000000,1.477074511000000,1.565576034000000,-93.530045439999995,44.077512659999996,3,0
980,980,44.326000000000001,64.519000000000005,38.188000000000002,50.285249600000000,0.219917562000000,0.185520695000000,0.285789094000000,0.591887661000000,46.524000000000001,-0.016748621000000,-0.075192644000000,46.540748620000002,0.358695822000000,0.421827803000000,1.455556558000000,1.529624100000000,-93.530045439999995,44.077473660000003,1,0
981,981,47.804000000000002,70.364000000000004,41.332999999999998,54.603820990000003,0.224440432000000,0.190914630000000,0.293616191000000,0.587416861000000,51.591000000000001,-0.021557232000000,-0.078355622000000,51.612557230000000,0.368401612000000,0.429510669000000,1.471927035000000,1.544973364000000,-93.531020440000006,44.077122660000001,1,0
982,982,43.752000000000002,64.370999999999995,37.216000000000001,49.809282269999997,0.227809833000000,0.190699481000000,0.290789344000000,0.578148545000000,47.774000000000001,-0.021454668000000,-0.084413681000000,47.795454669999998,0.368015600000000,0.435792577000000,1.471269885000000,1.552714690000000,-93.530045439999995,44.077434660000002,1,0
983,983,43.585999999999999,64.103999999999999,37.192999999999998,49.639975360000001,0.226947131000000,0.190528368000000,0.291047846000000,0.580197804000000,47.429000000000002,-0.021283380000000,-0.083058744000000,47.450283380000002,0.367708528000000,0.434214256000000,1.470747488000000,1.550518984000000,-93.530045439999995,44.077395660000001,1,0
984,984,48.091000000000001,71.524000000000001,41.570000000000000,55.246392810000003,0.229415278000000,0.195903524000000,0.300249856000000,0.581203512000000,53.387000000000000,-0.026035921000000,-0.082675187000000,53.413035919999999,0.377325960000000,0.438034598000000,1.487263729000000,1.561210583000000,-93.530045439999995,44.077356660000000,2,0
985,985,43.887999999999998,65.753000000000000,37.225000000000001,50.449030970000003,0.237010803000000,0.199423573000000,0.301936036000000,0.566133865000000,50.393000000000001,-0.029345117000000,-0.092860158000000,50.422345120000003,0.383591792000000,0.451509386000000,1.498199964000000,1.582643043000000,-93.530045439999995,44.077317659999999,2,0
986,986,43.238999999999997,64.201999999999998,36.225000000000001,49.341525949999998,0.235437874000000,0.195111736000000,0.294358009000000,0.564234759000000,48.939999999999998,-0.025527265000000,-0.093877466000000,48.965527260000002,0.375912994000000,0.449272308000000,1.484816948000000,1.574960656000000,-93.530045439999995,44.077278659999998,3,0
987,987,45.765999999999998,67.662999999999997,38.892000000000003,52.234713839999998,0.230325842000000,0.193045870000000,0.293773562000000,0.574789767000000,50.667999999999999,-0.023572587000000,-0.086752319000000,50.691572590000000,0.372220314000000,0.440115858000000,1.478455622000000,1.560794138000000,-93.530045439999995,44.077239659999996,1,0
988,988,44.448000000000000,66.159999999999997,37.863000000000000,50.945647749999999,0.232999893000000,0.196296832000000,0.298467249000000,0.572294438000000,50.009000000000000,-0.026488675000000,-0.088581609000000,50.035488669999999,0.378027346000000,0.444583384000000,1.488480922000000,1.570118609000000,-93.530045439999995,44.077200660000003,3,0
989,989,45.134999999999998,66.501999999999995,38.466999999999999,51.443802079999998,0.228073091000000,0.191397117000000,0.292018587000000,0.578433731000000,49.402000000000001,-0.022071364000000,-0.084262911000000,49.424071359999999,0.369266932000000,0.436179302000000,1.473402016000000,1.553959972000000,-93.530045439999995,44.077161660000002,1,0
990,990,46.274000000000001,68.445999999999998,39.738999999999997,52.931799239999997,0.228254189000000,0.193270572000000,0.295701578000000,0.580589078000000,50.878999999999998,-0.023711147000000,-0.082943694000000,50.902711150000002,0.372622388000000,0.436248772000000,1.479145957000000,1.556069630000000,-93.530045439999995,44.077122660000001,1,0
991,991,46.502000000000002,69.221000000000004,39.781999999999996,53.343510600000002,0.232095975000000,0.196322252000000,0.299166458000000,0.574709987000000,52.158000000000001,-0.026482750000000,-0.086982412000000,52.184482750000001,0.378072666000000,0.442913343000000,1.488559632000000,1.567973247000000,-93.530045439999995,44.077083660000000,2,0
992,992,44.667000000000002,65.161000000000001,38.136000000000003,50.647314199999997,0.222963050000000,0.186600867000000,0.285861742000000,0.585258053000000,47.518999999999998,-0.017755670000000,-0.079550431000000,47.536755669999998,0.360644146000000,0.427361615000000,1.458817472000000,1.537665796000000,-93.531020440000006,44.077083660000000,1,0
993,993,45.258000000000003,67.933999999999997,38.252000000000002,52.046551039999997,0.238665682000000,0.200332179000000,0.302588738000000,0.563075927000000,52.357999999999997,-0.030194659000000,-0.094960513000000,52.388194660000003,0.385204935000000,0.454414036000000,1.501038490000000,1.587502990000000,-93.530045439999995,44.077044659999999,2,0
994,994,46.121000000000002,69.156000000000006,39.442999999999998,53.120771910000002,0.235612571000000,0.199823035000000,0.303755571000000,0.570348198000000,52.747999999999998,-0.029644519000000,-0.090071096000000,52.777644520000003,0.384301213000000,0.448884441000000,1.499447107000000,1.579615668000000,-93.530045439999995,44.077005659999998,2,0
995,995,45.104999999999997,66.799999999999997,38.070000000000000,51.465282549999998,0.232614462000000,0.193869800000000,0.293830839000000,0.569910180000000,50.424999999999997,-0.024357393000000,-0.090028338000000,50.449357390000003,0.373694120000000,0.444233788000000,1.480988804000000,1.567019851000000,-93.530045439999995,44.076966659999997,3,0
996,996,44.668999999999997,66.171000000000006,37.886000000000003,51.020485420000000,0.231678432000000,0.193991339000000,0.294733668000000,0.572546886000000,49.786999999999999,-0.024436884000000,-0.088287186000000,49.811436880000002,0.373911405000000,0.442480983000000,1.481362914000000,1.564876674000000,-93.530045439999995,44.076927660000003,3,0
997,997,46.039000000000001,68.034999999999997,39.360999999999997,52.591631360000001,0.228789452000000,0.192822203000000,0.294406596000000,0.578540457000000,50.670000000000002,-0.023334963000000,-0.084267605000000,50.693334960000001,0.371819990000000,0.437302107000000,1.477768848000000,1.556934731000000,-93.530045439999995,44.076888660000002,1,0
998,998,46.174999999999997,68.864999999999995,39.523000000000003,53.030137279999998,0.232880391000000,0.197235744000000,0.300462148000000,0.573919988000000,52.031999999999996,-0.027302783000000,-0.087555236000000,52.059302780000003,0.379700406000000,0.444229109000000,1.491391446000000,1.570681503000000,-93.530045439999995,44.076849660000001,2,0
999,999,43.186999999999998,64.305000000000007,36.468000000000004,49.430641700000002,0.235061100000000,0.196461132000000,0.297336112000000,0.567109867000000,48.954999999999998,-0.026696305000000,-0.092038066000000,48.981696300000003,0.378320246000000,0.448363431000000,1.488989742000000,1.575243111000000,-93.530045439999995,44.076810660000000,3,0
1000,1000,43.139000000000003,63.332999999999998,36.386000000000003,48.976127540000000,0.228627826000000,0.189664888000000,0.288131724000000,0.574518813000000,47.140999999999998,-0.020568677000000,-0.086747680000000,47.161568680000002,0.366158057000000,0.437472449000000,1.468114699000000,1.553748042000000,-93.530006439999994,44.077980660000001,3,0
1001,1001,43.875000000000000,64.558000000000007,37.674999999999997,50.040505639999999,0.225788689000000,0.190744515000000,0.292306170000000,0.583583754000000,47.566000000000003,-0.021443042000000,-0.080851151000000,47.587443039999997,0.368096406000000,0.432032833000000,1.471407407000000,1.547980574000000,-93.530006439999994,44.077941660000000,1,0
1002,1002,43.359000000000002,65.650999999999996,38.176000000000002,50.489152820000001,0.233826825000000,0.204495000000000,0.314707626000000,0.581499139000000,49.767000000000003,-0.033620045000000,-0.082919571000000,49.800620049999999,0.392573290000000,0.445035222000000,1.514126248000000,1.579695098000000,-93.531098439999994,44.077707660000002,2,0
1003,1003,44.396999999999998,65.763000000000005,37.841000000000001,50.753676579999997,0.230572033000000,0.193954248000000,0.295441032000000,0.575414747000000,49.287999999999997,-0.024372808000000,-0.086388605000000,49.312372809999999,0.373845098000000,0.440438601000000,1.481248733000000,1.562194849000000,-93.531020440000006,44.077044659999999,3,0
1004,1004,41.392000000000003,60.746000000000002,34.694000000000003,46.929194240000001,0.229813036000000,0.189488731000000,0.286964000000000,0.571132256000000,45.405999999999999,-0.020442587000000,-0.088973340000000,45.426442590000001,0.365841562000000,0.439712262000000,1.467578276000000,1.556430500000000,-93.530006439999994,44.077902659999999,3,0
1005,1005,42.520000000000003,63.075000000000003,35.238000000000000,48.401524320000000,0.237322714000000,0.194658838000000,0.292152877000000,0.558668252000000,48.392000000000003,-0.025185858000000,-0.097575142000000,48.417185859999996,0.375104204000000,0.452846007000000,1.483419567000000,1.579177003000000,-93.530006439999994,44.077863659999998,3,0
1006,1006,43.734999999999999,65.210999999999999,36.712000000000003,50.043300219999999,0.236995481000000,0.197125181000000,0.297311515000000,0.562972505000000,49.975000000000001,-0.027338011000000,-0.094839968000000,50.002338010000003,0.379503488000000,0.451833704000000,1.491048359000000,1.580544584000000,-93.530006439999994,44.077824659999997,3,0
1007,1007,43.429000000000002,64.382000000000005,36.356000000000002,49.507166820000002,0.234856077000000,0.194349371000000,0.293233504000000,0.564691995000000,48.978999999999999,-0.024842023000000,-0.093527645000000,49.003842020000000,0.374551310000000,0.448316058000000,1.482465634000000,1.572872350000000,-93.530006439999994,44.077785660000004,3,0
1008,1008,42.317999999999998,63.018000000000001,35.390000000000001,48.354708660000000,0.237199623000000,0.196514012000000,0.295942584000000,0.561585579000000,48.328000000000003,-0.026809545000000,-0.095732132000000,48.354809539999998,0.378414505000000,0.452309101000000,1.489153552000000,1.580502270000000,-93.530006439999994,44.077746660000003,3,0
1009,1009,41.970999999999997,62.109000000000002,35.387000000000000,47.858585060000003,0.232468151000000,0.193485780000000,0.293159419000000,0.569756396000000,46.859999999999999,-0.024017151000000,-0.090108771000000,46.884017149999998,0.373007377000000,0.444021822000000,1.479807486000000,1.566326787000000,-93.530006439999994,44.077707660000002,3,0
1010,1010,41.747000000000000,62.238000000000000,34.914999999999999,47.733419030000000,0.237717388000000,0.197057268000000,0.296670045000000,0.560991677000000,47.814000000000000,-0.027301656000000,-0.096162707000000,47.841301659999999,0.379382518000000,0.453179009000000,1.490837665000000,1.582251662000000,-93.530006439999994,44.077668660000001,3,0
1011,1011,41.484999999999999,61.633000000000003,34.552999999999997,47.305890130000002,0.236964637000000,0.195387808000000,0.293852549000000,0.560624990000000,47.228000000000002,-0.025815168000000,-0.096307864000000,47.253815170000003,0.376405800000000,0.452058355000000,1.485669519000000,1.578934774000000,-93.530006439999994,44.077629659999999,3,0
1012,1012,42.344999999999999,62.395000000000003,36.012999999999998,48.246489400000002,0.228562427000000,0.191426389000000,0.291733962000000,0.577177658000000,46.432000000000002,-0.022109653000000,-0.085090904000000,46.454109649999999,0.369319415000000,0.437083608000000,1.473491557000000,1.555148323000000,-93.530006439999994,44.077590659999998,3,0
1013,1013,41.817000000000000,61.841000000000001,35.036999999999999,47.611490699999997,0.233514182000000,0.193173706000000,0.291805715000000,0.566565871000000,46.828000000000003,-0.023773027000000,-0.092210967000000,46.851773029999997,0.372449072000000,0.446013551000000,1.478848315000000,1.568580008000000,-93.530006439999994,44.077551659999997,3,0
1014,1014,46.055000000000000,67.786000000000001,39.722000000000001,52.579597139999997,0.224961486000000,0.190889047000000,0.293190680000000,0.585991208000000,49.795000000000002,-0.021548159000000,-0.079284724000000,49.816548160000004,0.368355717000000,0.430479353000000,1.471848876000000,1.546169250000000,-93.531020440000006,44.077005659999998,1,0
1015,1015,42.573000000000000,62.457000000000001,35.450000000000003,48.201105370000001,0.231061857000000,0.189317338000000,0.285771773000000,0.567590502000000,46.890999999999998,-0.020321754000000,-0.091308371000000,46.911321749999999,0.365533567000000,0.442074740000000,1.467056585000000,1.559288099000000,-93.530006439999994,44.077512659999996,3,0
1016,1016,43.956000000000003,64.606999999999999,36.808000000000000,49.869908260000003,0.230738458000000,0.190221346000000,0.287798760000000,0.569721547000000,48.450000000000003,-0.021108749000000,-0.089947789000000,48.471108749999999,0.367157410000000,0.441321369000000,1.469810720000000,1.559292895000000,-93.530006439999994,44.077473660000003,3,0
1017,1017,40.725000000000001,60.625000000000000,34.271000000000001,46.577597230000002,0.235693976000000,0.196349285000000,0.296665126000000,0.565294845000000,46.253999999999998,-0.026618297000000,-0.093242197000000,46.280618300000000,0.378120860000000,0.449550284000000,1.488643339000000,1.576680825000000,-93.530006439999994,44.077434660000002,3,0
1018,1018,42.082000000000001,62.987000000000002,34.889000000000003,48.150802050000003,0.241459509000000,0.198964490000000,0.297876888000000,0.553907949000000,49.003000000000000,-0.029095872000000,-0.101047457000000,49.032095869999999,0.382776074000000,0.459780185000000,1.496768214000000,1.593174571000000,-93.530006439999994,44.077395660000001,3,0
1019,1019,46.027000000000001,68.582999999999998,39.176000000000002,52.779009700000003,0.233679155000000,0.196806561000000,0.299016359000000,0.571220273000000,51.963000000000001,-0.026954339000000,-0.089322825000000,51.989954339999997,0.378935867000000,0.445761714000000,1.490060182000000,1.572212837000000,-93.530006439999994,44.077356660000000,2,0
1020,1020,42.393999999999998,63.366999999999997,36.140999999999998,48.712762890000000,0.234808958000000,0.198305614000000,0.301249641000000,0.570344185000000,48.198999999999998,-0.028296994000000,-0.089988866000000,48.227296989999999,0.381604583000000,0.447624699000000,1.494716233000000,1.576293410000000,-93.530006439999994,44.077317659999999,3,0
1021,1021,44.654000000000003,66.000000000000000,37.375999999999998,50.816483849999997,0.233471943000000,0.192907622000000,0.291301618000000,0.566303030000000,49.969999999999999,-0.023538472000000,-0.092370465000000,49.993538469999997,0.371972886000000,0.445978007000000,1.478031083000000,1.568244094000000,-93.530006439999994,44.077278659999998,3,0
1022,1022,44.537999999999997,66.200999999999993,37.274000000000001,50.844720870000003,0.236165703000000,0.195622139000000,0.294875111000000,0.563042854000000,50.590000000000003,-0.025996365000000,-0.094703844000000,50.615996369999998,0.376823969000000,0.450538862000000,1.486393641000000,1.577186196000000,-93.530006439999994,44.077239659999996,2,0
1023,1023,44.130000000000003,66.204999999999998,37.113000000000000,50.688373730000002,0.239486457000000,0.200072506000000,0.301480429000000,0.560576996000000,51.167000000000002,-0.029997016000000,-0.096622538000000,51.196997019999998,0.384744089000000,0.455962717000000,1.500226603000000,1.589282429000000,-93.530006439999994,44.077200660000003,2,0
1024,1024,44.616000000000000,66.644000000000005,37.847000000000001,51.200278650000001,0.235572489000000,0.197986698000000,0.300055848000000,0.567898085000000,50.825000000000003,-0.028044290000000,-0.091599992000000,50.853044290000000,0.381037220000000,0.449076504000000,1.493724224000000,1.577852231000000,-93.530006439999994,44.077161660000002,2,0
1025,1025,46.143000000000001,67.917000000000002,39.622999999999998,52.636734529999998,0.225938628000000,0.190899527000000,0.292515819000000,0.583403272000000,50.067999999999998,-0.021582088000000,-0.080977076000000,50.089582090000000,0.368374517000000,0.432289430000000,1.471880892000000,1.548472292000000,-93.531020440000006,44.076966659999997,1,0
1026,1026,45.347999999999999,67.343999999999994,38.668999999999997,51.919639830000001,0.231686518000000,0.195186881000000,0.297150886000000,0.574201117000000,50.670999999999999,-0.025480804000000,-0.087257616000000,50.696480800000003,0.376047148000000,0.442320168000000,1.485048955000000,1.565967596000000,-93.530006439999994,44.077122660000001,2,0
1027,1027,45.716000000000001,68.072000000000003,38.936999999999998,52.408141250000000,0.233205161000000,0.196470630000000,0.298673364000000,0.571997297000000,51.491000000000000,-0.026646587000000,-0.088788345000000,51.517646589999998,0.378337176000000,0.444936701000000,1.489019162000000,1.570768911000000,-93.530006439999994,44.077083660000000,2,0
1028,1028,44.520000000000003,66.569000000000003,37.895000000000003,51.151712860000004,0.235315676000000,0.198480498000000,0.301240539000000,0.569258964000000,50.722999999999999,-0.028466144000000,-0.090721151000000,50.751466139999998,0.381915617000000,0.448531284000000,1.495260557000000,1.577676540000000,-93.530006439999994,44.077044659999999,2,0
1029,1029,43.363999999999997,65.781000000000006,36.909999999999997,50.232541099999999,0.242111822000000,0.205387329000000,0.310334325000000,0.561104270000000,51.287999999999997,-0.034722536000000,-0.096586902000000,51.322722540000001,0.394147939000000,0.459971377000000,1.516949543000000,1.600575767000000,-93.530006439999994,44.077005659999998,2,0
1030,1030,43.503000000000000,64.835999999999999,36.570000000000000,49.778117029999997,0.236472860000000,0.196909700000000,0.297245329000000,0.564038497000000,49.598999999999997,-0.027132890000000,-0.094114237000000,49.626132890000001,0.379119632000000,0.450902039000000,1.490379974000000,1.579076937000000,-93.530006439999994,44.076966659999997,3,0
1031,1031,44.034999999999997,65.757000000000005,37.271999999999998,50.505003899999998,0.235911870000000,0.197846838000000,0.299531164000000,0.566814179000000,50.207000000000001,-0.027933417000000,-0.092314911000000,50.234933419999997,0.380788336000000,0.449722648000000,1.493289429000000,1.578549797000000,-93.530006439999994,44.076927660000003,3,0
1032,1032,46.819000000000003,68.843000000000004,39.645000000000003,53.238781090000003,0.228516618000000,0.190416904000000,0.289724667000000,0.575875543000000,51.222000000000001,-0.021225057000000,-0.085894390000000,51.243225060000000,0.367508467000000,0.437149619000000,1.470407313000000,1.554144801000000,-93.530006439999994,44.076888660000002,1,0
1033,1033,47.384999999999998,70.983000000000004,40.322000000000003,54.497058629999998,0.236244574000000,0.199361314000000,0.302360147000000,0.568051505000000,54.259000000000000,-0.029264604000000,-0.091576029000000,54.288264599999998,0.383481193000000,0.450110574000000,1.498005698000000,1.580725183000000,-93.530006439999994,44.076849660000001,2,0
1034,1034,42.725000000000001,63.662999999999997,35.549999999999997,48.792778480000003,0.238573742000000,0.196807911000000,0.295575821000000,0.558409123000000,49.051000000000002,-0.027110428000000,-0.097880765000000,49.078110430000002,0.378938271000000,0.454804637000000,1.490064365000000,1.584136388000000,-93.530006439999994,44.076810660000000,3,0
1035,1035,44.997999999999998,65.724000000000004,38.805999999999997,51.154569090000003,0.221340568000000,0.187189538000000,0.288197341000000,0.590438805000000,47.643999999999998,-0.018236049000000,-0.076210476000000,47.662236049999997,0.361704962000000,0.424253400000000,1.460598249000000,1.534407767000000,-93.531020440000006,44.076927660000003,1,0
1036,1036,47.476999999999997,67.869000000000000,40.329000000000001,53.187388640000002,0.214418638000000,0.176789832000000,0.271831718000000,0.594218273000000,47.932000000000002,-0.009000803000000,-0.073283443000000,47.941000799999998,0.342863585000000,0.412749893000000,1.429513238000000,1.509337971000000,-93.529967439999993,44.077980660000001,1,0
1037,1037,43.786000000000001,63.776000000000003,37.441000000000003,49.619957180000000,0.221885343000000,0.185846303000000,0.285078650000000,0.587070371000000,46.325000000000003,-0.017072750000000,-0.078333552000000,46.342072750000000,0.359283371000000,0.425457244000000,1.456538620000000,1.534482545000000,-93.529967439999993,44.077941660000000,1,0
1038,1038,42.969999999999999,63.131000000000000,36.042999999999999,48.754630239999997,0.230174157000000,0.190017059000000,0.287775843000000,0.570923952000000,47.249000000000002,-0.020915410000000,-0.089140590000000,47.269915410000003,0.366790600000000,0.440301297000000,1.469187805000000,1.557758061000000,-93.529967439999993,44.077902659999999,3,0
1039,1039,43.430999999999997,64.301000000000002,36.393999999999998,49.481961689999999,0.234024383000000,0.193721457000000,0.292550955000000,0.565994308000000,48.777000000000001,-0.024267655000000,-0.092623121000000,48.801267650000000,0.373428874000000,0.446873258000000,1.480532339000000,1.570298879000000,-93.529967439999993,44.077863659999998,3,0
1040,1040,43.615000000000002,64.945999999999998,37.020000000000003,49.969095590000002,0.233969990000000,0.196488610000000,0.298164689000000,0.570012010000000,49.256999999999998,-0.026686175000000,-0.090107912000000,49.283686170000003,0.378369227000000,0.446344864000000,1.489074860000000,1.572627814000000,-93.529967439999993,44.077824659999997,3,0
1041,1041,45.106999999999999,67.022999999999996,37.948999999999998,51.532677589999999,0.234866560000000,0.195451708000000,0.295439533000000,0.566208615000000,50.990000000000002,-0.025807741000000,-0.092580574000000,51.015807740000000,0.376519842000000,0.448160070000000,1.485866939000000,1.573872115000000,-93.529967439999993,44.077785660000004,2,0
1042,1042,43.869999999999997,65.340000000000003,37.226999999999997,50.265103959999998,0.234128352000000,0.196593719000000,0.298264868000000,0.569742883000000,49.582999999999998,-0.026782849000000,-0.090292754000000,49.609782850000002,0.378556570000000,0.446621457000000,1.489400501000000,1.573104563000000,-93.529967439999993,44.077746660000003,3,0
1043,1043,43.058999999999997,63.549999999999997,36.119000000000000,48.980479590000002,0.232317552000000,0.192207037000000,0.290693715000000,0.568355625000000,47.921999999999997,-0.022892495000000,-0.090966033000000,47.944892490000001,0.370718421000000,0.443943661000000,1.475881929000000,1.564836304000000,-93.529967439999993,44.077707660000002,3,0
1044,1044,42.442000000000000,62.564000000000000,35.491000000000000,48.218905489999997,0.232417845000000,0.191627145000000,0.289462706000000,0.567275110000000,47.195000000000000,-0.022386243000000,-0.091650356000000,47.217386240000003,0.369679310000000,0.444224156000000,1.474105839000000,1.564571117000000,-93.529967439999993,44.077668660000001,3,0
1045,1045,43.859000000000002,64.543999999999997,36.832000000000001,49.820129940000001,0.230704694000000,0.190815752000000,0.289013707000000,0.570649479000000,48.396999999999998,-0.021629772000000,-0.089366888000000,48.418629770000003,0.368224221000000,0.441162791000000,1.471624980000000,1.559730918000000,-93.529967439999993,44.077629659999999,3,0
1046,1046,43.341999999999999,64.072999999999993,37.469999999999999,49.624856649999998,0.226523990000000,0.192999116000000,0.296390021000000,0.584801711000000,47.334000000000003,-0.023426856000000,-0.080167029000000,47.357426859999997,0.372136640000000,0.433088250000000,1.478312030000000,1.551744164000000,-93.531020440000006,44.076888660000002,1,0
1047,1047,42.813000000000002,63.603999999999999,36.182000000000002,48.947451100000002,0.233813281000000,0.195372920000000,0.296020503000000,0.568863593000000,48.213000000000001,-0.025707053000000,-0.090808491000000,48.238707050000002,0.376379227000000,0.446223256000000,1.485623526000000,1.571250531000000,-93.529967439999993,44.077590659999998,3,0
1048,1048,42.564000000000000,62.851999999999997,35.655000000000001,48.419510619999997,0.232857500000000,0.192456553000000,0.290821519000000,0.567285051000000,47.484999999999999,-0.023125944000000,-0.091691418000000,47.508125939999999,0.371165319000000,0.444908093000000,1.476646932000000,1.566360387000000,-93.529967439999993,44.077551659999997,3,0
1049,1049,43.216999999999999,63.820999999999998,36.179000000000002,49.158753619999999,0.233029685000000,0.192492386000000,0.290774637000000,0.566882374000000,48.246000000000002,-0.023162055000000,-0.091961150000000,48.269162049999998,0.371229487000000,0.445222647000000,1.476756832000000,1.566808583000000,-93.529967439999993,44.077512659999996,3,0
1050,1050,44.218000000000004,64.655000000000001,36.920999999999999,49.995535769999996,0.228896312000000,0.187714126000000,0.284036580000000,0.571046323000000,48.170999999999999,-0.018860858000000,-0.088930957000000,48.189860860000003,0.362649711000000,0.438287559000000,1.462187345000000,1.552692513000000,-93.529967439999993,44.077473660000003,1,0
1051,1051,43.588000000000001,63.554000000000002,36.758000000000003,49.295622600000002,0.225409006000000,0.186350824000000,0.283672426000000,0.578374296000000,46.762000000000000,-0.017587213000000,-0.084036136000000,46.779587210000003,0.360193347000000,0.431974043000000,1.458061852000000,1.543202667000000,-93.529967439999993,44.077434660000002,1,0
1052,1052,43.706000000000003,65.478999999999999,36.543999999999997,50.110470669999998,0.240085603000000,0.199413839000000,0.299734310000000,0.558102598000000,50.707999999999998,-0.029442321000000,-0.098246746000000,50.737442320000000,0.383574501000000,0.457170503000000,1.498169588000000,1.590169411000000,-93.529967439999993,44.077395660000001,2,0
1053,1053,46.027000000000001,68.457999999999998,38.814999999999998,52.635813910000003,0.234823546000000,0.195929598000000,0.296431875000000,0.566989979000000,52.073999999999998,-0.026224397000000,-0.092087410000000,52.100224400000002,0.377372468000000,0.448006138000000,1.487344385000000,1.574192697000000,-93.529967439999993,44.077356660000000,2,0
1054,1054,43.981999999999999,64.724999999999994,37.369999999999997,50.067483959999997,0.228166716000000,0.190815679000000,0.290774773000000,0.577365778000000,48.097999999999999,-0.021565339000000,-0.084934658000000,48.119565340000001,0.368224089000000,0.436438804000000,1.471624756000000,1.553665277000000,-93.529967439999993,44.077317659999999,1,0
1055,1055,44.566000000000003,65.281999999999996,37.167999999999999,50.429251110000003,0.230006877000000,0.188587867000000,0.285030270000000,0.569345302000000,48.829999999999998,-0.019655004000000,-0.090104478000000,48.849654999999998,0.364222037000000,0.440222408000000,1.464838666000000,1.556114937000000,-93.529967439999993,44.077278659999998,1,0
1056,1056,43.624000000000002,65.138999999999996,36.835999999999999,50.010110949999998,0.236397802000000,0.197815434000000,0.299122722000000,0.565498396000000,49.817999999999998,-0.027921895000000,-0.093191574000000,49.845921900000000,0.380732446000000,0.450623128000000,1.493191821000000,1.579703056000000,-93.529967439999993,44.077239659999996,3,0
1057,1057,44.103000000000002,64.507999999999996,37.942000000000000,50.152939549999999,0.222547036000000,0.187872315000000,0.288740466000000,0.588175110000000,46.970999999999997,-0.018858706000000,-0.077713865000000,46.989858710000000,0.362934492000000,0.426406231000000,1.462666939000000,1.537822815000000,-93.531020440000006,44.076849660000001,1,0
1058,1058,45.298000000000002,67.912000000000006,38.463000000000001,52.100386810000003,0.237097252000000,0.199752672000000,0.302540570000000,0.566365296000000,52.063000000000002,-0.029634806000000,-0.092724480000000,52.092634810000000,0.384176277000000,0.451619563000000,1.499227339000000,1.583151361000000,-93.529967439999993,44.077200660000003,2,0
1059,1059,45.222000000000001,67.903000000000006,38.433999999999997,52.067325160000003,0.237626559000000,0.200495028000000,0.303664431000000,0.566013284000000,52.149999999999999,-0.030299751000000,-0.093002725000000,52.180299750000003,0.385493874000000,0.452482197000000,1.501547919000000,1.585113550000000,-93.529967439999993,44.077161660000002,2,0
1060,1060,44.162999999999997,66.039000000000001,37.868000000000002,50.811762139999999,0.233745429000000,0.198508194000000,0.302430392000000,0.573418737000000,50.046999999999997,-0.028437901000000,-0.087957047000000,50.075437899999997,0.381964870000000,0.445641634000000,1.495346784000000,1.573916634000000,-93.529967439999993,44.077122660000001,3,0
1061,1061,45.862000000000002,68.474000000000004,39.313000000000002,52.717877070000000,0.233082571000000,0.197767982000000,0.301400904000000,0.574130327000000,51.773000000000003,-0.027772390000000,-0.087444760000000,51.800772389999999,0.380647993000000,0.444526548000000,1.493044350000000,1.571650605000000,-93.529967439999993,44.077083660000000,2,0
1062,1062,46.639000000000003,69.146000000000001,40.000000000000000,53.405260779999999,0.229639312000000,0.194386147000000,0.296984891000000,0.578486102000000,51.652999999999999,-0.024722534000000,-0.084385531000000,51.677722529999997,0.374617024000000,0.438653235000000,1.482578958000000,1.560361939000000,-93.529967439999993,44.077044659999999,2,0
1063,1063,44.521000000000001,65.956000000000003,37.531999999999996,50.796864739999997,0.233024093000000,0.194022285000000,0.293851532000000,0.569046031000000,49.859000000000002,-0.024502564000000,-0.090610706000000,49.883502559999997,0.373966725000000,0.444969656000000,1.481458188000000,1.568143295000000,-93.529967439999993,44.077005659999998,3,0
1064,1064,43.709000000000003,65.087999999999994,37.326000000000001,50.133670330000001,0.232663072000000,0.196503580000000,0.299128318000000,0.573469764000000,49.140999999999998,-0.026658363000000,-0.087813691000000,49.167658359999997,0.378395910000000,0.443932641000000,1.489121234000000,1.569496468000000,-93.529967439999993,44.076966659999997,3,0
1065,1065,44.402999999999999,66.037999999999997,37.469000000000001,50.782443860000001,0.234655150000000,0.195896451000000,0.296483583000000,0.567385445000000,50.204000000000001,-0.026190251000000,-0.091822054000000,50.230190250000000,0.377313345000000,0.447699887000000,1.487241853000000,1.573754876000000,-93.529967439999993,44.076927660000003,3,0
1066,1066,48.057000000000002,70.248000000000005,41.658999999999999,54.710538390000004,0.220579292000000,0.187574490000000,0.289525872000000,0.593027560000000,50.780000000000001,-0.018555425000000,-0.074550524000000,50.798555420000000,0.362398289000000,0.422785721000000,1.461764155000000,1.532989678000000,-93.529967439999993,44.076888660000002,1,0
1067,1067,45.792000000000002,68.381000000000000,39.145000000000003,52.615585299999999,0.233762895000000,0.197848878000000,0.301074266000000,0.572454337000000,51.825000000000003,-0.027864960000000,-0.088561030000000,51.852864959999998,0.380791968000000,0.445766132000000,1.493295772000000,1.573358060000000,-93.529967439999993,44.076849660000001,2,0
1068,1068,43.009000000000000,62.680999999999997,36.404000000000003,48.661870970000003,0.224387743000000,0.186129246000000,0.283924602000000,0.580782055000000,45.948999999999998,-0.017371599000000,-0.082448238000000,45.966371600000002,0.359793762000000,0.430095902000000,1.457392639000000,1.540597473000000,-93.531020440000006,44.076810660000000,1,0
1069,1069,46.558000000000000,66.775000000000006,39.283000000000001,52.184614840000002,0.217461063000000,0.178385819000000,0.273018231000000,0.588289030000000,47.709000000000003,-0.010443204000000,-0.077179326000000,47.719443200000001,0.345768757000000,0.418261807000000,1.434232570000000,1.517719592000000,-93.529967439999993,44.076810660000000,1,0
1070,1070,44.737000000000002,65.789000000000001,37.866999999999997,50.870755770000002,0.228656003000000,0.190471020000000,0.289736991000000,0.575582544000000,48.973999999999997,-0.021275936000000,-0.086090314000000,48.995275939999999,0.367605600000000,0.437400838000000,1.470572457000000,1.554524645000000,-93.530981440000005,44.078019660000002,1,0
1071,1071,47.637000000000000,68.322000000000003,41.017000000000003,53.602157110000000,0.213006773000000,0.178382014000000,0.276013450000000,0.600348350000000,47.990000000000002,-0.010385027000000,-0.069425900000000,48.000385029999997,0.345761838000000,0.409852250000000,1.434221299000000,1.507490825000000,-93.530981440000005,44.077980660000001,1,0
1072,1072,47.020000000000003,69.064999999999998,40.106000000000002,53.508086179999999,0.226426821000000,0.189903950000000,0.290145961000000,0.580699341000000,51.003999999999998,-0.020724626000000,-0.082697467000000,51.024724630000001,0.366587469000000,0.433337564000000,1.468843046000000,1.548733855000000,-93.530981440000005,44.077941660000000,1,0
1073,1073,48.090000000000003,68.022000000000006,41.845999999999997,53.822945230000002,0.204035755000000,0.171661844000000,0.268386610000000,0.615183323000000,46.107999999999997,-0.004406235000000,-0.059747528000000,46.112406229999998,0.333496289000000,0.393805387000000,1.414472863000000,1.481521966000000,-93.529889440000005,44.078019660000002,1,0
1074,1074,42.200000000000003,62.027000000000001,36.250999999999998,48.105175500000001,0.225194440000000,0.190229019000000,0.291676474000000,0.584439035000000,45.603000000000002,-0.020978374000000,-0.080265949000000,45.623978370000003,0.367171186000000,0.431001634000000,1.469834123000000,1.546122195000000,-93.529889440000005,44.077941660000000,1,0
1075,1075,45.156999999999996,65.488000000000000,38.679000000000002,51.068247909999997,0.219447703000000,0.183749831000000,0.282508407000000,0.590627290000000,47.140000000000001,-0.015189789000000,-0.075924835000000,47.155189790000001,0.355496671000000,0.421196646000000,1.450229200000000,1.526971192000000,-93.529889440000005,44.077902659999999,1,0
1076,1076,43.930999999999997,64.459000000000003,37.500000000000000,49.970476089999998,0.225753391000000,0.189390165000000,0.289575399000000,0.581765153000000,47.487000000000002,-0.020259099000000,-0.081972719000000,47.507259099999999,0.365664446000000,0.432159263000000,1.467278232000000,1.546688424000000,-93.529889440000005,44.077863659999998,1,0
1077,1077,42.225000000000001,62.899000000000001,35.851999999999997,48.389395290000003,0.234069896000000,0.196662988000000,0.298446703000000,0.569993164000000,47.720999999999997,-0.026841448000000,-0.090130235000000,47.747841450000003,0.378680023000000,0.446503340000000,1.489615157000000,1.573025709000000,-93.529889440000005,44.077824659999997,3,0
1078,1078,43.561000000000000,64.683999999999997,37.152000000000001,49.872676820000002,0.231601144000000,0.195140653000000,0.297117860000000,0.574361511000000,48.655000000000001,-0.025437939000000,-0.087148978000000,48.680437939999997,0.375964621000000,0.442169173000000,1.484906223000000,1.565721577000000,-93.529889440000005,44.077785660000004,3,0
