OID_,SOURCE_ID,Red,Green,Blue,BI,GLI,NGRDI,VARI,BGI,ExG,ExR,ExB,ExGR,MGRVI,RGBVI,GRRI,VEG,X,Y,CLUSTER_ID,IS_SEED
1,1,71.463999999999999,105.739999999999995,65.629999999999995,82.855995149999998,0.213400885000000,0.193426785000000,0.307204187000000,0.620673350000000,74.385999999999996,-0.023433292000000,-0.057067791000000,74.409433289999996,0.372901850000000,0.408966804000000,1.479626105000000,1.522186838000000,-93.529936169999999,44.077728450000002,1,0
2,2,72.271000000000001,104.989999999999995,64.322000000000003,82.428387560000004,0.211750483000000,0.184580929000000,0.289705062000000,0.612648824000000,73.387000000000000,-0.015773461000000,-0.061838788000000,73.402773460000006,0.356998864000000,0.406743361000000,1.452726543000000,1.510202477000000,-93.529936169999999,44.077689450000001,1,0
3,3,74.698999999999998,105.549999999999997,67.088999999999999,84.106434600000000,0.196413593000000,0.171157676000000,0.272631672000000,0.635613453000000,69.311999999999998,-0.003927419000000,-0.047002078000000,69.315927419999994,0.332572653000000,0.379470878000000,1.413004190000000,1.464476426000000,-93.529936169999999,44.077650450000000,1,0
4,4,68.715000000000003,100.250000000000000,59.210000000000001,78.054762449999998,0.220978915000000,0.186636286000000,0.287321762000000,0.590623441000000,72.575000000000003,-0.017745152000000,-0.076064424000000,72.592745149999999,0.360707993000000,0.423654927000000,1.458924543000000,1.533075141000000,-93.529936169999999,44.077611449999999,3,0
5,5,73.796000000000006,106.109999999999999,65.831000000000003,83.743461990000000,0.206319792000000,0.179616022000000,0.283269779000000,0.620403355000000,72.593000000000004,-0.011376390000000,-0.056754172000000,72.604376389999999,0.348004744000000,0.397165112000000,1.437882812000000,1.493623306000000,-93.529936169999999,44.077572449999998,1,0
6,6,72.111999999999995,104.730000000000004,63.670000000000002,82.102339279999995,0.213409724000000,0.184447134000000,0.288216167000000,0.607944238000000,73.677999999999997,-0.015688199000000,-0.064828366000000,73.693688199999997,0.356757124000000,0.409839769000000,1.452324162000000,1.513804420000000,-93.529936169999999,44.077533449999997,1,0
7,7,70.323999999999998,104.480000000000004,62.067999999999998,81.063703340000004,0.224308046000000,0.195395986000000,0.302973318000000,0.594065850000000,76.567999999999998,-0.025441589000000,-0.074237563000000,76.593441589999998,0.376420396000000,0.428717094000000,1.485694784000000,1.548781401000000,-93.529936169999999,44.077494450000003,3,0
8,8,71.668999999999997,104.390000000000001,63.606999999999999,81.811914599999994,0.213639640000000,0.185852470000000,0.290977484000000,0.609320816000000,73.504000000000005,-0.016912704000000,-0.064006576000000,73.520912699999997,0.359294498000000,0.410109597000000,1.456557228000000,1.515604041000000,-93.529936169999999,44.077455450000002,1,0
9,9,73.248000000000005,105.459999999999994,64.400999999999996,82.934853759999996,0.210205153000000,0.180249345000000,0.281802514000000,0.610667552000000,73.271000000000001,-0.011981457000000,-0.062928974000000,73.282981460000002,0.349154715000000,0.404352831000000,1.439766273000000,1.502822706000000,-93.529936169999999,44.077416450000001,1,0
10,10,72.489000000000004,105.379999999999995,63.326999999999998,82.401271129999998,0.216241171000000,0.184916989000000,0.287152311000000,0.600939457000000,74.944000000000003,-0.016150351000000,-0.069330337000000,74.960150350000006,0.357605898000000,0.415052216000000,1.453737808000000,1.520644128000000,-93.529936169999999,44.077377450000000,1,0
11,11,72.453000000000003,106.640000000000001,63.113000000000000,82.874961189999993,0.222774519000000,0.190889650000000,0.294766339000000,0.591832333000000,77.713999999999999,-0.021493274000000,-0.075480376000000,77.735493270000006,0.368356798000000,0.426430979000000,1.471850717000000,1.541072133000000,-93.529936169999999,44.077338449999999,3,0
12,12,74.674000000000007,107.430000000000007,64.903000000000006,84.320441540000004,0.212401640000000,0.179875236000000,0.279485670000000,0.604142232000000,75.283000000000001,-0.011685499000000,-0.067066116000000,75.294685500000000,0.348475512000000,0.408514255000000,1.438653347000000,1.507430877000000,-93.529936169999999,44.077299449999998,1,0
13,13,70.899000000000001,104.760000000000005,62.000999999999998,81.333572000000004,0.223760294000000,0.192765529000000,0.297920076000000,0.591838488000000,76.620000000000005,-0.023148195000000,-0.075564251000000,76.643148190000005,0.371718536000000,0.428018805000000,1.477594889000000,1.545075733000000,-93.529936169999999,44.077260449999997,3,0
14,14,72.224999999999994,104.609999999999999,63.606999999999999,82.068169170000004,0.212686783000000,0.183136822000000,0.286015826000000,0.608039384000000,73.388000000000005,-0.014535730000000,-0.064714983000000,73.402535729999997,0.354387799000000,0.408645629000000,1.448390447000000,1.510989582000000,-93.529936169999999,44.077221450000003,1,0
15,15,72.042000000000002,106.790000000000006,63.718000000000004,82.974167440000002,0.222762924000000,0.194305270000000,0.301857289000000,0.596666355000000,77.819999999999993,-0.024453515000000,-0.072499691000000,77.844453509999994,0.374472503000000,0.426005318000000,1.482329752000000,1.544193047000000,-93.529936169999999,44.077182450000002,3,0
16,16,77.329999999999998,103.959999999999994,68.813999999999993,84.701391360000002,0.174476931000000,0.146891720000000,0.236761620000000,0.661927664000000,61.776000000000003,0.017200844000000,-0.030468925000000,61.758799160000002,0.287578313000000,0.340149530000000,1.344368292000000,1.397628579000000,-93.529897169999998,44.077923450000000,1,0
17,17,68.489000000000004,97.832999999999998,59.726999999999997,77.091619820000005,0.208254858000000,0.176428855000000,0.275284957000000,0.610499525000000,67.450000000000003,-0.008619370000000,-0.062885481000000,67.458619369999994,0.342205821000000,0.401162209000000,1.428448364000000,1.495069691000000,-93.529897169999998,44.077884449999999,1,0
18,18,65.725999999999999,96.265000000000001,57.633000000000003,75.074229910000000,0.218972487000000,0.188522819000000,0.292636885000000,0.598691113000000,69.171000000000006,-0.019344880000000,-0.070933960000000,69.190344879999998,0.364105035000000,0.419685193000000,1.464641086000000,1.530150620000000,-93.529897169999998,44.077845449999998,3,0
19,19,69.019000000000005,100.829999999999998,61.801000000000002,79.056256050000002,0.213065448000000,0.187289887000000,0.294415445000000,0.612922741000000,70.840000000000003,-0.018145478000000,-0.061768185000000,70.858145480000005,0.361885727000000,0.408896318000000,1.460902070000000,1.515640379000000,-93.529897169999998,44.077806449999997,1,0
20,20,68.319999999999993,101.140000000000001,60.057000000000002,78.536117489999995,0.223503510000000,0.193674023000000,0.299991774000000,0.593800672000000,73.903000000000006,-0.023928511000000,-0.074330877000000,73.926928509999996,0.373344051000000,0.427437693000000,1.480386417000000,1.545317910000000,-93.529897169999998,44.077767450000003,3,0
21,21,69.302000000000007,102.569999999999993,60.947000000000003,79.661594500000007,0.223295934000000,0.193562651000000,0.299914357000000,0.594199084000000,74.891000000000005,-0.023826234000000,-0.074066979000000,74.914826230000003,0.373144870000000,0.427068962000000,1.480043866000000,1.544734340000000,-93.529897169999998,44.077728450000002,3,0
22,22,70.477000000000004,103.879999999999995,61.387999999999998,80.677441029999997,0.223467059000000,0.191578199000000,0.295682886000000,0.590951097000000,75.894999999999996,-0.022109483000000,-0.076085601000000,75.917109479999993,0.369591571000000,0.427624530000000,1.473956042000000,1.543307685000000,-93.529897169999998,44.077689450000001,3,0
23,23,70.007999999999996,102.459999999999994,60.735999999999997,79.766395099999997,0.220982888000000,0.188162442000000,0.290444993000000,0.592777669000000,74.176000000000002,-0.019076860000000,-0.074739713000000,74.195076860000000,0.363456662000000,0.423459076000000,1.463547023000000,1.534451885000000,-93.529897169999998,44.077650450000000,3,0
24,24,69.959999999999994,101.959999999999994,60.643000000000001,79.514813399999994,0.219168787000000,0.186133085000000,0.287570657000000,0.594772460000000,73.316999999999993,-0.017268439000000,-0.073355607000000,73.334268440000002,0.359800686000000,0.420349659000000,1.457404231000000,1.528442285000000,-93.529897169999998,44.077611449999999,3,0
25,25,70.352000000000004,102.469999999999999,61.805000000000000,80.144375620000005,0.215911147000000,0.185844395000000,0.289307043000000,0.603152142000000,72.783000000000001,-0.016951161000000,-0.067950406000000,72.799951160000006,0.359279929000000,0.414325841000000,1.456532863000000,1.520731293000000,-93.529897169999998,44.077572449999998,1,0
26,26,69.463999999999999,102.290000000000006,59.561999999999998,79.238297220000007,0.226476742000000,0.191122186000000,0.292587707000000,0.582285658000000,75.554000000000002,-0.021790105000000,-0.081720244000000,75.575790110000000,0.368773914000000,0.433256430000000,1.472561327000000,1.549939093000000,-93.529897169999998,44.077533449999997,3,0
27,27,69.567999999999998,102.469999999999999,60.033999999999999,79.464643460000005,0.225197434000000,0.191248445000000,0.293757366000000,0.585869035000000,75.337999999999994,-0.021867352000000,-0.079382261000000,75.359867350000002,0.369000345000000,0.430868100000000,1.472947332000000,1.547046235000000,-93.529897169999998,44.077494450000003,3,0
28,28,69.221999999999994,102.879999999999995,59.762000000000000,79.472167720000002,0.229357360000000,0.195570069000000,0.299608332000000,0.580890358000000,76.775999999999996,-0.025744402000000,-0.082864093000000,76.801744400000004,0.376731059000000,0.437972156000000,1.486232701000000,1.560768697000000,-93.529897169999998,44.077455450000002,3,0
29,29,70.495999999999995,103.569999999999993,60.377000000000002,80.294900310000003,0.225633334000000,0.190008388000000,0.290916448000000,0.582958386000000,76.266999999999996,-0.020796526000000,-0.081223154000000,76.287796529999994,0.366775028000000,0.431847597000000,1.469161371000000,1.546956322000000,-93.529897169999998,44.077416450000001,3,0
30,30,71.037000000000006,102.859999999999999,61.121000000000002,80.337230079999998,0.217717638000000,0.182999132000000,0.282178832000000,0.594215438000000,73.561999999999998,-0.014501868000000,-0.073571386000000,73.576501870000001,0.354138627000000,0.418061501000000,1.447977814000000,1.522316180000000,-93.529897169999998,44.077377450000000,3,0
31,31,69.713999999999999,104.379999999999995,60.207000000000001,80.374351309999994,0.232782471000000,0.199122313000000,0.304389439000000,0.576805902000000,78.838999999999999,-0.028938844000000,-0.085745259000000,78.867938839999994,0.383056551000000,0.443792181000000,1.497260235000000,1.572173256000000,-93.529897169999998,44.077338449999999,3,0
32,32,72.682000000000002,106.069999999999993,64.132000000000005,82.958687409999996,0.215862263000000,0.186783924000000,0.291292968000000,0.604619591000000,75.325999999999993,-0.017766506000000,-0.067049291000000,75.343766509999995,0.360974099000000,0.414125621000000,1.459370958000000,1.521475432000000,-93.529897169999998,44.077299449999998,1,0
33,33,69.028000000000006,103.030000000000001,60.481000000000002,79.661778880000000,0.228122979000000,0.197619407000000,0.304740224000000,0.587023197000000,76.551000000000002,-0.027482702000000,-0.078939877000000,76.578482699999995,0.380383533000000,0.435447656000000,1.492582720000000,1.559749002000000,-93.529897169999998,44.077260449999997,3,0
34,34,70.328000000000003,102.989999999999995,60.781999999999996,80.098729100000000,0.222106856000000,0.188451286000000,0.290236013000000,0.590173803000000,74.870000000000005,-0.019354122000000,-0.076442546000000,74.889354119999993,0.363976357000000,0.425509121000000,1.464423843000000,1.537317014000000,-93.529897169999998,44.077221450000003,3,0
35,35,66.251000000000005,92.751000000000005,61.081000000000003,74.661082149999999,0.185945262000000,0.166664570000000,0.270626321000000,0.658548156000000,58.170000000000002,0.000001820000000,-0.032885775000000,58.169998180000000,0.324320465000000,0.360180052000000,1.399993962000000,1.438389488000000,-93.529858169999997,44.077962450000001,1,0
36,36,69.611999999999995,94.611999999999995,64.280000000000001,77.307135259999995,0.171245002000000,0.152231099000000,0.250140078000000,0.679406418000000,55.332000000000001,0.012449673000000,-0.020218464000000,55.319550329999998,0.297566305000000,0.333438195000000,1.359133483000000,1.395682576000000,-93.529858169999997,44.077923450000000,1,0
37,37,62.828000000000003,89.634000000000000,55.942000000000000,70.972104619999996,0.202987539000000,0.175820860000000,0.277724824000000,0.624115849000000,60.497999999999998,-0.008036314000000,-0.054294543000000,60.506036309999999,0.341097386000000,0.391335927000000,1.426656905000000,1.482886186000000,-93.529858169999997,44.077884449999999,1,0
38,38,64.186999999999998,93.337000000000003,56.408000000000001,73.060771509999995,0.215052609000000,0.185051167000000,0.288282764000000,0.604347686000000,66.078999999999994,-0.016244414000000,-0.067151244000000,66.095244410000006,0.357848203000000,0.412824123000000,1.454141804000000,1.518064356000000,-93.529858169999997,44.077845449999998,3,0
39,39,55.095999999999997,83.150000000000006,50.929000000000002,64.661309290000005,0.221334802000000,0.202928114000000,0.321289096000000,0.612495490000000,60.274999999999999,-0.031799128000000,-0.062637241000000,60.306799130000002,0.389804162000000,0.422631456000000,1.509183970000000,1.549229551000000,-93.531067170000000,44.077533449999997,2,0
40,40,67.745000000000005,98.129000000000005,60.030000000000001,77.076340009999996,0.211345758000000,0.183175181000000,0.287063981000000,0.611745763000000,68.483000000000004,-0.014546002000000,-0.062358347000000,68.497546000000000,0.354457208000000,0.406144487000000,1.448505425000000,1.508014755000000,-93.529858169999997,44.077806449999997,1,0
41,41,63.848999999999997,96.238000000000000,56.322000000000003,74.185836760000001,0.231267212000000,0.202321238000000,0.312138004000000,0.585236601000000,72.305000000000007,-0.031650255000000,-0.080344163000000,72.336650250000005,0.388730237000000,0.440637168000000,1.507274977000000,1.571567387000000,-93.529858169999997,44.077767450000003,3,0
42,42,63.988000000000000,96.028999999999996,56.289000000000001,74.127108190000001,0.229820545000000,0.200234975000000,0.308894416000000,0.586166679000000,71.781000000000006,-0.029799451000000,-0.079629784000000,71.810799450000005,0.385032442000000,0.438242039000000,1.500734513000000,1.566187113000000,-93.529858169999997,44.077728450000002,3,0
43,43,64.123999999999995,95.170000000000002,54.831000000000003,73.429455570000002,0.230799075000000,0.194897485000000,0.297196136000000,0.576137438000000,71.385000000000005,-0.025202102000000,-0.085961938000000,71.410202100000006,0.375530436000000,0.440722849000000,1.484155698000000,1.563585420000000,-93.529858169999997,44.077689450000001,3,0
44,44,65.850999999999999,97.872000000000000,57.319000000000003,75.720429530000004,0.227566052000000,0.195580340000000,0.300937935000000,0.585652689000000,72.573999999999998,-0.025699188000000,-0.079737787000000,72.599699189999995,0.376749387000000,0.434675567000000,1.486264445000000,1.556553040000000,-93.529858169999997,44.077650450000000,3,0
45,45,65.882999999999996,97.888000000000005,58.289999999999999,75.983231340000003,0.223795042000000,0.195425320000000,0.303419573000000,0.595476463000000,71.602999999999994,-0.025451565000000,-0.073322195000000,71.628451569999996,0.376472747000000,0.427773630000000,1.485785407000000,1.547621660000000,-93.529858169999997,44.077611449999999,3,0
46,46,65.742000000000004,96.375000000000000,57.109999999999999,74.992673620000005,0.221475149000000,0.188956124000000,0.291723409000000,0.592581064000000,69.897999999999996,-0.019779498000000,-0.074904095000000,69.917779499999995,0.364884269000000,0.424270230000000,1.465957835000000,1.536307035000000,-93.529858169999997,44.077572449999998,3,0
47,47,65.510000000000005,96.004999999999995,56.463999999999999,74.602733240000006,0.223055952000000,0.188805993000000,0.290287575000000,0.588136035000000,70.036000000000001,-0.019685383000000,-0.077784557000000,70.055685380000000,0.364614323000000,0.427225069000000,1.465501450000000,1.539844005000000,-93.529858169999997,44.077533449999997,3,0
48,48,64.444000000000003,96.430999999999997,56.262000000000000,74.425308290000004,0.230112767000000,0.198831391000000,0.305765058000000,0.583443084000000,72.156000000000006,-0.028596692000000,-0.081350484000000,72.184596690000006,0.382539495000000,0.438942145000000,1.496353423000000,1.565562103000000,-93.529858169999997,44.077494450000003,3,0
49,49,62.725999999999999,94.623999999999995,55.326999999999998,72.913943300000000,0.231678387000000,0.202720051000000,0.312654990000000,0.584703669000000,71.194999999999993,-0.032009103000000,-0.080714887000000,71.227009100000004,0.389436063000000,0.441339099000000,1.508529159000000,1.572916601000000,-93.529858169999997,44.077455450000002,3,0
50,50,54.149999999999999,82.001000000000005,49.856000000000002,63.618674499999997,0.223858989000000,0.204559643000000,0.322741758000000,0.607992585000000,59.996000000000002,-0.033283694000000,-0.065602907000000,60.029283690000000,0.392687420000000,0.427049942000000,1.514330563000000,1.556571485000000,-93.531067170000000,44.077494450000003,2,0
51,51,63.649000000000001,94.034999999999997,55.466999999999999,72.962009559999998,0.224469865000000,0.192701859000000,0.297269534000000,0.589854841000000,68.953999999999994,-0.023112254000000,-0.076852560000000,68.977112250000005,0.371604553000000,0.429335004000000,1.477399488000000,1.546667623000000,-93.529858169999997,44.077416450000001,3,0
52,52,65.218999999999994,96.421999999999997,56.996000000000002,74.831508650000004,0.224177059000000,0.193038895000000,0.298179559000000,0.591109913000000,70.629000000000005,-0.023396772000000,-0.076051172000000,70.652396769999996,0.372207831000000,0.428753502000000,1.478434199000000,1.546295205000000,-93.529858169999997,44.077377450000000,3,0
53,53,63.164999999999999,94.855000000000004,54.924999999999997,73.038902590000006,0.232683561000000,0.200544235000000,0.307386391000000,0.579041695000000,71.620000000000005,-0.030167414000000,-0.084341027000000,71.650167409999995,0.385581170000000,0.443428110000000,1.501701892000000,1.573254457000000,-93.529858169999997,44.077338449999999,3,0
54,54,63.237000000000002,94.632000000000005,54.942000000000000,72.967474390000007,0.231213591000000,0.198867415000000,0.305022006000000,0.580585848000000,71.084999999999994,-0.028664872000000,-0.083234419000000,71.113664869999994,0.382603531000000,0.440951906000000,1.496465677000000,1.568201997000000,-93.529858169999997,44.077299449999998,3,0
55,55,61.859999999999999,92.822999999999993,53.691000000000003,71.473753709999997,0.232721441000000,0.200170672000000,0.306588641000000,0.578423451000000,70.094999999999999,-0.029845374000000,-0.084730341000000,70.124845370000003,0.384918321000000,0.443544551000000,1.500533463000000,1.572997345000000,-93.529858169999997,44.077260449999997,3,0
56,56,61.844999999999999,92.766000000000005,53.198000000000000,71.321717090000007,0.234513848000000,0.199992239000000,0.304901738000000,0.573464416000000,70.489000000000004,-0.029753283000000,-0.088007738000000,70.518753279999999,0.384601607000000,0.446847393000000,1.499975746000000,1.577122871000000,-93.529858169999997,44.077221450000003,3,0
57,57,47.026000000000003,73.421999999999997,44.932000000000002,56.630731890000000,0.229838946000000,0.219148512000000,0.349541819000000,0.611969165000000,54.886000000000003,-0.045867699000000,-0.063594147000000,54.931867699999998,0.418211948000000,0.436823251000000,1.561306511000000,1.585169375000000,-93.531067170000000,44.077455450000002,2,0
58,58,63.481000000000002,90.870999999999995,57.768999999999998,72.167936929999996,0.199648836000000,0.177451539000000,0.283590280000000,0.635725369000000,60.491999999999997,-0.009417267000000,-0.047116504000000,60.501417269999997,0.344068683000000,0.384938559000000,1.431467683000000,1.477125974000000,-93.529819169999996,44.077884449999999,1,0
59,59,38.811999999999998,61.685000000000002,37.887000000000000,47.423044109999999,0.233274520000000,0.227598834000000,0.365325028000000,0.614201183000000,46.670999999999999,-0.053100069000000,-0.062458088000000,46.724100069999999,0.432779174000000,0.442529578000000,1.589328043000000,1.602145629000000,-93.531067170000000,44.077416450000001,2,0
60,60,66.260999999999996,95.846000000000004,58.802999999999997,75.354205030000003,0.210344871000000,0.182502915000000,0.286387749000000,0.613515431000000,66.628000000000000,-0.013945045000000,-0.061209542000000,66.641945050000004,0.353240343000000,0.404356071000000,1.446491903000000,1.505167694000000,-93.529819169999996,44.077845449999998,1,0
61,61,69.810000000000002,99.570999999999998,62.292000000000002,78.884120510000002,0.202388572000000,0.175704477000000,0.277909029000000,0.625603840000000,67.040000000000006,-0.007929280000000,-0.053360556000000,67.047929280000005,0.340885127000000,0.390225337000000,1.426314282000000,1.481473395000000,-93.529819169999996,44.077806449999997,1,0
62,62,65.197999999999993,96.207999999999998,57.954999999999998,74.978975930000004,0.219486071000000,0.192124209000000,0.299755440000000,0.602392732000000,69.263000000000005,-0.022478016000000,-0.068704100000000,69.285478019999999,0.370570043000000,0.420224546000000,1.475628087000000,1.534644025000000,-93.529819169999996,44.077767450000003,3,0
63,63,65.772000000000006,97.313999999999993,57.972000000000001,75.623460570000006,0.222645207000000,0.193407159000000,0.300074205000000,0.595721068000000,70.884000000000000,-0.023673425000000,-0.073072225000000,70.907673430000003,0.372866743000000,0.425890382000000,1.479565773000000,1.543086446000000,-93.529819169999996,44.077728450000002,3,0
64,64,66.400000000000006,98.013000000000005,58.920000000000002,76.348050770000000,0.220030746000000,0.192277983000000,0.299669172000000,0.601144746000000,70.706000000000003,-0.022625407000000,-0.069515029000000,70.728625410000006,0.370845502000000,0.421209348000000,1.476099398000000,1.536031357000000,-93.529819169999996,44.077689450000001,3,0
65,65,66.837000000000003,98.242000000000004,58.670999999999999,76.509174560000005,0.220427837000000,0.190242248000000,0.295137584000000,0.597208933000000,70.975999999999999,-0.020872402000000,-0.071966927000000,70.996872400000001,0.367194935000000,0.422172388000000,1.469874471000000,1.535061814000000,-93.529819169999996,44.077650450000000,3,0
66,66,66.459999999999994,99.180999999999997,59.945999999999998,77.130463669999997,0.221561238000000,0.197541671000000,0.309579450000000,0.604410119000000,71.956000000000003,-0.027204582000000,-0.067630670000000,71.983204580000006,0.380245146000000,0.423479459000000,1.492341258000000,1.544495290000000,-93.529819169999996,44.077611449999999,3,0
67,67,63.911999999999999,95.548000000000002,56.145000000000003,73.861187540000003,0.228308903000000,0.198394582000000,0.306209166000000,0.587610416000000,71.039000000000001,-0.028158902000000,-0.078592797000000,71.067158899999995,0.381762822000000,0.435696323000000,1.494993116000000,1.560908850000000,-93.529819169999996,44.077572449999998,3,0
68,68,64.462999999999994,96.138000000000005,56.887999999999998,74.463051140000005,0.226144433000000,0.197227913000000,0.305410122000000,0.591732718000000,70.924999999999997,-0.027080910000000,-0.075841997000000,70.952080910000006,0.379686459000000,0.431872922000000,1.491367141000000,1.554759035000000,-93.529819169999996,44.077533449999997,3,0
69,69,65.950000000000003,98.832999999999998,58.860999999999997,76.554951310000007,0.225923089000000,0.199553352000000,0.310445422000000,0.595560187000000,72.855000000000004,-0.029077462000000,-0.073454240000000,72.884077460000000,0.383822308000000,0.431219476000000,1.498605004000000,1.556442582000000,-93.529819169999996,44.077494450000003,3,0
70,70,35.533000000000001,56.841000000000001,35.371000000000002,43.759193359999998,0.231751054000000,0.230670968000000,0.373804887000000,0.622279692000000,42.777999999999999,-0.055538769000000,-0.057314181000000,42.833538769999997,0.438034516000000,0.439879059000000,1.599667914000000,1.602103927000000,-93.531067170000000,44.077377450000000,2,0
71,71,62.948999999999998,94.968999999999994,56.661999999999999,73.467157760000006,0.227191818000000,0.202763460000000,0.316228174000000,0.596636797000000,70.326999999999998,-0.031878087000000,-0.072896822000000,70.358878090000005,0.389512868000000,0.433205646000000,1.508665745000000,1.562464322000000,-93.529819169999996,44.077455450000002,3,0
72,72,62.854999999999997,94.459000000000003,54.917999999999999,72.776462379999998,0.231976158000000,0.200897568000000,0.308644869000000,0.581395103000000,71.144999999999996,-0.030447812000000,-0.082804667000000,71.175447809999994,0.386207852000000,0.442093635000000,1.502808050000000,1.571902762000000,-93.529819169999996,44.077416450000001,3,0
73,73,65.025000000000006,96.466999999999999,58.335999999999999,75.138143020000001,0.219962377000000,0.194696951000000,0.304800496000000,0.604724932000000,69.572999999999993,-0.024710228000000,-0.067309897000000,69.597710230000004,0.375172283000000,0.420834242000000,1.483537101000000,1.538144966000000,-93.529819169999996,44.077377450000000,3,0
74,74,63.244000000000000,94.772000000000006,55.728999999999999,73.228539429999998,0.228742662000000,0.199524099000000,0.308230762000000,0.588032330000000,70.570999999999998,-0.029148752000000,-0.078370956000000,70.600148750000002,0.383770351000000,0.436358150000000,1.498513693000000,1.562986030000000,-93.529819169999996,44.077338449999999,3,0
75,75,63.921999999999997,95.125000000000000,56.097000000000001,73.669670640000007,0.226355195000000,0.196187291000000,0.303088878000000,0.589718791000000,70.230999999999995,-0.026188041000000,-0.077107426000000,70.257188040000003,0.377832033000000,0.432378867000000,1.488141798000000,1.554279018000000,-93.529819169999996,44.077299449999998,3,0
76,76,64.218999999999994,96.021000000000001,55.793999999999997,74.065472920000005,0.230821490000000,0.198464803000000,0.304482699000000,0.581060393000000,72.028999999999996,-0.028302952000000,-0.082900840000000,72.057302949999993,0.381887706000000,0.440284926000000,1.495211697000000,1.566899015000000,-93.529819169999996,44.077260449999997,3,0
77,77,35.024999999999999,55.609000000000002,34.506999999999998,42.855744680000001,0.230627939000000,0.227111239000000,0.366739715000000,0.620529051000000,41.686000000000000,-0.052532743000000,-0.058327806000000,41.738532739999997,0.431943064000000,0.437983487000000,1.587694504000000,1.595591685000000,-93.531067170000000,44.077338449999999,2,0
78,78,41.594999999999999,65.420000000000002,40.176000000000002,50.411742680000003,0.230792386000000,0.222632341000000,0.356453568000000,0.614124121000000,49.069000000000003,-0.048827714000000,-0.062324463000000,49.117827710000000,0.424237293000000,0.438363431000000,1.572785191000000,1.591069672000000,-93.531067170000000,44.077299449999998,2,0
79,79,61.490000000000002,89.658000000000001,53.877000000000002,70.053094610000002,0.217009464000000,0.186360388000000,0.289582712000000,0.600916817000000,63.948999999999998,-0.017422266000000,-0.069407145000000,63.966422270000002,0.360210593000000,0.416304410000000,1.458090746000000,1.523698767000000,-93.529780169999995,44.077845449999998,3,0
80,80,61.898000000000003,90.504999999999995,55.289000000000001,70.897557430000006,0.214029652000000,0.187706279000000,0.294571329000000,0.610894426000000,63.823000000000000,-0.018526472000000,-0.063076093000000,63.841526469999998,0.362635583000000,0.410634502000000,1.462163559000000,1.518188057000000,-93.529780169999995,44.077806449999997,3,0
81,81,61.491000000000000,89.872000000000000,53.707000000000001,70.101263220000007,0.218843027000000,0.187502890000000,0.290622184000000,0.597594356000000,64.546000000000006,-0.018455162000000,-0.071596040000000,64.564455159999994,0.362269356000000,0.419569432000000,1.461547218000000,1.528927215000000,-93.529780169999995,44.077767450000003,3,0
82,82,61.540999999999997,90.941000000000003,53.759000000000000,70.587039039999993,0.224044525000000,0.192809643000000,0.297802944000000,0.591141509000000,66.581999999999994,-0.023194224000000,-0.076019802000000,66.605194220000001,0.371797506000000,0.428537323000000,1.477730294000000,1.545776597000000,-93.529780169999995,44.077728450000002,3,0
83,83,60.268999999999998,89.296999999999997,52.143999999999998,69.102106350000000,0.227420646000000,0.194081543000000,0.297961446000000,0.583938990000000,66.180999999999997,-0.024393436000000,-0.080786277000000,66.205393439999995,0.374072649000000,0.434600361000000,1.481640644000000,1.554837957000000,-93.529780169999995,44.077689450000001,3,0
84,84,60.804000000000002,90.244000000000000,53.200000000000003,69.931742799999995,0.225758255000000,0.194904931000000,0.300874826000000,0.589512876000000,66.483999999999995,-0.025059731000000,-0.077180682000000,66.509059730000004,0.375543732000000,0.431436294000000,1.484178672000000,1.551697352000000,-93.529780169999995,44.077650450000000,3,0
85,85,60.478999999999999,89.492999999999995,52.253999999999998,69.275264960000001,0.227112392000000,0.193462780000000,0.296915614000000,0.583889243000000,66.253000000000000,-0.023846587000000,-0.080787831000000,66.276846590000005,0.372966236000000,0.434113313000000,1.479736768000000,1.553549124000000,-93.529780169999995,44.077611449999999,3,0
86,86,59.222999999999999,89.043999999999997,52.189000000000000,68.701987810000006,0.230314335000000,0.201130393000000,0.310383230000000,0.586103499000000,66.676000000000002,-0.030589256000000,-0.079715249000000,66.706589260000001,0.386620653000000,0.439039044000000,1.503537477000000,1.568193911000000,-93.529780169999995,44.077572449999998,3,0
87,87,58.692000000000000,88.156999999999996,51.654000000000003,68.030736259999998,0.230126282000000,0.200648285000000,0.309522559000000,0.585931917000000,65.968000000000004,-0.030166798000000,-0.079804335000000,65.998166800000007,0.385765744000000,0.438751632000000,1.502027534000000,1.567296098000000,-93.529780169999995,44.077533449999997,3,0
88,88,42.191000000000003,68.073999999999998,41.098999999999997,51.972036580000001,0.240878973000000,0.234734503000000,0.374215655000000,0.603740048000000,52.857999999999997,-0.059502920000000,-0.069603076000000,52.917502919999997,0.444952022000000,0.455406144000000,1.613472068000000,1.627623093000000,-93.531067170000000,44.077260449999997,2,0
89,89,62.078000000000003,92.207999999999998,55.170999999999999,71.646894770000003,0.222654269000000,0.195286675000000,0.303990314000000,0.598332032000000,67.167000000000002,-0.025297794000000,-0.071463833000000,67.192297789999998,0.376225290000000,0.425699339000000,1.485357131000000,1.544861074000000,-93.529780169999995,44.077494450000003,3,0
90,90,59.247999999999998,88.685000000000002,52.177999999999997,68.551436679999995,0.228341113000000,0.198988731000000,0.307419978000000,0.588352032000000,65.944000000000003,-0.028673086000000,-0.078135635000000,65.972673090000001,0.382819158000000,0.435686538000000,1.496843775000000,1.561541398000000,-93.529780169999995,44.077455450000002,3,0
91,91,59.701000000000001,89.128000000000000,52.423999999999999,68.935442170000002,0.227738729000000,0.197723562000000,0.305243504000000,0.588187775000000,66.131000000000000,-0.027560335000000,-0.078182189000000,66.158560330000000,0.380568931000000,0.434732166000000,1.492906316000000,1.558945342000000,-93.529780169999995,44.077416450000001,3,0
92,92,59.695000000000000,88.073999999999998,52.399000000000001,68.474271819999998,0.222222993000000,0.192049753000000,0.297567369000000,0.594942889000000,64.054000000000002,-0.022486112000000,-0.073515247000000,64.076486110000005,0.370436652000000,0.425271141000000,1.475399950000000,1.540857744000000,-93.529780169999995,44.077377450000000,3,0
93,93,58.789999999999999,88.108999999999995,51.192999999999998,67.921972949999997,0.231428262000000,0.199586110000000,0.306344430000000,0.581018965000000,66.234999999999999,-0.029294469000000,-0.082985683000000,66.264294469999996,0.383880489000000,0.441254375000000,1.498707263000000,1.569378653000000,-93.529780169999995,44.077338449999999,3,0
94,94,60.390000000000001,89.614000000000004,53.131000000000000,69.523435509999999,0.224448247000000,0.194821471000000,0.301673325000000,0.592887272000000,65.706999999999994,-0.024948926000000,-0.074977724000000,65.731948930000001,0.375394685000000,0.429040004000000,1.483921179000000,1.548571661000000,-93.529780169999995,44.077299449999998,3,0
95,95,59.064000000000000,88.424999999999997,51.051000000000002,68.102230320000004,0.232554493000000,0.199072473000000,0.304454676000000,0.577336726000000,66.734999999999999,-0.028887882000000,-0.085391357000000,66.763887879999999,0.382967983000000,0.443381065000000,1.497104835000000,1.571582946000000,-93.529780169999995,44.077260449999997,3,0
96,96,37.798000000000002,61.097000000000001,38.048000000000002,46.936774909999997,0.234033529000000,0.235593306000000,0.382911236000000,0.622747434000000,46.347999999999999,-0.059731421000000,-0.057175613000000,46.407731419999998,0.446409033000000,0.443765852000000,1.616408276000000,1.612863754000000,-93.531067170000000,44.077221450000003,2,0
97,97,39.661000000000001,63.732999999999997,39.008000000000003,48.841629349999998,0.236723506000000,0.232818152000000,0.373870096000000,0.612053410000000,48.796999999999997,-0.057636831000000,-0.064056685000000,48.854636829999997,0.441694563000000,0.448351360000000,1.606943849000000,1.615852162000000,-93.531067170000000,44.077182450000002,2,0
98,98,44.323999999999998,71.248999999999995,42.451000000000001,54.292799950000003,0.243042138000000,0.232969638000000,0.368220235000000,0.595811871000000,55.722999999999999,-0.058189895000000,-0.074783577000000,55.781189900000001,0.441952376000000,0.459156878000000,1.607458713000000,1.630736970000000,-93.531067170000000,44.077143450000001,2,0
99,99,41.679000000000002,66.576999999999998,39.402999999999999,50.735366950000000,0.243059056000000,0.229991871000000,0.361610968000000,0.591841026000000,52.072000000000003,-0.055712148000000,-0.077291598000000,52.127712150000001,0.436874704000000,0.459312401000000,1.597375177000000,1.627526752000000,-93.531067170000000,44.077104450000000,2,0
100,100,49.192999999999998,77.156000000000006,46.259000000000000,59.197113289999997,0.235662465000000,0.221315562000000,0.349144712000000,0.599551558000000,58.859999999999999,-0.048003569000000,-0.071800844000000,58.908003569999998,0.421963127000000,0.446904609000000,1.568434533000000,1.600883947000000,-93.531067170000000,44.077065449999999,2,0
101,101,60.067000000000000,92.686000000000007,55.734999999999999,71.426254069999999,0.230996036000000,0.213540814000000,0.336215960000000,0.601331377000000,69.569999999999993,-0.041211964000000,-0.070301408000000,69.611211960000006,0.408456159000000,0.439154641000000,1.543043601000000,1.581988568000000,-93.531067170000000,44.077026449999998,2,0
102,102,62.286000000000001,94.712999999999994,58.872999999999998,73.747606279999999,0.219801343000000,0.206542717000000,0.330462874000000,0.621593657000000,68.266999999999996,-0.034801178000000,-0.056935591000000,68.301801179999998,0.396184255000000,0.419670184000000,1.520614584000000,1.549419741000000,-93.531067170000000,44.076987449999997,3,0
103,103,50.902000000000001,79.838999999999999,48.180999999999997,61.337015160000000,0.234173620000000,0.221330723000000,0.350496609000000,0.603476997000000,60.594999999999999,-0.047932619000000,-0.069223461000000,60.642932620000003,0.421989332000000,0.444302316000000,1.568484539000000,1.597442745000000,-93.531067170000000,44.076948450000003,2,0
104,104,58.094999999999999,89.590999999999994,55.578000000000003,69.499377429999996,0.223690905000000,0.213263275000000,0.341946411000000,0.620352491000000,65.509000000000000,-0.040626968000000,-0.057963043000000,65.549626970000006,0.407971506000000,0.426263320000000,1.542146484000000,1.565060618000000,-93.531067170000000,44.076909450000002,2,0
105,105,47.887000000000000,74.549000000000007,45.680999999999997,57.554240880000002,0.228833046000000,0.217762750000000,0.347364993000000,0.612764759000000,55.530000000000001,-0.044654616000000,-0.063025155000000,55.574654619999997,0.415807645000000,0.435118500000000,1.556769060000000,1.581410824000000,-93.531067170000000,44.076870450000001,2,0
106,106,49.939000000000000,77.414000000000001,47.881999999999998,59.943075890000003,0.225637149000000,0.215738930000000,0.345723597000000,0.618518614000000,57.006999999999998,-0.042796245000000,-0.059230177000000,57.049796250000000,0.412288595000000,0.429592367000000,1.550171209000000,1.572037001000000,-93.531067170000000,44.076831450000000,2,0
107,107,56.972000000000001,87.021000000000001,52.561999999999998,67.283546950000002,0.227480464000000,0.208683755000000,0.328652208000000,0.604015123000000,64.507999999999996,-0.036937244000000,-0.068348299000000,64.544937239999996,0.399950119000000,0.433235383000000,1.527434529000000,1.568968179000000,-93.531028169999999,44.077533449999997,2,0
108,108,53.195000000000000,82.158000000000001,50.267000000000003,63.525365739999998,0.227255413000000,0.213981219000000,0.340396775000000,0.611833297000000,60.853999999999999,-0.041401789000000,-0.063485616000000,60.895401790000001,0.409224866000000,0.432516072000000,1.544468465000000,1.573862538000000,-93.531028169999999,44.077494450000003,2,0
109,109,45.774000000000001,72.858999999999995,44.874000000000002,56.027876489999997,0.232986132000000,0.228309155000000,0.367209425000000,0.615901948000000,55.070000000000000,-0.053669873000000,-0.061375966000000,55.123669870000001,0.433996226000000,0.442020104000000,1.591711452000000,1.602271693000000,-93.531028169999999,44.077455450000002,2,0
110,110,37.000000000000000,60.643000000000001,36.969999999999999,46.236184780000002,0.242328021000000,0.242137173000000,0.389679099000000,0.609633428000000,47.316000000000003,-0.065692021000000,-0.066004026000000,47.381692020000003,0.457453651000000,0.457774290000000,1.639000000000000,1.639442769000000,-93.531028169999999,44.077416450000001,2,0
111,111,35.582000000000001,57.915999999999997,36.642000000000003,44.583173000000002,0.231888374000000,0.238871420000000,0.392816941000000,0.632674908000000,43.607999999999997,-0.062249885000000,-0.050846780000000,43.670249880000000,0.451954516000000,0.440197847000000,1.627676915000000,1.611843413000000,-93.531028169999999,44.077377450000000,2,0
112,112,33.613999999999997,55.392000000000003,33.886000000000003,42.215461840000003,0.242781181000000,0.244680134000000,0.395101597000000,0.611748989000000,43.283999999999999,-0.067802623000000,-0.064703968000000,43.351802620000001,0.461717967000000,0.458541478000000,1.647884810000000,1.643468232000000,-93.531028169999999,44.077338449999999,2,0
113,113,42.156999999999996,67.128000000000000,40.655999999999999,51.433748219999998,0.236989160000000,0.228494304000000,0.363854930000000,0.605648910000000,51.442999999999998,-0.054075937000000,-0.068090782000000,51.497075940000002,0.434313266000000,0.448904660000000,1.592333420000000,1.611673674000000,-93.531028169999999,44.077299449999998,2,0
114,114,42.799999999999997,69.244000000000000,42.503000000000000,53.019105189999998,0.237654776000000,0.236014423000000,0.380264880000000,0.613814915000000,53.185000000000002,-0.060331161000000,-0.063021605000000,53.245331159999999,0.447122848000000,0.449904166000000,1.617850467000000,1.621606334000000,-93.531028169999999,44.077260449999997,2,0
115,115,38.347999999999999,62.415999999999997,40.189000000000000,48.240653260000002,0.227640398000000,0.238855147000000,0.397325629000000,0.643889387000000,46.295000000000002,-0.061927025000000,-0.043641498000000,46.356927030000001,0.451927050000000,0.433073724000000,1.627620736000000,1.602403342000000,-93.531028169999999,44.077221450000003,2,0
116,116,39.006000000000000,63.588000000000001,39.530000000000001,48.742598340000001,0.236447072000000,0.239604655000000,0.389794494000000,0.621658174000000,48.640000000000001,-0.063181447000000,-0.058019757000000,48.703181450000002,0.453191414000000,0.447873567000000,1.630210737000000,1.622982667000000,-93.531028169999999,44.077182450000002,2,1
117,117,47.116999999999997,75.771000000000001,45.625000000000000,57.858726670000003,0.240703444000000,0.233171669000000,0.370863156000000,0.602143300000000,58.799999999999997,-0.058198477000000,-0.070593960000000,58.858198479999999,0.442296127000000,0.455145182000000,1.608145680000000,1.625470085000000,-93.531028169999999,44.077143450000001,2,0
118,118,43.055999999999997,69.427999999999997,41.622000000000000,52.935360600000003,0.242370288000000,0.234451122000000,0.372159973000000,0.599498761000000,54.177999999999997,-0.059372120000000,-0.072399517000000,54.237372120000003,0.444470868000000,0.457958555000000,1.612504645000000,1.630796044000000,-93.531028169999999,44.077104450000000,2,0
119,119,51.521000000000001,80.923000000000002,49.509000000000000,62.327325340000002,0.231348621000000,0.221995711000000,0.354518599000000,0.611803814000000,60.816000000000003,-0.048328964000000,-0.063809885000000,60.864328960000002,0.423138281000000,0.439350860000000,1.570679917000000,1.591653886000000,-93.531028169999999,44.077065449999999,2,0
120,120,73.831999999999994,108.900000000000006,68.335999999999999,85.596306619999993,0.210107565000000,0.191909463000000,0.306549180000000,0.627511478000000,75.632000000000005,-0.022046617000000,-0.052693294000000,75.654046620000003,0.370185283000000,0.403075438000000,1.474970203000000,1.513458121000000,-93.531184170000003,44.077455450000002,1,0
121,121,61.698000000000000,95.150999999999996,57.917999999999999,73.518366709999995,0.228079686000000,0.213281564000000,0.338144768000000,0.608695652000000,70.686000000000007,-0.040852645000000,-0.065493302000000,70.726852640000004,0.408003448000000,0.434008738000000,1.542205582000000,1.575018387000000,-93.531028169999999,44.077026449999998,2,0
122,122,62.472000000000001,94.829999999999998,59.134999999999998,73.919839260000003,0.218632235000000,0.205706221000000,0.329621971000000,0.623589581000000,68.052999999999997,-0.034047783000000,-0.055632817000000,68.087047780000006,0.394710258000000,0.417627709000000,1.517960046000000,1.545963834000000,-93.531028169999999,44.076987449999997,3,0
123,123,55.631000000000000,86.713999999999999,52.631999999999998,66.793845480000002,0.231335044000000,0.218363834000000,0.346471526000000,0.606960814000000,65.165000000000006,-0.045290470000000,-0.066824292000000,65.210290470000004,0.416851058000000,0.439477379000000,1.558735238000000,1.587766601000000,-93.531028169999999,44.076948450000003,2,0
124,124,60.088000000000001,93.027000000000001,57.618000000000002,72.075017389999999,0.225006584000000,0.215125886000000,0.344921830000000,0.619368570000000,68.347999999999999,-0.042251570000000,-0.058660960000000,68.390251570000004,0.411220823000000,0.428507607000000,1.548179337000000,1.569971301000000,-93.531028169999999,44.076909450000002,2,0
125,125,52.527999999999999,81.667000000000002,50.265999999999998,63.127808000000002,0.227484519000000,0.217139238000000,0.347186312000000,0.615499529000000,60.539999999999999,-0.044062431000000,-0.061230287000000,60.584062430000003,0.414724446000000,0.432780035000000,1.554732714000000,1.577689533000000,-93.531028169999999,44.076870450000001,2,0
126,126,53.813000000000002,82.325999999999993,51.481000000000002,64.092908100000002,0.219888422000000,0.209440351000000,0.336802192000000,0.625331001000000,59.357999999999997,-0.037244430000000,-0.054645560000000,59.395244429999998,0.401278516000000,0.419696054000000,1.529853381000000,1.552590081000000,-93.531028169999999,44.076831450000000,2,0
127,127,75.066000000000003,111.159999999999997,69.795000000000002,87.297941899999998,0.210955905000000,0.193818264000000,0.310003350000000,0.627878733000000,77.459000000000003,-0.023699618000000,-0.052523035000000,77.482699620000005,0.373601975000000,0.404489901000000,1.480830203000000,1.517170460000000,-93.531184170000003,44.077416450000001,1,0
128,128,74.242000000000004,110.189999999999998,67.733000000000004,86.103561589999998,0.216376206000000,0.194911946000000,0.308040343000000,0.614692803000000,78.405000000000001,-0.024790118000000,-0.060927567000000,78.429790120000007,0.375556259000000,0.414269553000000,1.484200318000000,1.530249880000000,-93.530989169999998,44.077611449999999,1,0
129,129,74.507999999999996,110.010000000000005,67.415000000000006,86.020199930000004,0.215771544000000,0.192403993000000,0.303169005000000,0.612807927000000,78.096999999999994,-0.022620300000000,-0.062036335000000,78.119620299999994,0.371071192000000,0.413382681000000,1.476485746000000,1.526500318000000,-93.530989169999998,44.077572449999998,1,0
130,130,68.513999999999996,103.040000000000006,63.332000000000001,80.254495239999997,0.219675314000000,0.201254416000000,0.319029403000000,0.614635093000000,74.233999999999995,-0.030314280000000,-0.061200753000000,74.264314279999994,0.386840499000000,0.419761804000000,1.503926205000000,1.543833693000000,-93.530989169999998,44.077533449999997,3,0
131,131,64.060000000000002,97.064999999999998,58.808999999999997,75.241381140000001,0.224798816000000,0.204840962000000,0.322579069000000,0.605872354000000,71.260999999999996,-0.033560068000000,-0.066985550000000,71.294560070000003,0.393183994000000,0.428716697000000,1.515220106000000,1.558993807000000,-93.530989169999998,44.077494450000003,3,0
132,132,71.649000000000001,109.420000000000002,66.477999999999994,84.706631160000001,0.226107735000000,0.208600036000000,0.329615764000000,0.607548894000000,80.712999999999994,-0.036806748000000,-0.066051295000000,80.749806750000005,0.399803053000000,0.430791845000000,1.527167162000000,1.565740538000000,-93.531184170000003,44.077377450000000,3,0
133,133,60.021000000000001,91.216999999999999,55.661999999999999,70.760911460000003,0.223908734000000,0.206270911000000,0.326399933000000,0.610215201000000,66.751000000000005,-0.034739488000000,-0.064234896000000,66.785739489999997,0.395705468000000,0.427019001000000,1.519751420000000,1.558391066000000,-93.530989169999998,44.077455450000002,3,0
134,134,56.485999999999997,86.578000000000003,53.518000000000001,67.207625070000006,0.223025851000000,0.210339429000000,0.336050745000000,0.618147797000000,63.152000000000001,-0.038139809000000,-0.059277045000000,63.190139809999998,0.402855454000000,0.425214474000000,1.532733775000000,1.560531583000000,-93.530989169999998,44.077416450000001,2,0
135,135,52.155999999999999,80.579999999999998,48.893999999999998,62.193268590000002,0.229243736000000,0.214139344000000,0.339018630000000,0.606775875000000,60.109999999999999,-0.041631889000000,-0.066775312000000,60.151631889999997,0.409500761000000,0.436018038000000,1.544980443000000,1.578567679000000,-93.530989169999998,44.077377450000000,2,0
136,136,50.960999999999999,79.700000000000003,48.179000000000002,61.292548660000001,0.233078054000000,0.219950865000000,0.348427536000000,0.604504391000000,60.259999999999998,-0.046715500000000,-0.068493626000000,60.306715500000003,0.419602061000000,0.442453678000000,1.563941053000000,1.593451954000000,-93.530989169999998,44.077338449999999,2,0
137,137,58.918999999999997,90.355000000000004,54.747999999999998,69.839859890000000,0.227745374000000,0.210592602000000,0.332564585000000,0.605921089000000,67.043000000000006,-0.038566429000000,-0.067187852000000,67.081566429999995,0.403299189000000,0.433577570000000,1.533546055000000,1.571503057000000,-93.530989169999998,44.077299449999998,2,0
138,138,61.155999999999999,92.802999999999997,58.424999999999997,72.493525620000000,0.216342767000000,0.205554726000000,0.331264262000000,0.629559389000000,66.025000000000006,-0.033828349000000,-0.051830646000000,66.058828349999999,0.394443145000000,0.413555778000000,1.517479888000000,1.540741500000000,-93.530989169999998,44.077260449999997,3,0
139,139,55.149000000000001,84.902000000000001,53.740000000000002,66.175900459999994,0.218573843000000,0.212444038000000,0.344718518000000,0.632965066000000,60.914999999999999,-0.039699470000000,-0.049878477000000,60.954699470000001,0.406539926000000,0.417284567000000,1.539502076000000,1.552827423000000,-93.530989169999998,44.077221450000003,2,0
140,140,52.993000000000002,82.634000000000000,51.901000000000003,64.110191090000001,0.223473323000000,0.218547929000000,0.354023840000000,0.628082871000000,60.374000000000002,-0.045026876000000,-0.053179259000000,60.419026879999997,0.417170463000000,0.425732037000000,1.559338026000000,1.570187500000000,-93.530989169999998,44.077182450000002,2,0
141,141,58.320000000000000,90.061999999999998,55.241999999999997,69.675593070000005,0.226643422000000,0.213920826000000,0.340798798000000,0.613377451000000,66.561999999999998,-0.041321259000000,-0.062483794000000,66.603321260000001,0.409119477000000,0.431439455000000,1.544272977000000,1.572409273000000,-93.530989169999998,44.077143450000001,2,0
142,142,59.552000000000000,91.346000000000004,55.609999999999999,70.670608029999997,0.226721817000000,0.210698618000000,0.333662161000000,0.608784183000000,67.530000000000001,-0.038609642000000,-0.065334031000000,67.568609640000005,0.403484961000000,0.431751944000000,1.533886351000000,1.569270295000000,-93.530989169999998,44.077104450000000,2,0
143,143,72.584999999999994,109.510000000000005,66.483999999999995,85.012047339999995,0.223271310000000,0.202778769000000,0.319390023000000,0.607104374000000,79.950999999999993,-0.031744435000000,-0.066105343000000,79.982744440000005,0.389539956000000,0.426128061000000,1.508713922000000,1.553474402000000,-93.531184170000003,44.077338449999999,3,0
144,144,63.103000000000002,96.227999999999994,58.723999999999997,74.588481619999996,0.224730577000000,0.207900534000000,0.329251444000000,0.610258968000000,70.629000000000005,-0.036155098000000,-0.064270024000000,70.665155100000007,0.398573665000000,0.428380881000000,1.524935423000000,1.561897394000000,-93.530989169999998,44.077065449999999,3,0
145,145,63.930000000000000,98.674000000000007,60.552999999999997,76.355023810000006,0.226407649000000,0.213672480000000,0.340457222000000,0.613667227000000,72.864999999999995,-0.041101108000000,-0.062287089000000,72.906101109999994,0.408686021000000,0.431035370000000,1.543469420000000,1.571616283000000,-93.530989169999998,44.077026449999998,3,0
146,146,65.512000000000000,99.701999999999998,61.668999999999997,77.535747689999994,0.221146103000000,0.206943721000000,0.330194601000000,0.618533229000000,72.222999999999999,-0.035195233000000,-0.058908777000000,72.258195229999998,0.396890335000000,0.422045626000000,1.521889120000000,1.552835954000000,-93.530989169999998,44.076987449999997,3,0
147,147,65.867000000000004,100.290000000000006,61.520000000000003,77.848691250000002,0.223171844000000,0.207171531000000,0.328975410000000,0.613421079000000,73.192999999999998,-0.035472182000000,-0.062202155000000,73.228472179999997,0.397291301000000,0.425645060000000,1.522613752000000,1.557627895000000,-93.530989169999998,44.076948450000003,3,0
148,148,68.682000000000002,102.560000000000002,63.988000000000000,80.270864099999997,0.214482371000000,0.197836979000000,0.315867007000000,0.623907956000000,72.450000000000003,-0.027229520000000,-0.055166433000000,72.477229519999995,0.380770791000000,0.410619916000000,1.493258787000000,1.528878464000000,-93.530989169999998,44.076909450000002,3,0
149,149,65.489999999999995,99.504999999999995,61.692000000000000,77.451249160000003,0.220201599000000,0.206157762000000,0.329274077000000,0.619988945000000,71.828000000000003,-0.034492494000000,-0.057948625000000,71.862492489999994,0.395506110000000,0.420403489000000,1.519392274000000,1.549922484000000,-93.530989169999998,44.076870450000001,3,0
150,150,66.063000000000002,98.159000000000006,61.944000000000003,77.107216230000006,0.210625145000000,0.195442754000000,0.313811377000000,0.631057774000000,68.311000000000007,-0.025073618000000,-0.050570820000000,68.336073619999993,0.376503863000000,0.403789831000000,1.485839275000000,1.518036437000000,-93.530989169999998,44.076831450000000,1,0
151,151,70.534999999999997,106.700000000000003,63.734000000000002,82.506765340000001,0.227604417000000,0.204051119000000,0.318631554000000,0.597319588000000,79.131000000000000,-0.032995946000000,-0.072508912000000,79.163995950000000,0.391789359000000,0.433832040000000,1.512724179000000,1.564670529000000,-93.531184170000003,44.077299449999998,3,0
152,152,79.444999999999993,114.670000000000002,71.275999999999996,90.445167740000002,0.206858899000000,0.181464596000000,0.286757463000000,0.621574954000000,78.619000000000000,-0.012988383000000,-0.056081781000000,78.631988379999996,0.351359146000000,0.397979707000000,1.443388508000000,1.496495053000000,-93.530950169999997,44.077650450000000,1,0
153,153,74.748000000000005,110.390000000000001,67.213999999999999,86.199260240000001,0.217283910000000,0.192515853000000,0.302245514000000,0.608877616000000,78.817999999999998,-0.022757101000000,-0.064554273000000,78.840757100000005,0.371271510000000,0.416142552000000,1.476828811000000,1.530011593000000,-93.530950169999997,44.077611449999999,3,0
154,154,77.613000000000000,115.140000000000001,69.316000000000003,89.602279039999999,0.220967686000000,0.194689577000000,0.304017434000000,0.602014938000000,83.350999999999999,-0.024733181000000,-0.069056622000000,83.375733179999997,0.375159111000000,0.422674197000000,1.483514360000000,1.540431461000000,-93.530950169999997,44.077572449999998,3,0
155,155,77.355999999999995,114.260000000000005,70.060000000000002,89.345214260000006,0.215738849000000,0.192593520000000,0.303596696000000,0.613162962000000,81.103999999999999,-0.022782372000000,-0.061816903000000,81.126782370000001,0.371410581000000,0.413305757000000,1.477067067000000,1.526606701000000,-93.530950169999997,44.077533449999997,1,0
156,156,70.829999999999998,106.909999999999997,64.840000000000003,82.967589250000003,0.223611548000000,0.202993136000000,0.319574845000000,0.606491441000000,78.150000000000006,-0.031939979000000,-0.066510017000000,78.181939979999996,0.389919179000000,0.426724193000000,1.509388677000000,1.554460562000000,-93.531184170000003,44.077260449999997,3,0
157,157,76.653000000000006,113.909999999999997,69.332999999999998,88.803594889999999,0.218921045000000,0.195510146000000,0.307324920000000,0.608664735000000,81.834000000000003,-0.025378613000000,-0.064809770000000,81.859378609999993,0.376624130000000,0.418855992000000,1.486047513000000,1.536554210000000,-93.530950169999997,44.077494450000003,3,0
158,158,76.617000000000004,112.640000000000001,69.242999999999995,88.227976170000005,0.213989330000000,0.190339063000000,0.300156648000000,0.614728338000000,79.420000000000002,-0.020797679000000,-0.060734236000000,79.440797680000003,0.367368739000000,0.410303722000000,1.470169806000000,1.520556650000000,-93.530950169999997,44.077455450000002,1,0
159,159,74.972999999999999,110.549999999999997,68.734999999999999,86.730912320000002,0.212144471000000,0.191765980000000,0.304628900000000,0.621754862000000,77.391999999999996,-0.021976890000000,-0.056324678000000,77.413976890000001,0.369928152000000,0.406803315000000,1.474530831000000,1.517808333000000,-93.530950169999997,44.077416450000001,1,0
160,160,74.957999999999998,111.519999999999996,68.939999999999998,87.193531419999999,0.215682213000000,0.196066024000000,0.311065358000000,0.618185079000000,79.141999999999996,-0.025756994000000,-0.058742923000000,79.167756990000001,0.377615785000000,0.412916147000000,1.487766483000000,1.529812571000000,-93.530950169999997,44.077377450000000,1,0
161,161,75.635999999999996,112.040000000000006,69.495999999999995,87.756215569999995,0.213828370000000,0.193972591000000,0.308038585000000,0.620278472000000,78.947999999999993,-0.023912401000000,-0.057337502000000,78.971912399999994,0.373877890000000,0.409703758000000,1.481305199000000,1.523661658000000,-93.530950169999997,44.077338449999999,1,0
162,162,78.170000000000002,115.480000000000004,72.460999999999999,90.731794910000005,0.210510730000000,0.192667183000000,0.307866225000000,0.627476619000000,80.328999999999994,-0.022704811000000,-0.052739646000000,80.351704810000001,0.371542471000000,0.403757456000000,1.477293079000000,1.515075519000000,-93.530950169999997,44.077299449999998,1,0
163,163,77.820999999999998,115.409999999999997,73.216999999999999,90.804378069999999,0.208931069000000,0.194528828000000,0.313205126000000,0.634407764000000,79.781999999999996,-0.024247133000000,-0.048437969000000,79.806247130000003,0.374871953000000,0.400774697000000,1.483018722000000,1.513443101000000,-93.530950169999997,44.077260449999997,1,0
164,164,75.028999999999996,111.780000000000001,70.686999999999998,87.789086659999995,0.210801677000000,0.196730350000000,0.316486109000000,0.632376096000000,77.843999999999994,-0.026172834000000,-0.049780191000000,77.870172830000001,0.378800066000000,0.404037238000000,1.489823935000000,1.519694132000000,-93.530950169999997,44.077221450000003,1,0
165,165,70.475999999999999,105.849999999999994,66.034000000000006,82.727621810000002,0.215932914000000,0.200617039000000,0.320730425000000,0.623845064000000,75.189999999999998,-0.029640205000000,-0.055299554000000,75.219640200000001,0.385710319000000,0.413065707000000,1.501929735000000,1.534845757000000,-93.530950169999997,44.077182450000002,3,0
166,166,72.748000000000005,108.680000000000007,67.701999999999998,85.023868629999996,0.214946480000000,0.198051017000000,0.315952377000000,0.622948105000000,76.909999999999997,-0.027426645000000,-0.055782925000000,76.937426639999998,0.381151664000000,0.411444806000000,1.493924232000000,1.530117157000000,-93.530950169999997,44.077143450000001,1,0
167,167,73.632000000000005,110.250000000000000,67.584000000000003,85.915328430000002,0.219188535000000,0.199138578000000,0.314863540000000,0.613006803000000,79.284000000000006,-0.028493713000000,-0.062165064000000,79.312493709999998,0.383085453000000,0.419038388000000,1.497310952000000,1.540661258000000,-93.531184170000003,44.077221450000003,3,0
168,168,76.805999999999997,113.969999999999999,71.248999999999995,89.376996550000001,0.212462932000000,0.194804378000000,0.310925565000000,0.625155743000000,79.885000000000005,-0.024583914000000,-0.054274974000000,79.909583909999995,0.375364157000000,0.407161145000000,1.483868448000000,1.521446387000000,-93.530950169999997,44.077104450000000,1,0
169,169,74.521000000000001,111.019999999999996,68.241000000000000,86.671129219999997,0.217317888000000,0.196716629000000,0.311159420000000,0.614673032000000,79.278000000000006,-0.026363572000000,-0.061007479000000,79.304363570000007,0.378775614000000,0.415836217000000,1.489781404000000,1.534101996000000,-93.530950169999997,44.077065449999999,3,0
170,170,70.248999999999995,106.359999999999999,64.534000000000006,82.486380199999999,0.224277200000000,0.204468628000000,0.322203881000000,0.606750658000000,77.936999999999998,-0.033222611000000,-0.066402093000000,77.970222609999993,0.392526727000000,0.427807903000000,1.514042905000000,1.557434362000000,-93.530950169999997,44.077026449999998,3,0
171,171,72.516999999999996,107.329999999999998,67.325999999999993,84.283716229999996,0.211047579000000,0.193570090000000,0.309391136000000,0.627280350000000,74.816999999999993,-0.023490430000000,-0.052892508000000,74.840490430000003,0.373158175000000,0.404672963000000,1.480066743000000,1.517130316000000,-93.530950169999997,44.076987449999997,1,0
172,172,73.730000000000004,110.340000000000003,68.066000000000003,86.108475880000000,0.217625443000000,0.198891726000000,0.315592566000000,0.616875113000000,78.884000000000000,-0.028230796000000,-0.059680490000000,78.912230800000003,0.382646743000000,0.416229504000000,1.496541435000000,1.536910258000000,-93.530950169999997,44.076948450000003,3,0
173,173,77.524000000000001,113.049999999999997,70.844999999999999,89.086637800000005,0.207576595000000,0.186415775000000,0.296720093000000,0.626669615000000,77.730999999999995,-0.017276480000000,-0.053045111000000,77.748276480000001,0.360310459000000,0.398857222000000,1.458258088000000,1.502670201000000,-93.530950169999997,44.076909450000002,1,0
174,174,76.509000000000000,113.430000000000007,70.254000000000005,88.798679600000000,0.214379200000000,0.194383460000000,0.308484773000000,0.619359958000000,80.096999999999994,-0.024279669000000,-0.057935456000000,80.121279670000007,0.374612223000000,0.410675170000000,1.482570678000000,1.525282248000000,-93.530950169999997,44.076870450000001,1,0
175,175,81.079999999999998,116.390000000000001,74.747000000000000,92.570176099999998,0.198022681000000,0.178811971000000,0.287721128000000,0.642211530000000,76.953000000000003,-0.010572448000000,-0.043142787000000,76.963572450000001,0.346543653000000,0.381807516000000,1.435495807000000,1.474903069000000,-93.530950169999997,44.076831450000000,1,0
176,176,75.647000000000006,113.349999999999994,68.846999999999994,88.148738920000000,0.221463709000000,0.199489939000000,0.313799417000000,0.607384208000000,82.206000000000003,-0.028870945000000,-0.065792495000000,82.234870950000001,0.383709677000000,0.423129716000000,1.498407075000000,1.546150419000000,-93.531184170000003,44.077182450000002,3,0
177,177,80.569000000000003,116.609999999999999,73.638000000000005,92.216793310000000,0.203942936000000,0.182783156000000,0.291733109000000,0.631489581000000,79.013000000000005,-0.014081095000000,-0.049911195000000,79.027081100000004,0.353747714000000,0.392453943000000,1.447330859000000,1.491340446000000,-93.530911169999996,44.077689450000001,1,0
178,178,79.222999999999999,114.019999999999996,70.903000000000006,90.007554380000002,0.206031214000000,0.180068618000000,0.284428641000000,0.621847044000000,77.914000000000001,-0.011765463000000,-0.055862288000000,77.925765459999994,0.348826635000000,0.396580058000000,1.439228507000000,1.493399201000000,-93.530911169999996,44.077650450000000,1,0
179,179,76.445999999999998,112.159999999999997,68.433000000000007,87.762809140000002,0.215171222000000,0.189357709000000,0.297188220000000,0.610137304000000,79.441000000000003,-0.019979847000000,-0.063623808000000,79.460979850000001,0.365606119000000,0.412571719000000,1.467179447000000,1.522288385000000,-93.530911169999996,44.077611449999999,1,0
180,180,74.587000000000003,110.469999999999999,67.052999999999997,86.145122279999995,0.218710354000000,0.193902419000000,0.304082912000000,0.606979270000000,79.299999999999997,-0.023990322000000,-0.065827615000000,79.323990319999993,0.373752439000000,0.418621296000000,1.481089198000000,1.534549051000000,-93.530911169999996,44.077572449999998,3,0
181,181,72.531999999999996,109.180000000000007,65.397000000000006,84.573303580000001,0.225746515000000,0.201681782000000,0.315075442000000,0.598983330000000,80.430999999999997,-0.030898106000000,-0.071321563000000,80.461898110000007,0.387597813000000,0.430691849000000,1.505266641000000,1.558077498000000,-93.531184170000003,44.077143450000001,3,0
182,182,77.167000000000002,113.219999999999999,68.798000000000002,88.518696879999993,0.216095380000000,0.189366921000000,0.296515310000000,0.607648825000000,80.474999999999994,-0.020009646000000,-0.065215194000000,80.495009650000000,0.365622675000000,0.414273825000000,1.467207485000000,1.524380963000000,-93.530911169999996,44.077533449999997,1,0
183,183,78.594999999999999,115.819999999999993,70.078000000000003,90.373986869999996,0.218154520000000,0.191471851000000,0.299387954000000,0.605059575000000,82.966999999999999,-0.021879596000000,-0.066961318000000,82.988879600000004,0.369400922000000,0.417845361000000,1.473630638000000,1.531004420000000,-93.530911169999996,44.077494450000003,1,0
184,184,76.650999999999996,112.530000000000001,67.891000000000005,87.839938869999997,0.217850553000000,0.189654352000000,0.295811691000000,0.603314672000000,80.518000000000001,-0.020300149000000,-0.068006628000000,80.538300149999998,0.366139129000000,0.417480483000000,1.468082608000000,1.528626785000000,-93.530911169999996,44.077455450000002,1,0
185,185,75.777000000000001,112.150000000000006,68.296999999999997,87.529531090000006,0.217784100000000,0.193548559000000,0.304045808000000,0.608979046000000,80.225999999999999,-0.023659766000000,-0.064530255000000,80.249659769999994,0.373119665000000,0.416960268000000,1.480000528000000,1.532117542000000,-93.530911169999996,44.077416450000001,3,0
186,186,76.546999999999997,113.439999999999998,69.266999999999996,88.555056510000000,0.217513563000000,0.194186971000000,0.305608019000000,0.610604725000000,81.066000000000003,-0.024200977000000,-0.063513774000000,81.090200980000006,0.374261087000000,0.416406897000000,1.481965328000000,1.532113154000000,-93.530911169999996,44.077377450000000,3,0
187,187,76.161000000000001,112.890000000000001,69.432000000000002,88.252389289999996,0.215920382000000,0.194280908000000,0.307049883000000,0.615041191000000,80.186999999999998,-0.024236023000000,-0.060681747000000,80.211236020000001,0.374428969000000,0.413491254000000,1.482254697000000,1.528623148000000,-93.530911169999996,44.077338449999999,1,0
188,188,77.960999999999999,115.329999999999998,72.167000000000002,90.529925640000002,0.211487757000000,0.193330264000000,0.308518543000000,0.625743519000000,80.531999999999996,-0.023297847000000,-0.053854847000000,80.555297850000002,0.372729181000000,0.405489938000000,1.479329408000000,1.517865516000000,-93.530911169999996,44.077299449999998,1,0
189,189,79.361000000000004,117.269999999999996,73.760000000000005,92.179098900000000,0.210026286000000,0.192792591000000,0.308526829000000,0.628975868000000,81.418999999999997,-0.022798836000000,-0.051799061000000,81.441798840000004,0.371766982000000,0.402867370000000,1.477677953000000,1.514135026000000,-93.530911169999996,44.077260449999997,1,0
190,190,76.183999999999997,114.500000000000000,71.119000000000000,89.390834760000004,0.217104302000000,0.200939775000000,0.320461674000000,0.621126638000000,81.697000000000003,-0.029955348000000,-0.057040599000000,81.726955349999997,0.386282693000000,0.415153410000000,1.502940250000000,1.537769110000000,-93.530911169999996,44.077221450000003,3,0
191,191,73.439999999999998,110.659999999999997,67.287999999999997,85.958796609999993,0.222600318000000,0.202172732000000,0.318631647000000,0.608060727000000,80.591999999999999,-0.031202762000000,-0.065463745000000,80.623202759999998,0.388467323000000,0.424966062000000,1.506808279000000,1.551351996000000,-93.530911169999996,44.077182450000002,3,0
192,192,73.447000000000003,109.489999999999995,66.849999999999994,85.345268189999999,0.219003721000000,0.197024112000000,0.310482655000000,0.610558042000000,78.683000000000007,-0.026679531000000,-0.063654233000000,78.709679530000003,0.379323456000000,0.418873919000000,1.490734816000000,1.538193553000000,-93.531184170000003,44.077104450000000,3,0
193,193,73.941999999999993,109.230000000000004,67.909000000000006,85.654819959999998,0.212619099000000,0.192649532000000,0.306152018000000,0.621706491000000,76.608999999999995,-0.022746444000000,-0.056385788000000,76.631746440000001,0.371510868000000,0.407601085000000,1.477238917000000,1.519706444000000,-93.530911169999996,44.077143450000001,1,0
194,194,75.292000000000002,112.670000000000002,68.227000000000004,87.594401820000002,0.221821889000000,0.198859344000000,0.312172715000000,0.605547173000000,81.820999999999998,-0.028343137000000,-0.066951352000000,81.849343140000002,0.382589184000000,0.423833761000000,1.496440525000000,1.546355640000000,-93.530911169999996,44.077104450000000,3,0
195,195,75.718999999999994,112.739999999999995,68.338999999999999,87.776028389999993,0.220334580000000,0.196440605000000,0.308200133000000,0.606164627000000,81.421999999999997,-0.026220609000000,-0.066454567000000,81.448220610000007,0.378283656000000,0.421347628000000,1.488926161000000,1.540649091000000,-93.530911169999996,44.077065449999999,3,0
196,196,70.287000000000006,106.439999999999998,63.656999999999996,82.304211350000003,0.227596706000000,0.204569760000000,0.319739984000000,0.598055242000000,78.936000000000007,-0.033438998000000,-0.072052216000000,78.969438999999994,0.392705281000000,0.433771817000000,1.514362542000000,1.565158998000000,-93.530911169999996,44.077026449999998,3,0
197,197,70.498999999999995,105.359999999999999,64.126000000000005,82.022319069999995,0.220344873000000,0.198232675000000,0.312002721000000,0.608637054000000,76.094999999999999,-0.027757568000000,-0.064935725000000,76.122757570000005,0.381474841000000,0.421207330000000,1.494489284000000,1.542394108000000,-93.530911169999996,44.076987449999997,3,0
198,198,71.879000000000005,106.629999999999995,64.637000000000000,83.095305339999996,0.219408993000000,0.194673658000000,0.305175987000000,0.606180249000000,76.744000000000000,-0.024674064000000,-0.066372468000000,76.768674059999995,0.375130676000000,0.419824803000000,1.483465268000000,1.536864648000000,-93.530911169999996,44.076948450000003,3,0
199,199,76.944000000000003,112.280000000000001,69.805000000000007,88.317449319999994,0.209558616000000,0.186741640000000,0.295899313000000,0.621704667000000,77.811000000000007,-0.017598030000000,-0.056182898000000,77.828598029999995,0.360897889000000,0.402479312000000,1.459243086000000,1.507334447000000,-93.530911169999996,44.076909450000002,1,0
200,200,74.876000000000005,111.030000000000001,68.591999999999999,86.869516590000003,0.215009520000000,0.194474627000000,0.308181462000000,0.617778979000000,78.591999999999999,-0.024375830000000,-0.058944275000000,78.616375829999996,0.374775116000000,0.411815699000000,1.482851648000000,1.526773937000000,-93.530911169999996,44.076870450000001,1,0
201,201,80.463999999999999,115.939999999999998,74.191000000000003,92.052237660000003,0.199787859000000,0.180627686000000,0.290280085000000,0.639908573000000,77.224999999999994,-0.012159870000000,-0.044615015000000,77.237159869999999,0.349841322000000,0.384940269000000,1.440892822000000,1.480369261000000,-93.530911169999996,44.076831450000000,1,0
202,202,74.206000000000003,111.090000000000003,67.522000000000006,86.422873170000003,0.221077855000000,0.199054486000000,0.313176083000000,0.607813485000000,80.451999999999998,-0.028485314000000,-0.065498501000000,80.480485310000006,0.382936017000000,0.422467207000000,1.497048756000000,1.544851913000000,-93.531184170000003,44.077065449999999,3,0
203,203,76.656000000000006,112.090000000000003,69.337999999999994,88.030427849999995,0.211214186000000,0.187733780000000,0.296747287000000,0.618592203000000,78.186000000000007,-0.018488554000000,-0.058185707000000,78.204488549999994,0.362685096000000,0.405439666000000,1.462246921000000,1.511928099000000,-93.530872169999995,44.077806449999997,1,0
204,204,76.613000000000000,111.219999999999999,68.920000000000002,87.539337000000003,0.209001747000000,0.184243450000000,0.291027894000000,0.619672721000000,76.906999999999996,-0.015430394000000,-0.057378103000000,76.922430390000002,0.356389043000000,0.401682595000000,1.451711850000000,1.503779533000000,-93.530872169999995,44.077767450000003,1,0
205,205,78.706000000000003,114.530000000000001,71.325999999999993,90.183430869999995,0.208466546000000,0.185389886000000,0.293856123000000,0.622771326000000,79.028000000000006,-0.016410520000000,-0.055463748000000,79.044410520000000,0.358459723000000,0.400585915000000,1.455162249000000,1.503662920000000,-93.530872169999995,44.077728450000002,1,0
206,206,77.358000000000004,113.469999999999999,69.409999999999997,88.839647990000003,0.214531131000000,0.189238477000000,0.297418834000000,0.611703534000000,80.171999999999997,-0.019861819000000,-0.062619602000000,80.191861820000000,0.365391833000000,0.411404760000000,1.466816619000000,1.520738439000000,-93.530872169999995,44.077689450000001,1,0
207,207,73.920000000000002,108.829999999999998,65.840999999999994,84.937570370000003,0.217947463000000,0.191025992000000,0.298608319000000,0.604989433000000,77.899000000000001,-0.021489113000000,-0.066987944000000,77.920489110000005,0.368601377000000,0.417511164000000,1.472267316000000,1.530118605000000,-93.530872169999995,44.077650450000000,3,0
208,208,74.578999999999994,109.760000000000005,66.436999999999998,85.679946720000004,0.217742472000000,0.190849468000000,0.298391885000000,0.605293367000000,78.504000000000005,-0.021331387000000,-0.066785498000000,78.525331390000005,0.368284710000000,0.417152479000000,1.471727966000000,1.529488871000000,-93.530872169999995,44.077611449999999,3,0
209,209,73.480999999999995,109.909999999999997,66.438999999999993,85.427954409999998,0.222104854000000,0.198641155000000,0.311486764000000,0.604485488000000,79.900000000000006,-0.028165553000000,-0.067627587000000,79.928165550000003,0.382201293000000,0.424367048000000,1.495760809000000,1.546790714000000,-93.531184170000003,44.077026449999998,3,0
210,210,76.034000000000006,111.769999999999996,68.674000000000007,87.540124770000006,0.214073125000000,0.190283487000000,0.299974817000000,0.614422475000000,78.831999999999994,-0.020751877000000,-0.060926863000000,78.852751880000000,0.367268971000000,0.410462702000000,1.470000263000000,1.520691688000000,-93.530872169999995,44.077572449999998,1,0
211,211,78.507999999999996,115.469999999999999,70.691000000000003,90.358627049999996,0.215029239000000,0.190547382000000,0.299804521000000,0.612202304000000,81.741000000000000,-0.021002838000000,-0.062351843000000,81.762002839999994,0.367742651000000,0.412193948000000,1.470805523000000,1.523082161000000,-93.530872169999995,44.077533449999997,1,0
212,212,76.444000000000003,112.280000000000001,68.412999999999997,87.808166110000002,0.215753471000000,0.189885759000000,0.297861376000000,0.609307089000000,79.703000000000003,-0.020449799000000,-0.064175128000000,79.723449799999997,0.366554798000000,0.413590642000000,1.468787609000000,1.524092016000000,-93.530872169999995,44.077494450000003,1,0
213,213,74.829999999999998,110.810000000000002,67.033000000000001,86.355482530000003,0.219424292000000,0.193815988000000,0.303354777000000,0.604936378000000,79.757000000000005,-0.023936075000000,-0.067137367000000,79.780936080000004,0.373597906000000,0.419936618000000,1.480823199000000,1.536088756000000,-93.530872169999995,44.077455450000002,3,0
214,214,73.551000000000002,109.519999999999996,66.596999999999994,85.322018279999995,0.219639854000000,0.196475684000000,0.308815701000000,0.608080716000000,78.891999999999996,-0.026229232000000,-0.065223417000000,78.918229229999994,0.378346186000000,0.420078955000000,1.489034819000000,1.539105703000000,-93.530872169999995,44.077416450000001,3,0
215,215,75.510999999999996,112.510000000000005,68.027000000000001,87.536818819999993,0.221083249000000,0.196781211000000,0.308340417000000,0.604630699000000,81.481999999999999,-0.026536431000000,-0.067456883000000,81.508536430000007,0.378890696000000,0.422680081000000,1.489981592000000,1.542678503000000,-93.530872169999995,44.077377450000000,3,0
216,216,74.125000000000000,111.290000000000006,68.343000000000004,86.700144890000004,0.219456072000000,0.200442251000000,0.317454216000000,0.614098302000000,80.111999999999995,-0.029614830000000,-0.061514514000000,80.141614829999995,0.385400240000000,0.419424450000000,1.501382799000000,1.542540475000000,-93.530872169999995,44.077338449999999,3,0
217,217,76.382000000000005,113.409999999999997,70.081999999999994,88.708370040000005,0.215267732000000,0.195097791000000,0.309314176000000,0.617952562000000,80.355999999999995,-0.024916690000000,-0.058856215000000,80.380916690000006,0.375888098000000,0.412236853000000,1.484773900000000,1.527950820000000,-93.530872169999995,44.077299449999998,1,0
218,218,78.111999999999995,115.790000000000006,72.647999999999996,90.896535589999999,0.211382539000000,0.194314654000000,0.310736141000000,0.627411694000000,80.819999999999993,-0.024135059000000,-0.052833615000000,80.844135059999999,0.374489272000000,0.405232241000000,1.482358664000000,1.518591029000000,-93.530872169999995,44.077260449999997,1,0
219,219,75.012000000000000,112.129999999999995,69.688999999999993,87.666971669999995,0.215629836000000,0.198341366000000,0.316024282000000,0.621501828000000,79.558999999999997,-0.027696034000000,-0.056712001000000,79.586696029999999,0.381668175000000,0.412660571000000,1.494827494000000,1.531919434000000,-93.530872169999995,44.077221450000003,1,0
220,220,73.674999999999997,110.379999999999995,67.974999999999994,86.085907960000000,0.218288679000000,0.199424085000000,0.316204342000000,0.615827143000000,79.109999999999999,-0.028706900000000,-0.060369797000000,79.138706900000003,0.383592702000000,0.417389989000000,1.498201561000000,1.538918301000000,-93.531184170000003,44.076987449999997,3,0
221,221,75.260000000000005,112.049999999999997,68.194999999999993,87.311374069999999,0.219409340000000,0.196412365000000,0.308861185000000,0.608612227000000,80.644999999999996,-0.026167785000000,-0.064879357000000,80.671167789999998,0.378233314000000,0.419664869000000,1.488838693000000,1.538522799000000,-93.530872169999995,44.077182450000002,3,0
222,222,75.031000000000006,110.810000000000002,69.256000000000000,86.995978059999999,0.211346052000000,0.192524793000000,0.306891967000000,0.624997744000000,77.332999999999998,-0.022605519000000,-0.054299345000000,77.355605519999997,0.371287518000000,0.405289092000000,1.476856233000000,1.516774676000000,-93.530872169999995,44.077143450000001,1,0
223,223,75.132000000000005,111.859999999999999,67.870999999999995,87.109030660000002,0.220103457000000,0.196414820000000,0.308325148000000,0.606749508000000,80.716999999999999,-0.026191326000000,-0.066077069000000,80.743191330000002,0.378237691000000,0.420928877000000,1.488846297000000,1.540099284000000,-93.530872169999995,44.077104450000000,3,0
224,224,74.424000000000007,110.879999999999995,67.067999999999998,86.277503440000004,0.220970566000000,0.196736174000000,0.308332488000000,0.604870130000000,80.268000000000001,-0.026494223000000,-0.067300651000000,80.294494220000004,0.378810444000000,0.422478989000000,1.489841986000000,1.542378730000000,-93.530872169999995,44.077065449999999,3,0
225,225,72.078999999999994,108.739999999999995,65.084000000000003,84.173821930000003,0.226472819000000,0.202749711000000,0.316766752000000,0.598528600000000,80.316999999999993,-0.031839384000000,-0.071664030000000,80.348839380000001,0.389488543000000,0.431907275000000,1.508622484000000,1.560788189000000,-93.530872169999995,44.077026449999998,3,0
226,226,71.840999999999994,106.930000000000007,65.537999999999997,83.447355909999999,0.217746321000000,0.196279039000000,0.309883161000000,0.612905639000000,76.480999999999995,-0.026002317000000,-0.062121330000000,76.507002319999998,0.377995622000000,0.416650206000000,1.488425829000000,1.534641600000000,-93.530872169999995,44.076987449999997,3,0
227,227,73.073999999999998,107.750000000000000,65.736000000000004,84.204302490000003,0.216448872000000,0.191766580000000,0.301299875000000,0.610078886000000,76.689999999999998,-0.022089552000000,-0.063755678000000,76.712089550000002,0.369929226000000,0.414683387000000,1.474532666000000,1.527421668000000,-93.530872169999995,44.076948450000003,1,0
228,228,74.849999999999994,109.700000000000003,68.454999999999998,86.260650600000005,0.209798597000000,0.188837713000000,0.300185193000000,0.624020055000000,76.094999999999999,-0.019406731000000,-0.054793384000000,76.114406729999999,0.364671362000000,0.402742435000000,1.465597862000000,1.509839457000000,-93.530872169999995,44.076909450000002,1,0
229,229,73.096999999999994,108.659999999999997,66.855000000000004,84.891613320000005,0.216552095000000,0.195662340000000,0.309507232000000,0.615267808000000,77.367999999999995,-0.025438032000000,-0.060588387000000,77.393438029999999,0.376895699000000,0.414528511000000,1.486517915000000,1.531366394000000,-93.530872169999995,44.076870450000001,3,0
230,230,79.061999999999998,112.200000000000003,72.198999999999998,89.540187340000003,0.194694152000000,0.173259717000000,0.278323241000000,0.643484848000000,73.138999999999996,-0.005743545000000,-0.042212699000000,73.144743539999993,0.336420452000000,0.376052283000000,1.419139410000000,1.462707381000000,-93.530872169999995,44.076831450000000,1,0
231,231,74.402000000000001,111.569999999999993,68.741000000000000,87.003539360000005,0.218402164000000,0.199858043000000,0.317049245000000,0.616124406000000,79.997000000000000,-0.029080573000000,-0.060195593000000,80.026080570000005,0.384363369000000,0.417563948000000,1.499556464000000,1.539599005000000,-93.531184170000003,44.076948450000003,3,0
232,232,78.265000000000001,113.000000000000000,70.917000000000002,89.300300699999994,0.204748629000000,0.181606671000000,0.288621331000000,0.627584071000000,76.817999999999998,-0.013078701000000,-0.052315567000000,76.831078700000006,0.351616679000000,0.394047453000000,1.443812688000000,1.492000583000000,-93.530833169999994,44.077923450000000,1,0
233,233,80.063000000000002,114.840000000000003,72.677000000000007,91.068208679999998,0.201192406000000,0.178432348000000,0.284530296000000,0.632854406000000,76.939999999999998,-0.010284027000000,-0.048928171000000,76.950284030000006,0.345853381000000,0.387725617000000,1.434370433000000,1.481354276000000,-93.530833169999994,44.077884449999999,1,0
234,234,78.307000000000002,113.579999999999998,70.706000000000003,89.501845579999994,0.207742182000000,0.183821728000000,0.291076984000000,0.622521571000000,78.147000000000006,-0.015043051000000,-0.055567361000000,78.162043049999994,0.355626679000000,0.399390645000000,1.450445043000000,1.500610344000000,-93.530833169999994,44.077845449999998,1,0
235,235,78.206000000000003,113.439999999999998,70.721999999999994,89.417398230000003,0.207425068000000,0.183849389000000,0.291373094000000,0.623430889000000,77.951999999999998,-0.015061288000000,-0.054996036000000,77.967061290000004,0.355676693000000,0.398801139000000,1.450528092000000,1.499938418000000,-93.530833169999994,44.077806449999997,1,0
236,236,78.727000000000004,114.590000000000003,71.301000000000002,90.208353700000004,0.208729774000000,0.185513949000000,0.293920469000000,0.622227070000000,79.152000000000001,-0.016522686000000,-0.055811018000000,79.168522690000003,0.358683647000000,0.401060676000000,1.455536220000000,1.504358583000000,-93.530833169999994,44.077767450000003,1,0
237,237,79.043000000000006,115.049999999999997,71.513999999999996,90.551183580000000,0.208962399000000,0.185514161000000,0.293745258000000,0.621590613000000,79.543000000000006,-0.016527426000000,-0.056212374000000,79.559527430000003,0.358684030000000,0.401490163000000,1.455536860000000,1.504871782000000,-93.530833169999994,44.077728450000002,1,0
238,238,78.150999999999996,115.099999999999994,70.602000000000004,90.074471419999995,0.214926389000000,0.191196941000000,0.301258062000000,0.613397046000000,81.447000000000003,-0.021559732000000,-0.061614611000000,81.468559729999996,0.368907982000000,0.411944303000000,1.472789856000000,1.523463044000000,-93.530833169999994,44.077689450000001,1,0
239,239,75.530000000000001,110.879999999999995,67.629000000000005,86.742601879999995,0.215393005000000,0.189635749000000,0.297606520000000,0.609929654000000,78.600999999999999,-0.020225241000000,-0.063767374000000,78.621225240000001,0.366105708000000,0.412952180000000,1.468025950000000,1.523046782000000,-93.530833169999994,44.077650450000000,1,0
240,240,74.331999999999994,111.730000000000004,69.174999999999997,87.166545090000000,0.217875177000000,0.200997517000000,0.319950037000000,0.619126466000000,79.953000000000003,-0.030031696000000,-0.058318347000000,79.983031699999998,0.386385076000000,0.416537009000000,1.503121132000000,1.539545239000000,-93.531184170000003,44.076909450000002,3,0
241,241,73.825999999999993,109.069999999999993,65.631000000000000,84.958757320000004,0.220032607000000,0.192699676000000,0.300550036000000,0.601732832000000,78.683000000000007,-0.022989856000000,-0.069153855000000,78.705989860000003,0.371600644000000,0.421167412000000,1.477392788000000,1.536428591000000,-93.530833169999994,44.077611449999999,3,0
242,242,78.311999999999998,114.569999999999993,70.180000000000007,89.785460299999997,0.213562410000000,0.187980216000000,0.295496406000000,0.612551279000000,80.647999999999996,-0.018752994000000,-0.062031004000000,80.666752990000006,0.363128712000000,0.409744290000000,1.462994177000000,1.517394049000000,-93.530833169999994,44.077572449999998,1,0
243,243,79.959999999999994,117.890000000000001,72.849000000000004,92.373572159999995,0.213518653000000,0.191710892000000,0.303437572000000,0.617940453000000,82.971000000000004,-0.021965356000000,-0.058741998000000,82.992965359999999,0.369829419000000,0.409320198000000,1.474362181000000,1.520805809000000,-93.530833169999994,44.077533449999997,1,0
244,244,77.103999999999999,113.689999999999998,69.725999999999999,88.942224679999995,0.215253467000000,0.191756554000000,0.302193808000000,0.613299323000000,80.549999999999997,-0.022049747000000,-0.061698142000000,80.572049750000005,0.369911258000000,0.412492631000000,1.474501971000000,1.524724981000000,-93.530833169999994,44.077494450000003,1,0
245,245,74.462000000000003,111.140000000000001,67.543999999999997,86.523370600000007,0.220359827000000,0.197616405000000,0.310677802000000,0.607737988000000,80.274000000000001,-0.027230136000000,-0.065489480000000,80.301230140000001,0.380378188000000,0.421287726000000,1.492573393000000,1.541833768000000,-93.530833169999994,44.077455450000002,3,0
246,246,74.700000000000003,111.480000000000004,67.606999999999999,86.753649010000004,0.220805602000000,0.197550757000000,0.310188660000000,0.606449587000000,80.653000000000006,-0.027188154000000,-0.066316242000000,80.680188150000006,0.380261322000000,0.422103985000000,1.492369478000000,1.542783176000000,-93.530833169999994,44.077416450000001,3,0
247,247,78.084000000000003,115.489999999999995,70.989999999999995,90.322812279999994,0.215511480000000,0.193238761000000,0.305145859000000,0.614685254000000,81.906000000000006,-0.023330461000000,-0.060869960000000,81.929330460000003,0.372565474000000,0.412833327000000,1.479048204000000,1.526710992000000,-93.530833169999994,44.077377450000000,1,0
248,248,75.396000000000001,113.069999999999993,69.966999999999999,88.251086500000000,0.217432968000000,0.199898125000000,0.317926734000000,0.618793668000000,80.777000000000001,-0.029081425000000,-0.058491756000000,80.806081430000006,0.384434530000000,0.415812256000000,1.499681681000000,1.537469889000000,-93.530833169999994,44.077338449999999,3,0
249,249,76.984999999999999,115.040000000000006,71.305000000000007,89.898637089999994,0.216164072000000,0.198177321000000,0.315233598000000,0.619827886000000,81.790000000000006,-0.027573767000000,-0.057771617000000,81.817573769999996,0.381376370000000,0.413637288000000,1.494317075000000,1.532946648000000,-93.530833169999994,44.077299449999998,1,0
250,250,78.375000000000000,116.469999999999999,72.224000000000004,91.148610710000000,0.214687424000000,0.195514383000000,0.310672723000000,0.620108182000000,82.340999999999994,-0.025255646000000,-0.057499747000000,82.366255649999999,0.376631691000000,0.411150535000000,1.486060606000000,1.527062088000000,-93.530833169999994,44.077260449999997,1,0
251,251,75.320999999999998,111.319999999999993,68.447999999999993,87.083339670000001,0.215253992000000,0.192878306000000,0.304578105000000,0.614876033000000,78.870999999999995,-0.023013928000000,-0.060734881000000,78.894013930000000,0.371920414000000,0.412393917000000,1.477941079000000,1.525790969000000,-93.531184170000003,44.076870450000001,1,0
252,252,78.263999999999996,116.010000000000005,71.897999999999996,90.834824819999994,0.214185911000000,0.194292597000000,0.308442832000000,0.619756918000000,81.858000000000004,-0.024196384000000,-0.057679996000000,81.882196379999996,0.374449857000000,0.410330280000000,1.482290708000000,1.524764767000000,-93.530833169999994,44.077221450000003,1,0
253,253,76.141999999999996,113.510000000000005,69.965000000000003,88.651425050000000,0.216851099000000,0.197034569000000,0.312214359000000,0.616377412000000,80.912999999999997,-0.026620753000000,-0.059930590000000,80.939620750000003,0.379342083000000,0.414964314000000,1.490767251000000,1.533364519000000,-93.530833169999994,44.077182450000002,3,0
254,254,76.748000000000005,114.569999999999993,71.046999999999997,89.562299760000002,0.215806439000000,0.197691801000000,0.314473148000000,0.620118705000000,81.344999999999999,-0.027148438000000,-0.057569417000000,81.372148440000004,0.380512398000000,0.413023829000000,1.492807630000000,1.531674375000000,-93.530833169999994,44.077143450000001,1,0
255,255,77.597999999999999,115.519999999999996,70.858999999999995,90.161554789999997,0.217611733000000,0.196366988000000,0.310177574000000,0.613391620000000,82.582999999999998,-0.026073484000000,-0.061813719000000,82.609073480000006,0.378152421000000,0.416398267000000,1.488698162000000,1.534423838000000,-93.530833169999994,44.077104450000000,3,0
256,256,75.251000000000005,112.299999999999997,68.066999999999993,87.382529700000006,0.220924228000000,0.197540936000000,0.310074989000000,0.606117542000000,81.281999999999996,-0.027183532000000,-0.066529744000000,81.309183529999999,0.380243836000000,0.422320607000000,1.492338972000000,1.543043528000000,-93.530833169999994,44.077065449999999,3,0
257,257,75.200999999999993,112.439999999999998,68.501999999999995,87.541357849999997,0.220240760000000,0.198458759000000,0.312567673000000,0.609231590000000,81.177000000000007,-0.027947670000000,-0.064562373000000,81.204947669999996,0.381876958000000,0.420999330000000,1.495192883000000,1.542376865000000,-93.530833169999994,44.077026449999998,3,0
258,258,75.281000000000006,111.829999999999998,69.292000000000002,87.511064300000001,0.214774341000000,0.195333251000000,0.310213124000000,0.619619065000000,79.087000000000003,-0.025103450000000,-0.057804316000000,79.112103450000006,0.376308425000000,0.411321874000000,1.485500990000000,1.527079706000000,-93.530833169999994,44.076987449999997,1,0
259,259,76.271000000000001,112.180000000000007,68.530000000000001,87.745804730000003,0.215513015000000,0.190548206000000,0.299438797000000,0.610893207000000,79.558999999999997,-0.021015561000000,-0.063187551000000,79.580015560000007,0.367744131000000,0.413082729000000,1.470808040000000,1.524169986000000,-93.530833169999994,44.076948450000003,1,0
260,260,79.105999999999995,114.859999999999999,72.146000000000001,90.656171240000006,0.205967893000000,0.184331275000000,0.293498604000000,0.628121191000000,78.468000000000004,-0.015450637000000,-0.052066799000000,78.483450640000001,0.356547763000000,0.396065487000000,1.451975830000000,1.497195261000000,-93.530833169999994,44.076909450000002,1,0
261,261,76.906000000000006,113.099999999999994,69.974000000000004,88.698935570000003,0.212608556000000,0.190488721000000,0.301536257000000,0.618691424000000,79.319999999999993,-0.020892376000000,-0.058221402000000,79.340892380000000,0.367637370000000,0.407757505000000,1.470626479000000,1.517620605000000,-93.530833169999994,44.076870450000001,1,0
262,262,73.843000000000004,109.359999999999999,67.275000000000006,85.514762610000005,0.215658157000000,0.193866913000000,0.306371196000000,0.615170080000000,77.602000000000004,-0.023873554000000,-0.060584163000000,77.625873549999994,0.373688958000000,0.413047653000000,1.480979917000000,1.527639547000000,-93.531184170000003,44.076831450000000,1,0
263,263,81.001000000000005,115.950000000000003,74.266000000000005,92.233405480000002,0.197932675000000,0.177450229000000,0.284867751000000,0.640500216000000,76.632999999999996,-0.009396904000000,-0.044162423000000,76.642396899999994,0.344066297000000,0.381745814000000,1.431463809000000,1.473447235000000,-93.530833169999994,44.076831450000000,1,0
264,264,74.849999999999994,109.200000000000003,67.944999999999993,85.914076309999999,0.209319066000000,0.186634067000000,0.295852892000000,0.622206960000000,75.605000000000004,-0.017500347000000,-0.055862219000000,75.622500349999996,0.360703993000000,0.402047430000000,1.458917836000000,1.506705093000000,-93.530794169999993,44.078001450000002,1,0
265,265,76.150999999999996,111.659999999999997,69.680999999999997,87.792125999999996,0.209908114000000,0.189067733000000,0.300592568000000,0.624046212000000,77.488000000000000,-0.019606823000000,-0.054784615000000,77.507606820000007,0.365084919000000,0.402924705000000,1.466297225000000,1.510298894000000,-93.530794169999993,44.077962450000001,1,0
266,266,76.218000000000004,111.329999999999998,69.802000000000007,87.703803850000000,0.207876749000000,0.187216073000000,0.298201213000000,0.626982844000000,76.640000000000001,-0.017970857000000,-0.052874296000000,76.657970860000006,0.361752762000000,0.399344322000000,1.460678580000000,1.504083076000000,-93.530794169999993,44.077923450000000,1,0
267,267,77.436999999999998,111.629999999999995,70.528999999999996,88.378137780000003,0.202825233000000,0.180851233000000,0.288456023000000,0.631810445000000,75.293999999999997,-0.012396955000000,-0.049651767000000,75.306396960000001,0.350246882000000,0.390547147000000,1.441558945000000,1.487119298000000,-93.530794169999993,44.077884449999999,1,0
268,268,75.167000000000002,110.790000000000006,67.367999999999995,86.531207109999997,0.217088008000000,0.191565792000000,0.300390424000000,0.608069320000000,79.045000000000002,-0.021933090000000,-0.065034245000000,79.066933090000006,0.369569331000000,0.415876079000000,1.473918076000000,1.528675628000000,-93.530794169999993,44.077845449999998,1,0
269,269,76.504999999999995,112.950000000000003,69.781999999999996,88.468911770000005,0.213905913000000,0.192367581000000,0.304538200000000,0.617813192000000,79.613000000000000,-0.022539221000000,-0.058846538000000,79.635539219999998,0.371005979000000,0.409973314000000,1.476374093000000,1.522294118000000,-93.530794169999993,44.077806449999997,1,0
270,270,74.784000000000006,111.150000000000006,67.611999999999995,86.637851040000001,0.219097550000000,0.195585530000000,0.307347746000000,0.608295097000000,79.903999999999996,-0.025448637000000,-0.065050129000000,79.929448640000004,0.376758649000000,0.419171023000000,1.486280488000000,1.537025776000000,-93.530794169999993,44.077767450000003,3,0
271,271,74.885999999999996,109.750000000000000,68.106999999999999,86.200423330000007,0.211057869000000,0.188825581000000,0.299187327000000,0.620564920000000,76.507000000000005,-0.019425266000000,-0.056975663000000,76.526425270000004,0.364649546000000,0.405055161000000,1.465560986000000,1.512608210000000,-93.530794169999993,44.077728450000002,1,0
272,272,74.828000000000003,111.040000000000006,68.224000000000004,86.763328200000004,0.216436795000000,0.194826436000000,0.307810003000000,0.614409222000000,79.028000000000006,-0.024718606000000,-0.061105426000000,79.052718609999999,0.375403552000000,0.414387041000000,1.483936494000000,1.530303575000000,-93.530794169999993,44.077689450000001,1,0
273,273,73.498999999999995,109.420000000000002,66.239000000000004,85.171287260000000,0.220599144000000,0.196376538000000,0.307859102000000,0.605364650000000,79.102000000000004,-0.026173753000000,-0.066967145000000,79.128173750000002,0.378169446000000,0.421835776000000,1.488727738000000,1.541189750000000,-93.530794169999993,44.077650450000000,3,0
274,274,71.260000000000005,107.379999999999995,63.863999999999997,83.040276359999993,0.227606864000000,0.202194357000000,0.314699937000000,0.594747625000000,79.635999999999996,-0.031405668000000,-0.074103520000000,79.667405669999994,0.388505611000000,0.434011349000000,1.506876228000000,1.562877548000000,-93.530794169999993,44.077611449999999,3,0
275,275,75.162999999999997,111.439999999999998,67.524000000000001,86.848221519999996,0.219366081000000,0.194407378000000,0.304646495000000,0.605922469000000,80.192999999999998,-0.024443684000000,-0.066527366000000,80.217443680000002,0.374654961000000,0.419772015000000,1.482644386000000,1.536514974000000,-93.530794169999993,44.077572449999998,3,0
276,276,75.998999999999995,113.659999999999997,69.741000000000000,88.615744800000002,0.218677961000000,0.198572174000000,0.314056272000000,0.613593173000000,81.579999999999998,-0.027993061000000,-0.061767926000000,81.607993059999998,0.382078641000000,0.418157718000000,1.495545994000000,1.538959662000000,-93.530794169999993,44.077533449999997,3,0
277,277,76.656999999999996,113.680000000000007,69.361999999999995,88.714006960000006,0.217851031000000,0.194512890000000,0.306038438000000,0.610151302000000,81.340999999999994,-0.024490660000000,-0.063816957000000,81.365490660000006,0.374843478000000,0.416993731000000,1.482969592000000,1.533184805000000,-93.530794169999993,44.077494450000003,3,0
278,278,73.581000000000003,110.090000000000003,66.686000000000007,85.597885989999995,0.221705272000000,0.198773895000000,0.312082746000000,0.605740758000000,79.912999999999997,-0.028266036000000,-0.066822977000000,79.941266040000002,0.382437286000000,0.423629647000000,1.496174284000000,1.546007565000000,-93.530794169999993,44.077455450000002,3,0
279,279,71.022999999999996,107.799999999999997,65.352999999999994,83.538656000000003,0.225083528000000,0.205661464000000,0.324112100000000,0.606243043000000,79.224000000000004,-0.034269543000000,-0.066778881000000,79.258269540000001,0.394631349000000,0.429166129000000,1.517818172000000,1.560458410000000,-93.530794169999993,44.077416450000001,3,0
280,280,72.528000000000006,107.900000000000006,66.778000000000006,84.384086310000001,0.215411736000000,0.196044960000000,0.311236252000000,0.618887859000000,76.494000000000000,-0.025730767000000,-0.058294702000000,76.519730769999995,0.377578219000000,0.412426618000000,1.487701302000000,1.529189181000000,-93.530794169999993,44.077377450000000,1,0
281,281,72.864000000000004,110.750000000000000,68.572000000000003,86.172006629999998,0.220600877000000,0.206335029000000,0.329323204000000,0.619160271000000,80.063999999999993,-0.034658546000000,-0.058485404000000,80.098658549999996,0.395818427000000,0.421106208000000,1.519954985000000,1.550995965000000,-93.530794169999993,44.077338449999999,3,0
282,282,72.953000000000003,110.430000000000007,67.703000000000003,85.830494419999994,0.221854634000000,0.204364636000000,0.323971300000000,0.613085212000000,80.203999999999994,-0.033039676000000,-0.062312514000000,80.237039679999995,0.392343100000000,0.423466851000000,1.513714309000000,1.551832532000000,-93.530794169999993,44.077299449999998,3,0
283,283,73.494000000000000,111.620000000000005,67.578000000000003,86.462281800000000,0.225542941000000,0.205959571000000,0.324377212000000,0.605429135000000,82.168000000000006,-0.034541655000000,-0.067318316000000,82.202541659999994,0.395156847000000,0.429967751000000,1.518763436000000,1.561805092000000,-93.530794169999993,44.077260449999997,3,0
284,284,74.745999999999995,112.549999999999997,69.105000000000004,87.616528200000005,0.220216235000000,0.201840936000000,0.319855150000000,0.613993781000000,81.248999999999995,-0.030832953000000,-0.061633925000000,81.279832949999999,0.387879744000000,0.420694996000000,1.505766195000000,1.545630497000000,-93.530794169999993,44.077221450000003,3,0
285,285,74.257999999999996,111.959999999999994,68.664000000000001,87.109197870000003,0.220798055000000,0.202461631000000,0.320720690000000,0.613290461000000,80.998000000000005,-0.031382365000000,-0.062108741000000,81.029382369999993,0.388978746000000,0.421698732000000,1.507716340000000,1.547555928000000,-93.530794169999993,44.077182450000002,3,0
286,286,73.015000000000001,109.799999999999997,68.049999999999997,85.669972810000004,0.217750544000000,0.201214342000000,0.320524550000000,0.619763206000000,78.534999999999997,-0.030211468000000,-0.057919598000000,78.565211469999994,0.386769467000000,0.416298952000000,1.503800589000000,1.539482333000000,-93.530794169999993,44.077143450000001,3,0
287,287,73.829999999999998,111.700000000000003,67.972999999999999,86.695035669999996,0.223429161000000,0.204117932000000,0.322141599000000,0.608531782000000,81.596999999999994,-0.032891129000000,-0.065237098000000,81.629891130000004,0.391907384000000,0.426310370000000,1.512935121000000,1.555155483000000,-93.530794169999993,44.077104450000000,3,0
288,288,74.373999999999995,111.319999999999993,67.575000000000003,86.583321909999995,0.221320446000000,0.198961733000000,0.312786258000000,0.607033777000000,80.691000000000003,-0.028414058000000,-0.065997023000000,80.719414060000005,0.382771173000000,0.422915028000000,1.496759620000000,1.545313297000000,-93.530794169999993,44.077065449999999,3,0
289,289,74.304000000000002,110.980000000000004,68.397000000000006,86.632931429999999,0.217349813000000,0.197944777000000,0.313773131000000,0.616300234000000,79.259000000000000,-0.027413957000000,-0.060013166000000,79.286413960000004,0.380962624000000,0.415799846000000,1.493593885000000,1.535367165000000,-93.530794169999993,44.077026449999998,3,0
290,290,72.611000000000004,108.640000000000001,67.280000000000001,84.855966830000000,0.216672126000000,0.198779593000000,0.316124277000000,0.619293078000000,77.388999999999996,-0.028103536000000,-0.058133593000000,77.417103539999999,0.382447416000000,0.414514360000000,1.496192037000000,1.534670383000000,-93.530794169999993,44.076987449999997,3,0
291,291,74.551000000000002,110.319999999999993,67.872000000000000,86.284340770000000,0.215436439000000,0.193480860000000,0.305720562000000,0.615228426000000,78.216999999999999,-0.023536161000000,-0.060532636000000,78.240536160000005,0.372998576000000,0.412675587000000,1.479792357000000,1.526774160000000,-93.530794169999993,44.076948450000003,1,0
292,292,75.730999999999995,110.019999999999996,68.736999999999995,86.726312669999999,0.207326039000000,0.184596584000000,0.293033312000000,0.624768224000000,75.572000000000003,-0.015704473000000,-0.054180158000000,75.587704470000006,0.357027146000000,0.398550530000000,1.452773633000000,1.500415795000000,-93.530794169999993,44.076909450000002,1,0
293,293,73.492999999999995,108.939999999999998,66.909000000000006,85.139021470000003,0.216248653000000,0.194301470000000,0.306836675000000,0.614182119000000,77.477999999999994,-0.024263060000000,-0.061230759000000,77.502263060000004,0.374465712000000,0.414088175000000,1.482318044000000,1.529378405000000,-93.530794169999993,44.076870450000001,3,0
294,294,76.010000000000005,110.200000000000003,69.367000000000004,87.050446660000006,0.205105843000000,0.183609903000000,0.292614876000000,0.629464610000000,75.022999999999996,-0.014813540000000,-0.051202573000000,75.037813540000002,0.355243621000000,0.394534192000000,1.449809236000000,1.494641016000000,-93.530794169999993,44.076831450000000,1,0
295,295,74.257000000000005,108.590000000000003,67.168999999999997,85.279080489999998,0.211245768000000,0.187769009000000,0.296798008000000,0.618556036000000,75.754000000000005,-0.018519615000000,-0.058209875000000,75.772519610000003,0.362748521000000,0.405494606000000,1.462353717000000,1.512031189000000,-93.530755170000006,44.078001450000002,1,0
296,296,75.992999999999995,111.219999999999999,69.114999999999995,87.410349640000007,0.210399730000000,0.188165352000000,0.298286169000000,0.621426003000000,77.331999999999994,-0.018842265000000,-0.056408196000000,77.350842259999993,0.363461899000000,0.403902724000000,1.463555854000000,1.510529901000000,-93.530755170000006,44.077962450000001,1,0
297,297,77.114999999999995,113.189999999999998,70.822999999999993,89.021713930000004,0.209559786000000,0.189564121000000,0.301928324000000,0.625700150000000,78.441999999999993,-0.020024662000000,-0.053758310000000,78.462024659999997,0.365977020000000,0.402247176000000,1.467807819000000,1.510005016000000,-93.530755170000006,44.077923450000000,1,0
298,298,77.474000000000004,112.569999999999993,71.072999999999993,88.929929169999994,0.204965653000000,0.184673023000000,0.294996260000000,0.631367149000000,76.593000000000004,-0.015726284000000,-0.050045765000000,76.608726279999999,0.357165238000000,0.394189203000000,1.453003588000000,1.495333216000000,-93.530755170000006,44.077884449999999,1,0
299,299,76.215999999999994,112.010000000000005,67.890000000000001,87.491277389999993,0.217083281000000,0.190165014000000,0.297450472000000,0.606106598000000,79.914000000000001,-0.020723422000000,-0.066235612000000,79.934723419999997,0.367056271000000,0.416010689000000,1.469638921000000,1.527357421000000,-93.530755170000006,44.077845449999998,1,0
300,300,76.305000000000007,112.329999999999998,69.183999999999997,87.990355120000004,0.213889542000000,0.190977284000000,0.301588099000000,0.615899582000000,79.171000000000006,-0.021344432000000,-0.060012645000000,79.192344430000006,0.368514006000000,0.410062973000000,1.472118472000000,1.520936291000000,-93.530755170000006,44.077806449999997,1,0
301,301,75.266999999999996,111.069999999999993,67.867000000000004,86.809361780000003,0.216292427000000,0.192141121000000,0.302211530000000,0.611029081000000,79.006000000000000,-0.022407987000000,-0.063162657000000,79.028407990000005,0.370600340000000,0.414361003000000,1.475679913000000,1.527422446000000,-93.530755170000006,44.077767450000003,1,0
302,302,76.644999999999996,112.239999999999995,69.227999999999994,88.062079639999993,0.212248854000000,0.188447997000000,0.297475284000000,0.616785460000000,78.606999999999999,-0.019127281000000,-0.059356948000000,78.626127280000006,0.363970441000000,0.407278818000000,1.464413856000000,1.514897015000000,-93.530755170000006,44.077728450000002,1,0
303,303,76.801000000000002,113.750000000000000,69.835999999999999,88.909172749999996,0.216132059000000,0.193906093000000,0.306084579000000,0.613942857000000,80.863000000000000,-0.023920549000000,-0.061368655000000,80.886920549999999,0.373759008000000,0.413909165000000,1.481100507000000,1.528738750000000,-93.530755170000006,44.077689450000001,1,0
304,304,75.254000000000005,111.769999999999996,67.727999999999994,87.068515930000004,0.219790354000000,0.195247669000000,0.306095762000000,0.605958665000000,80.558000000000007,-0.025178998000000,-0.066538437000000,80.583179000000001,0.376155662000000,0.420466700000000,1.485236665000000,1.538275728000000,-93.530755170000006,44.077650450000000,3,0
305,305,72.120999999999995,107.930000000000007,64.215000000000003,83.613973639999998,0.225794728000000,0.198882539000000,0.309135329000000,0.594968961000000,79.524000000000001,-0.028495984000000,-0.073808880000000,79.552495980000003,0.382630413000000,0.431055082000000,1.496512805000000,1.555507274000000,-93.530755170000006,44.077611449999999,3,0
306,306,76.070999999999998,113.230000000000004,68.352999999999994,88.090791330000002,0.221190453000000,0.196295846000000,0.307231207000000,0.603665106000000,82.036000000000001,-0.026122630000000,-0.068059491000000,82.062122630000005,0.378025588000000,0.422921747000000,1.488477869000000,1.542460589000000,-93.530755170000006,44.077572449999998,3,0
307,307,75.572999999999993,113.349999999999994,68.703999999999994,88.090371110000007,0.222178194000000,0.199959772000000,0.314234855000000,0.606122629000000,82.423000000000002,-0.029297395000000,-0.066625004000000,82.452297400000006,0.384543972000000,0.424384127000000,1.499874294000000,1.548231670000000,-93.530755170000006,44.077533449999997,3,0
308,308,75.504000000000005,113.670000000000002,68.412000000000006,88.132333570000000,0.224707479000000,0.201750769000000,0.316043126000000,0.601847453000000,83.424000000000007,-0.030919382000000,-0.069464955000000,83.454919380000007,0.387720026000000,0.428805854000000,1.505483153000000,1.555753709000000,-93.530755170000006,44.077494450000003,3,0
309,309,73.765000000000001,110.480000000000004,66.920000000000002,85.878580999999997,0.221971823000000,0.199272708000000,0.312934157000000,0.605720492000000,80.275000000000006,-0.028702248000000,-0.066856449000000,80.303702250000001,0.383323777000000,0.424069449000000,1.497729275000000,1.547096340000000,-93.530755170000006,44.077455450000002,3,0
310,310,71.028000000000006,107.750000000000000,64.995999999999995,83.425654129999998,0.226089826000000,0.205405587000000,0.322739976000000,0.603211137000000,79.475999999999999,-0.034092233000000,-0.068734155000000,79.510092229999998,0.394180140000000,0.430991539000000,1.517007377000000,1.562508891000000,-93.530755170000006,44.077416450000001,3,0
311,311,73.799000000000007,110.290000000000006,68.582999999999998,86.243462339999994,0.215444041000000,0.198224772000000,0.315922982000000,0.621842415000000,78.197999999999993,-0.027590710000000,-0.056491420000000,78.225590710000006,0.381460782000000,0.412332537000000,1.494464695000000,1.531392026000000,-93.530755170000006,44.077377450000000,1,0
312,312,73.790000000000006,110.959999999999994,67.846000000000004,86.333009169999997,0.220829803000000,0.201190798000000,0.317953192000000,0.611445566000000,80.284000000000006,-0.030301351000000,-0.063245657000000,80.314301349999994,0.386727733000000,0.421847999000000,1.503726792000000,1.546373982000000,-93.530755170000006,44.077338449999999,3,0
313,313,74.832999999999998,111.359999999999999,67.956999999999994,86.831602040000007,0.218680747000000,0.196178159000000,0.308932981000000,0.610246049000000,79.930000000000007,-0.025944521000000,-0.063821365000000,79.955944520000003,0.377815751000000,0.418358937000000,1.488113533000000,1.536650491000000,-93.530755170000006,44.077299449999998,3,0
314,314,74.521000000000001,111.560000000000002,68.695999999999998,87.021364149999997,0.218113376000000,0.199047727000000,0.315534353000000,0.615776264000000,79.903000000000006,-0.028380113000000,-0.060388497000000,79.931380110000006,0.382924005000000,0.417100423000000,1.497027683000000,1.538156259000000,-93.530755170000006,44.077260449999997,3,1
315,315,72.966999999999999,109.810000000000002,66.367000000000004,85.219320730000007,0.223666542000000,0.201573502000000,0.316493428000000,0.604380293000000,80.286000000000001,-0.030730020000000,-0.067817005000000,80.316730019999994,0.387405973000000,0.426939519000000,1.504926885000000,1.553196646000000,-93.530755170000006,44.077221450000003,3,0
316,316,75.465999999999994,112.569999999999993,69.019999999999996,87.808280659999994,0.218204347000000,0.197323917000000,0.311756403000000,0.613129608000000,80.653999999999996,-0.026910868000000,-0.062017615000000,80.680910870000005,0.379857428000000,0.417397241000000,1.491665121000000,1.536681519000000,-93.530755170000006,44.077182450000002,3,0
317,317,74.689999999999998,110.890000000000001,69.471000000000004,86.989286780000000,0.212107963000000,0.195064123000000,0.311776004000000,0.626485707000000,77.619000000000000,-0.024795041000000,-0.053442645000000,77.643795040000001,0.375827987000000,0.406499754000000,1.484669969000000,1.520917793000000,-93.530755170000006,44.077143450000001,1,0
318,318,75.275999999999996,112.370000000000005,68.864000000000004,87.627513890000003,0.218499241000000,0.197680739000000,0.312286373000000,0.612832607000000,80.599999999999994,-0.027225449000000,-0.062221356000000,80.627225449999997,0.380492708000000,0.417903782000000,1.492773261000000,1.537690939000000,-93.530755170000006,44.077104450000000,3,0
319,319,73.875000000000000,110.700000000000003,68.150999999999996,86.326057140000003,0.218404847000000,0.199512393000000,0.316300763000000,0.615636856000000,79.373999999999995,-0.028786116000000,-0.060494765000000,79.402786120000002,0.383749561000000,0.417593514000000,1.498477157000000,1.539265512000000,-93.530755170000006,44.077065449999999,3,0
320,320,74.438999999999993,111.430000000000007,68.793999999999997,86.968239519999997,0.217504842000000,0.199016512000000,0.315959855000000,0.617374136000000,79.626999999999995,-0.028333130000000,-0.059366300000000,79.655333130000002,0.382868530000000,0.416002630000000,1.496930373000000,1.536762802000000,-93.530755170000006,44.077026449999998,3,0
321,321,75.061999999999998,112.090000000000003,69.674999999999997,87.660476779999996,0.215341120000000,0.197849876000000,0.315193612000000,0.621598715000000,79.442999999999998,-0.027268161000000,-0.056633454000000,79.470268160000003,0.380793743000000,0.412171333000000,1.493298873000000,1.530794904000000,-93.530755170000006,44.076987449999997,1,0
322,322,75.290000000000006,111.150000000000006,68.846999999999994,87.106861589999994,0.213305425000000,0.192340699000000,0.304950125000000,0.619406208000000,78.162999999999997,-0.022500166000000,-0.057833732000000,78.185500169999997,0.370957834000000,0.408878337000000,1.476291672000000,1.520932632000000,-93.530755170000006,44.076948450000003,1,0
323,323,77.350999999999999,112.269999999999996,70.649000000000001,88.654782350000005,0.205454448000000,0.184151544000000,0.293506035000000,0.629277634000000,76.540000000000006,-0.015286433000000,-0.051336689000000,76.555286429999995,0.356222931000000,0.395132780000000,1.451435663000000,1.495907161000000,-93.530755170000006,44.076909450000002,1,0
324,324,77.814999999999998,113.719999999999999,71.697999999999993,89.680945260000001,0.206728690000000,0.187459211000000,0.299615311000000,0.630478368000000,77.927000000000007,-0.018155019000000,-0.050688174000000,77.945155020000001,0.362190695000000,0.397217459000000,1.461414894000000,1.501805777000000,-93.530755170000006,44.076870450000001,1,0
325,325,76.763999999999996,111.719999999999999,70.587999999999994,88.235925870000003,0.205203996000000,0.185458713000000,0.296498609000000,0.631829574000000,76.087999999999994,-0.016406250000000,-0.049780756000000,76.104406249999997,0.358583954000000,0.394567083000000,1.455369705000000,1.496592029000000,-93.530755170000006,44.076831450000000,1,0
326,326,76.287999999999997,112.359999999999999,69.619000000000000,88.112491939999998,0.212647756000000,0.191213265000000,0.303052197000000,0.619606622000000,78.813000000000002,-0.021515718000000,-0.057666678000000,78.834515719999999,0.368937257000000,0.407768222000000,1.472839765000000,1.518396082000000,-93.530716170000005,44.078001450000002,1,0
327,327,76.661000000000001,111.849999999999994,69.001000000000005,87.841655689999996,0.211277825000000,0.186668152000000,0.294443980000000,0.616906571000000,78.037999999999997,-0.017570443000000,-0.059215105000000,78.055570439999997,0.360765433000000,0.405656908000000,1.459020884000000,1.511074814000000,-93.530716170000005,44.077962450000001,1,0
328,328,75.697000000000003,110.969999999999999,67.972999999999999,86.918938170000004,0.214080578000000,0.188962163000000,0.297175931000000,0.612534919000000,78.269999999999996,-0.019612787000000,-0.062079014000000,78.289612790000007,0.364895125000000,0.410602219000000,1.465976195000000,1.519469828000000,-93.530716170000005,44.077923450000000,1,0
329,329,77.537999999999997,111.879999999999995,69.908000000000001,88.348560280000001,0.205583961000000,0.181302727000000,0.287356707000000,0.624848051000000,76.313999999999993,-0.012828640000000,-0.054020037000000,76.326828640000002,0.351065687000000,0.395626160000000,1.442905414000000,1.493546584000000,-93.530716170000005,44.077884449999999,1,0
330,330,78.352999999999994,113.420000000000002,70.516999999999996,89.397867790000006,0.207527082000000,0.182856815000000,0.289198060000000,0.621733380000000,77.969999999999999,-0.014204888000000,-0.056030348000000,77.984204890000001,0.353881046000000,0.399083812000000,1.447551466000000,1.499245291000000,-93.530716170000005,44.077845449999998,1,0
331,331,78.834999999999994,114.370000000000005,71.159000000000006,90.109299199999995,0.207919014000000,0.183923811000000,0.291160710000000,0.622182390000000,78.745999999999995,-0.015134436000000,-0.055784449000000,78.761134440000006,0.355811251000000,0.399708430000000,1.450751570000000,1.501094261000000,-93.530716170000005,44.077806449999997,1,0
332,332,74.534999999999997,111.180000000000007,67.084999999999994,86.442381290000000,0.221825375000000,0.197318472000000,0.308901627000000,0.603390898000000,80.739999999999995,-0.027021361000000,-0.068279272000000,80.767021360000001,0.379847732000000,0.423981259000000,1.491648219000000,1.544884845000000,-93.530716170000005,44.077767450000003,3,0
333,333,76.177999999999997,112.560000000000002,68.643000000000001,87.910376200000002,0.217058936000000,0.192764573000000,0.302943503000000,0.609834755000000,80.299000000000007,-0.022965176000000,-0.063951108000000,80.321965180000007,0.371716825000000,0.415706667000000,1.477591956000000,1.529738547000000,-93.530716170000005,44.077728450000002,1,0
334,334,77.289000000000001,113.620000000000005,69.861000000000004,89.001223289999999,0.213921312000000,0.190305329000000,0.300137136000000,0.614865341000000,80.090000000000003,-0.020766959000000,-0.060645780000000,80.110766960000007,0.367308181000000,0.410181942000000,1.470066892000000,1.520372828000000,-93.530716170000005,44.077689450000001,1,0
335,335,75.858999999999995,112.879999999999995,69.085999999999999,88.070724760000004,0.218003534000000,0.196149180000000,0.309403024000000,0.612030475000000,80.814999999999998,-0.025898962000000,-0.062676622000000,80.840898960000004,0.377764075000000,0.417128907000000,1.488023834000000,1.535095399000000,-93.530716170000005,44.077650450000000,3,0
336,336,72.578999999999994,108.709999999999994,64.852000000000004,84.244400889999994,0.225415738000000,0.199300564000000,0.310305144000000,0.596559654000000,79.989000000000004,-0.028842818000000,-0.072792424000000,80.017842819999998,0.383373268000000,0.430322250000000,1.497816173000000,1.555027553000000,-93.530716170000005,44.077611449999999,3,0
337,337,76.754999999999995,114.480000000000004,68.441999999999993,88.846886630000000,0.223871263000000,0.197270374000000,0.307224353000000,0.597851153000000,83.763000000000005,-0.027045137000000,-0.071863122000000,83.790045140000004,0.379762079000000,0.427715672000000,1.491498925000000,1.549533648000000,-93.530716170000005,44.077572449999998,3,0
338,338,76.498000000000005,114.400000000000006,68.733999999999995,88.813787890000000,0.223424734000000,0.198545820000000,0.310255067000000,0.600821678000000,83.567999999999998,-0.028127504000000,-0.069992913000000,83.596127499999994,0.382031779000000,0.426774982000000,1.495463934000000,1.549720120000000,-93.530716170000005,44.077533449999997,3,0
339,339,76.590000000000003,114.019999999999996,69.206999999999994,88.799769800000007,0.219996951000000,0.196369550000000,0.308311986000000,0.606972461000000,82.242999999999995,-0.026149174000000,-0.065931790000000,82.269149170000006,0.378156989000000,0.420738969000000,1.488706097000000,1.539814158000000,-93.530716170000005,44.077494450000003,3,0
340,340,74.613000000000000,111.189999999999998,66.917000000000002,86.425692089999998,0.222170317000000,0.196859039000000,0.307664485000000,0.601825704000000,80.849999999999994,-0.026637385000000,-0.069271130000000,80.876637389999999,0.379029370000000,0.424654181000000,1.490222883000000,1.545235992000000,-93.530716170000005,44.077455450000002,3,0
341,341,73.075000000000003,109.439999999999998,66.662999999999997,85.168509040000004,0.220686078000000,0.199243898000000,0.313891862000000,0.609128289000000,79.141999999999996,-0.028634149000000,-0.064659801000000,79.170634149999998,0.383272590000000,0.421741382000000,1.497639412000000,1.544146930000000,-93.530716170000005,44.077416450000001,3,0
342,342,75.027000000000001,110.909999999999997,68.777000000000001,86.910594979999999,0.213377678000000,0.192984721000000,0.306273472000000,0.620115409000000,78.016000000000005,-0.023054092000000,-0.057406346000000,78.039054089999993,0.372110878000000,0.408958860000000,1.478267824000000,1.521710312000000,-93.530716170000005,44.077377450000000,1,0
343,343,73.762000000000000,109.609999999999999,66.799000000000007,85.473760389999995,0.218630222000000,0.195493314000000,0.307515462000000,0.609424323000000,78.659000000000006,-0.025355457000000,-0.064321604000000,78.684355460000006,0.376594092000000,0.418327233000000,1.485995499000000,1.535880338000000,-93.530716170000005,44.077338449999999,3,0
344,344,74.682000000000002,111.920000000000002,67.733000000000004,86.969816240000000,0.222317784000000,0.199558418000000,0.313269229000000,0.605191208000000,81.424999999999997,-0.028958657000000,-0.067209782000000,81.453958659999998,0.383831307000000,0.424671786000000,1.498620819000000,1.548161153000000,-93.530716170000005,44.077299449999998,3,0
345,345,75.162999999999997,111.909999999999997,68.510000000000005,87.305869920000006,0.218091229000000,0.196431340000000,0.309936489000000,0.612188366000000,80.147000000000006,-0.026143366000000,-0.062586322000000,80.173143370000005,0.378267139000000,0.417264771000000,1.488897463000000,1.535564580000000,-93.530716170000005,44.077260449999997,3,0
346,346,76.108000000000004,113.030000000000001,69.266000000000005,88.253399029999997,0.217228364000000,0.195211962000000,0.308011879000000,0.612810758000000,80.686000000000007,-0.025072367000000,-0.062141453000000,80.711072369999997,0.376091921000000,0.415796840000000,1.485126399000000,1.532450711000000,-93.530716170000005,44.077221450000003,3,0
347,347,77.010000000000005,113.959999999999994,70.471999999999994,89.225789399999996,0.214271634000000,0.193485888000000,0.306644094000000,0.618392418000000,80.438000000000002,-0.023508082000000,-0.058518524000000,80.461508080000002,0.373007570000000,0.410549663000000,1.479807817000000,1.524179031000000,-93.530716170000005,44.077182450000002,1,0
348,348,76.688000000000002,113.469999999999999,70.834999999999994,89.020760629999998,0.212082369000000,0.193428623000000,0.308255743000000,0.624261919000000,79.417000000000002,-0.023398329000000,-0.054794573000000,79.440398329999994,0.372905137000000,0.406565144000000,1.479631755000000,1.519271256000000,-93.530716170000005,44.077143450000001,1,0
349,349,78.039000000000001,114.290000000000006,71.421000000000006,89.913382139999996,0.209290022000000,0.188484316000000,0.299823006000000,0.624910316000000,79.120000000000005,-0.019091564000000,-0.054220284000000,79.139091559999997,0.364035774000000,0.401837840000000,1.464524148000000,1.508385324000000,-93.530716170000005,44.077104450000000,1,0
350,350,74.650000000000006,110.969999999999999,68.766000000000005,86.824969830000001,0.214924621000000,0.195668570000000,0.310815205000000,0.619680995000000,78.524000000000001,-0.025394479000000,-0.057776764000000,78.549394480000004,0.376906815000000,0.411569984000000,1.486537173000000,1.527739257000000,-93.530716170000005,44.077065449999999,1,0
351,351,75.662000000000006,112.069999999999993,69.162999999999997,87.688736849999998,0.214966189000000,0.193936036000000,0.307061711000000,0.617141073000000,79.314999999999998,-0.023913272000000,-0.059330855000000,79.338913270000006,0.373812540000000,0.411779872000000,1.481192673000000,1.526159361000000,-93.530716170000005,44.077026449999998,1,0
352,352,76.626999999999995,112.680000000000007,70.893000000000001,88.683514020000004,0.208753486000000,0.190447263000000,0.304465688000000,0.629153355000000,77.840000000000003,-0.020761722000000,-0.051613374000000,77.860761719999999,0.367562959000000,0.400707391000000,1.470499954000000,1.509083412000000,-93.530716170000005,44.076987449999997,1,0
353,353,76.828000000000003,112.909999999999997,70.111999999999995,88.632014960000006,0.211610688000000,0.190167494000000,0.301623393000000,0.620954743000000,78.879999999999995,-0.020591880000000,-0.056775832000000,78.900591879999993,0.367060723000000,0.405955823000000,1.469646483000000,1.515102546000000,-93.530716170000005,44.076948450000003,1,0
354,354,82.448999999999998,117.290000000000006,74.885999999999996,93.385749619999999,0.197096309000000,0.174432635000000,0.279056170000000,0.638468753000000,77.245000000000005,-0.006777970000000,-0.045333091000000,77.251777970000006,0.338563873000000,0.380441755000000,1.422576381000000,1.468892179000000,-93.530716170000005,44.076909450000002,1,0
355,355,80.742000000000004,115.019999999999996,73.671000000000006,91.608382449999993,0.196713252000000,0.175100377000000,0.280757795000000,0.640505999000000,75.626999999999995,-0.007353220000000,-0.044094821000000,75.634353219999994,0.339782960000000,0.379668249000000,1.424537415000000,1.468683578000000,-93.530716170000005,44.076870450000001,1,0
356,356,78.736999999999995,112.230000000000004,71.878000000000000,89.371014979999998,0.196880624000000,0.175386323000000,0.281243440000000,0.640452642000000,73.844999999999999,-0.007602199000000,-0.044135517000000,73.852602200000007,0.340304749000000,0.379956343000000,1.425378158000000,1.469302434000000,-93.530716170000005,44.076831450000000,1,0
357,357,75.500000000000000,110.930000000000007,68.245999999999995,86.916111689999994,0.213656231000000,0.190044521000000,0.299786773000000,0.615216803000000,78.114000000000004,-0.020535897000000,-0.060412446000000,78.134535900000003,0.366839914000000,0.409719119000000,1.469271523000000,1.519534931000000,-93.530677170000004,44.078001450000002,1,0
358,358,76.402000000000001,111.969999999999999,68.894999999999996,87.789649220000001,0.212987864000000,0.188817871000000,0.297697465000000,0.615298741000000,78.643000000000001,-0.019463048000000,-0.060314770000000,78.662463049999999,0.364635682000000,0.408604374000000,1.465537551000000,1.516890807000000,-93.530677170000004,44.077962450000001,1,0
359,359,75.429000000000002,111.579999999999998,68.652000000000001,87.278725059999999,0.215332711000000,0.193311552000000,0.305440320000000,0.615271554000000,79.078999999999994,-0.023388002000000,-0.060498864000000,79.102388000000005,0.372695705000000,0.412500559000000,1.479271898000000,1.526380341000000,-93.530677170000004,44.077923450000000,1,0
360,360,75.924999999999997,111.049999999999997,68.426000000000002,87.137488300000001,0.212167520000000,0.187859339000000,0.296290985000000,0.616172895000000,77.748999999999995,-0.018617781000000,-0.059724120000000,77.767617779999995,0.362911134000000,0.407184192000000,1.462627593000000,1.514165187000000,-93.530677170000004,44.077884449999999,1,0
361,361,74.909000000000006,110.420000000000002,67.944000000000003,86.449063649999999,0.214430852000000,0.191610595000000,0.302517357000000,0.615323311000000,77.986999999999995,-0.021902848000000,-0.060402806000000,78.008902849999998,0.369649644000000,0.410998714000000,1.474055187000000,1.522745221000000,-93.530677170000004,44.077845449999998,1,0
362,362,75.472999999999999,111.140000000000001,68.829999999999998,87.150907869999998,0.212713083000000,0.191128164000000,0.302819592000000,0.619308980000000,77.977000000000004,-0.021444314000000,-0.057852437000000,77.998444309999996,0.368784634000000,0.407894869000000,1.472579598000000,1.518460116000000,-93.530677170000004,44.077806449999997,1,0
363,363,74.793999999999997,110.349999999999994,66.653000000000006,86.050154649999996,0.218842072000000,0.192045111000000,0.300073423000000,0.604014499000000,79.253000000000000,-0.022392642000000,-0.067656882000000,79.275392640000007,0.370428334000000,0.419049309000000,1.475385726000000,1.533102698000000,-93.530677170000004,44.077767450000003,3,0
364,364,75.259000000000000,111.299999999999997,67.495000000000005,86.808567370000006,0.218544206000000,0.193188214000000,0.302702748000000,0.606424079000000,79.846000000000004,-0.023370622000000,-0.066155227000000,79.869370619999998,0.372475032000000,0.418386664000000,1.478892890000000,1.533498090000000,-93.530677170000004,44.077728450000002,3,0
365,365,73.215000000000003,108.989999999999995,65.414000000000001,84.692084870000002,0.222515416000000,0.196344776000000,0.306316411000000,0.600183503000000,79.350999999999999,-0.026205582000000,-0.070311244000000,79.377205579999995,0.378112823000000,0.425335311000000,1.488629379000000,1.545539336000000,-93.530677170000004,44.077689450000001,3,0
366,366,74.463999999999999,111.040000000000006,67.228999999999999,86.399281130000006,0.220981216000000,0.197170950000000,0.309245403000000,0.605448487000000,80.387000000000000,-0.026867880000000,-0.066945749000000,80.413867879999998,0.379585009000000,0.422458013000000,1.491190374000000,1.542818596000000,-93.530677170000004,44.077650450000000,3,0
367,367,72.150000000000006,109.069999999999993,64.483000000000004,84.182232270000000,0.229744090000000,0.203730273000000,0.316266479000000,0.591207481000000,81.507000000000005,-0.032803832000000,-0.076489909000000,81.539803829999997,0.391222457000000,0.437726867000000,1.511711712000000,1.569337723000000,-93.530677170000004,44.077611449999999,3,0
368,368,74.599000000000004,111.549999999999997,66.521000000000001,86.474382989999995,0.225083741000000,0.198502275000000,0.308882536000000,0.596333483000000,81.980000000000004,-0.028145011000000,-0.072903788000000,82.008145010000007,0.381954345000000,0.429799338000000,1.495328356000000,1.553500472000000,-93.530677170000004,44.077572449999998,3,0
369,369,74.614000000000004,111.849999999999994,67.042000000000002,86.741572619999999,0.224559060000000,0.199695384000000,0.311801846000000,0.599392043000000,82.043999999999997,-0.029152762000000,-0.070969523000000,82.073152759999999,0.384074548000000,0.428726191000000,1.499048436000000,1.553428594000000,-93.530677170000004,44.077533449999997,3,0
370,370,74.049000000000007,110.810000000000002,67.031000000000006,86.130260770000007,0.222056796000000,0.198859671000000,0.311988661000000,0.604918329000000,80.540000000000006,-0.028351264000000,-0.067357180000000,80.568351260000000,0.382589766000000,0.424260132000000,1.496441545000000,1.546891462000000,-93.530677170000004,44.077494450000003,3,0
371,371,73.474000000000004,110.849999999999994,67.644999999999996,86.143286059999994,0.222096968000000,0.202773377000000,0.320331851000000,0.610239062000000,80.581000000000003,-0.031695963000000,-0.064083280000000,80.612695959999996,0.389530416000000,0.424013696000000,1.508696954000000,1.550800891000000,-93.530677170000004,44.077455450000002,3,0
372,372,73.810000000000002,110.819999999999993,67.222999999999999,86.116046179999998,0.222258067000000,0.200454964000000,0.315228223000000,0.606596282000000,80.606999999999999,-0.029723688000000,-0.066339492000000,80.636723689999997,0.385422795000000,0.424486853000000,1.501422571000000,1.548894532000000,-93.530677170000004,44.077416450000001,3,0
373,373,76.823999999999998,113.569999999999993,69.893000000000001,88.854006330000004,0.215117010000000,0.192999779000000,0.304943527000000,0.615417804000000,80.423000000000002,-0.023114485000000,-0.060394103000000,80.446114489999999,0.372137829000000,0.412133127000000,1.478314069000000,1.525600305000000,-93.530677170000004,44.077377450000000,1,0
374,374,74.810000000000002,111.799999999999997,66.941999999999993,86.750614720000002,0.224025050000000,0.198220888000000,0.309105191000000,0.598765653000000,81.847999999999999,-0.027868051000000,-0.071311605000000,81.875868049999994,0.381453874000000,0.427899457000000,1.494452613000000,1.550790216000000,-93.530677170000004,44.077338449999999,3,0
375,375,75.938000000000002,112.629999999999995,68.069000000000003,87.722071540000002,0.220038617000000,0.194582326000000,0.304500452000000,0.604359407000000,81.253000000000000,-0.024613754000000,-0.067540534000000,81.277613750000000,0.374967525000000,0.420984966000000,1.483183650000000,1.538210202000000,-93.530677170000004,44.077299449999998,3,0
376,376,76.168000000000006,112.810000000000002,69.248000000000005,88.172077639999998,0.216162313000000,0.193895586000000,0.306038587000000,0.613846290000000,80.203999999999994,-0.023912387000000,-0.061429910000000,80.227912390000000,0.373740222000000,0.413965292000000,1.481068165000000,1.528796563000000,-93.530677170000004,44.077260449999997,1,0
377,377,75.075999999999993,111.730000000000004,68.001999999999995,87.071370500000000,0.219300591000000,0.196214254000000,0.308524965000000,0.608627942000000,80.382000000000005,-0.025994474000000,-0.064861386000000,80.407994470000006,0.377880112000000,0.419484454000000,1.488225265000000,1.538086735000000,-93.530677170000004,44.077221450000003,3,0
378,378,75.566999999999993,112.109999999999999,67.787000000000006,87.319530000000000,0.219999238000000,0.194712192000000,0.304804404000000,0.604647221000000,80.866000000000000,-0.024724423000000,-0.067360567000000,80.890724419999998,0.375199505000000,0.420900152000000,1.483584104000000,1.538243299000000,-93.530677170000004,44.077182450000002,3,0
379,379,77.216999999999999,113.780000000000001,70.251000000000005,89.150727219999993,0.213562721000000,0.191432326000000,0.302809203000000,0.617428371000000,80.091999999999999,-0.021727248000000,-0.059057294000000,80.113727249999997,0.369330059000000,0.409424532000000,1.473509719000000,1.520638993000000,-93.530677170000004,44.077143450000001,1,0
380,380,76.067999999999998,112.170000000000002,67.442999999999998,87.401387810000003,0.219732990000000,0.191789118000000,0.298869986000000,0.601257021000000,80.828999999999994,-0.022194844000000,-0.069421662000000,80.851194840000005,0.369969619000000,0.420714885000000,1.474601672000000,1.534896183000000,-93.530677170000004,44.077104450000000,3,0
381,381,73.631000000000000,109.760000000000005,66.475999999999999,85.416314479999997,0.220820461000000,0.197005306000000,0.309019373000000,0.605648688000000,79.412999999999997,-0.026720615000000,-0.066809943000000,79.439720620000003,0.379289954000000,0.422180588000000,1.490676481000000,1.542294137000000,-93.530677170000004,44.077065449999999,3,0
382,382,72.947000000000003,109.400000000000006,65.204999999999998,84.737470720000005,0.225935140000000,0.199910062000000,0.311186423000000,0.596023766000000,80.647999999999996,-0.029384533000000,-0.073168466000000,80.677384529999998,0.384455722000000,0.431205219000000,1.499718974000000,1.556810754000000,-93.530677170000004,44.077026449999998,3,0
383,383,74.972999999999999,110.530000000000001,68.420000000000002,86.639344469999998,0.213105668000000,0.191678841000000,0.303690544000000,0.619017461000000,77.667000000000002,-0.021927120000000,-0.058056970000000,77.688927120000002,0.369771972000000,0.408567407000000,1.474264068000000,1.519856715000000,-93.530677170000004,44.076987449999997,1,0
384,384,77.748999999999995,112.939999999999998,70.600999999999999,89.040911570000006,0.207172060000000,0.184546565000000,0.293043435000000,0.625119532000000,77.530000000000001,-0.015658464000000,-0.053957672000000,77.545658459999999,0.356936780000000,0.398270510000000,1.452623185000000,1.500031330000000,-93.530677170000004,44.076948450000003,1,0
385,385,78.605000000000004,113.530000000000001,71.414000000000001,89.754788770000005,0.204309972000000,0.181773232000000,0.289303435000000,0.629031974000000,77.040999999999997,-0.013215759000000,-0.051415107000000,77.054215760000005,0.351918545000000,0.393219321000000,1.444310158000000,1.491198693000000,-93.530677170000004,44.076909450000002,1,0
386,386,76.637000000000000,110.650000000000006,69.983999999999995,87.586933049999999,0.202975639000000,0.181608974000000,0.289958484000000,0.632480795000000,74.679000000000002,-0.013053162000000,-0.049257009000000,74.692053160000000,0.351620853000000,0.390761754000000,1.443819565000000,1.488148785000000,-93.530677170000004,44.076870450000001,1,0
387,387,79.293999999999997,112.030000000000001,71.808000000000007,89.432746050000006,0.194470655000000,0.171102423000000,0.273904749000000,0.640971168000000,72.957999999999998,-0.003870301000000,-0.043699740000000,72.961870300000001,0.332471400000000,0.375823703000000,1.412843342000000,1.460277809000000,-93.530677170000004,44.076831450000000,1,0
388,388,76.361999999999995,112.260000000000005,69.061000000000007,87.944839459999997,0.213808614000000,0.190317142000000,0.300248409000000,0.615187957000000,79.096999999999994,-0.020774362000000,-0.060440929000000,79.117774359999999,0.367329388000000,0.409973965000000,1.470102931000000,1.520132132000000,-93.530638170000003,44.078001450000002,1,0
389,389,75.870999999999995,111.890000000000001,68.682000000000002,87.546174230000005,0.215096122000000,0.191834300000000,0.302479866000000,0.613835017000000,79.227000000000004,-0.022112516000000,-0.061359444000000,79.249112519999997,0.370050591000000,0.412197306000000,1.474740019000000,1.524445887000000,-93.530638170000003,44.077962450000001,1,0
390,390,75.643000000000001,112.519999999999996,68.730999999999995,87.762110669999998,0.218362054000000,0.195984333000000,0.308769844000000,0.610833630000000,80.665999999999997,-0.025768605000000,-0.063437060000000,80.691768600000003,0.377470093000000,0.417795504000000,1.487513716000000,1.535745085000000,-93.530638170000003,44.077923450000000,3,0
391,391,74.206000000000003,109.650000000000006,67.022999999999996,85.677176009999997,0.216545687000000,0.192781307000000,0.303373191000000,0.611244870000000,78.070999999999998,-0.022965653000000,-0.063049518000000,78.093965650000001,0.371746782000000,0.414765353000000,1.477643317000000,1.528597911000000,-93.530638170000003,44.077884449999999,1,0
392,392,80.167000000000002,114.450000000000003,72.045000000000002,90.767160750000002,0.201221688000000,0.176156245000000,0.279696831000000,0.629488860000000,76.688000000000002,-0.008310895000000,-0.050952142000000,76.696310900000000,0.341708914000000,0.387994203000000,1.427644791000000,1.479342145000000,-93.530638170000003,44.077845449999998,1,0
393,393,82.367000000000004,116.790000000000006,76.265000000000001,93.524643839999996,0.191090533000000,0.172843536000000,0.280107737000000,0.653009675000000,74.947999999999993,-0.005359775000000,-0.036376905000000,74.953359780000000,0.335659287000000,0.369356689000000,1.417922226000000,1.454735126000000,-93.530638170000003,44.077806449999997,1,0
394,394,76.507999999999996,112.200000000000003,68.498000000000005,87.814748320000007,0.214923418000000,0.189138775000000,0.296913734000000,0.610499109000000,79.394000000000005,-0.019784919000000,-0.063384213000000,79.413784919999998,0.365212625000000,0.412137256000000,1.466513306000000,1.521526955000000,-93.530638170000003,44.077767450000003,1,0
395,395,74.765000000000001,110.939999999999998,67.147999999999996,86.422108919999999,0.219814565000000,0.194798201000000,0.305127491000000,0.605264107000000,79.966999999999999,-0.024793062000000,-0.066966973000000,79.991793060000006,0.375353126000000,0.420554119000000,1.483849395000000,1.537904452000000,-93.530638170000003,44.077728450000002,3,0
396,396,75.873000000000005,111.609999999999999,67.328999999999994,87.076017500000006,0.218376626000000,0.190614616000000,0.297426636000000,0.603252397000000,80.018000000000001,-0.021144216000000,-0.068087060000000,80.039144219999997,0.367863311000000,0.418345360000000,1.471010768000000,1.530712355000000,-93.530638170000003,44.077689450000001,3,0
397,397,75.820999999999998,112.609999999999999,68.941000000000003,87.906574689999999,0.217464633000000,0.195238575000000,0.307883505000000,0.612210283000000,80.457999999999998,-0.025102187000000,-0.062526615000000,80.483102189999997,0.376139430000000,0.416225063000000,1.485208583000000,1.533007653000000,-93.530638170000003,44.077650450000000,3,0
398,398,75.186999999999998,112.269999999999996,67.727999999999994,87.263432309999999,0.222136044000000,0.197821367000000,0.309724461000000,0.603259998000000,81.625000000000000,-0.027463213000000,-0.068384897000000,81.652463209999993,0.380743006000000,0.424499351000000,1.493210262000000,1.546075422000000,-93.530638170000003,44.077611449999999,3,0
399,399,75.251999999999995,112.040000000000006,66.531000000000006,86.875771580000006,0.224939390000000,0.196420563000000,0.304634774000000,0.593814709000000,82.296999999999997,-0.026345918000000,-0.074447942000000,82.323345919999994,0.378247928000000,0.429758721000000,1.488864083000000,1.551202707000000,-93.530638170000003,44.077572449999998,3,0
400,400,78.435000000000002,115.790000000000006,70.951999999999998,90.541996940000004,0.215748346000000,0.192328485000000,0.303026616000000,0.612764487000000,82.192999999999998,-0.022554746000000,-0.062061189000000,82.215554749999995,0.370935958000000,0.413347057000000,1.476254223000000,1.526376687000000,-93.530638170000003,44.077533449999997,1,0
401,401,76.361000000000004,112.709999999999994,69.826999999999998,88.337150260000001,0.213213924000000,0.192250530000000,0.304828754000000,0.619527992000000,79.231999999999999,-0.022420413000000,-0.057753246000000,79.254420409999994,0.370796329000000,0.408718482000000,1.476015243000000,1.520643119000000,-93.530638170000003,44.077494450000003,1,0
402,402,74.429000000000002,112.269999999999996,69.049999999999997,87.392088580000006,0.220263084000000,0.202684535000000,0.321643193000000,0.615035183000000,81.061000000000007,-0.031552030000000,-0.060997306000000,81.092552029999993,0.389373221000000,0.420721534000000,1.508417418000000,1.546572129000000,-93.530638170000003,44.077455450000002,3,0
403,403,75.588999999999999,111.560000000000002,69.763999999999996,87.609638390000001,0.211052099000000,0.192205141000000,0.306436086000000,0.625349588000000,77.766999999999996,-0.022324289000000,-0.054066552000000,77.789324289999996,0.370715026000000,0.404776378000000,1.475876120000000,1.515819090000000,-93.531145170000002,44.077494450000003,1,0
404,404,75.117000000000004,113.150000000000006,69.024000000000001,87.957942160000002,0.221787005000000,0.202016285000000,0.318953733000000,0.610022095000000,82.159000000000006,-0.031039562000000,-0.064193462000000,82.190039560000002,0.388190300000000,0.423511903000000,1.506316812000000,1.549352062000000,-93.530638170000003,44.077416450000001,3,0
405,405,78.650000000000006,116.260000000000005,71.554000000000002,90.961869329999999,0.215079274000000,0.192960854000000,0.304889912000000,0.615465336000000,82.316000000000003,-0.023080041000000,-0.060362375000000,82.339080039999999,0.372068162000000,0.412067504000000,1.478194533000000,1.525478789000000,-93.530638170000003,44.077377450000000,1,0
406,406,78.299000000000007,115.500000000000000,70.123999999999995,90.163478889999993,0.217638361000000,0.191956615000000,0.300796442000000,0.607134199000000,82.576999999999998,-0.022284530000000,-0.065649451000000,82.599284530000006,0.370269773000000,0.416847600000000,1.475114625000000,1.530287334000000,-93.530638170000003,44.077338449999999,1,0
407,407,77.849000000000004,115.060000000000002,69.516000000000005,89.687874800000003,0.219227254000000,0.192894059000000,0.301564919000000,0.604171736000000,82.754999999999995,-0.023135753000000,-0.067591121000000,82.778135750000004,0.371948610000000,0.419668618000000,1.477989441000000,1.534773752000000,-93.530638170000003,44.077299449999998,3,0
408,408,80.018000000000001,117.019999999999996,72.748000000000005,91.994261100000003,0.210115665000000,0.187791187000000,0.297706976000000,0.621671509000000,81.274000000000001,-0.018513933000000,-0.056240131000000,81.292513929999998,0.362788448000000,0.403412737000000,1.462420955000000,1.509549959000000,-93.530638170000003,44.077260449999997,1,0
409,409,79.536000000000001,116.170000000000002,70.736000000000004,90.967074429999997,0.214494057000000,0.187188947000000,0.293142354000000,0.608900749000000,82.067999999999998,-0.018088740000000,-0.064327696000000,82.086088739999994,0.361703897000000,0.411547166000000,1.460596459000000,1.518754876000000,-93.530638170000003,44.077221450000003,1,0
410,410,78.558000000000007,115.189999999999998,70.081000000000003,90.095212649999993,0.215664650000000,0.189070339000000,0.296214835000000,0.608394826000000,81.741000000000000,-0.019743091000000,-0.064726016000000,81.760743090000005,0.365089603000000,0.413510548000000,1.466305150000000,1.523133158000000,-93.530638170000003,44.077182450000002,1,0
411,411,80.524000000000001,118.120000000000005,73.007999999999996,92.676169250000001,0.212195848000000,0.189263205000000,0.299245439000000,0.618083305000000,82.707999999999998,-0.019828310000000,-0.058563162000000,82.727828310000007,0.365436277000000,0.407107273000000,1.466891858000000,1.515545140000000,-93.530638170000003,44.077143450000001,1,0
412,412,78.069999999999993,114.739999999999995,69.808999999999997,89.691116210000004,0.216242358000000,0.190187231000000,0.298127657000000,0.608410319000000,81.600999999999999,-0.020722035000000,-0.064760737000000,81.621722030000001,0.367096160000000,0.414459993000000,1.469706673000000,1.525476059000000,-93.530638170000003,44.077104450000000,1,0
413,413,76.096999999999994,112.439999999999998,68.433000000000007,87.781134069999993,0.217509001000000,0.192763224000000,0.302596083000000,0.608617930000000,80.349999999999994,-0.022976223000000,-0.064730513000000,80.372976219999998,0.371714410000000,0.416531250000000,1.477587816000000,1.530753470000000,-93.530638170000003,44.077065449999999,3,0
414,414,76.088999999999999,111.680000000000007,69.573999999999998,87.754391720000001,0.210547852000000,0.189546730000000,0.301121029000000,0.622976361000000,77.697000000000003,-0.020033185000000,-0.055476154000000,77.717033189999995,0.365945774000000,0.404058874000000,1.467754866000000,1.512163920000000,-93.531145170000002,44.077455450000002,1,0
415,415,77.262000000000000,114.409999999999997,69.879000000000005,89.334837149999998,0.217253917000000,0.193810259000000,0.305009319000000,0.610777030000000,81.679000000000002,-0.023869914000000,-0.063388785000000,81.702869910000004,0.373587663000000,0.415966618000000,1.480805571000000,1.531169447000000,-93.530638170000003,44.077026449999998,1,0
416,416,78.415000000000006,114.810000000000002,71.677999999999997,90.310545730000001,0.209439761000000,0.188355544000000,0.299431496000000,0.624318439000000,79.527000000000001,-0.018984307000000,-0.054589038000000,79.545984309999994,0.363804115000000,0.402123137000000,1.464133138000000,1.508592653000000,-93.530638170000003,44.076987449999997,1,0
417,417,79.451999999999998,114.400000000000006,71.864999999999995,90.488596939999994,0.203839870000000,0.180281865000000,0.286489544000000,0.628190559000000,77.483000000000004,-0.011919448000000,-0.051893556000000,77.494919449999998,0.349213741000000,0.392481362000000,1.439863062000000,1.488798066000000,-93.530638170000003,44.076948450000003,1,0
418,418,79.894000000000005,115.290000000000006,72.584999999999994,91.183729470000003,0.203887652000000,0.181346832000000,0.288713611000000,0.629586261000000,78.100999999999999,-0.012840919000000,-0.051055201000000,78.113840920000001,0.351145651000000,0.392474006000000,1.443037024000000,1.489884766000000,-93.530638170000003,44.076909450000002,1,0
419,419,78.113000000000000,111.510000000000005,70.466999999999999,88.509357240000000,0.200322928000000,0.176123150000000,0.280279633000000,0.631934356000000,74.439999999999998,-0.008273290000000,-0.049429813000000,74.448273290000003,0.341648578000000,0.386317074000000,1.427547271000000,1.477365991000000,-93.530638170000003,44.076870450000001,1,0
420,420,79.287000000000006,109.840000000000003,71.516000000000005,88.441679890000003,0.185911364000000,0.161547532000000,0.259780123000000,0.651092498000000,68.876999999999995,0.004457438000000,-0.037283180000000,68.872542559999999,0.314877514000000,0.360557945000000,1.385346904000000,1.433760228000000,-93.530638170000003,44.076831450000000,1,0
421,421,73.287000000000006,109.549999999999997,67.424000000000007,85.475498720000004,0.217861600000000,0.198335129000000,0.314202040000000,0.615463259000000,78.388999999999996,-0.027763815000000,-0.060562373000000,78.416763810000006,0.381657081000000,0.416697515000000,1.494808083000000,1.536894927000000,-93.530599170000002,44.078001450000002,3,0
422,422,74.471999999999994,110.689999999999998,67.561000000000007,86.338179280000006,0.218338364000000,0.195601689000000,0.307973572000000,0.610362273000000,79.346999999999994,-0.025439711000000,-0.063724315000000,79.372439709999995,0.376787482000000,0.417785667000000,1.486330433000000,1.535324760000000,-93.530599170000002,44.077962450000001,3,0
423,423,74.539000000000001,112.079999999999998,67.840000000000003,87.025388100000001,0.223116776000000,0.201163869000000,0.316057552000000,0.605281941000000,81.781000000000006,-0.030360097000000,-0.067217116000000,81.811360100000002,0.386679996000000,0.425980408000000,1.503642389000000,1.551541877000000,-93.530599170000002,44.077923450000000,3,0
424,424,73.849999999999994,109.760000000000005,66.575000000000003,85.504991520000004,0.219741905000000,0.195577583000000,0.306831290000000,0.606550656000000,79.094999999999999,-0.025461159000000,-0.066171033000000,79.120461160000005,0.376744467000000,0.420347144000000,1.486255924000000,1.538479429000000,-93.530599170000002,44.077884449999999,3,0
425,425,75.325000000000003,111.670000000000002,68.885999999999996,87.348584270000003,0.215287130000000,0.194363486000000,0.307724221000000,0.616871138000000,79.129000000000005,-0.024288634000000,-0.059518292000000,79.153288630000006,0.374576532000000,0.412330250000000,1.482509127000000,1.527286445000000,-93.531145170000002,44.077416450000001,1,0
426,426,74.427999999999997,110.579999999999998,67.037999999999997,86.142434429999994,0.219769129000000,0.195407766000000,0.306450793000000,0.606239826000000,79.694000000000003,-0.025316014000000,-0.066364076000000,79.719316010000000,0.376441420000000,0.420412782000000,1.485731176000000,1.538379668000000,-93.530599170000002,44.077845449999998,3,0
427,427,76.335999999999999,113.370000000000005,69.430000000000007,88.506999149999999,0.217376364000000,0.195217863000000,0.307908477000000,0.612419511000000,80.974000000000004,-0.025081810000000,-0.062391949000000,80.999081810000007,0.376102457000000,0.416065997000000,1.485144624000000,1.532789199000000,-93.530599170000002,44.077806449999997,3,0
428,428,74.162000000000006,111.290000000000006,67.195999999999998,86.411358739999997,0.223175376000000,0.200202748000000,0.313962928000000,0.603791895000000,81.221999999999994,-0.029539913000000,-0.068140654000000,81.251539910000005,0.384975249000000,0.426169419000000,1.500633748000000,1.550742777000000,-93.530599170000002,44.077767450000003,3,0
429,429,74.664000000000001,110.019999999999996,66.829999999999998,85.917328859999998,0.217257575000000,0.191440515000000,0.299998303000000,0.607435012000000,78.546000000000006,-0.021829401000000,-0.065435721000000,78.567829399999994,0.369344740000000,0.416200065000000,1.473534769000000,1.528941745000000,-93.530599170000002,44.077728450000002,3,0
430,430,74.025000000000006,110.280000000000001,66.272999999999996,85.700038030000002,0.222419899000000,0.196711972000000,0.307162464000000,0.600952122000000,80.262000000000000,-0.026518689000000,-0.069829754000000,80.288518690000004,0.378767315000000,0.425123993000000,1.489766971000000,1.545668143000000,-93.530599170000002,44.077689450000001,3,0
431,431,73.492000000000004,110.129999999999995,65.959999999999994,85.401819970000005,0.224646384000000,0.199529468000000,0.311383454000000,0.598928539000000,80.808000000000007,-0.029013310000000,-0.071263152000000,80.837013310000003,0.383779888000000,0.428900835000000,1.498530452000000,1.553470675000000,-93.530599170000002,44.077650450000000,3,0
432,432,73.064999999999998,110.549999999999997,66.132999999999996,85.505107870000003,0.227317387000000,0.204149988000000,0.319070155000000,0.598218001000000,81.902000000000001,-0.033069334000000,-0.071927703000000,81.935069330000005,0.391964006000000,0.433305604000000,1.513036338000000,1.564102881000000,-93.530599170000002,44.077611449999999,3,0
433,433,74.379000000000005,111.730000000000004,65.834999999999994,86.313528809999994,0.228902809000000,0.200694217000000,0.310549246000000,0.589232972000000,83.245999999999995,-0.030163052000000,-0.077640269000000,83.276163049999994,0.385847214000000,0.436519303000000,1.502171312000000,1.564466606000000,-93.530599170000002,44.077572449999998,3,0
434,434,74.605000000000004,111.980000000000004,67.222999999999999,86.841537979999998,0.224534430000000,0.200310850000000,0.313123105000000,0.600312556000000,82.132000000000005,-0.029679916000000,-0.070398884000000,82.161679919999997,0.385167088000000,0.428623205000000,1.500971785000000,1.553963427000000,-93.530599170000002,44.077533449999997,3,0
435,435,75.795000000000002,113.700000000000003,69.353999999999999,88.473252720000005,0.220779012000000,0.200031663000000,0.315504282000000,0.609973615000000,82.251000000000005,-0.029310525000000,-0.064147051000000,82.280310520000000,0.384671590000000,0.421845841000000,1.500098951000000,1.545124215000000,-93.530599170000002,44.077494450000003,3,0
436,436,74.617000000000004,112.000000000000000,68.572999999999993,87.204650139999998,0.220076799000000,0.200319371000000,0.316686998000000,0.612258929000000,80.810000000000002,-0.029531721000000,-0.062689761000000,80.839531719999997,0.385182207000000,0.420554316000000,1.500998432000000,1.543818432000000,-93.531145170000002,44.077377450000000,3,0
437,437,73.308000000000007,111.459999999999994,66.555000000000007,86.075475580000003,0.228944024000000,0.206485972000000,0.322739462000000,0.597120043000000,83.057000000000002,-0.035129296000000,-0.072747023000000,83.092129299999996,0.396084312000000,0.436028609000000,1.520434332000000,1.570159984000000,-93.530599170000002,44.077455450000002,3,0
438,438,73.917000000000002,111.909999999999997,67.719999999999999,86.744009190000000,0.224877345000000,0.204453605000000,0.321682881000000,0.605129122000000,82.183000000000007,-0.033233286000000,-0.067451005000000,82.216233290000005,0.392500200000000,0.428887630000000,1.513995427000000,1.558790255000000,-93.530599170000002,44.077416450000001,3,0
439,439,76.516999999999996,112.980000000000004,70.188000000000002,88.592112200000003,0.212670897000000,0.192419933000000,0.305618185000000,0.621242698000000,79.254999999999995,-0.022551168000000,-0.056671737000000,79.277551169999995,0.371099738000000,0.407713402000000,1.476534626000000,1.519600729000000,-93.530599170000002,44.077377450000000,1,0
440,440,77.695999999999998,114.890000000000001,70.165000000000006,89.739452009999994,0.216922951000000,0.193129303000000,0.303820423000000,0.610714597000000,81.918999999999997,-0.023275268000000,-0.063402233000000,81.942275269999996,0.372369619000000,0.415423709000000,1.478711903000000,1.529777209000000,-93.530599170000002,44.077338449999999,1,0
441,441,77.418000000000006,113.930000000000007,69.519000000000005,89.081391589999996,0.215911547000000,0.190814641000000,0.299698758000000,0.610190468000000,80.923000000000002,-0.021255276000000,-0.063646993000000,80.944255279999993,0.368222228000000,0.413789092000000,1.471621587000000,1.525316778000000,-93.530599170000002,44.077299449999998,1,0
442,442,77.769000000000005,114.819999999999993,70.488000000000000,89.815009709999998,0.215357624000000,0.192383781000000,0.303445508000000,0.613900017000000,81.382999999999996,-0.022591865000000,-0.061338696000000,81.405591860000001,0.371034993000000,0.412626865000000,1.476423768000000,1.525552787000000,-93.530599170000002,44.077260449999997,1,0
443,443,77.757000000000005,115.239999999999995,70.216999999999999,89.920030650000001,0.218008001000000,0.194215454000000,0.305285877000000,0.609311003000000,82.506000000000000,-0.024239592000000,-0.064343842000000,82.530239589999994,0.374311994000000,0.417307572000000,1.482053063000000,1.533256200000000,-93.530599170000002,44.077221450000003,3,0
444,444,76.728999999999999,112.670000000000002,68.935000000000002,88.192786110000000,0.214757792000000,0.189763410000000,0.298354695000000,0.611831011000000,79.676000000000002,-0.020320206000000,-0.062558548000000,79.696320209999996,0.366335039000000,0.411770470000000,1.468414811000000,1.521737825000000,-93.530599170000002,44.077182450000002,1,0
445,445,81.143000000000001,117.090000000000003,73.518000000000001,92.554760139999999,0.204502612000000,0.181337113000000,0.288233172000000,0.627875993000000,79.519000000000005,-0.012841903000000,-0.052124187000000,79.531841900000003,0.351128032000000,0.393615492000000,1.443008023000000,1.491214960000000,-93.530599170000002,44.077143450000001,1,0
446,446,77.709000000000003,114.370000000000005,70.396000000000001,89.581959490000003,0.213973915000000,0.190864176000000,0.301282841000000,0.615511061000000,80.635000000000005,-0.021249262000000,-0.060255643000000,80.656249259999996,0.368311097000000,0.410227767000000,1.471772896000000,1.521017715000000,-93.530599170000002,44.077104450000000,1,0
447,447,72.725999999999999,108.959999999999994,66.683999999999997,84.868738910000005,0.219712870000000,0.199431987000000,0.315072781000000,0.612004405000000,78.510000000000005,-0.028761928000000,-0.062819181000000,78.538761930000007,0.383606738000000,0.419964436000000,1.498226219000000,1.542129541000000,-93.531145170000002,44.077338449999999,3,0
448,448,74.763000000000005,110.819999999999993,67.500000000000000,86.461607220000005,0.218126809000000,0.194290425000000,0.305353014000000,0.609095831000000,79.376999999999995,-0.024307441000000,-0.064484774000000,79.401307439999997,0.374445976000000,0.417517739000000,1.482284017000000,1.533595930000000,-93.530599170000002,44.077065449999999,3,0
449,449,78.289000000000001,115.180000000000007,70.957999999999998,90.241597369999994,0.213676249000000,0.190681711000000,0.301123981000000,0.616061816000000,81.113000000000000,-0.021084836000000,-0.059898573000000,81.134084840000000,0.367983713000000,0.409698199000000,1.471215624000000,1.520180726000000,-93.530599170000002,44.077026449999998,1,0
450,450,78.962000000000003,114.310000000000002,72.593999999999994,90.501680239999999,0.202706115000000,0.182892504000000,0.292911715000000,0.635062549000000,77.063999999999993,-0.014154499000000,-0.047687181000000,77.078154499999997,0.353945643000000,0.390160684000000,1.447658367000000,1.488765799000000,-93.530599170000002,44.076987449999997,1,0
451,451,79.591999999999999,114.920000000000002,71.807000000000002,90.733562539999994,0.205752822000000,0.181623756000000,0.287910028000000,0.624843369000000,78.441000000000003,-0.013109091000000,-0.054033696000000,78.454109090000003,0.351647645000000,0.395909284000000,1.443863705000000,1.494211852000000,-93.530599170000002,44.076948450000003,1,0
452,452,78.293000000000006,113.709999999999994,70.683000000000007,89.546718600000005,0.208408166000000,0.184460659000000,0.291930432000000,0.621607598000000,78.444000000000003,-0.015607227000000,-0.056165155000000,78.459607230000003,0.356781564000000,0.400563297000000,1.452364835000000,1.502669861000000,-93.530599170000002,44.076909450000002,1,0
453,453,77.822000000000003,113.290000000000006,70.063999999999993,89.068984279999995,0.210149920000000,0.185587509000000,0.293007732000000,0.618448230000000,78.694000000000003,-0.016614084000000,-0.058199835000000,78.710614079999999,0.358816404000000,0.403677207000000,1.455758012000000,1.507566482000000,-93.530599170000002,44.076870450000001,1,0
454,454,78.733000000000004,113.090000000000003,71.620999999999995,89.661959659999994,0.201378893000000,0.179107823000000,0.285827191000000,0.633309753000000,75.825999999999993,-0.010870621000000,-0.048665371000000,75.836870619999999,0.347081410000000,0.388012893000000,1.436373566000000,1.482378720000000,-93.530599170000002,44.076831450000000,1,0
455,455,74.816999999999993,110.939999999999998,67.448999999999998,86.515190750000002,0.218632087000000,0.194463735000000,0.305330155000000,0.607977285000000,79.614000000000004,-0.024470984000000,-0.065209355000000,79.638470979999994,0.374755656000000,0.418424877000000,1.482818076000000,1.534903660000000,-93.530560170000001,44.078001450000002,3,0
456,456,76.894000000000005,113.239999999999995,69.012000000000000,88.503561099999999,0.216372259000000,0.191159919000000,0.300077608000000,0.609431296000000,80.573999999999998,-0.021564678000000,-0.064146080000000,80.595564679999995,0.368841586000000,0.414601639000000,1.472676672000000,1.526678881000000,-93.530560170000001,44.077962450000001,1,0
457,457,75.459000000000003,111.769999999999996,67.902000000000001,87.172769419999995,0.218530339000000,0.193938973000000,0.304298273000000,0.607515433000000,80.179000000000002,-0.024016682000000,-0.065484790000000,80.203016680000005,0.373817790000000,0.418288460000000,1.481201712000000,1.534175662000000,-93.530560170000001,44.077923450000000,3,0
458,458,77.241000000000000,114.349999999999994,70.536000000000001,89.475176959999999,0.214948058000000,0.193688639000000,0.306546611000000,0.616843026000000,80.923000000000002,-0.023700725000000,-0.059511611000000,80.946700730000003,0.373370187000000,0.411766982000000,1.480431377000000,1.525881551000000,-93.531145170000002,44.077299449999998,1,0
459,459,74.694000000000003,111.040000000000006,67.034000000000006,86.414953170000004,0.220863752000000,0.195688458000000,0.306200505000000,0.603692363000000,80.352000000000004,-0.025590265000000,-0.068016521000000,80.377590260000005,0.376942297000000,0.422384388000000,1.486598656000000,1.541138251000000,-93.530560170000001,44.077884449999999,3,0
460,460,74.944000000000003,111.370000000000005,66.778999999999996,86.562722690000001,0.222291426000000,0.195508657000000,0.304730832000000,0.599613900000000,81.016999999999996,-0.025478381000000,-0.070643597000000,81.042478380000006,0.376621473000000,0.425011923000000,1.486042912000000,1.544235875000000,-93.530560170000001,44.077845449999998,3,0
461,461,75.046999999999997,111.370000000000005,67.810000000000002,86.859129650000000,0.218500152000000,0.194848109000000,0.306246680000000,0.608871330000000,79.882999999999996,-0.024797523000000,-0.064650883000000,79.907797520000003,0.375442258000000,0.418148317000000,1.484003358000000,1.534970621000000,-93.530560170000001,44.077806449999997,3,0
462,462,75.302999999999997,111.659999999999997,68.102999999999994,87.133070680000003,0.217912011000000,0.194460936000000,0.305880868000000,0.609914025000000,79.914000000000001,-0.024447790000000,-0.063966973000000,79.938447789999998,0.374750655000000,0.417109779000000,1.482809450000000,1.533272953000000,-93.530560170000001,44.077767450000003,3,0
463,463,74.340999999999994,111.790000000000006,67.712999999999994,86.811363979999996,0.222971605000000,0.201197006000000,0.316244152000000,0.605716075000000,81.525999999999996,-0.030383227000000,-0.066937962000000,81.556383229999994,0.386738738000000,0.425715200000000,1.503746250000000,1.551242946000000,-93.530560170000001,44.077728450000002,3,0
464,464,73.695999999999998,110.329999999999998,67.147999999999996,85.853874340000004,0.220788705000000,0.199069697000000,0.313437944000000,0.608610532000000,79.816000000000003,-0.028488617000000,-0.064986026000000,79.844488620000007,0.382963049000000,0.421941784000000,1.497096179000000,1.544210531000000,-93.530560170000001,44.077689450000001,3,0
465,465,76.329999999999998,113.370000000000005,69.814999999999998,88.606169879999996,0.216139024000000,0.195255667000000,0.308962756000000,0.615815471000000,80.594999999999999,-0.025077549000000,-0.060223879000000,80.620077550000005,0.376169939000000,0.413809661000000,1.485261365000000,1.530049479000000,-93.530560170000001,44.077650450000000,1,0
466,466,73.998999999999995,110.480000000000004,66.491000000000000,85.834599630000000,0.222631069000000,0.197751506000000,0.309192460000000,0.601837437000000,80.469999999999999,-0.027419213000000,-0.069301510000000,80.497419210000004,0.380618668000000,0.425407056000000,1.492993149000000,1.547141334000000,-93.530560170000001,44.077611449999999,3,0
467,467,75.974999999999994,113.000000000000000,68.021000000000001,87.878812510000003,0.221634828000000,0.195925387000000,0.306108107000000,0.601955752000000,82.004000000000005,-0.025817522000000,-0.069147380000000,82.029817519999995,0.377364957000000,0.423769238000000,1.487331359000000,1.543124468000000,-93.530560170000001,44.077572449999998,3,0
468,468,74.442999999999998,111.310000000000002,66.549000000000007,86.333550349999996,0.224492041000000,0.198473241000000,0.309276534000000,0.597870811000000,81.628000000000000,-0.028100451000000,-0.071903512000000,81.656100449999997,0.381902713000000,0.428724568000000,1.495237967000000,1.552106555000000,-93.530560170000001,44.077533449999997,3,0
469,469,75.474000000000004,111.739999999999995,68.772000000000006,87.391342550000005,0.215470214000000,0.193714145000000,0.306192060000000,0.615464471000000,79.233999999999995,-0.023737236000000,-0.060390803000000,79.257737239999997,0.373415799000000,0.412717545000000,1.480509844000000,1.527072801000000,-93.531145170000002,44.077260449999997,1,0
470,470,75.820999999999998,112.480000000000004,68.159000000000006,87.647444770000007,0.219493685000000,0.194682981000000,0.305130595000000,0.605965505000000,80.980000000000004,-0.024684551000000,-0.066510957000000,81.004684549999993,0.375147329000000,0.419978709000000,1.483494019000000,1.537065861000000,-93.530560170000001,44.077494450000003,3,0
471,471,75.644000000000005,112.890000000000001,67.843000000000004,87.690439400000002,0.222855007000000,0.197555879000000,0.308606276000000,0.600965542000000,82.293000000000006,-0.027258295000000,-0.069857280000000,82.320258300000006,0.380270439000000,0.425833926000000,1.492385384000000,1.547468122000000,-93.530560170000001,44.077455450000002,3,0
472,472,75.313000000000002,112.810000000000002,67.719999999999999,87.529314080000006,0.224023675000000,0.199321720000000,0.311429117000000,0.600301392000000,82.587000000000003,-0.028813765000000,-0.070363465000000,82.615813759999995,0.383410854000000,0.427789444000000,1.497882172000000,1.551838778000000,-93.530560170000001,44.077416450000001,3,0
473,473,76.899000000000001,114.219999999999999,69.409999999999997,89.026985990000000,0.219162693000000,0.195276242000000,0.306641251000000,0.607686920000000,82.131000000000000,-0.025184912000000,-0.065428417000000,82.156184909999993,0.376206666000000,0.419318217000000,1.485324907000000,1.536878423000000,-93.530560170000001,44.077377450000000,3,0
474,474,74.109999999999999,111.400000000000006,66.033000000000001,86.144470100000007,0.227740995000000,0.201013422000000,0.312110281000000,0.592755835000000,82.656999999999996,-0.030396393000000,-0.075350139000000,82.687396390000004,0.386413277000000,0.434373533000000,1.503170962000000,1.562057203000000,-93.530560170000001,44.077338449999999,3,0
475,475,77.840999999999994,114.599999999999994,69.569999999999993,89.503009599999999,0.217171033000000,0.191014389000000,0.299167419000000,0.607068063000000,81.789000000000001,-0.021459404000000,-0.065653732000000,81.810459399999999,0.368580564000000,0.416084176000000,1.472231857000000,1.528347403000000,-93.530560170000001,44.077299449999998,1,0
476,476,77.316000000000003,115.670000000000002,70.433999999999997,90.033810520000003,0.220501728000000,0.198739805000000,0.312961029000000,0.608921933000000,83.590000000000003,-0.028196796000000,-0.064772606000000,83.618196800000007,0.382376683000000,0.421449101000000,1.496068084000000,1.543240234000000,-93.530560170000001,44.077260449999997,3,0
477,477,80.099000000000004,117.750000000000000,72.010000000000005,92.134597920000004,0.215142063000000,0.190301695000000,0.299199771000000,0.611549894000000,83.391000000000005,-0.020793822000000,-0.062758700000000,83.411793820000000,0.367301657000000,0.412424847000000,1.470055806000000,1.523104979000000,-93.530560170000001,44.077221450000003,1,0
478,478,75.647000000000006,112.219999999999999,67.927999999999997,87.426178750000005,0.219732891000000,0.194674956000000,0.304930006000000,0.605310996000000,80.864999999999995,-0.024684611000000,-0.066931723000000,80.889684610000003,0.375132995000000,0.420416781000000,1.483469272000000,1.537601997000000,-93.530560170000001,44.077182450000002,3,0
479,479,82.057000000000002,117.329999999999998,73.718999999999994,92.977006320000001,0.202040795000000,0.176907221000000,0.280684025000000,0.628304781000000,78.884000000000000,-0.008971608000000,-0.051713987000000,78.892971610000004,0.343077433000000,0.389451351000000,1.429859732000000,1.481801363000000,-93.530560170000001,44.077143450000001,1,0
480,480,75.134000000000000,112.079999999999998,68.989000000000004,87.495764620000003,0.217324720000000,0.197346352000000,0.312505815000000,0.615533547000000,80.037000000000006,-0.026902105000000,-0.060480947000000,80.063902100000007,0.379897380000000,0.415799551000000,1.491734767000000,1.534728223000000,-93.531145170000002,44.077221450000003,3,0
481,481,79.742000000000004,116.329999999999998,72.695999999999998,91.608158079999995,0.208315805000000,0.186604921000000,0.296556867000000,0.624911889000000,80.221999999999994,-0.017454459000000,-0.054156745000000,80.239454460000005,0.360651454000000,0.400202132000000,1.458829726000000,1.504469594000000,-93.530560170000001,44.077104450000000,1,0
482,482,78.016000000000005,114.939999999999998,71.310000000000002,90.153232439999996,0.212428073000000,0.191359688000000,0.303536491000000,0.620410649000000,80.554000000000002,-0.021635776000000,-0.057162102000000,80.575635779999999,0.369199822000000,0.407354264000000,1.473287531000000,1.518048277000000,-93.530560170000001,44.077065449999999,1,0
483,483,78.486999999999995,114.780000000000001,71.313000000000002,90.222320850000003,0.210248840000000,0.187786844000000,0.297595815000000,0.621301620000000,79.760000000000005,-0.018513115000000,-0.056473656000000,79.778513120000000,0.362780629000000,0.403658093000000,1.462407787000000,1.509840100000000,-93.530560170000001,44.077026449999998,1,0
484,484,77.308999999999997,113.629999999999995,71.451999999999998,89.431252340000000,0.208762277000000,0.190223056000000,0.303974491000000,0.628812814000000,78.498999999999995,-0.020570065000000,-0.051820375000000,78.519570070000000,0.367160479000000,0.400739350000000,1.469815933000000,1.508887177000000,-93.530560170000001,44.076987449999997,1,0
485,485,78.525000000000006,114.269999999999996,69.858000000000004,89.636206759999993,0.212661472000000,0.185404186000000,0.290758681000000,0.611341559000000,80.156999999999996,-0.016504666000000,-0.062701740000000,80.173504670000000,0.358485535000000,0.408344851000000,1.455205349000000,1.512996595000000,-93.530560170000001,44.076948450000003,1,0
486,486,76.337999999999994,112.950000000000003,68.575000000000003,88.105473480000001,0.218403886000000,0.193419551000000,0.303297905000000,0.607127047000000,80.986999999999995,-0.023566002000000,-0.065713189000000,81.010565999999997,0.372888910000000,0.418107008000000,1.479603867000000,1.533398096000000,-93.530560170000001,44.076909450000002,3,1
487,487,76.903999999999996,112.209999999999994,69.257999999999996,88.132437990000000,0.211175934000000,0.186691625000000,0.294570151000000,0.617217717000000,78.257999999999996,-0.017588593000000,-0.059018779000000,78.275588589999998,0.360807743000000,0.405466579000000,1.459091855000000,1.510870127000000,-93.530560170000001,44.076870450000001,1,0
488,488,77.302000000000007,112.739999999999995,69.573999999999998,88.555911300000005,0.211099056000000,0.186474569000000,0.294169406000000,0.617119035000000,78.603999999999999,-0.017399544000000,-0.059073401000000,78.621399539999999,0.360416461000000,0.405345462000000,1.458435746000000,1.510497363000000,-93.530560170000001,44.076831450000000,1,0
489,489,76.674999999999997,112.859999999999999,69.477000000000004,88.399639429999993,0.213966096000000,0.190914607000000,0.301395992000000,0.615603402000000,79.567999999999998,-0.021292450000000,-0.060198755000000,79.589292450000002,0.368401571000000,0.410208913000000,1.471926964000000,1.521047930000000,-93.530521170000000,44.078001450000002,1,0
490,490,77.349000000000004,113.390000000000001,68.894000000000005,88.668940699999993,0.215903577000000,0.188954540000000,0.295793836000000,0.607584443000000,80.537000000000006,-0.019648504000000,-0.065239781000000,80.556648499999994,0.364881420000000,0.413963380000000,1.465953018000000,1.523565261000000,-93.530521170000000,44.077962450000001,1,0
491,491,75.730000000000004,112.829999999999998,69.162999999999997,88.032498489999995,0.217963422000000,0.196754349000000,0.310728075000000,0.612984135000000,80.766999999999996,-0.026415958000000,-0.062089142000000,80.793415960000004,0.378842830000000,0.417005803000000,1.489898323000000,1.535588595000000,-93.531145170000002,44.077182450000002,3,0
492,492,76.007000000000005,112.920000000000002,68.331999999999994,87.934166039999994,0.220166460000000,0.195382343000000,0.306090634000000,0.605136380000000,81.501000000000005,-0.025306015000000,-0.067073261000000,81.526306009999999,0.376396046000000,0.421140656000000,1.485652637000000,1.539258952000000,-93.530521170000000,44.077923450000000,3,0
493,493,75.367000000000004,111.819999999999993,67.040000000000006,86.944922579999997,0.221919590000000,0.194741088000000,0.303403331000000,0.599534967000000,81.233000000000004,-0.024805390000000,-0.070661259000000,81.257805390000001,0.375251118000000,0.424411858000000,1.483673226000000,1.542660589000000,-93.530521170000000,44.077884449999999,3,0
494,494,73.638000000000005,109.640000000000001,65.370999999999995,85.082023730000003,0.224039811000000,0.196433833000000,0.305342346000000,0.596233127000000,80.271000000000001,-0.026329485000000,-0.072876223000000,80.297329480000002,0.378271583000000,0.428111676000000,1.488905185000000,1.549133178000000,-93.530521170000000,44.077845449999998,3,0
495,495,75.429000000000002,112.340000000000003,68.254999999999995,87.499627930000003,0.219880336000000,0.196576645000000,0.308842479000000,0.607575218000000,80.995999999999995,-0.026323313000000,-0.065552448000000,81.022323310000004,0.378526140000000,0.420507790000000,1.489347598000000,1.539747690000000,-93.530521170000000,44.077806449999997,3,0
496,496,76.513999999999996,113.069999999999993,68.747000000000000,88.252227739999995,0.217767319000000,0.192822179000000,0.302523234000000,0.608003891000000,80.879000000000005,-0.023034015000000,-0.065126524000000,80.902034009999994,0.371819947000000,0.416998888000000,1.477768774000000,1.531393179000000,-93.530521170000000,44.077767450000003,3,0
497,497,75.119000000000000,111.909999999999997,68.484999999999999,87.286706670000001,0.218319979000000,0.196712809000000,0.310357336000000,0.611964972000000,80.215999999999994,-0.026391509000000,-0.062740202000000,80.242391510000004,0.378768807000000,0.417657215000000,1.489769566000000,1.536351159000000,-93.530521170000000,44.077728450000002,3,0
498,498,75.388000000000005,111.890000000000001,67.588999999999999,87.122510610000006,0.220317540000000,0.194908105000000,0.304973724000000,0.604066494000000,80.802999999999997,-0.024902400000000,-0.067742783000000,80.827902399999999,0.375549399000000,0.421462891000000,1.484188465000000,1.539153651000000,-93.530521170000000,44.077689450000001,3,0
499,499,76.153000000000006,112.280000000000001,68.784000000000006,87.820492040000005,0.215490248000000,0.191723318000000,0.301941512000000,0.612611329000000,79.623000000000005,-0.022027315000000,-0.062135862000000,79.645027319999997,0.369851690000000,0.412929623000000,1.474400221000000,1.525224772000000,-93.530521170000000,44.077650450000000,1,0
500,500,73.710999999999999,110.159999999999997,66.572000000000003,85.635600670000002,0.221953228000000,0.198231369000000,0.310735812000000,0.604320988000000,80.037000000000006,-0.027809122000000,-0.067716806000000,80.064809120000007,0.381472517000000,0.424128835000000,1.494485219000000,1.546050860000000,-93.530521170000000,44.077611449999999,3,0
501,501,74.566000000000003,110.090000000000003,66.977999999999994,85.957254759999998,0.217392266000000,0.192379343000000,0.301874607000000,0.608393133000000,78.635999999999996,-0.022642409000000,-0.064859280000000,78.658642409999999,0.371027045000000,0.416354401000000,1.476410160000000,1.530127825000000,-93.530521170000000,44.077572449999998,3,0
502,502,74.337999999999994,110.319999999999993,66.658000000000001,85.906789810000006,0.220232499000000,0.194857520000000,0.304932203000000,0.604224075000000,79.644000000000005,-0.024856356000000,-0.067639148000000,79.668856360000007,0.375459065000000,0.421312387000000,1.484032393000000,1.538912022000000,-93.531145170000002,44.077143450000001,3,0
503,503,76.191000000000003,111.159999999999997,68.099999999999994,87.176495459999998,0.212838676000000,0.186649658000000,0.293238631000000,0.612630443000000,78.028999999999996,-0.017586934000000,-0.061929685000000,78.046586930000004,0.360732096000000,0.408542383000000,1.458964970000000,1.514540180000000,-93.530521170000000,44.077533449999997,1,0
504,504,76.463999999999999,112.200000000000003,68.975999999999999,87.926620679999999,0.213497729000000,0.189416105000000,0.298576298000000,0.614759358000000,78.959999999999994,-0.019990685000000,-0.060680019000000,78.979990680000000,0.365711060000000,0.409486122000000,1.467357188000000,1.518590201000000,-93.530521170000000,44.077494450000003,1,0
505,505,75.295000000000002,112.219999999999999,67.513999999999996,87.217745940000000,0.222276984000000,0.196917580000000,0.307705769000000,0.601621814000000,81.631000000000000,-0.026691082000000,-0.069405440000000,81.657691080000006,0.379133670000000,0.424842951000000,1.490404409000000,1.545535917000000,-93.530521170000000,44.077455450000002,3,0
506,506,75.829999999999998,112.390000000000001,67.769999999999996,87.510901989999994,0.220370270000000,0.194240782000000,0.303528435000000,0.602989590000000,81.180000000000007,-0.024329075000000,-0.068408922000000,81.204329079999994,0.374357259000000,0.421626194000000,1.482131083000000,1.538644200000000,-93.530521170000000,44.077416450000001,3,0
507,507,77.692999999999998,113.349999999999994,69.923000000000002,89.019942860000000,0.211276034000000,0.186643845000000,0.294393989000000,0.616876930000000,79.084000000000003,-0.017549413000000,-0.059233004000000,79.101549410000004,0.360721618000000,0.405655939000000,1.458947396000000,1.511048226000000,-93.530521170000000,44.077377450000000,1,0
508,508,76.643000000000001,113.260000000000005,68.203000000000003,88.230052060000006,0.219928588000000,0.192819492000000,0.300879211000000,0.602180823000000,81.674000000000007,-0.023090513000000,-0.068870154000000,81.697090509999995,0.371815137000000,0.420963651000000,1.477760526000000,1.536302879000000,-93.530521170000000,44.077338449999999,3,0
509,509,78.308999999999997,115.049999999999997,70.182000000000002,89.989471800000004,0.215559799000000,0.190014429000000,0.298278088000000,0.610013038000000,81.608999999999995,-0.020556194000000,-0.063728983000000,81.629556190000002,0.366785877000000,0.413221294000000,1.469179788000000,1.523775766000000,-93.530521170000000,44.077299449999998,1,0
510,510,77.052000000000007,113.930000000000007,69.138999999999996,88.876800360000004,0.218336537000000,0.193096732000000,0.302668188000000,0.606855086000000,81.668999999999997,-0.023286086000000,-0.065874728000000,81.692286089999996,0.372311333000000,0.418015144000000,1.478611847000000,1.532940983000000,-93.530521170000000,44.077260449999997,3,0
511,511,79.578999999999994,117.159999999999997,71.500000000000000,91.599732239999994,0.215986549000000,0.191019574000000,0.300074258000000,0.610276545000000,83.241000000000000,-0.021433871000000,-0.063599999000000,83.262433869999995,0.368589865000000,0.413906901000000,1.472247704000000,1.525677940000000,-93.530521170000000,44.077221450000003,1,0
512,512,77.069999999999993,113.390000000000001,68.691999999999993,88.535619690000004,0.217473466000000,0.190696209000000,0.298272124000000,0.605802981000000,81.018000000000001,-0.021192196000000,-0.066452121000000,81.039192200000002,0.368009728000000,0.416673430000000,1.471259894000000,1.528735917000000,-93.530521170000000,44.077182450000002,1,0
513,513,74.744000000000000,110.549999999999997,67.608000000000004,86.368994630000003,0.216666850000000,0.193238853000000,0.304250293000000,0.611560380000000,78.748000000000005,-0.023362409000000,-0.062865458000000,78.771362409999995,0.372565638000000,0.414945196000000,1.479048485000000,1.529304503000000,-93.531145170000002,44.077104450000000,1,0
514,514,78.316000000000003,114.540000000000006,70.521000000000001,89.862893520000000,0.212329691000000,0.187829261000000,0.296104958000000,0.615688842000000,80.242999999999995,-0.018595397000000,-0.060030299000000,80.261595400000004,0.362856989000000,0.407485933000000,1.462536391000000,1.514498505000000,-93.530521170000000,44.077143450000001,1,0
515,515,80.132000000000005,116.609999999999999,72.263000000000005,91.725988130000005,0.209600249000000,0.185410334000000,0.293045413000000,0.619698139000000,80.825000000000003,-0.016450252000000,-0.057403394000000,80.841450249999994,0.358496633000000,0.402678141000000,1.455223881000000,1.506184525000000,-93.530521170000000,44.077104450000000,1,0
516,516,78.052999999999997,114.319999999999993,70.429000000000002,89.668978749999994,0.212551906000000,0.188524377000000,0.297407006000000,0.616068929000000,80.158000000000001,-0.019200006000000,-0.059814613000000,80.177200010000007,0.364107837000000,0.407829516000000,1.464645818000000,1.515643620000000,-93.530521170000000,44.077065449999999,1,0
517,517,78.915999999999997,115.810000000000002,71.826999999999998,90.919028229999995,0.211518897000000,0.189466224000000,0.300197723000000,0.620214144000000,80.876999999999995,-0.019987019000000,-0.057220140000000,80.896987019999997,0.365801121000000,0.405846584000000,1.467509757000000,1.514234548000000,-93.530521170000000,44.077026449999998,1,0
518,518,78.242000000000004,114.400000000000006,71.244000000000000,89.971992119999996,0.209666760000000,0.187695310000000,0.297846752000000,0.622762238000000,79.313999999999993,-0.018421591000000,-0.055548229000000,79.332421589999996,0.362615836000000,0.402595364000000,1.462130314000000,1.508469037000000,-93.530521170000000,44.076987449999997,1,0
519,519,78.129000000000005,114.409999999999997,70.188999999999993,89.666575829999999,0.213455022000000,0.188434551000000,0.296534532000000,0.613486583000000,80.501999999999995,-0.019142992000000,-0.061452909000000,80.521142990000001,0.363946251000000,0.409501411000000,1.464373024000000,1.517576557000000,-93.530521170000000,44.076948450000003,1,0
520,520,76.390000000000001,111.760000000000005,67.870000000000005,87.430098939999993,0.215509272000000,0.187988307000000,0.294063851000000,0.607283465000000,79.260000000000005,-0.018803218000000,-0.065393329000000,79.278803220000000,0.363143275000000,0.413338334000000,1.463018720000000,1.521781559000000,-93.530521170000000,44.076909450000002,1,0
521,521,74.727000000000004,109.930000000000007,66.956000000000003,85.929884920000006,0.216231541000000,0.190639943000000,0.299088368000000,0.609078505000000,78.177000000000007,-0.021112582000000,-0.064351206000000,78.198112580000000,0.367908762000000,0.414394496000000,1.471088094000000,1.525874447000000,-93.530521170000000,44.076870450000001,1,0
522,522,73.977999999999994,110.079999999999998,65.560000000000002,85.417532320000007,0.224138027000000,0.196144694000000,0.304663370000000,0.595566860000000,80.622000000000000,-0.026083055000000,-0.073295996000000,80.648083049999997,0.377756075000000,0.428322625000000,1.488009949000000,1.549088491000000,-93.530521170000000,44.076831450000000,3,0
523,523,73.912000000000006,109.269999999999996,66.108000000000004,85.192300720000006,0.218987059000000,0.193021148000000,0.302014111000000,0.604996797000000,78.519999999999996,-0.023238798000000,-0.067065666000000,78.543238799999997,0.372176072000000,0.419215107000000,1.478379695000000,1.534346619000000,-93.530482169999999,44.078001450000002,3,0
524,524,73.991000000000000,110.019999999999996,66.415999999999997,85.615718060000006,0.220928458000000,0.195798077000000,0.306382074000000,0.603672060000000,79.632999999999996,-0.025686527000000,-0.068034198000000,79.658686529999997,0.377137863000000,0.422491849000000,1.486937601000000,1.541389875000000,-93.531145170000002,44.077065449999999,3,0
525,525,74.957999999999998,110.439999999999998,66.662000000000006,86.138488510000002,0.218648276000000,0.191382863000000,0.298831020000000,0.603603767000000,79.260000000000005,-0.021815441000000,-0.067893359000000,79.281815440000003,0.369241374000000,0.418762872000000,1.473358414000000,1.532044258000000,-93.530482169999999,44.077962450000001,3,0
526,526,73.457999999999998,109.450000000000003,64.888000000000005,84.824982180000006,0.225486080000000,0.196776522000000,0.304965260000000,0.592855185000000,80.554000000000002,-0.026670326000000,-0.075089186000000,80.580670330000004,0.378882340000000,0.430719364000000,1.489967056000000,1.552805086000000,-93.530482169999999,44.077923450000000,3,0
527,527,71.516000000000005,107.280000000000001,63.218000000000004,82.905673669999999,0.228535274000000,0.200026846000000,0.309436052000000,0.589280388000000,79.825999999999993,-0.029575149000000,-0.077577330000000,79.855575150000007,0.384663040000000,0.435923748000000,1.500083897000000,1.562974345000000,-93.530482169999999,44.077884449999999,3,0
528,528,73.402000000000001,108.670000000000002,65.162999999999997,84.544345509999999,0.221337155000000,0.193703590000000,0.301670530000000,0.599641115000000,78.775000000000006,-0.023893057000000,-0.070547455000000,78.798893059999997,0.373396923000000,0.423454847000000,1.480477371000000,1.540352599000000,-93.530482169999999,44.077845449999998,3,0
529,529,74.643000000000001,111.219999999999999,66.944999999999993,86.454417419999999,0.222103794000000,0.196795489000000,0.307581695000000,0.601915123000000,80.852000000000004,-0.026580646000000,-0.069210626000000,80.878580650000004,0.378916138000000,0.424539096000000,1.490025856000000,1.545023281000000,-93.530482169999999,44.077806449999997,3,0
530,530,75.337000000000003,110.090000000000003,66.974000000000004,86.180021550000006,0.214816368000000,0.187421465000000,0.293390628000000,0.608356799000000,77.869000000000000,-0.018297075000000,-0.064684371000000,77.887297070000002,0.362122716000000,0.412118342000000,1.461300556000000,1.519695382000000,-93.530482169999999,44.077767450000003,1,0
531,531,75.983999999999995,111.950000000000003,68.284000000000006,87.500619830000005,0.216292562000000,0.191375696000000,0.300593397000000,0.609950871000000,79.632000000000005,-0.021748667000000,-0.063822214000000,79.653748669999999,0.369228523000000,0.414434243000000,1.473336492000000,1.526701776000000,-93.530482169999999,44.077728450000002,1,0
532,532,72.245000000000005,107.519999999999996,63.844000000000001,83.378547920000003,0.224848987000000,0.196228409000000,0.304302068000000,0.593787202000000,78.950999999999993,-0.026177194000000,-0.074457019000000,78.977177190000006,0.377905351000000,0.429614650000000,1.488269084000000,1.550813120000000,-93.530482169999999,44.077689450000001,3,0
533,533,73.412999999999997,108.879999999999995,67.106999999999999,85.142375700000002,0.215585576000000,0.194560406000000,0.307910684000000,0.616339089000000,77.239999999999995,-0.024465918000000,-0.059864475000000,77.264465920000006,0.374928366000000,0.412858058000000,1.483116069000000,1.528142501000000,-93.530482169999999,44.077650450000000,1,0
534,534,72.977000000000004,109.530000000000001,65.787000000000006,84.951736879999999,0.224400823000000,0.200282729000000,0.313168266000000,0.600629964000000,80.296000000000006,-0.029651139000000,-0.070191789000000,80.325651140000005,0.385117186000000,0.428383518000000,1.500883840000000,1.553629197000000,-93.530482169999999,44.077611449999999,3,0
535,535,74.647000000000006,110.609999999999999,68.337999999999994,86.557936190000007,0.214810340000000,0.194124918000000,0.307589015000000,0.617828406000000,78.234999999999999,-0.024070664000000,-0.058900215000000,78.259070660000006,0.374150180000000,0.411480630000000,1.481774217000000,1.525993259000000,-93.531145170000002,44.077026449999998,1,0
536,536,74.239999999999995,110.409999999999997,67.439999999999998,86.120263390000005,0.218317241000000,0.195884105000000,0.308591417000000,0.610814238000000,79.140000000000001,-0.025681304000000,-0.063445595000000,79.165681300000003,0.377291322000000,0.417722568000000,1.487203664000000,1.535547801000000,-93.530482169999999,44.077572449999998,3,0
537,537,73.079999999999998,108.310000000000002,65.605000000000004,84.411212770000006,0.219346758000000,0.194222394000000,0.304270847000000,0.605715077000000,77.935000000000002,-0.024283892000000,-0.066653171000000,77.959283889999995,0.374324396000000,0.419754652000000,1.482074439000000,1.536296105000000,-93.530482169999999,44.077533449999997,3,0
538,538,72.900000000000006,107.870000000000005,65.656999999999996,84.184694870000001,0.217848302000000,0.193450241000000,0.303788451000000,0.608667841000000,77.183000000000007,-0.023576962000000,-0.064725862000000,77.206576960000007,0.372943807000000,0.417087020000000,1.479698217000000,1.532169570000000,-93.530482169999999,44.077494450000003,3,0
539,539,72.799000000000007,108.510000000000005,65.195999999999998,84.310206809999997,0.222596228000000,0.196962092000000,0.307553848000000,0.600829417000000,79.025000000000006,-0.026739417000000,-0.069919880000000,79.051739420000004,0.379212972000000,0.425420772000000,1.490542453000000,1.546309898000000,-93.530482169999999,44.077455450000002,3,0
540,540,72.582999999999998,108.519999999999996,64.832999999999998,84.158976899999999,0.224637191000000,0.198434040000000,0.309082308000000,0.597429045000000,79.623999999999995,-0.028071531000000,-0.072188699000000,79.652071530000001,0.381832998000000,0.428992877000000,1.495115936000000,1.552404131000000,-93.530482169999999,44.077416450000001,3,0
541,541,75.626999999999995,112.129999999999995,68.682000000000002,87.578150149999999,0.216922747000000,0.194416187000000,0.306554692000000,0.612521181000000,79.950999999999993,-0.024380847000000,-0.062296297000000,79.975380849999993,0.374670700000000,0.415308027000000,1.482671533000000,1.531001623000000,-93.530482169999999,44.077377450000000,3,0
542,542,76.948999999999998,113.530000000000001,69.260000000000005,88.707679299999995,0.216602504000000,0.192047417000000,0.301776124000000,0.610059015000000,80.850999999999999,-0.022335498000000,-0.063779409000000,80.873335499999996,0.370432466000000,0.414938276000000,1.475392793000000,1.528032466000000,-93.530482169999999,44.077338449999999,1,0
543,543,75.510000000000005,112.299999999999997,67.123000000000005,87.213430209999999,0.223201619000000,0.195889463000000,0.304838135000000,0.597711487000000,81.966999999999999,-0.025834239000000,-0.071892615000000,81.992834239999993,0.377300879000000,0.426636872000000,1.487220236000000,1.546687630000000,-93.530482169999999,44.077299449999998,3,0
544,544,77.917000000000002,113.890000000000001,70.509000000000000,89.467890089999997,0.210932308000000,0.187547900000000,0.296567132000000,0.619097375000000,79.353999999999999,-0.018322176000000,-0.057859223000000,79.372322179999998,0.362350408000000,0.404937486000000,1.461683586000000,1.511128733000000,-93.530482169999999,44.077260449999997,1,0
545,545,77.614999999999995,114.519999999999996,70.072000000000003,89.533985740000006,0.215946826000000,0.192078486000000,0.302343872000000,0.611875655000000,81.352999999999994,-0.022344941000000,-0.062619228000000,81.375344940000005,0.370488130000000,0.413733532000000,1.475487986000000,1.526585946000000,-93.530482169999999,44.077221450000003,1,0
546,546,76.674000000000007,112.409999999999997,70.826999999999998,88.565181839999994,0.207667577000000,0.188995367000000,0.302189300000000,0.630077395000000,77.319000000000003,-0.019492826000000,-0.050987453000000,77.338492830000007,0.364954822000000,0.398825440000000,1.466077158000000,1.505318626000000,-93.531145170000002,44.076987449999997,1,0
547,547,75.617999999999995,112.450000000000003,67.688000000000002,87.454273319999999,0.221598779000000,0.195844056000000,0.305964446000000,0.601938639000000,81.593999999999994,-0.025746415000000,-0.069154976000000,81.619746410000005,0.377219884000000,0.423711510000000,1.487079796000000,1.542964983000000,-93.530482169999999,44.077182450000002,3,0
548,548,76.697999999999993,113.459999999999994,69.504000000000005,88.668973940000001,0.216331388000000,0.193323447000000,0.304689443000000,0.612585933000000,80.718000000000004,-0.023425838000000,-0.062213185000000,80.741425840000005,0.372716986000000,0.414324226000000,1.479308457000000,1.528630645000000,-93.530482169999999,44.077143450000001,1,0
549,549,77.269999999999996,114.310000000000002,70.778999999999996,89.530434009999993,0.213903985000000,0.193339597000000,0.306619978000000,0.619184673000000,80.570999999999998,-0.023372554000000,-0.058009826000000,80.594372550000003,0.372745879000000,0.409890823000000,1.479358095000000,1.523220492000000,-93.530482169999999,44.077104450000000,1,0
550,550,74.275000000000006,110.019999999999996,67.491000000000000,85.977150269999996,0.216342460000000,0.193955343000000,0.306025479000000,0.613443010000000,78.274000000000001,-0.023968767000000,-0.061689689000000,78.297968769999997,0.373847056000000,0.414288976000000,1.481252104000000,1.529257833000000,-93.530482169999999,44.077065449999999,3,0
551,551,77.719999999999999,113.549999999999997,71.313999999999993,89.479397059999997,0.207548374000000,0.187326815000000,0.298692854000000,0.628040511000000,78.066000000000003,-0.018058983000000,-0.052213387000000,78.084058979999995,0.361952243000000,0.398732260000000,1.461013896000000,1.503469281000000,-93.530482169999999,44.077026449999998,1,0
552,552,76.262000000000000,111.739999999999995,69.863000000000000,87.906311900000006,0.209291000000000,0.188710758000000,0.300307265000000,0.625228208000000,77.355000000000004,-0.019286061000000,-0.054027495000000,77.374286060000003,0.364443061000000,0.401821496000000,1.465212032000000,1.508602337000000,-93.530482169999999,44.076987449999997,1,0
553,553,77.308999999999997,112.709999999999994,69.269000000000005,88.465473380000006,0.211942000000000,0.186302422000000,0.293175983000000,0.614577234000000,78.841999999999999,-0.017268057000000,-0.060679245000000,78.859268060000005,0.360106070000000,0.406919809000000,1.457915637000000,1.512215005000000,-93.530482169999999,44.076948450000003,1,0
554,554,76.064999999999998,110.909999999999997,68.135999999999996,87.042952659999997,0.212061603000000,0.186361813000000,0.293211824000000,0.614335948000000,77.619000000000000,-0.017321872000000,-0.060834695000000,77.636321870000003,0.360213162000000,0.407134955000000,1.458095050000000,1.512536898000000,-93.530482169999999,44.076909450000002,1,0
555,555,74.507000000000005,110.010000000000005,66.945999999999998,85.897730010000004,0.217352333000000,0.192410455000000,0.301970724000000,0.608544678000000,78.566999999999993,-0.022668146000000,-0.064763405000000,78.589668149999994,0.371082765000000,0.416278164000000,1.476505563000000,1.530066869000000,-93.530482169999999,44.076870450000001,3,0
556,556,75.140000000000001,110.969999999999999,66.856999999999999,86.468142400000005,0.219661645000000,0.192520552000000,0.300453657000000,0.602478147000000,79.942999999999998,-0.022825112000000,-0.068665873000000,79.965825109999997,0.371279925000000,0.420505021000000,1.476843226000000,1.535414328000000,-93.530482169999999,44.076831450000000,3,0
557,557,74.534000000000006,110.400000000000006,68.033000000000001,86.355787770000006,0.215300234000000,0.193939459000000,0.306806614000000,0.616240942000000,78.233000000000004,-0.023925650000000,-0.059904256000000,78.256925649999999,0.373818659000000,0.412388700000000,1.481203209000000,1.526908578000000,-93.531145170000002,44.076948450000003,1,0
558,558,78.215999999999994,114.390000000000001,70.435000000000002,89.747616460000003,0.212301056000000,0.187813464000000,0.296093181000000,0.615744383000000,80.129000000000005,-0.018581134000000,-0.059994450000000,80.147581130000006,0.362828551000000,0.407434662000000,1.462488493000000,1.514419931000000,-93.530443169999998,44.078001450000002,1,0
559,559,76.254999999999995,111.719999999999999,68.102999999999994,87.434169589999996,0.215014764000000,0.188668706000000,0.295857248000000,0.609586466000000,79.081999999999994,-0.019380814000000,-0.063948484000000,79.101380809999995,0.364367432000000,0.412353527000000,1.465084257000000,1.521295550000000,-93.530443169999998,44.077962450000001,1,0
560,560,76.052000000000007,112.579999999999998,67.832999999999998,87.672646799999995,0.220230595000000,0.193646889000000,0.302386609000000,0.602531533000000,81.275000000000006,-0.023812996000000,-0.068679157000000,81.298812999999996,0.373295526000000,0.421431191000000,1.480302951000000,1.537767176000000,-93.530443169999998,44.077923450000000,3,0
561,561,74.977000000000004,110.760000000000005,66.971000000000004,86.360567720000006,0.218924362000000,0.192654129000000,0.301289931000000,0.604649693000000,79.572000000000003,-0.022920525000000,-0.067273691000000,79.594920520000002,0.371519099000000,0.419137419000000,1.477253024000000,1.533859684000000,-93.530443169999998,44.077884449999999,3,0
562,562,75.370000000000005,112.049999999999997,67.350999999999999,87.124425590000001,0.221849349000000,0.195710170000000,0.305491009000000,0.601079875000000,81.379000000000005,-0.025638711000000,-0.069704166000000,81.404638710000000,0.376981034000000,0.424182852000000,1.486665782000000,1.543412037000000,-93.530443169999998,44.077845449999998,3,0
563,563,75.507000000000005,112.290000000000006,68.459000000000003,87.553766010000004,0.218735246000000,0.195865749000000,0.308225377000000,0.609662481000000,80.614000000000004,-0.025678228000000,-0.064183473000000,80.639678230000001,0.377258579000000,0.418485543000000,1.487146887000000,1.536474071000000,-93.530443169999998,44.077806449999997,3,0
564,564,78.525000000000006,114.769999999999996,70.968999999999994,90.138647809999995,0.211184221000000,0.187511317000000,0.296298416000000,0.618358456000000,80.046000000000006,-0.018296098000000,-0.058325765000000,80.064296100000007,0.362284531000000,0.405404895000000,1.461572748000000,1.511653347000000,-93.530443169999998,44.077767450000003,1,0
565,565,77.433000000000007,114.150000000000006,70.358999999999995,89.398883049999995,0.214064644000000,0.191650616000000,0.302885567000000,0.616373193000000,80.507999999999996,-0.021927755000000,-0.059736125000000,80.529927749999999,0.369721381000000,0.410324616000000,1.474177676000000,1.521965369000000,-93.530443169999998,44.077728450000002,1,0
566,566,74.456999999999994,110.890000000000001,67.153999999999996,86.313569160000000,0.220613609000000,0.196566440000000,0.308250066000000,0.605591126000000,80.168999999999997,-0.026337321000000,-0.066829042000000,80.195337319999993,0.378507952000000,0.421844411000000,1.489315981000000,1.541403903000000,-93.530443169999998,44.077689450000001,3,0
567,567,73.656000000000006,109.109999999999999,67.147000000000006,85.320802549999996,0.215632425000000,0.193985752000000,0.306645102000000,0.615406471000000,77.417000000000002,-0.023974743000000,-0.060437832000000,77.440974740000001,0.373901418000000,0.412990744000000,1.481345715000000,1.527695750000000,-93.530443169999998,44.077650450000000,1,0
568,568,75.679000000000002,112.709999999999994,70.167000000000002,88.231254910000004,0.214331504000000,0.196566679000000,0.313232732000000,0.622544583000000,79.573999999999998,-0.026142886000000,-0.055988645000000,79.600142890000001,0.378508377000000,0.410430427000000,1.489316719000000,1.527297390000000,-93.531145170000002,44.076909450000002,1,0
569,569,74.784999999999997,110.480000000000004,68.055000000000007,86.467931719999996,0.214733370000000,0.192669959000000,0.304538862000000,0.615993845000000,78.120000000000005,-0.022820938000000,-0.060015001000000,78.142820939999993,0.371547441000000,0.411460196000000,1.477301598000000,1.524428300000000,-93.530443169999998,44.077611449999999,1,0
570,570,78.215000000000003,114.840000000000003,71.171999999999997,90.131876360000007,0.211817436000000,0.189712776000000,0.300493096000000,0.619749216000000,80.293000000000006,-0.020206111000000,-0.057523266000000,80.313206109999996,0.366244084000000,0.406373263000000,1.468260564000000,1.515129545000000,-93.530443169999998,44.077572449999998,1,0
571,571,76.147000000000006,111.939999999999998,68.685000000000002,87.648081239999996,0.214389551000000,0.190300233000000,0.299768848000000,0.613587636000000,79.048000000000002,-0.020774072000000,-0.061459193000000,79.068774070000003,0.367299034000000,0.411042277000000,1.470051348000000,1.521415627000000,-93.530443169999998,44.077533449999997,1,0
572,572,75.102999999999994,111.420000000000002,67.882000000000005,86.915366750000004,0.218287433000000,0.194705211000000,0.306108344000000,0.609244301000000,79.855000000000004,-0.024668540000000,-0.064405967000000,79.879668539999997,0.375187036000000,0.417773032000000,1.483562574000000,1.534353588000000,-93.530443169999998,44.077494450000003,3,0
573,573,74.811000000000007,110.609999999999999,68.471999999999994,86.640392050000003,0.213817170000000,0.193068746000000,0.306107791000000,0.619039870000000,77.936999999999998,-0.023138094000000,-0.058092188000000,77.960138090000001,0.372261253000000,0.409754027000000,1.478525885000000,1.522767492000000,-93.530443169999998,44.077455450000002,1,0
574,574,74.122000000000000,110.840000000000003,67.552000000000007,86.299573559999999,0.220187476000000,0.198516452000000,0.312733157000000,0.609455070000000,80.006000000000000,-0.027995279000000,-0.064420983000000,80.033995279999999,0.381979555000000,0.420897863000000,1.495372494000000,1.542312070000000,-93.530443169999998,44.077416450000001,3,0
575,575,75.649000000000001,111.280000000000001,68.359999999999999,87.138011610000007,0.214287078000000,0.190612479000000,0.300508565000000,0.614306254000000,78.551000000000002,-0.021040468000000,-0.061013205000000,78.572040470000005,0.367859476000000,0.410825146000000,1.471004243000000,1.521480198000000,-93.530443169999998,44.077377450000000,1,0
576,576,78.358999999999995,115.030000000000001,70.888000000000005,90.179713770000006,0.213054333000000,0.189622988000000,0.299352658000000,0.616256629000000,80.813000000000002,-0.020158394000000,-0.059735808000000,80.833158389999994,0.366082782000000,0.408652045000000,1.467987085000000,1.517794996000000,-93.530443169999998,44.077338449999999,1,0
577,577,77.665999999999997,114.900000000000006,70.795000000000002,89.899850909999998,0.215034064000000,0.193357083000000,0.305770668000000,0.616144473000000,81.338999999999999,-0.023418805000000,-0.059944335000000,81.362418809999994,0.372777160000000,0.411951405000000,1.479411840000000,1.525756158000000,-93.530443169999998,44.077299449999998,1,0
578,578,78.141000000000005,115.370000000000005,71.786000000000001,90.497665859999998,0.212293159000000,0.192386996000000,0.305845143000000,0.622224148000000,80.813000000000002,-0.022512882000000,-0.056048881000000,80.835512879999996,0.371040751000000,0.407026571000000,1.476433626000000,1.518732843000000,-93.530443169999998,44.077260449999997,1,0
579,579,74.616000000000000,109.709999999999994,67.524000000000001,85.952161369999999,0.213740458000000,0.190390938000000,0.300457184000000,0.615477167000000,77.280000000000001,-0.020836212000000,-0.060259678000000,77.300836210000000,0.367461858000000,0.409842153000000,1.470328080000000,1.520049488000000,-93.531145170000002,44.076870450000001,1,0
580,580,78.837999999999994,115.989999999999995,72.680999999999997,91.198753839999995,0.209807588000000,0.190691276000000,0.304158105000000,0.626614363000000,80.460999999999999,-0.020996677000000,-0.053219144000000,80.481996679999995,0.368000877000000,0.402615423000000,1.471244831000000,1.511627369000000,-93.530443169999998,44.077221450000003,1,0
581,581,76.691999999999993,113.129999999999995,69.332999999999998,88.481871310000002,0.215520367000000,0.191958782000000,0.302417648000000,0.612861310000000,80.234999999999999,-0.022230711000000,-0.061985298000000,80.257230710000002,0.370273657000000,0.412963195000000,1.475121264000000,1.525514982000000,-93.530443169999998,44.077182450000002,1,0
582,582,79.400999999999996,115.980000000000004,73.091999999999999,91.466423100000000,0.206701469000000,0.187218819000000,0.299119299000000,0.630212106000000,79.466999999999999,-0.017948174000000,-0.050847571000000,79.484948169999996,0.361757709000000,0.397185511000000,1.460686893000000,1.501517930000000,-93.530443169999998,44.077143450000001,1,0
583,583,77.989999999999995,114.530000000000001,70.810000000000002,89.839889249999999,0.212406711000000,0.189798462000000,0.300221839000000,0.618265957000000,80.260000000000005,-0.020293928000000,-0.058466563000000,80.280293929999999,0.366398003000000,0.407447152000000,1.468521605000000,1.516518808000000,-93.530443169999998,44.077104450000000,1,0
584,584,76.613000000000000,113.730000000000004,70.546999999999997,89.033596430000003,0.214350542000000,0.195000604000000,0.309835053000000,0.620302471000000,80.299999999999997,-0.024806623000000,-0.057358274000000,80.324806620000004,0.375714573000000,0.410576368000000,1.484473914000000,1.525815194000000,-93.530443169999998,44.077065449999999,1,0
585,585,78.736999999999995,115.310000000000002,72.753000000000000,90.900880590000000,0.207086964000000,0.188474957000000,0.301523571000000,0.630934004000000,79.129999999999995,-0.019033733000000,-0.050434033000000,79.149033729999999,0.364018939000000,0.397799893000000,1.464495726000000,1.503554997000000,-93.530443169999998,44.077026449999998,1,0
586,586,78.338999999999999,114.620000000000005,71.884000000000000,90.262677370000006,0.208233741000000,0.188024399000000,0.299657237000000,0.627150585000000,79.016999999999996,-0.018672950000000,-0.052795052000000,79.035672950000006,0.363208234000000,0.399935942000000,1.463128199000000,1.505630931000000,-93.530443169999998,44.076987449999997,1,0
587,587,79.733000000000004,116.459999999999994,72.323999999999998,91.562444749999997,0.210046314000000,0.187198320000000,0.296498720000000,0.621020093000000,80.863000000000000,-0.018001840000000,-0.056631051000000,80.881001839999996,0.361720782000000,0.403337155000000,1.460624835000000,1.508839754000000,-93.530443169999998,44.076948450000003,1,0
588,588,79.653999999999996,115.799999999999997,71.665999999999997,91.086799760000005,0.209652147000000,0.184933539000000,0.291999224000000,0.618877375000000,80.280000000000001,-0.016039233000000,-0.057905061000000,80.296039230000005,0.357635787000000,0.402819681000000,1.453787632000000,1.505857281000000,-93.530443169999998,44.076909450000002,1,0
589,589,74.277000000000001,110.000000000000000,66.346000000000004,85.671590870000003,0.220110753000000,0.193854903000000,0.302914416000000,0.603145455000000,79.376999999999995,-0.023989019000000,-0.068292216000000,79.400989019999997,0.373667486000000,0.421190146000000,1.480942957000000,1.537689047000000,-93.530443169999998,44.076870450000001,3,0
590,590,77.602999999999994,112.689999999999998,70.308000000000007,88.815307559999994,0.207529782000000,0.184384081000000,0.292428220000000,0.623906292000000,77.468999999999994,-0.015524883000000,-0.054715062000000,77.484524879999995,0.356643190000000,0.398946043000000,1.452134582000000,1.500665273000000,-93.531145170000002,44.076831450000000,1,0
591,591,73.959000000000003,110.459999999999994,66.278000000000006,85.759583649999996,0.223401457000000,0.197924292000000,0.308961326000000,0.600018106000000,80.683000000000007,-0.027592672000000,-0.070486683000000,80.710592669999997,0.380926172000000,0.426793158000000,1.493530199000000,1.549073459000000,-93.530443169999998,44.076831450000000,3,0
592,592,73.527000000000001,110.109999999999999,66.280000000000001,85.485808239999997,0.223352693000000,0.199213666000000,0.311724056000000,0.601943511000000,80.412999999999997,-0.028698328000000,-0.069295006000000,80.441698329999994,0.383218875000000,0.426580833000000,1.497545119000000,1.550195042000000,-93.530404169999997,44.078001450000002,3,0
593,593,73.552000000000007,109.799999999999997,66.680999999999997,85.464012830000001,0.220566207000000,0.197696235000000,0.310685603000000,0.607295082000000,79.367000000000004,-0.027305196000000,-0.065777717000000,79.394305200000005,0.380520290000000,0.421655812000000,1.492821405000000,1.542379048000000,-93.530404169999997,44.077962450000001,3,0
594,594,73.325000000000003,109.620000000000005,67.179000000000002,85.451971040000004,0.218866750000000,0.198392960000000,0.313520377000000,0.612835249000000,78.736000000000004,-0.027846188000000,-0.062246726000000,78.763846189999995,0.381759937000000,0.418513644000000,1.494988067000000,1.539210080000000,-93.530404169999997,44.077923450000000,3,0
595,595,75.054000000000002,112.299999999999997,68.231999999999999,87.368947079999998,0.221030428000000,0.198800132000000,0.312671043000000,0.607586821000000,81.313999999999993,-0.028266024000000,-0.065634268000000,81.342266019999997,0.382483929000000,0.422402846000000,1.496256029000000,1.544498053000000,-93.530404169999997,44.077884449999999,3,0
596,596,74.138000000000005,111.420000000000002,67.444000000000003,86.524664270000002,0.222977757000000,0.200918311000000,0.315644208000000,0.605313229000000,81.257999999999996,-0.030145216000000,-0.067186821000000,81.288145220000004,0.386244634000000,0.425749761000000,1.502873021000000,1.550985619000000,-93.530404169999997,44.077845449999998,3,0
597,597,73.715999999999994,109.950000000000003,66.070999999999998,85.417461520000003,0.222729762000000,0.197282023000000,0.308125345000000,0.600918599000000,80.113000000000000,-0.027018824000000,-0.069875909000000,80.140018819999995,0.379782823000000,0.425632591000000,1.491535081000000,1.546920219000000,-93.530404169999997,44.077806449999997,3,0
598,598,76.772000000000006,112.480000000000004,69.328000000000003,88.227097060000006,0.212526276000000,0.188679644000000,0.297755245000000,0.616358464000000,78.859999999999999,-0.019333282000000,-0.059636476000000,78.879333279999997,0.364387104000000,0.407767875000000,1.465117491000000,1.515731988000000,-93.530404169999997,44.077767450000003,1,0
599,599,76.977999999999994,114.739999999999995,71.906000000000006,89.928402849999998,0.213011809000000,0.196966378000000,0.315177111000000,0.626686421000000,80.596000000000004,-0.026442206000000,-0.053377538000000,80.622442210000003,0.379220606000000,0.408016304000000,1.490555743000000,1.524774146000000,-93.530404169999997,44.077728450000002,1,0
600,600,70.522000000000006,107.370000000000005,64.828000000000003,83.074944009999996,0.226770259000000,0.207136915000000,0.325903913000000,0.603781317000000,79.390000000000001,-0.035593276000000,-0.068436058000000,79.425593280000001,0.397230381000000,0.432078639000000,1.522503616000000,1.565789865000000,-93.530404169999997,44.077689450000001,3,0
601,601,70.968000000000004,106.180000000000007,64.521000000000001,82.610751649999997,0.220989567000000,0.198771649000000,0.312642617000000,0.607656809000000,76.870999999999995,-0.028240279000000,-0.065588056000000,76.899240280000001,0.382433293000000,0.422331163000000,1.496167287000000,1.544377716000000,-93.530404169999997,44.077650450000000,3,0
602,602,70.516000000000005,105.739999999999995,63.353999999999999,81.990209109999995,0.224728536000000,0.199845679000000,0.311987387000000,0.599148856000000,77.609999999999999,-0.029287592000000,-0.071133926000000,77.639287589999995,0.384341417000000,0.429019523000000,1.499517840000000,1.553963005000000,-93.530404169999997,44.077611449999999,3,0
603,603,74.679000000000002,111.049999999999997,68.676000000000002,86.843630579999996,0.215471125000000,0.195828331000000,0.310722493000000,0.618424133000000,78.745000000000005,-0.025547454000000,-0.058582182000000,78.770547449999995,0.377191831000000,0.412550687000000,1.487031160000000,1.529111326000000,-93.530404169999997,44.077572449999998,1,0
604,604,75.822999999999993,112.629999999999995,69.616000000000000,88.092814090000005,0.215325642000000,0.195311298000000,0.309726769000000,0.618094646000000,79.820999999999998,-0.025101039000000,-0.058773429000000,79.846101039999994,0.376269240000000,0.412325676000000,1.485433180000000,1.528286308000000,-93.530404169999997,44.077533449999997,1,0
605,605,74.268000000000001,110.739999999999995,68.774000000000001,86.619756210000006,0.215180428000000,0.197137421000000,0.313780821000000,0.621040275000000,78.438000000000002,-0.026655949000000,-0.056963851000000,78.464655949999994,0.379525289000000,0.411928933000000,1.491086336000000,1.529739495000000,-93.530404169999997,44.077494450000003,1,0
606,606,73.719999999999999,108.730000000000004,67.799000000000007,85.349391130000001,0.211547194000000,0.191888189000000,0.305361488000000,0.623553757000000,75.941000000000003,-0.022066022000000,-0.055190630000000,75.963066019999999,0.370147160000000,0.405703123000000,1.474905046000000,1.516605478000000,-93.530404169999997,44.077455450000002,1,0
607,607,71.656999999999996,108.090000000000003,65.695999999999998,83.932786930000006,0.222969284000000,0.202690448000000,0.319444810000000,0.607789805000000,78.826999999999998,-0.031657859000000,-0.065659237000000,78.858657859999994,0.389383684000000,0.425590788000000,1.508436022000000,1.552700000000000,-93.530404169999997,44.077416450000001,3,0
608,608,74.122000000000000,110.500000000000000,67.480000000000004,86.135303030000003,0.218967353000000,0.197040439000000,0.310546175000000,0.610678733000000,79.397999999999996,-0.026692371000000,-0.063577441000000,79.424692370000002,0.379352541000000,0.418806436000000,1.490785462000000,1.538127168000000,-93.530404169999997,44.077377450000000,3,0
609,609,75.573999999999998,112.980000000000004,69.162999999999997,88.051936269999999,0.219108868000000,0.198383487000000,0.313306698000000,0.612170296000000,81.222999999999999,-0.027846048000000,-0.062672622000000,81.250846050000007,0.381743090000000,0.418953153000000,1.494958584000000,1.539746375000000,-93.530404169999997,44.077338449999999,3,0
610,610,74.902000000000001,112.640000000000001,68.025000000000006,87.417541770000000,0.223659518000000,0.201224259000000,0.315754244000000,0.603915128000000,82.352999999999994,-0.030431159000000,-0.068103472000000,82.383431160000001,0.386787046000000,0.426956665000000,1.503831673000000,1.552840707000000,-93.530404169999997,44.077299449999998,3,0
611,611,77.069999999999993,114.430000000000007,70.581999999999994,89.472208949999995,0.215685025000000,0.195091384000000,0.308969715000000,0.616813773000000,81.207999999999998,-0.024923497000000,-0.059581352000000,81.232923499999998,0.375876658000000,0.412996578000000,1.484754120000000,1.528876040000000,-93.530404169999997,44.077260449999997,1,0
612,612,75.599000000000004,113.700000000000003,70.000000000000000,88.586866599999993,0.219306218000000,0.201274175000000,0.319374010000000,0.615655233000000,81.801000000000002,-0.030317896000000,-0.060547862000000,81.831317900000002,0.386875522000000,0.419095459000000,1.503988148000000,1.543023753000000,-93.530404169999997,44.077221450000003,3,0
613,613,76.956999999999994,114.420000000000002,70.891999999999996,89.517208609999997,0.215007606000000,0.195754976000000,0.310934971000000,0.619576997000000,80.991000000000000,-0.025470795000000,-0.057845952000000,81.016470799999993,0.377060971000000,0.411714306000000,1.486804319000000,1.528007775000000,-93.530404169999997,44.077182450000002,1,0
614,614,76.355000000000004,112.890000000000001,70.275999999999996,88.530511309999994,0.212531316000000,0.193056620000000,0.307096807000000,0.622517495000000,79.149000000000001,-0.023092544000000,-0.055886036000000,79.172092539999994,0.372239552000000,0.407410112000000,1.478488639000000,1.519903904000000,-93.530404169999997,44.077143450000001,1,0
615,615,75.792000000000002,112.329999999999998,68.456000000000003,87.652115589999994,0.217973045000000,0.194225024000000,0.305333177000000,0.609418677000000,80.412000000000006,-0.024246818000000,-0.064275191000000,80.436246819999994,0.374329097000000,0.417242819000000,1.482082542000000,1.533186325000000,-93.530404169999997,44.077104450000000,3,0
616,616,75.171000000000006,111.939999999999998,69.310000000000002,87.531173379999998,0.215546706000000,0.196509024000000,0.312128080000000,0.619170984000000,79.399000000000001,-0.026131245000000,-0.058130964000000,79.425131250000007,0.378405614000000,0.412637369000000,1.489138098000000,1.529941058000000,-93.530404169999997,44.077065449999999,1,0
617,617,78.685000000000002,115.319999999999993,73.635999999999996,91.126820280000004,0.204509075000000,0.188835339000000,0.304355773000000,0.638536247000000,78.319000000000003,-0.019283294000000,-0.045694045000000,78.338283290000007,0.364667093000000,0.393062986000000,1.465590646000000,1.498316874000000,-93.530404169999997,44.077026449999998,1,0
618,618,77.328999999999994,112.859999999999999,71.120000000000005,89.022858940000006,0.206513634000000,0.186819427000000,0.298406806000000,0.630161262000000,77.271000000000001,-0.017601384000000,-0.050866981000000,77.288601380000003,0.361038084000000,0.396870864000000,1.459478333000000,1.500729491000000,-93.530404169999997,44.076987449999997,1,0
619,619,74.507999999999996,111.319999999999993,68.266000000000005,86.802133650000002,0.218563055000000,0.198097165000000,0.313128392000000,0.613241107000000,79.866000000000000,-0.027583493000000,-0.061975489000000,79.893583489999997,0.381233769000000,0.417986495000000,1.494067751000000,1.538238849000000,-93.530404169999997,44.076948450000003,3,0
620,620,77.754999999999995,114.209999999999994,70.254000000000005,89.490015529999994,0.213615317000000,0.189904410000000,0.299520996000000,0.615130024000000,80.411000000000001,-0.020414234000000,-0.060462438000000,80.431414230000001,0.366588295000000,0.409656853000000,1.468844447000000,1.519311680000000,-93.530404169999997,44.076909450000002,1,0
621,621,72.322999999999993,108.260000000000005,64.703999999999994,83.939366100000001,0.224844222000000,0.199005443000000,0.310125217000000,0.597672270000000,79.492999999999995,-0.028569798000000,-0.072056000000000,79.521569799999995,0.382848860000000,0.429312173000000,1.496895870000000,1.553426023000000,-93.530404169999997,44.076870450000001,3,0
622,622,72.798000000000002,109.840000000000003,65.119000000000000,84.862356329999997,0.228645654000000,0.202816500000000,0.315200095000000,0.592853241000000,81.763000000000005,-0.031978108000000,-0.075369818000000,81.794978110000002,0.389606711000000,0.435830786000000,1.508832660000000,1.565893354000000,-93.530404169999997,44.076831450000000,3,0
623,623,70.995999999999995,107.670000000000002,63.994000000000000,83.123388109999993,0.229355179000000,0.205265691000000,0.319816520000000,0.594353116000000,80.349999999999994,-0.034103684000000,-0.074500948000000,80.384103679999996,0.393933391000000,0.436876964000000,1.516564313000000,1.569919349000000,-93.530365169999996,44.078001450000002,3,0
624,624,73.575000000000003,110.000000000000000,66.745000000000005,85.572923390000000,0.221136767000000,0.198420264000000,0.311777797000000,0.606772727000000,79.680000000000007,-0.027944231000000,-0.066143337000000,79.707944229999995,0.381808498000000,0.422628689000000,1.495073055000000,1.544372839000000,-93.530365169999996,44.077962450000001,3,0
625,625,75.091999999999999,110.099999999999994,68.030000000000001,86.388462509999997,0.212147902000000,0.189036243000000,0.298799952000000,0.617892825000000,77.078000000000003,-0.019631786000000,-0.058675786000000,77.097631789999994,0.365028309000000,0.407039471000000,1.466201460000000,1.515224847000000,-93.530365169999996,44.077923450000000,1,0
626,626,72.439999999999998,107.560000000000002,65.078999999999994,83.769492139999997,0.220057906000000,0.195111111000000,0.305601239000000,0.605048345000000,77.600999999999999,-0.025069467000000,-0.067118766000000,77.626069470000004,0.375911879000000,0.420968514000000,1.484815019000000,1.538754595000000,-93.530365169999996,44.077884449999999,3,0
627,627,73.798000000000002,110.340000000000003,66.400999999999996,85.693549360000006,0.223013808000000,0.198448989000000,0.310369722000000,0.601785391000000,80.480999999999995,-0.028030766000000,-0.069364849000000,80.509030769999995,0.381859584000000,0.426036859000000,1.495162471000000,1.548684987000000,-93.530365169999996,44.077845449999998,3,0
628,628,75.951999999999998,112.430000000000007,68.372000000000000,87.719138139999998,0.218145965000000,0.193638458000000,0.303958003000000,0.608129503000000,80.536000000000001,-0.023747244000000,-0.065078636000000,80.559747239999993,0.373280447000000,0.417613863000000,1.480277017000000,1.533020937000000,-93.530365169999996,44.077806449999997,3,0
629,629,76.471000000000004,112.989999999999995,70.206000000000003,88.587877980000002,0.212804268000000,0.192752070000000,0.306226154000000,0.621347022000000,79.302999999999997,-0.022839252000000,-0.056617129000000,79.325839250000001,0.371694443000000,0.407930971000000,1.477553582000000,1.520215110000000,-93.530365169999996,44.077767450000003,1,0
630,630,78.781000000000006,117.379999999999995,72.897000000000006,91.830428819999995,0.214994385000000,0.196772039000000,0.313140901000000,0.621034248000000,83.081999999999994,-0.026338559000000,-0.056955006000000,83.108338560000007,0.378874353000000,0.411617289000000,1.489953161000000,1.528968917000000,-93.530365169999996,44.077728450000002,1,0
631,631,73.692999999999998,110.349999999999994,67.188999999999993,85.872274279999999,0.220746608000000,0.199176279000000,0.313699146000000,0.608871772000000,79.817999999999998,-0.028578366000000,-0.064822156000000,79.846578370000003,0.383152445000000,0.421856633000000,1.497428521000000,1.544218477000000,-93.530365169999996,44.077689450000001,3,0
632,632,69.552000000000007,104.230000000000004,62.517000000000003,80.849137069999998,0.224330380000000,0.199548860000000,0.311670337000000,0.599798522000000,76.391000000000005,-0.029019166000000,-0.070699410000000,76.420019170000003,0.383814330000000,0.428324893000000,1.498590982000000,1.552761814000000,-93.530365169999996,44.077650450000000,3,0
633,633,67.245000000000005,102.980000000000004,58.997999999999998,78.756025019999996,0.239964720000000,0.209928036000000,0.321279905000000,0.572907361000000,79.716999999999999,-0.038551978000000,-0.088921269000000,79.755551980000007,0.402134111000000,0.455494673000000,1.531414975000000,1.599612729000000,-93.530365169999996,44.077611449999999,3,0
634,634,74.587000000000003,111.549999999999997,68.778999999999996,87.057785229999993,0.217575437000000,0.198579541000000,0.314959355000000,0.616575527000000,79.733999999999995,-0.027962937000000,-0.059860503000000,79.761962940000004,0.382091740000000,0.416161595000000,1.495568933000000,1.536492555000000,-93.530365169999996,44.077572449999998,3,0
635,635,75.783000000000001,113.560000000000002,69.757000000000005,88.515489680000002,0.218912682000000,0.199516222000000,0.315898182000000,0.614274392000000,81.579999999999998,-0.028806638000000,-0.061367040000000,81.608806639999997,0.383756361000000,0.418510976000000,1.498489107000000,1.540409761000000,-93.530365169999996,44.077533449999997,3,0
636,636,74.843999999999994,111.209999999999994,68.216999999999999,86.838638720000006,0.217135774000000,0.195459383000000,0.308612745000000,0.613407068000000,79.358999999999995,-0.025281688000000,-0.061769529000000,79.384281689999995,0.376533539000000,0.415607361000000,1.485890653000000,1.532480253000000,-93.530365169999996,44.077494450000003,3,0
637,637,72.825000000000003,108.510000000000005,66.167000000000002,84.569444079999997,0.219172387000000,0.196790471000000,0.309851695000000,0.609777901000000,78.028000000000006,-0.026484634000000,-0.064145744000000,78.054484630000005,0.378907196000000,0.419200564000000,1.490010299000000,1.538349708000000,-93.530365169999996,44.077455450000002,3,0
638,638,71.397000000000006,108.069999999999993,64.956999999999994,83.658170269999999,0.226347115000000,0.204343974000000,0.320260239000000,0.601064125000000,79.786000000000001,-0.033197231000000,-0.070083952000000,79.819197230000000,0.392306613000000,0.431540753000000,1.513649033000000,1.562054460000000,-93.530365169999996,44.077416450000001,3,0
639,639,74.103999999999999,109.730000000000004,66.929000000000002,85.657392669999993,0.217554848000000,0.193794401000000,0.304743168000000,0.609942586000000,78.427000000000007,-0.023864765000000,-0.063922509000000,78.450864760000002,0.373559309000000,0.416518130000000,1.480756774000000,1.531833010000000,-93.530365169999996,44.077377450000000,3,0
640,640,76.082999999999998,112.700000000000003,69.122000000000000,88.067708370000005,0.216389417000000,0.193963440000000,0.306006134000000,0.613327418000000,80.194999999999993,-0.023977046000000,-0.061763828000000,80.218977050000007,0.373861529000000,0.414373994000000,1.481277026000000,1.529370966000000,-93.530365169999996,44.077338449999999,1,0
641,641,75.075000000000003,113.390000000000001,68.659000000000006,87.953787120000001,0.224137280000000,0.203300348000000,0.319808691000000,0.605511950000000,83.046000000000006,-0.032221807000000,-0.067155925000000,83.078221810000002,0.390462478000000,0.427646833000000,1.510356310000000,1.555962422000000,-93.530365169999996,44.077299449999998,3,0
642,642,77.501000000000005,114.859999999999999,71.257999999999996,89.957262380000003,0.213911472000000,0.194212964000000,0.308489468000000,0.620390040000000,80.960999999999999,-0.024120416000000,-0.057275083000000,80.985120420000001,0.374307544000000,0.409836773000000,1.482045393000000,1.524078162000000,-93.530365169999996,44.077260449999997,1,0
643,643,77.429000000000002,114.450000000000003,70.876999999999995,89.661589079999999,0.213660440000000,0.192939300000000,0.305953621000000,0.619283530000000,80.593999999999994,-0.023022881000000,-0.057932835000000,80.617022879999993,0.372029586000000,0.409478381000000,1.478128350000000,1.522294886000000,-93.530365169999996,44.077221450000003,1,0
644,644,75.814999999999998,113.120000000000005,69.478999999999999,88.263582650000004,0.217869697000000,0.197448858000000,0.312290718000000,0.614206153000000,80.945999999999998,-0.027007051000000,-0.061333364000000,80.973007050000007,0.380079902000000,0.416780081000000,1.492053024000000,1.536050462000000,-93.530365169999996,44.077182450000002,3,0
645,645,76.697000000000003,113.849999999999994,70.241000000000000,89.028179789999996,0.215573434000000,0.194980766000000,0.308820840000000,0.616960913000000,80.762000000000000,-0.024825529000000,-0.059483565000000,80.786825530000002,0.375679150000000,0.412802262000000,1.484412689000000,1.528520118000000,-93.530365169999996,44.077143450000001,1,0
646,646,76.509000000000000,113.439999999999998,70.072999999999993,88.755255259999998,0.215009827000000,0.194425872000000,0.308076679000000,0.617709803000000,80.298000000000002,-0.024334095000000,-0.058986547000000,80.322334089999998,0.374688006000000,0.411820117000000,1.482701382000000,1.526727669000000,-93.530365169999996,44.077104450000000,1,0
647,647,76.161000000000001,113.140000000000001,69.790000000000006,88.453003760000001,0.215804165000000,0.195344980000000,0.309419217000000,0.616846385000000,80.328999999999994,-0.025144061000000,-0.059569804000000,80.354144059999996,0.376329359000000,0.413193307000000,1.485537217000000,1.529386914000000,-93.530365169999996,44.077065449999999,1,0
648,648,77.509000000000000,114.010000000000005,71.022000000000006,89.535932570000000,0.211097567000000,0.190586835000000,0.302920405000000,0.622945356000000,79.489000000000004,-0.020939206000000,-0.055531136000000,79.509939209999999,0.367813456000000,0.404982196000000,1.470925957000000,1.514367349000000,-93.530365169999996,44.077026449999998,1,0
649,649,77.606999999999999,114.250000000000000,71.069000000000003,89.678521599999996,0.211635947000000,0.190991207000000,0.303366228000000,0.622048140000000,79.823999999999998,-0.021299529000000,-0.056112366000000,79.845299530000005,0.368538981000000,0.405935039000000,1.472161016000000,1.515942760000000,-93.530365169999996,44.076987449999997,1,0
650,650,76.382999999999996,113.989999999999995,68.810000000000002,88.624486630000007,0.221846168000000,0.197543769000000,0.309362224000000,0.603649443000000,82.787000000000006,-0.027215520000000,-0.068121752000000,82.814215520000005,0.380248881000000,0.423997858000000,1.492347774000000,1.545147623000000,-93.530365169999996,44.076948450000003,3,0
651,651,76.500000000000000,113.930000000000007,69.466999999999999,88.803076129999994,0.219066574000000,0.196555165000000,0.309433463000000,0.609734047000000,81.893000000000001,-0.026279642000000,-0.064164650000000,81.919279639999999,0.378487855000000,0.419028430000000,1.489281046000000,1.537884306000000,-93.530365169999996,44.076909450000002,3,0
652,652,76.376999999999995,114.450000000000003,68.403999999999996,88.715567680000007,0.225109117000000,0.199515792000000,0.310995483000000,0.597675841000000,84.119000000000000,-0.029017363000000,-0.072076256000000,84.148017359999997,0.383755597000000,0.429743137000000,1.498487765000000,1.554524627000000,-93.530365169999996,44.076870450000001,3,0
653,653,73.754000000000005,110.680000000000007,65.694999999999993,85.645680839999997,0.227020390000000,0.200212542000000,0.310984596000000,0.593558005000000,81.911000000000001,-0.029682284000000,-0.074789409000000,81.940682280000004,0.384992631000000,0.433147108000000,1.500664371000000,1.559616811000000,-93.530365169999996,44.076831450000000,3,0
654,654,75.707999999999998,111.349999999999994,67.932000000000002,87.073303199999998,0.215810449000000,0.190539833000000,0.299195809000000,0.610076336000000,79.060000000000002,-0.021015726000000,-0.063709165000000,79.081015730000004,0.367729103000000,0.413630246000000,1.470782480000000,1.524831598000000,-93.530326169999995,44.078001450000002,1,0
655,655,74.132999999999996,109.879999999999995,66.474999999999994,85.611996270000006,0.219642144000000,0.194263449000000,0.304131430000000,0.604978158000000,79.152000000000001,-0.024327712000000,-0.067128964000000,79.176327709999995,0.374397767000000,0.420291083000000,1.482200909000000,1.537006488000000,-93.530326169999995,44.077962450000001,3,0
656,656,80.322999999999993,113.329999999999998,72.334999999999994,90.420914719999999,0.195092245000000,0.170444042000000,0.272070097000000,0.638268773000000,74.001999999999995,-0.003300149000000,-0.045344151000000,74.005300149999997,0.331264463000000,0.377054792000000,1.410928377000000,1.461011438000000,-93.530326169999995,44.077923450000000,1,0
657,657,95.209000000000003,122.269999999999996,84.497000000000000,101.905919999999995,0.152821712000000,0.124430405000000,0.203493706000000,0.691068946000000,64.834000000000003,0.036501576000000,-0.013160649000000,64.797498419999997,0.245066464000000,0.300288312000000,1.284227331000000,1.336298664000000,-93.530326169999995,44.077884449999999,1,0
658,658,76.638999999999996,112.870000000000005,69.363000000000000,88.363640689999997,0.214498227000000,0.191183532000000,0.301558104000000,0.614538850000000,79.738000000000000,-0.021537285000000,-0.060886461000000,79.759537280000004,0.368883935000000,0.411160381000000,1.472748862000000,1.522491612000000,-93.530326169999995,44.077845449999998,1,0
659,659,77.102000000000004,113.069999999999993,69.790999999999997,88.694845740000005,0.212439650000000,0.189134047000000,0.298784692000000,0.617237110000000,79.247000000000000,-0.019722807000000,-0.059095333000000,79.266722810000005,0.365204126000000,0.407566890000000,1.466498924000000,1.515965789000000,-93.530326169999995,44.077806449999997,1,0
660,660,78.722999999999999,115.750000000000000,72.307000000000002,90.964600219999994,0.210362586000000,0.190396610000000,0.303087602000000,0.624682505000000,80.469999999999999,-0.020757928000000,-0.054427618000000,80.490757930000001,0.367472040000000,0.403652326000000,1.470345388000000,1.512565374000000,-93.530326169999995,44.077767450000003,1,0
661,661,77.994000000000000,115.120000000000005,71.507000000000005,90.275374060000004,0.212615967000000,0.192249138000000,0.305294925000000,0.621151842000000,80.739000000000004,-0.022403362000000,-0.056723389000000,80.761403360000003,0.370793835000000,0.407626497000000,1.476010975000000,1.519315241000000,-93.530326169999995,44.077728450000002,1,0
662,662,75.626999999999995,111.810000000000002,67.757999999999996,87.201043179999999,0.218621000000000,0.193040862000000,0.302333743000000,0.606010196000000,80.234999999999999,-0.023245753000000,-0.066415094000000,80.258245750000000,0.372211351000000,0.418541995000000,1.478440240000000,1.533533616000000,-93.530326169999995,44.077689450000001,3,0
663,663,71.108000000000004,106.730000000000004,62.844999999999999,82.456320939999998,0.228854418000000,0.200305896000000,0.309775378000000,0.588822262000000,79.507000000000005,-0.029826785000000,-0.077890836000000,79.536826779999998,0.385158297000000,0.436474012000000,1.500956292000000,1.563985567000000,-93.530326169999995,44.077650450000000,3,0
664,664,69.539000000000001,105.049999999999997,60.927999999999997,80.794793979999994,0.233824769000000,0.203397694000000,0.312429065000000,0.579990481000000,79.632999999999996,-0.032674499000000,-0.083861462000000,79.665674499999994,0.390634592000000,0.445158690000000,1.510663081000000,1.578649264000000,-93.530326169999995,44.077611449999999,3,0
665,665,75.394999999999996,112.650000000000006,68.847999999999999,87.777133750000004,0.219343892000000,0.198117472000000,0.312549812000000,0.611167332000000,81.057000000000002,-0.027626288000000,-0.063305734000000,81.084626290000003,0.381269897000000,0.419400710000000,1.494130911000000,1.540018386000000,-93.530326169999995,44.077572449999998,3,0
666,666,78.706999999999994,116.109999999999999,72.706000000000003,91.218577030000006,0.210636207000000,0.191990432000000,0.306303281000000,0.626182069000000,80.807000000000002,-0.022129686000000,-0.053534089000000,80.829129690000002,0.370330366000000,0.404033516000000,1.475218214000000,1.514697193000000,-93.530326169999995,44.077533449999997,1,0
667,667,76.924000000000007,112.629999999999995,69.676000000000002,88.426171940000003,0.211531221000000,0.188368486000000,0.297852817000000,0.618627364000000,78.659999999999997,-0.019042549000000,-0.058186167000000,78.679042550000005,0.363827399000000,0.405965599000000,1.464172430000000,1.513227116000000,-93.530326169999995,44.077494450000003,1,0
668,668,75.322999999999993,112.049999999999997,68.706999999999994,87.463151629999999,0.217504686000000,0.196010098000000,0.309498930000000,0.613181615000000,80.069999999999993,-0.025764605000000,-0.061934552000000,80.095764599999995,0.377516044000000,0.416232960000000,1.487593431000000,1.533839146000000,-93.530326169999995,44.077455450000002,3,0
669,669,72.272000000000006,108.120000000000005,65.189999999999998,83.989905120000003,0.222724214000000,0.198722781000000,0.311175153000000,0.602941176000000,78.778000000000006,-0.028256143000000,-0.068628808000000,78.806256140000002,0.382346419000000,0.425484755000000,1.496015054000000,1.548284377000000,-93.530326169999995,44.077416450000001,3,0
670,670,73.808999999999997,109.329999999999998,66.480000000000004,85.284636719999995,0.218334638000000,0.193956503000000,0.304485723000000,0.608067319000000,78.370999999999995,-0.024026216000000,-0.065131260000000,78.395026220000005,0.373849129000000,0.417928849000000,1.481255673000000,1.533749112000000,-93.530326169999995,44.077377450000000,3,0
671,671,76.173000000000002,112.670000000000002,69.358999999999995,88.142925050000002,0.215190146000000,0.193266364000000,0.305455124000000,0.615594213000000,79.808000000000007,-0.023345288000000,-0.060291555000000,79.831345290000002,0.372614860000000,0.412244037000000,1.479133026000000,1.526018319000000,-93.530326169999995,44.077338449999999,1,0
672,672,76.882999999999996,113.849999999999994,69.721000000000004,88.945369060000004,0.216658117000000,0.193815438000000,0.305482101000000,0.612393500000000,81.096000000000004,-0.023857572000000,-0.062354965000000,81.119857569999994,0.373596923000000,0.414877595000000,1.480821508000000,1.529833368000000,-93.530326169999995,44.077299449999998,1,0
673,673,77.224999999999994,113.760000000000005,70.078999999999994,89.099391069999996,0.214009775000000,0.191297746000000,0.302176898000000,0.616024965000000,80.215999999999994,-0.021623050000000,-0.059944688000000,80.237623049999996,0.369088753000000,0.410254974000000,1.473098090000000,1.521508151000000,-93.530326169999995,44.077260449999997,1,0
674,674,78.908000000000001,116.530000000000001,72.525999999999996,91.407027520000000,0.212294600000000,0.192500947000000,0.306088909000000,0.622380503000000,81.626000000000005,-0.022610500000000,-0.055953785000000,81.648610500000004,0.371244817000000,0.407020486000000,1.476783089000000,1.518845521000000,-93.530326169999995,44.077221450000003,1,0
675,675,78.816999999999993,115.969999999999999,72.441999999999993,91.120805809999993,0.210545957000000,0.190736548000000,0.303674037000000,0.624661550000000,80.680999999999997,-0.021053853000000,-0.054452174000000,80.702053849999999,0.368082111000000,0.403961593000000,1.471383077000000,1.513294208000000,-93.530326169999995,44.077182450000002,1,0
676,676,79.427999999999997,116.159999999999997,73.277000000000001,91.599620659999999,0.206778781000000,0.187802933000000,0.300316407000000,0.630828168000000,79.614999999999995,-0.018450895000000,-0.050479609000000,79.633450900000000,0.362809592000000,0.397283935000000,1.462456564000000,1.502242195000000,-93.530326169999995,44.077143450000001,1,0
677,677,76.837000000000003,113.780000000000001,68.930999999999997,88.696666100000002,0.219088844000000,0.193807478000000,0.303592854000000,0.605827035000000,81.792000000000002,-0.023919275000000,-0.066564181000000,81.815919280000003,0.373582690000000,0.419323250000000,1.480797012000000,1.535318269000000,-93.530326169999995,44.077104450000000,3,0
678,678,76.597999999999999,114.519999999999996,70.147999999999996,89.261462210000005,0.218991660000000,0.198421917000000,0.313482682000000,0.612539294000000,82.293999999999997,-0.027875039000000,-0.062437516000000,82.321875039999995,0.381811438000000,0.418737702000000,1.495078200000000,1.539519594000000,-93.530326169999995,44.077065449999999,3,0
679,679,78.760000000000005,116.489999999999995,72.263999999999996,91.278225579999997,0.213424860000000,0.193239437000000,0.306782886000000,0.620345094000000,81.956000000000003,-0.023273548000000,-0.057269526000000,81.979273550000002,0.372566682000000,0.409024997000000,1.479050279000000,1.522059792000000,-93.530326169999995,44.077026449999998,1,0
680,680,79.117000000000004,116.140000000000001,72.500000000000000,91.294850690000004,0.210116255000000,0.189611640000000,0.301595836000000,0.624246599000000,80.662999999999997,-0.020078653000000,-0.054676442000000,80.683078649999999,0.366062395000000,0.403262728000000,1.467952526000000,1.511274316000000,-93.530326169999995,44.076987449999997,1,0
681,681,78.106999999999999,115.549999999999997,70.146000000000001,90.135023279999999,0.218390259000000,0.193347000000000,0.303155185000000,0.607061878000000,82.846999999999994,-0.023503144000000,-0.065752095000000,82.870503139999997,0.372759123000000,0.418089104000000,1.479380849000000,1.533298740000000,-93.530326169999995,44.076948450000003,3,0
682,682,76.358999999999995,113.989999999999995,68.456000000000003,88.526156049999997,0.223085074000000,0.197694761000000,0.308721584000000,0.600543907000000,83.165000000000006,-0.027385097000000,-0.070136203000000,83.192385099999996,0.380517666000000,0.426239446000000,1.492816826000000,1.548128276000000,-93.530326169999995,44.076909450000002,3,0
683,683,77.460999999999999,114.829999999999998,69.245000000000005,89.407317829999997,0.220407795000000,0.194335668000000,0.303699429000000,0.603021858000000,82.953999999999994,-0.024411936000000,-0.068392114000000,82.978411940000001,0.374526825000000,0.421685271000000,1.482423413000000,1.538819191000000,-93.530326169999995,44.076870450000001,3,0
684,684,76.655000000000001,114.870000000000005,67.075000000000003,88.638143690000007,0.230299622000000,0.199530087000000,0.307071113000000,0.583920954000000,86.010000000000005,-0.029207270000000,-0.081071152000000,86.039207270000006,0.383780988000000,0.439199003000000,1.498532385000000,1.566655143000000,-93.530326169999995,44.076831450000000,3,0
685,685,73.766000000000005,109.689999999999998,65.792000000000002,85.248472359999994,0.222383810000000,0.195818071000000,0.305310035000000,0.599799435000000,79.822000000000003,-0.025747850000000,-0.070536975000000,79.847747850000005,0.377173529000000,0.425148782000000,1.486999431000000,1.544739635000000,-93.530287169999994,44.078001450000002,3,0
686,686,72.501000000000005,108.319999999999993,65.042000000000002,84.103268200000002,0.223322407000000,0.198090930000000,0.309373893000000,0.600461595000000,79.096999999999994,-0.027733331000000,-0.070206578000000,79.124733329999998,0.381222675000000,0.426632856000000,1.494048358000000,1.549050731000000,-93.530287169999994,44.077962450000001,3,0
687,687,73.233999999999995,108.480000000000004,65.207999999999998,84.425928920000004,0.220927288000000,0.193964141000000,0.302525192000000,0.601106195000000,78.518000000000001,-0.024106398000000,-0.069612266000000,78.542106399999994,0.373862784000000,0.422675361000000,1.481279187000000,1.539657335000000,-93.530287169999994,44.077923450000000,3,0
688,688,76.096999999999994,110.989999999999995,68.911000000000001,87.289288060000004,0.209739828000000,0.186506812000000,0.295262998000000,0.620875755000000,76.971999999999994,-0.017399355000000,-0.056698099000000,76.989399349999999,0.360474591000000,0.402834390000000,1.458533188000000,1.507514913000000,-93.530287169999994,44.077884449999999,1,0
689,689,71.679000000000002,107.189999999999998,64.492000000000004,83.240201029999994,0.223103058000000,0.198530768000000,0.310473259000000,0.601660603000000,78.209000000000003,-0.028103928000000,-0.069449090000000,78.237103930000004,0.382005013000000,0.426191398000000,1.495417068000000,1.548967843000000,-93.530287169999994,44.077845449999998,3,0
690,690,71.572999999999993,106.939999999999998,63.634999999999998,82.881986690000005,0.225364378000000,0.198120025000000,0.307865736000000,0.595053301000000,78.671999999999997,-0.027825132000000,-0.073719378000000,78.699825129999994,0.381274439000000,0.430350817000000,1.494138851000000,1.553787650000000,-93.530287169999994,44.077806449999997,3,0
691,691,71.474000000000004,106.459999999999994,63.893999999999998,82.713778599999998,0.222666299000000,0.196623467000000,0.306787092000000,0.600169078000000,77.552000000000007,-0.026450204000000,-0.070332633000000,77.578450200000006,0.378609589000000,0.425582562000000,1.489492683000000,1.546149490000000,-93.530287169999994,44.077767450000003,3,0
692,692,72.816999999999993,107.769999999999996,65.275000000000006,84.018874890000006,0.219007330000000,0.193552138000000,0.303116761000000,0.605688039000000,77.447999999999993,-0.023697033000000,-0.066643076000000,77.471697030000001,0.373126067000000,0.419199154000000,1.480011536000000,1.534892294000000,-93.530287169999994,44.077728450000002,3,0
693,693,69.807000000000002,105.400000000000006,62.204000000000001,81.345999419999998,0.229832182000000,0.203148276000000,0.314973939000000,0.590170778000000,78.789000000000001,-0.032307686000000,-0.077142171000000,78.821307689999998,0.390193567000000,0.437945442000000,1.509877233000000,1.568983935000000,-93.530287169999994,44.077689450000001,3,0
694,694,68.638999999999996,103.799999999999997,59.627000000000002,79.668336350000004,0.236207297000000,0.203903989000000,0.311677836000000,0.574441233000000,79.334000000000003,-0.033203485000000,-0.087570777000000,79.367203489999994,0.391529424000000,0.449426415000000,1.512259794000000,1.584827600000000,-93.530287169999994,44.077650450000000,3,0
695,695,66.736000000000004,101.230000000000004,57.457999999999998,77.465322049999997,0.239599086000000,0.205362990000000,0.312140298000000,0.567598538000000,78.266000000000005,-0.034599688000000,-0.092220882000000,78.300599689999999,0.394105012000000,0.455402795000000,1.516872453000000,1.594399992000000,-93.530287169999994,44.077611449999999,3,0
696,696,74.111999999999995,110.579999999999998,67.626000000000005,86.204796500000000,0.218854885000000,0.197453057000000,0.311516580000000,0.611557244000000,79.421999999999997,-0.027042066000000,-0.063029986000000,79.449042070000004,0.380087378000000,0.418567724000000,1.492066062000000,1.538271776000000,-93.530287169999994,44.077572449999998,3,0
697,697,74.852999999999994,110.790000000000006,68.149000000000001,86.644257190000005,0.215529017000000,0.193581228000000,0.305862427000000,0.615118693000000,78.578000000000003,-0.023624858000000,-0.060606323000000,78.601624860000001,0.373178096000000,0.412836090000000,1.480100998000000,1.527077258000000,-93.530287169999994,44.077533449999997,1,0
698,698,75.525000000000006,110.689999999999998,68.715999999999994,86.944791640000005,0.210980770000000,0.188840856000000,0.299279143000000,0.620796820000000,77.138999999999996,-0.019436632000000,-0.056829495000000,77.158436629999997,0.364677013000000,0.404912232000000,1.465607415000000,1.512451987000000,-93.530287169999994,44.077494450000003,1,0
699,699,70.722999999999999,106.260000000000005,64.024000000000001,82.445947759999996,0.223957358000000,0.200793297000000,0.314600873000000,0.602522116000000,77.772999999999996,-0.030072985000000,-0.068987208000000,77.803072990000004,0.386022940000000,0.427533418000000,1.502481512000000,1.553104535000000,-93.530287169999994,44.077455450000002,3,0
700,700,70.037999999999997,104.829999999999998,62.332999999999998,81.199452449999995,0.225970745000000,0.198961502000000,0.309166037000000,0.594610321000000,77.289000000000001,-0.028569863000000,-0.074046062000000,77.317569860000006,0.382770764000000,0.431367436000000,1.496758902000000,1.555990282000000,-93.530287169999994,44.077416450000001,3,0
701,701,71.375000000000000,107.159999999999997,64.174000000000007,83.058129240000000,0.225144268000000,0.200436889000000,0.312912619000000,0.598861515000000,78.771000000000001,-0.029809360000000,-0.071346345000000,78.800809360000002,0.385390726000000,0.429717491000000,1.501366025000000,1.555488693000000,-93.530287169999994,44.077377450000000,3,0
702,702,74.962000000000003,110.439999999999998,66.995000000000005,86.225721350000001,0.217516405000000,0.191357159000000,0.299627556000000,0.606618979000000,78.923000000000002,-0.021764126000000,-0.065955618000000,78.944764129999996,0.369195287000000,0.416684133000000,1.473279795000000,1.529449791000000,-93.530287169999994,44.077338449999999,3,0
703,703,75.326999999999998,111.540000000000006,68.495000000000005,87.191156960000001,0.216019537000000,0.193790236000000,0.305925388000000,0.614084633000000,79.257999999999996,-0.023817953000000,-0.061273800000000,79.281817950000004,0.373551860000000,0.413713717000000,1.480743956000000,1.528375751000000,-93.530287169999994,44.077299449999998,1,0
704,704,74.343000000000004,110.599999999999994,67.549000000000007,86.259509719999997,0.218423981000000,0.196044187000000,0.308848834000000,0.610750452000000,79.308000000000007,-0.025821808000000,-0.063492705000000,79.333821810000003,0.377576840000000,0.417903083000000,1.487698909000000,1.535942262000000,-93.530287169999994,44.077260449999997,3,0
705,705,78.221999999999994,115.620000000000005,71.936999999999998,90.667152549999997,0.212588392000000,0.192930325000000,0.306779870000000,0.622184743000000,81.081000000000003,-0.022986015000000,-0.056092468000000,81.103986010000000,0.372013521000000,0.407523660000000,1.478100790000000,1.519908538000000,-93.530287169999994,44.077221450000003,1,0
706,706,78.195999999999998,115.640000000000001,71.808000000000007,90.634086449999998,0.213163941000000,0.193173611000000,0.306847609000000,0.620961605000000,81.275999999999996,-0.023210010000000,-0.056876120000000,81.299210009999996,0.372448902000000,0.408554379000000,1.478848023000000,1.521417627000000,-93.530287169999994,44.077182450000002,1,0
707,707,76.950999999999993,112.640000000000001,70.757999999999996,88.724142830000005,0.207971281000000,0.188242058000000,0.300329033000000,0.628178267000000,77.570999999999998,-0.018853923000000,-0.052156144000000,77.589853919999996,0.363599926000000,0.399437665000000,1.463788645000000,1.505263279000000,-93.530287169999994,44.077143450000001,1,0
708,708,75.221999999999994,111.609999999999999,68.004999999999995,87.062853559999994,0.218293505000000,0.194763210000000,0.306226699000000,0.609309202000000,79.992999999999995,-0.024718546000000,-0.064366634000000,80.017718549999998,0.375290630000000,0.417778830000000,1.483741459000000,1.534422557000000,-93.530287169999994,44.077104450000000,3,0
709,709,74.832999999999998,111.829999999999998,68.352999999999994,87.136022780000005,0.219367255000000,0.198202108000000,0.312712366000000,0.611222391000000,80.474000000000004,-0.027699438000000,-0.063273677000000,80.501699439999996,0.381420465000000,0.419436190000000,1.494394184000000,1.540153175000000,-93.530287169999994,44.077065449999999,3,0
710,710,74.668999999999997,111.439999999999998,68.165999999999997,86.873349800000000,0.218872619000000,0.197577764000000,0.311769244000000,0.611683417000000,80.045000000000002,-0.027149346000000,-0.062953889000000,80.072149350000004,0.380309400000000,0.418589682000000,1.492453361000000,1.538432405000000,-93.530287169999994,44.077026449999998,3,0
711,711,76.763000000000005,113.930000000000007,69.572999999999993,88.906327860000005,0.217864435000000,0.194904899000000,0.306860964000000,0.610664443000000,81.524000000000001,-0.024827676000000,-0.063503493000000,81.548827680000002,0.375543676000000,0.416983098000000,1.484178576000000,1.533589021000000,-93.530287169999994,44.076987449999997,3,0
712,712,75.373999999999995,112.170000000000002,68.070999999999998,87.363245160000005,0.219951874000000,0.196199292000000,0.307985905000000,0.606855666000000,80.894999999999996,-0.026001604000000,-0.066000039000000,80.921001599999997,0.377853433000000,0.420672421000000,1.488178948000000,1.539549112000000,-93.530287169999994,44.076948450000003,3,0
713,713,77.102999999999994,113.799999999999997,68.004000000000005,88.543504609999999,0.221334721000000,0.192228514000000,0.298594781000000,0.597574692000000,82.492999999999995,-0.022617388000000,-0.071818838000000,82.515617390000003,0.370756893000000,0.423613964000000,1.475947758000000,1.538975642000000,-93.530287169999994,44.076909450000002,3,0
714,714,75.471999999999994,112.810000000000002,66.933000000000007,87.373041939999993,0.226112356000000,0.198308920000000,0.307691040000000,0.593325060000000,83.215000000000003,-0.028012460000000,-0.074853751000000,83.243012460000003,0.381610463000000,0.431695016000000,1.494726521000000,1.555701299000000,-93.530287169999994,44.076870450000001,3,0
715,715,83.834999999999994,116.310000000000002,75.694000000000003,93.605386170000003,0.186385787000000,0.162257363000000,0.260946075000000,0.650795288000000,73.090999999999994,0.003839196000000,-0.037479834000000,73.087160800000007,0.316190243000000,0.361390446000000,1.387368044000000,1.435373322000000,-93.530248169999993,44.078001450000002,1,0
716,716,75.370999999999995,111.760000000000005,67.742000000000004,87.101595480000000,0.219311955000000,0.194457359000000,0.304793574000000,0.606138153000000,80.406999999999996,-0.024485136000000,-0.066390712000000,80.431485140000007,0.374744264000000,0.419668208000000,1.482798424000000,1.536439349000000,-93.530248169999993,44.077962450000001,3,0
717,717,76.149000000000001,112.189999999999998,67.828000000000003,87.532667970000006,0.218274663000000,0.191362384000000,0.299068135000000,0.604581514000000,80.403000000000006,-0.021788130000000,-0.067263933000000,80.424788129999996,0.369204655000000,0.418077750000000,1.473295775000000,1.531175329000000,-93.530248169999993,44.077923450000000,3,0
718,718,76.478999999999999,112.590000000000003,69.576999999999998,88.254375659999994,0.213136657000000,0.190993764000000,0.302204332000000,0.617967848000000,79.123999999999995,-0.021339592000000,-0.058698762000000,79.145339590000006,0.368543568000000,0.408681878000000,1.472168831000000,1.519273958000000,-93.530248169999993,44.077884449999999,1,0
719,719,74.453000000000003,110.349999999999994,66.197000000000003,85.833976410000005,0.221530372000000,0.194244682000000,0.302657538000000,0.599882193000000,80.049999999999997,-0.024365737000000,-0.070415139000000,80.074365740000005,0.374364229000000,0.423751291000000,1.482143097000000,1.541302037000000,-93.530248169999993,44.077845449999998,3,0
720,720,69.153000000000006,102.230000000000004,63.819000000000003,80.220477579999994,0.211858982000000,0.193000473000000,0.307509948000000,0.624268806000000,71.488000000000000,-0.023026165000000,-0.054775895000000,71.511026160000000,0.372139069000000,0.406189234000000,1.478316197000000,1.518364561000000,-93.531106170000001,44.077533449999997,1,0
721,721,74.885999999999996,111.790000000000006,67.617999999999995,86.942722560000007,0.221468297000000,0.197690115000000,0.309966571000000,0.604866267000000,81.075999999999993,-0.027328997000000,-0.067342525000000,81.103329000000002,0.380509398000000,0.423296654000000,1.492802393000000,1.544425560000000,-93.530248169999993,44.077806449999997,3,0
722,722,74.370999999999995,110.640000000000001,66.926000000000002,86.122673590000005,0.220595901000000,0.196036992000000,0.307143160000000,0.604898771000000,79.983000000000004,-0.025881867000000,-0.067253321000000,80.008881869999996,0.377564010000000,0.421861917000000,1.487676648000000,1.540858862000000,-93.530248169999993,44.077767450000003,3,0
723,723,74.436000000000007,109.359999999999999,67.391999999999996,85.716605470000005,0.213264253000000,0.190015017000000,0.300024054000000,0.616239941000000,76.891999999999996,-0.020500979000000,-0.059760817000000,76.912500980000004,0.366786932000000,0.409002031000000,1.469181579000000,1.518632338000000,-93.530248169999993,44.077728450000002,1,0
724,724,71.296999999999997,107.200000000000003,63.609999999999999,82.908251120000003,0.227573453000000,0.201140635000000,0.312507072000000,0.593376866000000,79.492999999999995,-0.030499738000000,-0.074950332000000,79.523499740000005,0.386638810000000,0.434056250000000,1.503569575000000,1.561788788000000,-93.530248169999993,44.077689450000001,3,0
725,725,71.596999999999994,108.010000000000005,62.557000000000002,83.077611820000001,0.233786632000000,0.202737087000000,0.311089278000000,0.579177854000000,81.866000000000000,-0.032103038000000,-0.084365141000000,81.898103039999995,0.389466207000000,0.445168331000000,1.508582762000000,1.577935469000000,-93.530248169999993,44.077650450000000,3,0
726,726,69.286000000000001,103.430000000000007,59.283999999999999,79.609269459999993,0.233401902000000,0.197688691000000,0.301008534000000,0.573179928000000,78.290000000000006,-0.027713793000000,-0.088070690000000,78.317713789999999,0.380506863000000,0.445124820000000,1.492797968000000,1.572344827000000,-93.530248169999993,44.077611449999999,3,0
727,727,75.539000000000001,112.019999999999996,67.887000000000000,87.298846290000000,0.219378119000000,0.194504129000000,0.304841567000000,0.606025710000000,80.614000000000004,-0.024527297000000,-0.066464928000000,80.638527300000007,0.374827826000000,0.419784675000000,1.482942586000000,1.536633913000000,-93.530248169999993,44.077572449999998,3,0
728,728,77.259000000000000,113.989999999999995,70.608000000000004,89.346074049999999,0.213153225000000,0.192058521000000,0.304465314000000,0.619422756000000,80.113000000000000,-0.022254131000000,-0.057813234000000,80.135254130000007,0.370452359000000,0.408623162000000,1.475426811000000,1.520324743000000,-93.530248169999993,44.077533449999997,1,0
729,729,74.766999999999996,110.280000000000001,68.067999999999998,86.381007389999994,0.213885717000000,0.191913406000000,0.303584404000000,0.617228872000000,77.724999999999994,-0.022148826000000,-0.059201549000000,77.747148830000000,0.370192348000000,0.409974589000000,1.474982278000000,1.521816196000000,-93.530248169999993,44.077494450000003,1,0
730,730,73.778999999999996,108.980000000000004,66.281999999999996,85.075035049999997,0.217582209000000,0.192608846000000,0.302214171000000,0.608203340000000,77.899000000000001,-0.022845234000000,-0.064990102000000,77.921845230000002,0.371438021000000,0.416680326000000,1.477114084000000,1.530773423000000,-93.530248169999993,44.077455450000002,3,0
731,731,67.141000000000005,100.250000000000000,61.887999999999998,78.290273819999996,0.216888347000000,0.197794386000000,0.313820460000000,0.617336658000000,71.471000000000004,-0.027270705000000,-0.059346037000000,71.498270710000000,0.380694986000000,0.414975160000000,1.493126406000000,1.534187952000000,-93.531106170000001,44.077494450000003,3,0
732,732,71.462999999999994,106.469999999999999,63.905000000000001,82.717733480000007,0.222710934000000,0.196742594000000,0.307003543000000,0.600216023000000,77.572000000000003,-0.026554140000000,-0.070307396000000,77.598554140000005,0.378821884000000,0.425652010000000,1.489861887000000,1.546364828000000,-93.530248169999993,44.077416450000001,3,0
733,733,72.159999999999997,108.489999999999995,64.004999999999995,83.812858449999993,0.228843676000000,0.201107113000000,0.311457842000000,0.589962208000000,80.814999999999998,-0.030516442000000,-0.077182154000000,80.845516439999997,0.386579382000000,0.436366987000000,1.503464523000000,1.564720232000000,-93.530248169999993,44.077377450000000,3,0
734,734,76.620999999999995,112.590000000000003,69.079999999999998,88.165246629999999,0.214297848000000,0.190099941000000,0.299414806000000,0.613553602000000,79.478999999999999,-0.020599247000000,-0.061473299000000,79.499599250000003,0.366939430000000,0.410892615000000,1.469440493000000,1.521022017000000,-93.530248169999993,44.077338449999999,1,0
735,735,73.540000000000006,110.120000000000005,65.677000000000007,85.338569489999998,0.225403873000000,0.199172384000000,0.310044667000000,0.596413004000000,81.022999999999996,-0.028732198000000,-0.072882083000000,81.051732200000004,0.383145523000000,0.430313653000000,1.497416372000000,1.554877981000000,-93.530248169999993,44.077299449999998,3,0
736,736,75.328999999999994,113.109999999999999,68.131000000000000,87.768945729999999,0.223869292000000,0.200494590000000,0.314035642000000,0.602342852000000,82.760000000000005,-0.029814086000000,-0.069090696000000,82.789814089999993,0.385493097000000,0.427400650000000,1.501546549000000,1.552613676000000,-93.530248169999993,44.077260449999997,3,0
737,737,77.766000000000005,114.750000000000000,71.274000000000001,89.990918679999993,0.212553495000000,0.192108708000000,0.305042807000000,0.621124183000000,80.459999999999994,-0.022281360000000,-0.056736040000000,80.482281360000002,0.370542273000000,0.407523471000000,1.475580588000000,1.519042261000000,-93.530248169999993,44.077221450000003,1,0
738,738,76.125000000000000,113.640000000000001,70.013000000000005,88.714683850000000,0.217295363000000,0.197691882000000,0.313272430000000,0.616094685000000,81.141999999999996,-0.027196298000000,-0.060135192000000,81.169196299999996,0.380512542000000,0.415720105000000,1.492807882000000,1.534998691000000,-93.530248169999993,44.077182450000002,3,0
739,739,78.760999999999996,115.590000000000003,71.953000000000003,90.814054400000003,0.210702446000000,0.189497353000000,0.300895439000000,0.622484644000000,80.465999999999994,-0.019994442000000,-0.055785118000000,80.485994439999999,0.365857054000000,0.404346328000000,1.467604525000000,1.512458243000000,-93.530248169999993,44.077143450000001,1,0
740,740,76.867999999999995,113.650000000000006,70.141000000000005,88.965858249999997,0.214504594000000,0.193063123000000,0.305556709000000,0.617166740000000,80.290999999999997,-0.023152088000000,-0.059282818000000,80.314152089999993,0.372251189000000,0.411009211000000,1.478508612000000,1.524293076000000,-93.530248169999993,44.077104450000000,1,0
741,741,74.819000000000003,111.909999999999997,68.036000000000001,87.083538739999995,0.220808618000000,0.198635456000000,0.312495261000000,0.607952819000000,80.965000000000003,-0.028117677000000,-0.065392028000000,80.993117679999997,0.382191160000000,0.422014536000000,1.495743060000000,1.543835232000000,-93.530248169999993,44.077065449999999,3,0
742,742,66.248000000000005,98.096000000000004,60.976999999999997,76.876128170000001,0.213244820000000,0.193788638000000,0.308106069000000,0.621605366000000,68.966999999999999,-0.023738577000000,-0.056489187000000,68.990738579999999,0.373549004000000,0.408655058000000,1.480739041000000,1.522189648000000,-93.531106170000001,44.077455450000002,1,0
743,743,77.887000000000000,114.980000000000004,70.741000000000000,89.983469319999998,0.214829841000000,0.192324244000000,0.303727298000000,0.615246130000000,81.331999999999994,-0.022526630000000,-0.060478438000000,81.354526629999995,0.370928362000000,0.411666411000000,1.476241221000000,1.524314768000000,-93.530248169999993,44.077026449999998,1,0
744,744,77.307000000000002,114.420000000000002,71.025999999999996,89.653037359999999,0.213448471000000,0.193572110000000,0.307478811000000,0.620748121000000,80.507000000000005,-0.023559008000000,-0.057025419000000,80.530559010000005,0.373161788000000,0.409042371000000,1.480072956000000,1.522432374000000,-93.530248169999993,44.076987449999997,1,0
745,745,77.045000000000002,114.180000000000007,68.900000000000006,88.919841099999999,0.220181403000000,0.194195320000000,0.303576538000000,0.603433176000000,82.415000000000006,-0.024284479000000,-0.068121096000000,82.439284479999998,0.374276009000000,0.421284965000000,1.481991044000000,1.538170519000000,-93.530248169999993,44.076948450000003,3,0
746,746,77.019999999999996,114.069999999999993,68.152000000000001,88.673070699999997,0.222248414000000,0.193887697000000,0.301371423000000,0.597457701000000,82.968000000000004,-0.024077889000000,-0.071968277000000,82.992077890000004,0.373726118000000,0.425107293000000,1.481043885000000,1.542618452000000,-93.530248169999993,44.076909450000002,3,0
747,747,75.671000000000006,114.040000000000006,66.668000000000006,87.893579709999997,0.231470308000000,0.202249738000000,0.311834074000000,0.584601894000000,85.741000000000000,-0.031596192000000,-0.080758564000000,85.772596190000002,0.388603660000000,0.441014230000000,1.507050257000000,1.571979025000000,-93.530248169999993,44.076870450000001,3,0
748,748,78.721999999999994,113.129999999999995,71.766999999999996,89.714459020000007,0.201117986000000,0.179346580000000,0.286530374000000,0.634376381000000,75.771000000000001,-0.011073557000000,-0.048009438000000,75.782073560000001,0.347515263000000,0.387507596000000,1.437082391000000,1.482035886000000,-93.530209170000006,44.077962450000001,1,0
749,749,74.911000000000001,110.939999999999998,67.939999999999998,86.670227720000000,0.216677497000000,0.193859597000000,0.305560974000000,0.612403101000000,79.028999999999996,-0.023896040000000,-0.062350517000000,79.052896039999993,0.373675878000000,0.414909090000000,1.480957403000000,1.529919022000000,-93.530209170000006,44.077923450000000,3,0
750,750,74.731999999999999,111.180000000000007,67.451999999999998,86.594142469999994,0.219935042000000,0.196049744000000,0.307681918000000,0.606691851000000,80.176000000000002,-0.025872658000000,-0.066099367000000,80.201872660000006,0.377586752000000,0.420655514000000,1.487716106000000,1.539368110000000,-93.530209170000006,44.077884449999999,3,0
751,751,62.786000000000001,93.819000000000003,58.767000000000003,73.479355029999994,0.213735199000000,0.198160978000000,0.317187596000000,0.626386979000000,66.084999999999994,-0.027480824000000,-0.053605854000000,66.112480820000002,0.381347297000000,0.409250910000000,1.494266238000000,1.527547905000000,-93.531106170000001,44.077416450000001,3,0
752,752,74.528000000000006,111.109999999999999,65.646000000000001,86.041176579999998,0.226399996000000,0.197060947000000,0.304870325000000,0.590819908000000,82.046000000000006,-0.026944811000000,-0.076429856000000,82.072944809999996,0.379389071000000,0.432359407000000,1.490849077000000,1.555198074000000,-93.530209170000006,44.077845449999998,3,0
753,753,74.494000000000000,112.659999999999997,67.599999999999994,87.199754659999996,0.226518314000000,0.203928316000000,0.319236496000000,0.600035505000000,83.225999999999999,-0.032848944000000,-0.070734905000000,83.258848939999993,0.391572405000000,0.431884644000000,1.512336564000000,1.562041592000000,-93.530209170000006,44.077806449999997,3,0
754,754,72.909999999999997,110.290000000000006,66.209000000000003,85.368581030000001,0.226469910000000,0.204039301000000,0.319511757000000,0.600317345000000,81.460999999999999,-0.032941875000000,-0.070556395000000,81.493941870000000,0.391768483000000,0.431787841000000,1.512686874000000,1.562038636000000,-93.530209170000006,44.077767450000003,3,0
755,755,74.929000000000002,111.849999999999994,68.233999999999995,87.140989779999998,0.219528816000000,0.197672115000000,0.311451348000000,0.610049173000000,80.537000000000006,-0.027251160000000,-0.064006149000000,80.564251159999998,0.380477357000000,0.419773219000000,1.492746467000000,1.540005259000000,-93.530209170000006,44.077728450000002,3,0
756,756,72.093000000000004,108.900000000000006,64.825000000000003,84.180146660000005,0.228017749000000,0.203361456000000,0.316842848000000,0.595270891000000,80.882000000000005,-0.032421548000000,-0.073814774000000,80.914421550000000,0.390570524000000,0.434642128000000,1.510548874000000,1.564958850000000,-93.530209170000006,44.077689450000001,3,0
757,757,70.177000000000007,107.069999999999993,63.896999999999998,82.606744759999998,0.229933317000000,0.208144567000000,0.325478606000000,0.596777809000000,80.066000000000003,-0.036584779000000,-0.073044322000000,80.102584780000001,0.399002677000000,0.437662909000000,1.525713553000000,1.574094770000000,-93.530209170000006,44.077650450000000,3,0
758,758,69.498999999999995,105.530000000000001,61.784999999999997,81.207713360000000,0.233028766000000,0.205857315000000,0.318171382000000,0.585473325000000,79.775999999999996,-0.034758925000000,-0.080362647000000,79.810758919999998,0.394976614000000,0.443443259000000,1.518439114000000,1.579109279000000,-93.530209170000006,44.077611449999999,3,0
759,759,77.040000000000006,113.659999999999997,69.251000000000005,88.787120310000006,0.216880659000000,0.192029365000000,0.301525743000000,0.609282069000000,81.028999999999996,-0.022327285000000,-0.064275960000000,81.051327279999995,0.370400124000000,0.415450107000000,1.475337487000000,1.528642826000000,-93.530209170000006,44.077572449999998,1,0
760,760,75.238000000000000,112.260000000000005,68.805999999999997,87.554420940000000,0.218350137000000,0.197452773000000,0.311916557000000,0.612916444000000,80.475999999999999,-0.027025719000000,-0.062158999000000,80.503025719999997,0.380086872000000,0.417651502000000,1.492065180000000,1.537134378000000,-93.530209170000006,44.077533449999997,3,0
761,761,73.203999999999994,109.409999999999997,66.284000000000006,85.093952729999998,0.221407281000000,0.198265193000000,0.311235279000000,0.605831277000000,79.331999999999994,-0.027820232000000,-0.066743807000000,79.359820229999997,0.381532685000000,0.423133682000000,1.494590460000000,1.544838905000000,-93.530209170000006,44.077494450000003,3,0
762,762,62.017000000000003,92.231999999999999,57.503999999999998,72.248552759999995,0.213638831000000,0.195884576000000,0.312315882000000,0.623471246000000,64.942999999999998,-0.025540134000000,-0.055377728000000,64.968540129999994,0.377292163000000,0.409221370000000,1.487205121000000,1.525097120000000,-93.531106170000001,44.077377450000000,3,0
763,763,75.049999999999997,111.280000000000001,67.373999999999995,86.708317129999998,0.219560309000000,0.194439972000000,0.304566394000000,0.605445723000000,80.135999999999996,-0.024477344000000,-0.066835367000000,80.160477340000000,0.374713199000000,0.420124069000000,1.482744837000000,1.536987218000000,-93.530209170000006,44.077455450000002,3,0
764,764,72.123000000000005,108.959999999999994,65.051000000000002,84.272655369999995,0.227393310000000,0.203426053000000,0.317472766000000,0.597017254000000,80.745999999999995,-0.032453054000000,-0.072678297000000,80.778453049999996,0.390684729000000,0.433508083000000,1.510752465000000,1.563573520000000,-93.530209170000006,44.077416450000001,3,0
765,765,71.879999999999995,108.569999999999993,64.465000000000003,83.884673860000007,0.228566983000000,0.203325021000000,0.316334009000000,0.593764392000000,80.795000000000002,-0.032411245000000,-0.074797379000000,80.827411240000004,0.390506104000000,0.435638409000000,1.510434057000000,1.566200537000000,-93.530209170000006,44.077377450000000,3,0
766,766,76.331999999999994,113.019999999999996,68.820999999999998,88.197552239999993,0.217910898000000,0.193755545000000,0.304386423000000,0.608927623000000,80.887000000000000,-0.023841378000000,-0.064571431000000,80.910841379999994,0.373489830000000,0.417172789000000,1.480637216000000,1.532600232000000,-93.530209170000006,44.077338449999999,3,0
767,767,74.361000000000004,110.939999999999998,66.141000000000005,86.046254619999999,0.224564134000000,0.197403144000000,0.306973817000000,0.596187128000000,81.378000000000000,-0.027181616000000,-0.072949627000000,81.405181619999993,0.379998506000000,0.428966391000000,1.491911082000000,1.551258366000000,-93.530209170000006,44.077299449999998,3,0
768,768,74.992000000000004,111.849999999999994,67.236000000000004,86.900138589999997,0.222644892000000,0.197268280000000,0.308161798000000,0.601126509000000,81.471999999999994,-0.027004306000000,-0.069740788000000,81.499004310000004,0.379758350000000,0.425479242000000,1.491492426000000,1.546712530000000,-93.530209170000006,44.077260449999997,3,0
769,769,76.183000000000007,113.140000000000001,68.975999999999999,88.246241970000000,0.218396560000000,0.195206076000000,0.307087007000000,0.609651759000000,81.120999999999995,-0.025101917000000,-0.064164399000000,81.146101920000007,0.376081415000000,0.417926862000000,1.485108226000000,1.535077851000000,-93.530209170000006,44.077221450000003,3,0
770,770,76.162000000000006,113.709999999999994,69.468999999999994,88.612558000000007,0.219243481000000,0.197754277000000,0.311852695000000,0.610931317000000,81.789000000000001,-0.027312303000000,-0.063443112000000,81.816312300000007,0.380623600000000,0.419248337000000,1.493001759000000,1.539440004000000,-93.530209170000006,44.077182450000002,3,0
771,771,74.659999999999997,111.090000000000003,68.228999999999999,86.737727550000002,0.217194558000000,0.196123822000000,0.309987151000000,0.614177694000000,79.290999999999997,-0.025852531000000,-0.061301919000000,79.316852530000006,0.377718857000000,0.415659616000000,1.487945352000000,1.533252217000000,-93.530209170000006,44.077143450000001,3,0
772,772,74.506000000000000,111.030000000000001,67.962999999999994,86.598256919999997,0.218339282000000,0.196856675000000,0.310649554000000,0.612113843000000,79.590999999999994,-0.026515292000000,-0.062650346000000,79.617515290000000,0.379025158000000,0.417680365000000,1.490215553000000,1.536533457000000,-93.530209170000006,44.077104450000000,3,0
773,773,61.107999999999997,91.522000000000006,56.429000000000002,71.401905180000000,0.217934600000000,0.199266199000000,0.316150560000000,0.616562138000000,65.507000000000005,-0.028560359000000,-0.059894097000000,65.535560360000005,0.383312214000000,0.416761517000000,1.497708974000000,1.537969792000000,-93.531106170000001,44.077338449999999,3,0
774,774,72.760000000000005,109.519999999999996,66.513999999999996,85.074007379999998,0.222614802000000,0.201667764000000,0.317537101000000,0.607322863000000,79.766000000000005,-0.030772446000000,-0.065919596000000,79.796772450000006,0.387572979000000,0.425032162000000,1.505222650000000,1.550889871000000,-93.530209170000006,44.077065449999999,3,0
775,775,74.980999999999995,112.329999999999998,68.566999999999993,87.448294720000007,0.220288533000000,0.199395657000000,0.314533787000000,0.610406837000000,81.111999999999995,-0.028750420000000,-0.063843707000000,81.140750420000003,0.383542203000000,0.421009119000000,1.498112855000000,1.543394489000000,-93.530209170000006,44.077026449999998,3,0
776,776,75.028999999999996,111.030000000000001,68.683999999999997,86.937724070000002,0.214195690000000,0.193492387000000,0.306717785000000,0.618607584000000,78.346999999999994,-0.023511539000000,-0.058381977000000,78.370511539999995,0.373019195000000,0.410410644000000,1.479827800000000,1.524016199000000,-93.530209170000006,44.076987449999997,1,0
777,777,74.537000000000006,110.140000000000001,66.588999999999999,85.869433619999995,0.219016840000000,0.192785241000000,0.301495495000000,0.604585074000000,79.153999999999996,-0.023036145000000,-0.067320688000000,79.177036139999998,0.371753824000000,0.419293705000000,1.477655393000000,1.534192936000000,-93.530209170000006,44.076948450000003,3,0
778,778,76.078000000000003,111.569999999999993,67.787999999999997,87.237109700000005,0.216001918000000,0.189141371000000,0.296112131000000,0.607582684000000,79.274000000000001,-0.019812399000000,-0.065248438000000,79.293812399999993,0.365217291000000,0.414125119000000,1.466521202000000,1.523960578000000,-93.530209170000006,44.076909450000002,1,0
779,779,73.545000000000002,110.659999999999997,65.465000000000003,85.518358359999993,0.228429495000000,0.201487473000000,0.312573690000000,0.591586843000000,82.310000000000002,-0.030828694000000,-0.076136500000000,82.340828689999995,0.387253536000000,0.435574405000000,1.504657013000000,1.564114921000000,-93.530209170000006,44.076870450000001,3,0
780,780,79.290999999999997,114.560000000000002,71.036000000000001,90.290585660000005,0.207652189000000,0.181938706000000,0.287171762000000,0.620076816000000,78.793000000000006,-0.013411757000000,-0.057041682000000,78.806411760000003,0.352218386000000,0.399406846000000,1.444804581000000,1.498677982000000,-93.530170170000005,44.078001450000002,1,0
781,781,83.590000000000003,115.609999999999999,74.879000000000005,93.022980750000002,0.186689899000000,0.160742972000000,0.257559061000000,0.647686186000000,72.751000000000005,0.005166394000000,-0.039329536000000,72.745833610000005,0.313388516000000,0.362120057000000,1.383060175000000,1.434685055000000,-93.530170170000005,44.077962450000001,1,0
782,782,74.908000000000001,109.780000000000001,67.593999999999994,86.084852909999995,0.212830952000000,0.188815732000000,0.297812014000000,0.615722354000000,77.058000000000007,-0.019457591000000,-0.060045505000000,77.077457589999995,0.364631836000000,0.408315823000000,1.465531051000000,1.516538719000000,-93.530170170000005,44.077923450000000,1,0
783,783,66.207999999999998,98.379999999999995,61.475000000000001,77.117441369999995,0.212909510000000,0.195469901000000,0.312007215000000,0.624872942000000,69.076999999999998,-0.025164666000000,-0.054475965000000,69.102164669999993,0.376552309000000,0.407926759000000,1.485923151000000,1.523080726000000,-93.531106170000001,44.077299449999998,1,0
784,784,75.947000000000003,112.069999999999993,68.507999999999996,87.599424979999995,0.216185787000000,0.192126244000000,0.302261754000000,0.611296511000000,79.685000000000002,-0.022392359000000,-0.062991131000000,79.707392360000000,0.370573689000000,0.414166966000000,1.475634324000000,1.527168427000000,-93.530170170000005,44.077884449999999,1,0
785,785,73.174999999999997,109.030000000000001,64.566000000000003,84.480549800000006,0.225741355000000,0.196783842000000,0.304788378000000,0.592185637000000,80.319000000000003,-0.026684659000000,-0.075525892000000,80.345684660000003,0.378895385000000,0.431185634000000,1.489989751000000,1.553405283000000,-93.530170170000005,44.077845449999998,3,0
786,786,74.058000000000007,111.150000000000006,67.033000000000001,86.279261610000006,0.223475540000000,0.200272126000000,0.313873493000000,0.603085920000000,81.209000000000003,-0.029609778000000,-0.068600267000000,81.238609780000004,0.385098371000000,0.426707137000000,1.500850685000000,1.551496622000000,-93.530170170000005,44.077806449999997,3,0
787,787,71.486000000000004,107.980000000000004,65.569000000000003,83.803783440000004,0.223517414000000,0.203347709000000,0.320412302000000,0.607232821000000,78.905000000000001,-0.032238660000000,-0.066045259000000,78.937238660000006,0.390546219000000,0.426527065000000,1.510505554000000,1.554595112000000,-93.530170170000005,44.077767450000003,3,0
788,788,73.795000000000002,108.769999999999996,67.703000000000003,85.362581840000004,0.211793738000000,0.191575603000000,0.304495830000000,0.622441850000000,76.042000000000002,-0.021804625000000,-0.055883293000000,76.063804630000007,0.369586919000000,0.406177415000000,1.473948099000000,1.516850316000000,-93.530170170000005,44.077728450000002,1,0
789,789,71.162000000000006,106.450000000000003,65.930000000000007,83.151263060000005,0.216599237000000,0.198680269000000,0.315968554000000,0.619351808000000,75.808000000000007,-0.028016523000000,-0.058092649000000,75.836016520000001,0.382270837000000,0.414389445000000,1.495882634000000,1.534410242000000,-93.530170170000005,44.077689450000001,3,0
790,790,69.887000000000000,105.280000000000001,64.058999999999997,81.795734710000005,0.222387999000000,0.202052898000000,0.318545919000000,0.608463146000000,76.614000000000004,-0.031092774000000,-0.065199435000000,76.645092770000005,0.388255135000000,0.424592561000000,1.506431811000000,1.550751776000000,-93.530170170000005,44.077650450000000,3,0
791,791,70.957999999999998,107.640000000000001,64.167000000000002,83.144074259999996,0.228749590000000,0.205388638000000,0.320559988000000,0.596125975000000,80.155000000000001,-0.034184499000000,-0.073347476000000,80.189184499999996,0.394150248000000,0.435775201000000,1.516953691000000,1.568631638000000,-93.530170170000005,44.077611449999999,3,0
792,792,73.501000000000005,109.069999999999993,65.962000000000003,84.950274370000002,0.220012136000000,0.194822836000000,0.305027914000000,0.604767580000000,78.677000000000007,-0.024820044000000,-0.067287644000000,78.701820040000001,0.375397122000000,0.420912897000000,1.483925389000000,1.538377348000000,-93.530170170000005,44.077572449999998,3,0
793,793,72.081000000000003,107.340000000000003,64.867000000000004,83.517011940000003,0.221063169000000,0.196515458000000,0.307793704000000,0.604313397000000,77.731999999999999,-0.026307473000000,-0.067650478000000,77.758307470000005,0.378417082000000,0.422668598000000,1.489158031000000,1.542379291000000,-93.530170170000005,44.077533449999997,3,0
794,794,64.846999999999994,96.765000000000001,59.896000000000001,75.622151630000005,0.216125779000000,0.197497711000000,0.313795273000000,0.618984137000000,68.787000000000006,-0.026993156000000,-0.058285028000000,68.813993159999995,0.380166881000000,0.413615573000000,1.492204728000000,1.532195811000000,-93.531106170000001,44.077260449999997,3,0
795,795,72.817999999999998,108.329999999999998,65.775000000000006,84.388389110000006,0.219750431000000,0.196038598000000,0.307801652000000,0.607172528000000,78.066999999999993,-0.025857454000000,-0.065789740000000,78.092857449999997,0.377566874000000,0.420319997000000,1.487681617000000,1.538938391000000,-93.530170170000005,44.077494450000003,3,0
796,796,72.927999999999997,107.650000000000006,64.772000000000006,83.869795249999996,0.219830028000000,0.192282559000000,0.299829024000000,0.601690664000000,77.599999999999994,-0.022624007000000,-0.069163236000000,77.622624009999996,0.370853700000000,0.420839850000000,1.476113427000000,1.535576865000000,-93.530170170000005,44.077455450000002,3,0
797,797,70.423000000000002,105.769999999999996,62.780000000000001,81.829131380000007,0.227233040000000,0.200615234000000,0.311666211000000,0.593552047000000,78.337000000000003,-0.030036029000000,-0.074811799000000,78.367036029999994,0.385707118000000,0.433491952000000,1.501924087000000,1.560495144000000,-93.530170170000005,44.077416450000001,3,0
798,798,68.808999999999997,104.359999999999999,61.070999999999998,80.323004429999997,0.232841110000000,0.205296560000000,0.317142143000000,0.585195477000000,78.840000000000003,-0.034269980000000,-0.080518272000000,78.874269979999994,0.393987842000000,0.443163520000000,1.516662065000000,1.578125821000000,-93.530170170000005,44.077377450000000,3,0
799,799,68.939999999999998,104.200000000000003,61.692000000000000,80.449293479999994,0.229382477000000,0.203650225000000,0.316380734000000,0.592053743000000,77.768000000000001,-0.032721265000000,-0.075931730000000,77.800721260000003,0.391080987000000,0.437080971000000,1.511459240000000,1.568415656000000,-93.530170170000005,44.077338449999999,3,0
800,800,63.904000000000003,97.462999999999994,56.673000000000002,74.821089970000003,0.235652276000000,0.207966933000000,0.320543680000000,0.581482204000000,74.349000000000004,-0.036678591000000,-0.083107687000000,74.385678589999998,0.398690407000000,0.447950141000000,1.525147096000000,1.587370463000000,-93.530170170000005,44.077299449999998,3,0
801,801,65.575000000000003,99.347999999999999,58.716000000000001,76.632617909999993,0.230365309000000,0.204780413000000,0.317992223000000,0.591013407000000,74.405000000000001,-0.033728464000000,-0.076666413000000,74.438728459999993,0.393077129000000,0.438744899000000,1.515028593000000,1.571805417000000,-93.530170170000005,44.077260449999997,3,0
802,802,65.808999999999997,99.475999999999999,59.851999999999997,77.046654610000004,0.225779621000000,0.203690595000000,0.319321275000000,0.601672765000000,73.290999999999997,-0.032617473000000,-0.069660695000000,73.323617470000002,0.391152335000000,0.430573657000000,1.511586561000000,1.560108590000000,-93.530170170000005,44.077221450000003,3,0
803,803,64.084000000000003,99.347999999999999,58.530999999999999,76.163556729999996,0.236783054000000,0.215771697000000,0.336164574000000,0.589151266000000,76.081000000000003,-0.043387411000000,-0.078412168000000,76.124387409999997,0.412345643000000,0.449244393000000,1.550277760000000,1.597782346000000,-93.530170170000005,44.077182450000002,3,0
804,804,62.533999999999999,96.194999999999993,58.128999999999998,74.258467130000000,0.229120948000000,0.212065848000000,0.334602386000000,0.604282967000000,71.727000000000004,-0.039875863000000,-0.068313827000000,71.766875859999999,0.405878557000000,0.435925962000000,1.538283174000000,1.576159514000000,-93.530170170000005,44.077143450000001,3,0
805,805,64.460999999999999,96.647999999999996,60.237000000000002,75.552526090000001,0.215721051000000,0.199783997000000,0.319087557000000,0.623261733000000,68.597999999999999,-0.028925754000000,-0.055642298000000,68.626925749999998,0.384231899000000,0.412733838000000,1.499325173000000,1.533547584000000,-93.531106170000001,44.077221450000003,3,0
806,806,61.865000000000002,93.908000000000001,56.500999999999998,72.659832300000005,0.226825875000000,0.205703171000000,0.322779837000000,0.601663330000000,69.450000000000003,-0.034375383000000,-0.069752301000000,69.484375380000003,0.394704880000000,0.432289640000000,1.517950376000000,1.564494613000000,-93.530170170000005,44.077104450000000,3,0
807,807,57.207000000000001,90.233999999999995,52.828000000000003,68.812821450000001,0.242451885000000,0.224001465000000,0.349074651000000,0.585455593000000,70.433000000000007,-0.050652872000000,-0.081264699000000,70.483652870000000,0.426597685000000,0.458608291000000,1.577324453000000,1.619712160000000,-93.530170170000005,44.077065449999999,2,0
808,808,58.514000000000003,90.724000000000004,53.475999999999999,69.556727319999993,0.236704176000000,0.215829748000000,0.336354713000000,0.589436092000000,69.457999999999998,-0.043432619000000,-0.078226467000000,69.501432620000003,0.412446706000000,0.449100086000000,1.550466555000000,1.597654964000000,-93.530170170000005,44.077026449999998,2,0
809,809,57.755000000000003,88.873000000000005,52.383000000000003,68.259379920000001,0.234844590000000,0.212224132000000,0.330181973000000,0.589414108000000,67.608000000000004,-0.040279181000000,-0.078070056000000,67.648279180000003,0.406155397000000,0.446093328000000,1.538793178000000,1.589641503000000,-93.530170170000005,44.076987449999997,2,0
810,810,57.823999999999998,88.959999999999994,51.640000000000001,68.127787220000002,0.238203936000000,0.212121212000000,0.327251324000000,0.580485612000000,68.456000000000003,-0.040349958000000,-0.083981776000000,68.496349960000003,0.405975395000000,0.452099962000000,1.538461538000000,1.597512390000000,-93.530170170000005,44.076948450000003,2,0
811,811,62.051000000000002,93.698999999999998,56.781999999999996,72.695769540000001,0.223899605000000,0.203197432000000,0.319780131000000,0.606004333000000,68.564999999999998,-0.032125045000000,-0.066833230000000,68.597125039999995,0.390280496000000,0.427226930000000,1.510032070000000,1.555318573000000,-93.530170170000005,44.076909450000002,3,0
812,812,78.777000000000001,116.530000000000001,69.596999999999994,90.606841239999994,0.222020061000000,0.193300803000000,0.300318193000000,0.597245345000000,84.686000000000007,-0.023564008000000,-0.072079697000000,84.709564009999994,0.372676475000000,0.424753300000000,1.479238864000000,1.541546673000000,-93.530131170000004,44.078001450000002,3,0
813,813,84.706000000000003,118.659999999999997,74.534999999999997,94.535298979999993,0.196890264000000,0.166960062000000,0.263554579000000,0.628139221000000,78.078999999999994,-0.000257646000000,-0.051496756000000,78.079257650000002,0.324864316000000,0.380833888000000,1.400845277000000,1.461805612000000,-93.530131170000004,44.077962450000001,1,0
814,814,65.084999999999994,96.834000000000003,60.027999999999999,75.754519259999995,0.215053595000000,0.196079521000000,0.311597688000000,0.619906231000000,68.555000000000007,-0.025749391000000,-0.057647997000000,68.580749389999994,0.377639855000000,0.411773998000000,1.487808251000000,1.528425468000000,-93.531106170000001,44.077182450000002,3,0
815,815,81.552000000000007,114.930000000000007,73.349000000000004,91.723696329999996,0.194819641000000,0.169878157000000,0.271072742000000,0.638205864000000,74.959000000000003,-0.002806201000000,-0.045366915000000,74.961806199999998,0.330226445000000,0.376597068000000,1.409284873000000,1.459924006000000,-93.530131170000004,44.077923450000000,1,0
816,816,78.188999999999993,113.069999999999993,70.299000000000007,89.144627850000006,0.207277619000000,0.182375731000000,0.288368056000000,0.621729902000000,77.652000000000001,-0.013784323000000,-0.056015874000000,77.665784320000000,0.353010029000000,0.398667666000000,1.446111346000000,1.498253054000000,-93.530131170000004,44.077884449999999,1,0
817,817,76.914000000000001,113.280000000000001,68.585999999999999,88.415988740000003,0.217868086000000,0.191204770000000,0.299042826000000,0.605455508000000,81.060000000000002,-0.021641549000000,-0.066696035000000,81.081641550000001,0.368922022000000,0.417346435000000,1.472813792000000,1.530104973000000,-93.530131170000004,44.077845449999998,3,0
818,818,78.703000000000003,116.159999999999997,72.454999999999998,91.172062299999993,0.211647083000000,0.192222228000000,0.306001242000000,0.623751722000000,81.162000000000006,-0.022354649000000,-0.055076725000000,81.184354650000003,0.370745633000000,0.405860266000000,1.475928491000000,1.517146958000000,-93.530131170000004,44.077806449999997,1,0
819,819,77.631000000000000,115.739999999999995,71.912000000000006,90.542173419999997,0.215044761000000,0.197077121000000,0.313760199000000,0.621323656000000,81.936999999999998,-0.026600272000000,-0.056781626000000,81.963600270000001,0.379417883000000,0.411687419000000,1.490899254000000,1.529379122000000,-93.530131170000004,44.077767450000003,1,0
820,820,77.441999999999993,113.739999999999995,72.162999999999997,89.706093310000000,0.206518424000000,0.189860970000000,0.304976516000000,0.634455776000000,77.875000000000000,-0.020206193000000,-0.048270520000000,77.895206189999996,0.366510276000000,0.396666531000000,1.468712068000000,1.503651193000000,-93.530131170000004,44.077728450000002,1,0
821,821,74.307000000000002,109.959999999999994,68.411000000000001,86.202855270000001,0.212889989000000,0.193485540000000,0.307735465000000,0.622144416000000,77.201999999999998,-0.023469396000000,-0.056137060000000,77.225469399999994,0.373006948000000,0.408031522000000,1.479806748000000,1.521111203000000,-93.530131170000004,44.077689450000001,1,0
822,822,73.132999999999996,109.650000000000006,66.439999999999998,85.217040139999995,0.222159371000000,0.199783350000000,0.313873632000000,0.605927953000000,79.727000000000004,-0.029145785000000,-0.066743439000000,79.756145790000005,0.384230749000000,0.424365149000000,1.499323151000000,1.548017767000000,-93.530131170000004,44.077650450000000,3,0
823,823,69.799000000000007,105.420000000000002,61.719999999999999,81.229377279999994,0.231689542000000,0.203294163000000,0.313844175000000,0.585467653000000,79.320999999999998,-0.032503725000000,-0.080240062000000,79.353503720000006,0.390451543000000,0.441295541000000,1.510336824000000,1.573489194000000,-93.530131170000004,44.077611449999999,3,0
824,824,75.481999999999999,110.750000000000000,67.801000000000002,86.718068910000000,0.214420628000000,0.189376691000000,0.297793652000000,0.612198646000000,78.216999999999999,-0.019978507000000,-0.062309228000000,78.236978510000000,0.365640233000000,0.411187760000000,1.467237222000000,1.520619540000000,-93.530131170000004,44.077572449999998,1,0
825,825,65.549999999999997,98.022999999999996,60.264000000000003,76.457091939999998,0.218206674000000,0.198522984000000,0.314328858000000,0.614794487000000,70.231999999999999,-0.027935507000000,-0.060997065000000,70.259935510000005,0.381991170000000,0.417308139000000,1.495392830000000,1.537852571000000,-93.531106170000001,44.077143450000001,3,0
826,826,74.828999999999994,110.579999999999998,68.209999999999994,86.563887280000003,0.214500864000000,0.192822355000000,0.305045265000000,0.616838488000000,78.120999999999995,-0.022945442000000,-0.059482925000000,78.143945439999996,0.371820261000000,0.411022448000000,1.477769314000000,1.524054628000000,-93.530131170000004,44.077533449999997,1,0
827,827,76.293999999999997,112.439999999999998,68.433000000000007,87.838115349999995,0.216860070000000,0.191518221000000,0.300463005000000,0.608617930000000,80.153000000000006,-0.021886167000000,-0.064680927000000,80.174886169999994,0.369484053000000,0.415462233000000,1.473772512000000,1.528115962000000,-93.530131170000004,44.077494450000003,1,0
828,828,76.271000000000001,111.719999999999999,67.700000000000003,87.334441170000005,0.216294558000000,0.188567538000000,0.294693701000000,0.605979234000000,79.468999999999994,-0.019322542000000,-0.066251843000000,79.488322539999999,0.364185472000000,0.414726611000000,1.464776914000000,1.524091895000000,-93.530131170000004,44.077455450000002,1,0
829,829,72.965000000000003,108.480000000000004,64.575999999999993,84.186026949999999,0.224030398000000,0.195734245000000,0.303887258000000,0.595280236000000,79.418999999999997,-0.025725446000000,-0.073463647000000,79.444725450000007,0.377023986000000,0.428170617000000,1.486740218000000,1.548454888000000,-93.530131170000004,44.077416450000001,3,0
830,830,70.388999999999996,104.459999999999994,61.875000000000000,81.024725739999994,0.224676421000000,0.194859565000000,0.301582665000000,0.592331993000000,76.656000000000006,-0.024988594000000,-0.075340903000000,76.680988589999998,0.375462716000000,0.429454485000000,1.484038699000000,1.549136752000000,-93.530131170000004,44.077377450000000,3,0
831,831,69.436000000000007,104.209999999999994,61.168999999999997,80.462680289999994,0.229525846000000,0.200257996000000,0.309165429000000,0.586978217000000,77.814999999999998,-0.029808999000000,-0.079098013000000,77.844808999999998,0.385073296000000,0.437702352000000,1.500806498000000,1.565515799000000,-93.530131170000004,44.077338449999999,3,0
832,832,63.491999999999997,96.305000000000007,56.542999999999999,74.168721930000004,0.232132291000000,0.205341777000000,0.317789141000000,0.587124241000000,72.575000000000003,-0.034280300000000,-0.079249330000000,72.609280299999995,0.394067598000000,0.441878410000000,1.516805267000000,1.576496829000000,-93.530131170000004,44.077299449999998,3,0
833,833,64.061000000000007,96.555999999999997,56.756999999999998,74.494361990000002,0.230287007000000,0.202313578000000,0.312873098000000,0.587814325000000,72.293999999999997,-0.031607276000000,-0.078648780000000,72.325607280000000,0.388716678000000,0.438858210000000,1.507250901000000,1.569252352000000,-93.530131170000004,44.077260449999997,3,0
834,834,64.369000000000000,96.326999999999998,56.601999999999997,74.444712129999999,0.228562774000000,0.198872405000000,0.307010971000000,0.587602645000000,71.683000000000007,-0.028580107000000,-0.078621064000000,71.711580110000000,0.382612400000000,0.436104608000000,1.496481225000000,1.561951889000000,-93.530131170000004,44.077221450000003,3,0
835,835,63.930000000000000,96.972999999999999,56.902000000000001,74.674058930000001,0.232271633000000,0.205359751000000,0.317718099000000,0.586781888000000,73.114000000000004,-0.034301325000000,-0.079475678000000,73.148301320000002,0.394099299000000,0.442128169000000,1.516862193000000,1.576842532000000,-93.530131170000004,44.077182450000002,3,0
836,836,65.391000000000005,97.138999999999996,60.216999999999999,76.022047880000002,0.214670226000000,0.195336246000000,0.310302699000000,0.619905496000000,68.670000000000002,-0.025102919000000,-0.057622325000000,68.695102919999997,0.376313769000000,0.411132456000000,1.485510238000000,1.526851046000000,-93.531106170000001,44.077104450000000,3,0
837,837,61.347999999999999,93.936999999999998,56.365000000000002,72.490804699999998,0.229594191000000,0.209865731000000,0.329448039000000,0.600029807000000,70.161000000000001,-0.038033546000000,-0.070994567000000,70.199033549999996,0.402024831000000,0.436920899000000,1.531215362000000,1.575025706000000,-93.530131170000004,44.077143450000001,3,0
838,838,61.713000000000001,93.725999999999999,56.506000000000000,72.539610969999998,0.226495153000000,0.205952174000000,0.323582627000000,0.602885005000000,69.233000000000004,-0.034574064000000,-0.068968836000000,69.267574060000001,0.395143811000000,0.431676181000000,1.518739974000000,1.563980598000000,-93.530131170000004,44.077104450000000,3,0
839,839,58.259999999999998,90.200000000000003,53.546999999999997,69.276135400000001,0.234741125000000,0.215142126000000,0.336518707000000,0.593647450000000,68.593000000000004,-0.042750994000000,-0.075414218000000,68.635750990000005,0.411249120000000,0.445676149000000,1.548232063000000,1.592339338000000,-93.530131170000004,44.077065449999999,2,0
840,840,58.671999999999997,90.155000000000001,53.743000000000002,69.422949270000004,0.231941242000000,0.211540917000000,0.331107232000000,0.596117797000000,67.894999999999996,-0.039562620000000,-0.073627882000000,67.934562619999994,0.404960049000000,0.440976504000000,1.536593264000000,1.582155691000000,-93.530131170000004,44.077026449999998,2,0
841,841,57.084000000000003,87.134000000000000,51.917000000000002,67.196954050000002,0.230406433000000,0.208365114000000,0.325565270000000,0.595829412000000,65.266999999999996,-0.036793025000000,-0.073674765000000,65.303793029999994,0.399390291000000,0.438491827000000,1.526417210000000,1.575413110000000,-93.530131170000004,44.076987449999997,2,0
842,842,57.619000000000000,87.938000000000002,51.597000000000001,67.614819420000003,0.233819258000000,0.208296406000000,0.322679864000000,0.586742933000000,66.659999999999997,-0.036881828000000,-0.079644339000000,66.696881829999995,0.399269548000000,0.444619643000000,1.526197956000000,1.583344103000000,-93.530131170000004,44.076948450000003,2,0
843,843,77.837999999999994,113.219999999999999,67.984999999999999,88.505146499999995,0.216559261000000,0.185189838000000,0.287487914000000,0.600468115000000,80.617000000000004,-0.016394189000000,-0.069644808000000,80.633394190000004,0.358098585000000,0.415610652000000,1.454559470000000,1.521614873000000,-93.530092170000003,44.078001450000002,1,0
844,844,66.436999999999998,98.703000000000003,61.026000000000003,77.201748370000004,0.215296012000000,0.195385733000000,0.309910291000000,0.618279080000000,69.942999999999998,-0.025163818000000,-0.058658684000000,69.968163820000001,0.376402096000000,0.412266095000000,1.485663109000000,1.528292250000000,-93.531106170000001,44.077065449999999,3,0
845,845,80.444999999999993,115.920000000000002,70.873999999999995,91.162799980000003,0.210150355000000,0.180658468000000,0.282689595000000,0.611404417000000,80.521000000000001,-0.012337271000000,-0.062477408000000,80.533337270000004,0.349897173000000,0.404202191000000,1.440984524000000,1.503067034000000,-93.530092170000003,44.077962450000001,1,0
846,846,80.905000000000001,115.379999999999995,73.143000000000001,91.666173099999995,0.199351365000000,0.175637466000000,0.279961345000000,0.633931357000000,76.712000000000003,-0.007842540000000,-0.048175394000000,76.719842540000002,0.340762901000000,0.384547125000000,1.426117051000000,1.474828209000000,-93.530092170000003,44.077923450000000,1,0
847,847,76.805999999999997,112.099999999999994,69.295000000000002,88.066960620000003,0.210906803000000,0.186833663000000,0.295073196000000,0.618153434000000,78.099000000000004,-0.017705586000000,-0.058431222000000,78.116705589999995,0.361063740000000,0.404956515000000,1.459521392000000,1.510404659000000,-93.530092170000003,44.077884449999999,1,0
848,848,74.771000000000001,110.370000000000005,68.356999999999999,86.496471589999999,0.213297130000000,0.192280478000000,0.304827716000000,0.619344025000000,77.611999999999995,-0.022448303000000,-0.057871068000000,77.634448300000003,0.370849972000000,0.408868064000000,1.476107047000000,1.520856605000000,-93.530092170000003,44.077845449999998,1,0
849,849,77.655000000000001,115.400000000000006,75.364999999999995,91.336999169999999,0.202647074000000,0.195514232000000,0.320715439000000,0.653076256000000,77.780000000000001,-0.024897549000000,-0.036841517000000,77.804897550000007,0.376631420000000,0.389401949000000,1.486060138000000,1.500946774000000,-93.530092170000003,44.077806449999997,1,0
850,850,75.635000000000005,113.579999999999998,75.144999999999996,89.940425930000004,0.202095571000000,0.200539069000000,0.332646620000000,0.661604156000000,76.379999999999995,-0.029092904000000,-0.031687850000000,76.409092900000005,0.385572006000000,0.388335183000000,1.501685728000000,1.504939425000000,-93.530092170000003,44.077767450000003,1,0
851,851,73.254000000000005,109.870000000000005,69.941000000000003,86.273419809999993,0.210905534000000,0.199951945000000,0.323511481000000,0.636579594000000,76.545000000000002,-0.028903246000000,-0.047231344000000,76.573903250000001,0.384530078000000,0.404071499000000,1.499849838000000,1.523143832000000,-93.530092170000003,44.077728450000002,1,0
852,852,74.644999999999996,110.400000000000006,69.106999999999999,86.671436040000003,0.211349821000000,0.193223270000000,0.308397592000000,0.625969203000000,77.048000000000002,-0.023202650000000,-0.053708804000000,77.071202650000004,0.372537756000000,0.405246383000000,1.479000603000000,1.517458254000000,-93.530092170000003,44.077689450000001,1,0
853,853,73.296999999999997,109.430000000000007,65.837000000000003,85.013500260000001,0.222702056000000,0.197743081000000,0.309119685000000,0.601635749000000,79.725999999999999,-0.027414268000000,-0.069431615000000,79.753414269999993,0.380603673000000,0.425537126000000,1.492966970000000,1.547295930000000,-93.530092170000003,44.077650450000000,3,0
854,854,69.072999999999993,103.980000000000004,60.350000000000001,80.052154310000006,0.232782920000000,0.201712770000000,0.309725562000000,0.580400077000000,78.537000000000006,-0.031181262000000,-0.083503640000000,78.568181260000003,0.387652711000000,0.443465238000000,1.505363890000000,1.574583268000000,-93.530092170000003,44.077611449999999,3,0
855,855,69.799999999999997,104.780000000000001,64.355999999999995,81.634517079999995,0.219378789000000,0.200366594000000,0.317353752000000,0.614201183000000,75.403999999999996,-0.029547661000000,-0.061445743000000,75.433547660000002,0.385266002000000,0.419290460000000,1.501146132000000,1.542292249000000,-93.531106170000001,44.077026449999998,3,0
856,856,73.060000000000002,108.379999999999995,65.555999999999997,84.422700610000007,0.219891045000000,0.194664903000000,0.304787546000000,0.604871748000000,78.144000000000005,-0.024680562000000,-0.067214044000000,78.168680559999999,0.375115038000000,0.420706942000000,1.483438270000000,1.537952291000000,-93.530092170000003,44.077572449999998,3,0
857,857,73.385000000000005,109.689999999999998,66.088999999999999,85.215433360000006,0.222669944000000,0.198306705000000,0.310336280000000,0.602507065000000,79.906000000000006,-0.027897289000000,-0.068891975000000,79.933897290000004,0.381606524000000,0.425424951000000,1.494719629000000,1.547761185000000,-93.530092170000003,44.077533449999997,3,0
858,858,71.525000000000006,107.209999999999994,63.950000000000003,83.065059289999994,0.225624830000000,0.199653118000000,0.310885569000000,0.596492864000000,78.944999999999993,-0.029153017000000,-0.072851639000000,78.974153020000003,0.383999491000000,0.430666976000000,1.498916463000000,1.555847392000000,-93.530092170000003,44.077494450000003,3,0
859,859,73.052000000000007,107.640000000000001,65.816999999999993,84.172128790000002,0.215759468000000,0.191419653000000,0.301092492000000,0.611454849000000,76.411000000000001,-0.021772836000000,-0.062862614000000,76.432772839999998,0.369307338000000,0.413451693000000,1.473470952000000,1.525543128000000,-93.530092170000003,44.077455450000002,1,0
860,860,69.441999999999993,103.659999999999997,61.122999999999998,80.215559780000007,0.227163088000000,0.197675359000000,0.305575152000000,0.589648852000000,76.754999999999995,-0.027500053000000,-0.077224037000000,76.782500049999996,0.380483131000000,0.433684860000000,1.492756545000000,1.557553708000000,-93.530092170000003,44.077416450000001,3,0
861,861,69.584000000000003,102.829999999999998,61.713000000000001,80.050892820000001,0.220689880000000,0.192826569000000,0.300322490000000,0.600145872000000,74.363000000000000,-0.023117368000000,-0.070183277000000,74.386117369999994,0.371827804000000,0.422361278000000,1.477782249000000,1.538050676000000,-93.530092170000003,44.077377450000000,3,0
862,862,68.076999999999998,102.030000000000001,60.313000000000002,78.913997060000000,0.227613175000000,0.199597900000000,0.309242764000000,0.591130060000000,75.670000000000002,-0.029173683000000,-0.076346671000000,75.699173680000001,0.383901428000000,0.434291232000000,1.498744069000000,1.560413769000000,-93.530092170000003,44.077338449999999,3,0
863,863,62.826000000000001,95.367999999999995,55.435000000000002,73.292111730000002,0.234549203000000,0.205709445000000,0.316682724000000,0.581274641000000,72.474999999999994,-0.034693792000000,-0.083130099000000,72.509693790000000,0.394715943000000,0.446205977000000,1.517970267000000,1.582572443000000,-93.530092170000003,44.077299449999998,3,0
864,864,64.039000000000001,96.960999999999999,56.671999999999997,74.641687700000006,0.232686972000000,0.204484472000000,0.315562457000000,0.584482421000000,73.210999999999999,-0.033566099000000,-0.080948399000000,73.244566100000000,0.392554701000000,0.442972197000000,1.514092975000000,1.576982424000000,-93.530092170000003,44.077260449999997,3,0
865,865,64.447999999999993,98.000000000000000,57.131999999999998,75.325095700000006,0.234334656000000,0.206539939000000,0.318584071000000,0.582979592000000,74.420000000000002,-0.035398488000000,-0.082043902000000,74.455398489999993,0.396179363000000,0.445727656000000,1.520605760000000,1.582860082000000,-93.530092170000003,44.077221450000003,3,0
866,866,71.007000000000005,104.640000000000001,65.394999999999996,82.194950520000006,0.210823821000000,0.191480640000000,0.305055691000000,0.624952217000000,72.878000000000000,-0.021698293000000,-0.054293443000000,72.899698290000003,0.369416679000000,0.404413118000000,1.473657527000000,1.514619421000000,-93.531106170000001,44.076987449999997,1,0
867,867,66.745999999999995,100.819999999999993,59.509999999999998,77.805614660000003,0.229902164000000,0.203346741000000,0.315336492000000,0.590259869000000,75.384000000000000,-0.032480755000000,-0.077093132000000,75.416480759999999,0.390544507000000,0.438051750000000,1.510502502000000,1.569338401000000,-93.530092170000003,44.077182450000002,3,0
868,868,66.150000000000006,99.861000000000004,59.341999999999999,77.178396770000006,0.228249706000000,0.203064857000000,0.316033712000000,0.594246002000000,74.230000000000004,-0.032176186000000,-0.074470719000000,74.262176190000005,0.390046035000000,0.435089924000000,1.509614512000000,1.565211017000000,-93.530092170000003,44.077143450000001,3,0
869,869,66.119000000000000,100.870000000000005,59.664000000000001,77.687991260000004,0.231913484000000,0.208103528000000,0.323792220000000,0.591494002000000,75.956999999999994,-0.036634856000000,-0.076506378000000,75.993634860000000,0.398930539000000,0.441216266000000,1.525582662000000,1.578672982000000,-93.530092170000003,44.077104450000000,3,0
870,870,61.655999999999999,95.016000000000005,55.155999999999999,72.736251690000003,0.238622883000000,0.212928922000000,0.328618149000000,0.580491707000000,73.219999999999999,-0.041059728000000,-0.084019110000000,73.261059729999999,0.407387417000000,0.452768548000000,1.541066563000000,1.599310534000000,-93.530092170000003,44.077065449999999,3,0
871,871,63.219000000000001,95.900000000000006,57.040999999999997,74.043067739999998,0.229250785000000,0.205387163000000,0.320157135000000,0.594796663000000,71.540000000000006,-0.034203368000000,-0.074216321000000,71.574203370000006,0.394147646000000,0.436677751000000,1.516949018000000,1.569794955000000,-93.530092170000003,44.077026449999998,3,0
872,872,63.115000000000002,95.233999999999995,56.557000000000002,73.601884549999994,0.228271103000000,0.202836772000000,0.315535602000000,0.593874037000000,70.796000000000006,-0.031981424000000,-0.074703359000000,70.827981420000000,0.389642574000000,0.435150876000000,1.508896459000000,1.565040682000000,-93.530092170000003,44.076987449999997,3,0
873,873,61.898000000000003,93.670000000000002,55.606999999999999,72.336182170000001,0.229083633000000,0.204232233000000,0.317843959000000,0.593647913000000,69.834999999999994,-0.033208476000000,-0.074915118000000,69.868208480000007,0.392109272000000,0.436484388000000,1.513296068000000,1.568281809000000,-93.530092170000003,44.076948450000003,3,0
874,874,66.414000000000001,99.370999999999995,60.969000000000001,77.465334179999999,0.218808739000000,0.198793618000000,0.314427187000000,0.613549225000000,71.358999999999995,-0.028186493000000,-0.061804422000000,71.387186490000005,0.382472349000000,0.418377477000000,1.496235733000000,1.539469755000000,-93.531106170000001,44.076948450000003,3,0
875,875,74.504000000000005,108.469999999999999,66.206999999999994,85.048914879999998,0.213137947000000,0.185632931000000,0.290886980000000,0.610371531000000,76.228999999999999,-0.016712350000000,-0.063328263000000,76.245712350000005,0.358898374000000,0.409203482000000,1.455894986000000,1.514275347000000,-93.530053170000002,44.078001450000002,1,0
876,876,79.683999999999997,114.390000000000001,70.778999999999996,90.266787539999996,0.206508756000000,0.178828694000000,0.281487489000000,0.618751639000000,78.316999999999993,-0.010694234000000,-0.057765628000000,78.327694230000006,0.346574054000000,0.397602561000000,1.435545404000000,1.493328473000000,-93.530053170000002,44.077962450000001,1,0
877,877,82.299000000000007,117.340000000000003,72.944999999999993,92.848934700000001,0.203721751000000,0.175521817000000,0.276579791000000,0.621655020000000,79.436000000000007,-0.007782555000000,-0.055824993000000,79.443782560000002,0.340551941000000,0.392746531000000,1.425776741000000,1.484227256000000,-93.530053170000002,44.077923450000000,1,0
878,878,78.802999999999997,111.620000000000005,71.278999999999996,88.974964740000004,0.195964878000000,0.172337375000000,0.275439804000000,0.638586275000000,73.158000000000001,-0.004951433000000,-0.045201794000000,73.162951430000007,0.334733120000000,0.378513858000000,1.416443536000000,1.464575588000000,-93.530053170000002,44.077884449999999,1,0
879,879,74.670000000000002,110.540000000000006,71.581000000000003,87.404309699999999,0.203710005000000,0.193672048000000,0.315676456000000,0.647557445000000,74.828999999999994,-0.023373093000000,-0.040214026000000,74.852373090000000,0.373340518000000,0.391375585000000,1.480380340000000,1.501354752000000,-93.530053170000002,44.077845449999998,1,0
880,880,76.539000000000001,112.209999999999994,77.605999999999995,90.317945539999997,0.185635228000000,0.188986432000000,0.320946888000000,0.691613938000000,70.275000000000006,-0.018979933000000,-0.013371628000000,70.293979930000006,0.364938758000000,0.358923389000000,1.466049988000000,1.459306816000000,-93.530053170000002,44.077806449999997,1,0
881,881,73.775000000000006,111.079999999999998,76.012000000000000,88.617795749999999,0.194578798000000,0.201806822000000,0.342741380000000,0.684299604000000,72.373000000000005,-0.029881127000000,-0.017875776000000,72.402881129999997,0.387819316000000,0.375057070000000,1.505659099000000,1.490756334000000,-93.530053170000002,44.077767450000003,1,0
882,882,73.703000000000003,110.090000000000003,71.617999999999995,86.950327259999995,0.204812025000000,0.197978160000000,0.324377089000000,0.650540467000000,74.858999999999995,-0.027037990000000,-0.038466628000000,74.886037990000005,0.381022028000000,0.393219948000000,1.493697679000000,1.508040056000000,-93.530053170000002,44.077728450000002,1,0
883,883,74.558000000000007,110.069999999999993,69.177000000000007,86.525059170000006,0.209975953000000,0.192343523000000,0.307593698000000,0.628481875000000,76.405000000000001,-0.022414058000000,-0.052095900000000,76.427414060000004,0.370962892000000,0.402805788000000,1.476300330000000,1.513589296000000,-93.530053170000002,44.077689450000001,1,0
884,884,73.561000000000007,107.739999999999995,64.614000000000004,84.051764439999999,0.218588738000000,0.188520747000000,0.292911807000000,0.599721552000000,77.305000000000007,-0.019334323000000,-0.070269809000000,77.324334320000006,0.364101308000000,0.418974778000000,1.464634793000000,1.529270246000000,-93.530053170000002,44.077650450000000,3,0
885,885,67.231999999999999,100.459999999999994,62.527000000000001,78.574760900000001,0.215196611000000,0.198148987000000,0.315960633000000,0.622406928000000,71.161000000000001,-0.027518146000000,-0.056130033000000,71.188518149999993,0.381325965000000,0.411890408000000,1.494228939000000,1.530768276000000,-93.531106170000001,44.076909450000002,3,0
886,886,69.882999999999996,104.439999999999998,61.369999999999997,80.741612959999998,0.228225429000000,0.198235459000000,0.305941409000000,0.587610111000000,77.626999999999995,-0.028018651000000,-0.078585278000000,77.655018650000002,0.381479794000000,0.435562329000000,1.494497947000000,1.560564260000000,-93.530053170000002,44.077611449999999,3,0
887,887,75.843999999999994,110.810000000000002,67.795000000000002,86.847242249999994,0.213495082000000,0.187330569000000,0.294180500000000,0.611813013000000,77.980999999999995,-0.018189893000000,-0.062476174000000,77.999189889999997,0.361959004000000,0.409685724000000,1.461025262000000,1.516640581000000,-93.530053170000002,44.077572449999998,1,0
888,888,76.153999999999996,109.549999999999997,67.284000000000006,86.270448540000004,0.208700881000000,0.179834575000000,0.282013173000000,0.614185304000000,75.662000000000006,-0.011598969000000,-0.060684301000000,75.673598970000000,0.348401675000000,0.401588160000000,1.438532447000000,1.499093454000000,-93.530053170000002,44.077533449999997,1,0
889,889,74.676000000000002,108.709999999999994,66.507999999999996,85.279311949999993,0.212591048000000,0.185586686000000,0.291192526000000,0.611792843000000,76.236000000000004,-0.016661464000000,-0.062421667000000,76.252661459999999,0.358814919000000,0.408194893000000,1.455755531000000,1.513006287000000,-93.530053170000002,44.077494450000003,1,0
890,890,75.778000000000006,109.000000000000000,68.975999999999999,86.373209309999993,0.201916450000000,0.179794131000000,0.286886237000000,0.632807339000000,73.245999999999995,-0.011470952000000,-0.048998636000000,73.257470949999998,0.348328229000000,0.388951942000000,1.438412204000000,1.484173895000000,-93.530053170000002,44.077455450000002,1,0
891,891,75.075999999999993,109.939999999999998,67.689999999999998,86.226727249999996,0.212642632000000,0.188437757000000,0.297154936000000,0.615699472000000,77.114000000000004,-0.019127365000000,-0.060046061000000,77.133127369999997,0.363952018000000,0.408004681000000,1.464382759000000,1.515764804000000,-93.530053170000002,44.077416450000001,1,0
892,892,75.382000000000005,110.670000000000002,67.471999999999994,86.569366419999994,0.215506022000000,0.189667405000000,0.297588126000000,0.609668383000000,78.486000000000004,-0.020255282000000,-0.063935564000000,78.506255280000005,0.366162578000000,0.413157091000000,1.468122363000000,1.523330825000000,-93.530053170000002,44.077377450000000,1,0
893,893,76.918999999999997,112.760000000000005,67.718000000000004,87.971733499999999,0.218509984000000,0.188956078000000,0.293872631000000,0.600549840000000,80.882999999999996,-0.019710408000000,-0.069755281000000,80.902710409999997,0.364884186000000,0.418777982000000,1.465957696000000,1.529488315000000,-93.530053170000002,44.077338449999999,3,0
894,894,73.637000000000000,109.659999999999997,64.137000000000000,84.776722710000001,0.228360040000000,0.196528039000000,0.302307821000000,0.584871421000000,81.546000000000006,-0.026545261000000,-0.080296968000000,81.572545259999998,0.378439507000000,0.436015309000000,1.489197007000000,1.559293878000000,-93.530053170000002,44.077299449999998,3,0
895,895,72.359999999999999,108.719999999999999,63.024999999999999,83.722077189999993,0.232565720000000,0.200795229000000,0.307992038000000,0.579700147000000,82.055000000000007,-0.030380369000000,-0.083918805000000,82.085380369999996,0.386026367000000,0.443181665000000,1.502487562000000,1.573207923000000,-93.530053170000002,44.077260449999997,3,0
896,896,66.469999999999999,98.475999999999999,61.168999999999997,77.152295359999997,0.213539500000000,0.194039261000000,0.308411305000000,0.621156424000000,69.313000000000002,-0.023961259000000,-0.056782611000000,69.336961259999995,0.373997071000000,0.409172770000000,1.481510456000000,1.523084934000000,-93.531106170000001,44.076870450000001,1,0
897,897,72.942999999999998,107.930000000000007,65.040000000000006,84.063007619999993,0.220089136000000,0.193434067000000,0.302046912000000,0.602612805000000,77.876999999999995,-0.023625429000000,-0.068617763000000,77.900625430000005,0.372914876000000,0.421193867000000,1.479648493000000,1.537244630000000,-93.530053170000002,44.077221450000003,3,0
898,898,73.518000000000001,111.159999999999997,65.375000000000000,85.703622150000001,0.230963448000000,0.203825036000000,0.315515955000000,0.588116229000000,83.427000000000007,-0.032932218000000,-0.078523353000000,83.459932219999999,0.391389917000000,0.439923149000000,1.512010664000000,1.572287111000000,-93.530053170000002,44.077182450000002,3,0
899,899,74.105000000000004,110.120000000000005,65.677000000000007,85.501332840000003,0.223480787000000,0.195494640000000,0.303800992000000,0.596413004000000,80.457999999999998,-0.025501997000000,-0.072717305000000,80.483502000000001,0.376596458000000,0.427190362000000,1.485999595000000,1.546960702000000,-93.530053170000002,44.077143450000001,3,0
900,900,73.225999999999999,109.709999999999994,64.941000000000003,84.883576460000000,0.227225822000000,0.199435868000000,0.309199542000000,0.591933279000000,81.253000000000000,-0.029020845000000,-0.075814214000000,81.282020849999995,0.383613633000000,0.433603178000000,1.498238331000000,1.559357290000000,-93.530053170000002,44.077104450000000,3,0
901,901,72.988000000000000,109.849999999999994,64.733999999999995,84.822877020000007,0.229359133000000,0.201610169000000,0.312114746000000,0.589294492000000,81.977999999999994,-0.030967961000000,-0.077643675000000,82.008967960000007,0.387470938000000,0.437249443000000,1.505041925000000,1.566405616000000,-93.530053170000002,44.077065449999999,3,0
902,902,73.177000000000007,109.540000000000006,64.433999999999997,84.667241369999999,0.228402174000000,0.199012681000000,0.307423721000000,0.588223480000000,81.468999999999994,-0.028695818000000,-0.078221007000000,81.497695820000004,0.382861722000000,0.435795255000000,1.496918431000000,1.561706982000000,-93.530053170000002,44.077026449999998,3,0
903,903,74.039000000000001,109.359999999999999,65.656999999999996,85.151286479999996,0.220481229000000,0.192591017000000,0.299986411000000,0.600374909000000,79.024000000000001,-0.022908101000000,-0.070025215000000,79.046908099999996,0.371406100000000,0.422003469000000,1.477059388000000,1.537353475000000,-93.530053170000002,44.076987449999997,3,0
904,904,73.796000000000006,109.500000000000000,65.195999999999998,85.022777399999995,0.223491028000000,0.194788757000000,0.302320068000000,0.595397260000000,80.007999999999996,-0.024892552000000,-0.073344816000000,80.032892550000000,0.375336258000000,0.427287185000000,1.483820261000000,1.546324547000000,-93.530053170000002,44.076948450000003,3,0
905,905,67.878000000000000,99.759000000000000,63.024999999999999,78.594808119999996,0.207659319000000,0.190178779000000,0.304754713000000,0.631772572000000,68.614999999999995,-0.020505328000000,-0.049960548000000,68.635505330000001,0.367080985000000,0.398727994000000,1.469680898000000,1.506437224000000,-93.531106170000001,44.076831450000000,1,0
906,906,80.810000000000002,111.640000000000001,72.426000000000002,89.887468859999998,0.186031935000000,0.160197454000000,0.256865294000000,0.648745969000000,70.043999999999997,0.005640375000000,-0.038673190000000,70.038359619999994,0.312378274000000,0.360922682000000,1.381512189000000,1.432833520000000,-93.530014170000001,44.078001450000002,1,0
907,907,80.164000000000001,113.829999999999998,71.533000000000001,90.370544400000000,0.200241461000000,0.173541450000000,0.274912013000000,0.628419573000000,75.962999999999994,-0.006027259000000,-0.051534496000000,75.969027260000004,0.336935535000000,0.386423950000000,1.419964074000000,1.474863560000000,-93.530014170000001,44.077962450000001,1,0
908,908,76.870999999999995,112.640000000000001,68.212000000000003,88.033700339999996,0.216536209000000,0.188743661000000,0.294882893000000,0.605575284000000,80.197000000000003,-0.019480605000000,-0.066517928000000,80.216480610000005,0.364502233000000,0.415153800000000,1.465312016000000,1.524801789000000,-93.530014170000001,44.077923450000000,1,0
909,909,78.171000000000006,111.219999999999999,70.358000000000004,88.375791939999999,0.199237672000000,0.174501428000000,0.277645695000000,0.632602050000000,73.911000000000001,-0.006855079000000,-0.048965732000000,73.917855079999995,0.338689508000000,0.384442826000000,1.422778268000000,1.473553946000000,-93.530014170000001,44.077884449999999,1,0
910,910,74.228999999999999,109.269999999999996,69.954999999999998,86.300983709999997,0.204993328000000,0.190960169000000,0.308611640000000,0.640203166000000,74.355999999999995,-0.021106000000000,-0.044714228000000,74.377105999999998,0.368483304000000,0.393824306000000,1.472066174000000,1.501425190000000,-93.530014170000001,44.077845449999998,1,0
911,911,74.995999999999995,111.069999999999993,74.417000000000002,88.503926100000001,0.195737889000000,0.193877441000000,0.323101864000000,0.670000900000000,72.727000000000004,-0.023324363000000,-0.026436274000000,72.750324359999993,0.373707782000000,0.377036930000000,1.481012321000000,1.484839562000000,-93.530014170000001,44.077806449999997,1,0
912,912,73.632000000000005,110.010000000000005,75.102999999999994,87.871747700000000,0.193312633000000,0.198091940000000,0.335160634000000,0.682692483000000,71.284999999999997,-0.026764575000000,-0.018805388000000,71.311764580000002,0.381224472000000,0.372739754000000,1.494051499000000,1.484242518000000,-93.530014170000001,44.077767450000003,1,0
913,913,72.855000000000004,108.439999999999998,70.421000000000006,85.685863999999995,0.204366997000000,0.196282302000000,0.320949907000000,0.649400590000000,73.603999999999999,-0.025596307000000,-0.039133786000000,73.629596309999997,0.378001441000000,0.392469365000000,1.488435934000000,1.505373566000000,-93.530014170000001,44.077728450000002,1,0
914,914,74.161000000000001,109.599999999999994,68.331999999999994,85.986968289999993,0.212077646000000,0.192853761000000,0.307019900000000,0.623467153000000,76.706999999999994,-0.022906626000000,-0.055278012000000,76.729906630000002,0.371876479000000,0.406598393000000,1.477865725000000,1.518705648000000,-93.530014170000001,44.077689450000001,1,0
915,915,80.811999999999998,113.870000000000005,73.284999999999997,91.045130689999993,0.192865018000000,0.169805118000000,0.272313154000000,0.643584790000000,73.643000000000001,-0.002736158000000,-0.042061149000000,73.645736159999998,0.330092424000000,0.372925364000000,1.409072910000000,1.455703411000000,-93.530014170000001,44.077650450000000,1,0
916,916,70.344999999999999,103.750000000000000,61.990000000000002,80.736694720000003,0.221180867000000,0.191877998000000,0.297979573000000,0.597493976000000,75.165000000000006,-0.022309761000000,-0.071855476000000,75.187309760000005,0.370128898000000,0.423370724000000,1.474873836000000,1.538297851000000,-93.530014170000001,44.077611449999999,3,0
917,917,76.170000000000002,110.590000000000003,69.180999999999997,87.212437489999999,0.206882910000000,0.184300707000000,0.292739350000000,0.625562890000000,75.828999999999994,-0.015441059000000,-0.053670963000000,75.844441059999994,0.356492521000000,0.397757979000000,1.451883944000000,1.499168138000000,-93.530014170000001,44.077572449999998,1,0
918,918,75.150999999999996,109.719999999999999,68.334000000000003,86.324362640000004,0.209285665000000,0.186989847000000,0.296635403000000,0.622803500000000,75.954999999999998,-0.017806125000000,-0.055498114000000,75.972806129999995,0.361345186000000,0.401954788000000,1.459993879000000,1.506965267000000,-93.530014170000001,44.077533449999997,1,0
919,919,73.274000000000001,108.079999999999998,65.447999999999993,84.328338810000005,0.218207742000000,0.191922979000000,0.300295067000000,0.605551443000000,77.438000000000002,-0.022270484000000,-0.066663965000000,77.460270480000005,0.370209503000000,0.417896569000000,1.475011600000000,1.531546750000000,-93.530014170000001,44.077494450000003,3,0
920,920,74.680999999999997,109.019999999999996,68.430000000000007,85.917163709999997,0.207472775000000,0.186928759000000,0.297897997000000,0.627682994000000,74.929000000000002,-0.017715394000000,-0.052425128000000,74.946715389999994,0.361235111000000,0.398624781000000,1.459809055000000,1.502927139000000,-93.530014170000001,44.077455450000002,1,0
921,921,75.566999999999993,110.790000000000006,68.888999999999996,87.044988200000006,0.210700587000000,0.189008194000000,0.299851875000000,0.621797996000000,77.123999999999995,-0.019574058000000,-0.056202252000000,77.143574060000006,0.364977882000000,0.404383563000000,1.466116162000000,1.511990587000000,-93.530014170000001,44.077416450000001,1,0
922,922,73.138000000000005,108.950000000000003,65.057000000000002,84.560989419999999,0.223830719000000,0.196674136000000,0.306004392000000,0.597127123000000,79.704999999999998,-0.026530175000000,-0.072306541000000,79.731530169999999,0.378699888000000,0.427703897000000,1.489649703000000,1.548876845000000,-93.530014170000001,44.077377450000000,3,0
923,923,75.724999999999994,111.890000000000001,66.885999999999996,87.039042429999995,0.221536555000000,0.192761773000000,0.299555202000000,0.597783537000000,81.168999999999997,-0.023084389000000,-0.071707380000000,81.192084390000005,0.371711812000000,0.423924957000000,1.477583361000000,1.539933770000000,-93.530014170000001,44.077338449999999,3,0
924,924,74.004000000000005,109.390000000000001,64.724999999999994,84.915820550000007,0.223913244000000,0.192950696000000,0.298190766000000,0.591690282000000,80.051000000000002,-0.023313007000000,-0.075669336000000,80.074313009999997,0.372049982000000,0.428278140000000,1.478163343000000,1.545601078000000,-93.530014170000001,44.077299449999998,3,0
925,925,72.152000000000001,108.219999999999999,63.131999999999998,83.472807799999998,0.230737738000000,0.199964518000000,0.307642443000000,0.583367215000000,81.156000000000006,-0.029597871000000,-0.081457389000000,81.185597869999995,0.384552397000000,0.439946775000000,1.499889123000000,1.568096425000000,-93.530014170000001,44.077260449999997,3,0
926,926,71.751000000000005,106.560000000000002,63.701000000000001,82.786989719999994,0.222817668000000,0.195215102000000,0.303716953000000,0.597794670000000,77.668000000000006,-0.025240897000000,-0.071808836000000,77.693240900000006,0.376097527000000,0.426006203000000,1.485136096000000,1.545169982000000,-93.530014170000001,44.077221450000003,3,0
927,927,73.838999999999999,111.209999999999994,66.114000000000004,86.005664580000001,0.227574902000000,0.201951915000000,0.314213646000000,0.594496898000000,82.466999999999999,-0.031196474000000,-0.074256160000000,82.498196469999996,0.388076303000000,0.433977313000000,1.506114655000000,1.562570045000000,-93.530014170000001,44.077182450000002,3,0
928,928,73.272000000000006,110.209999999999994,64.643000000000001,85.036751920000000,0.230245441000000,0.201316750000000,0.310823888000000,0.586543871000000,82.504999999999995,-0.030747406000000,-0.079434962000000,82.535747409999999,0.386950983000000,0.438892668000000,1.504121629000000,1.568208000000000,-93.530014170000001,44.077143450000001,3,0
929,929,72.061000000000007,108.340000000000003,64.634000000000000,83.880663799999994,0.226345950000000,0.201101989000000,0.313379460000000,0.596584826000000,79.984999999999999,-0.030422593000000,-0.072856531000000,80.015422590000000,0.386570299000000,0.431832983000000,1.503448467000000,1.558903446000000,-93.530014170000001,44.077104450000000,3,0
930,930,73.326999999999998,110.049999999999997,65.320999999999998,85.156100719999998,0.227045168000000,0.200259575000000,0.311064241000000,0.593557474000000,81.451999999999998,-0.029723601000000,-0.074791916000000,81.481723599999995,0.385076097000000,0.433187275000000,1.500811434000000,1.559719218000000,-93.530014170000001,44.077065449999999,3,0
931,931,75.069999999999993,111.900000000000006,66.081999999999994,86.648611500000001,0.226462658000000,0.196983473000000,0.304662167000000,0.590545130000000,82.647999999999996,-0.026879851000000,-0.076605599000000,82.674879849999996,0.379251062000000,0.432482979000000,1.490608765000000,1.555271768000000,-93.530014170000001,44.077026449999998,3,0
932,932,72.022000000000006,107.500000000000000,63.470999999999997,83.210548860000003,0.226843332000000,0.197624804000000,0.305710420000000,0.590427907000000,79.507000000000005,-0.027446058000000,-0.076712498000000,79.534446059999993,0.380393139000000,0.433105959000000,1.492599483000000,1.556759779000000,-93.530014170000001,44.076987449999997,3,0
933,933,73.073999999999998,107.680000000000007,64.007999999999996,83.729357539999995,0.222101793000000,0.191453578000000,0.296421291000000,0.594427935000000,78.278000000000006,-0.021965828000000,-0.073821917000000,78.299965830000005,0.369368161000000,0.425118793000000,1.473574732000000,1.540030059000000,-93.530014170000001,44.076948450000003,3,0
934,934,74.075999999999993,106.239999999999995,65.239999999999995,83.726636490000004,0.207972802000000,0.178375740000000,0.279502242000000,0.614081325000000,73.164000000000001,-0.010317809000000,-0.060694913000000,73.174317810000005,0.345750427000000,0.400394365000000,1.434202711000000,1.496166781000000,-93.529936169999999,44.077923450000000,1,0
935,935,70.251000000000005,100.829999999999998,61.777999999999999,79.411193969999999,0.208670349000000,0.178739895000000,0.279763593000000,0.612694635000000,69.631000000000000,-0.010644210000000,-0.061585766000000,69.641644209999995,0.346412617000000,0.401658587000000,1.435282060000000,1.498045045000000,-93.529936169999999,44.077884449999999,1,0
936,936,67.108000000000004,98.870000000000005,59.485999999999997,77.065653310000002,0.219360289000000,0.191362711000000,0.298257146000000,0.601658744000000,71.146000000000001,-0.021816343000000,-0.069144520000000,71.167816340000002,0.369205241000000,0.420075526000000,1.473296775000000,1.533648950000000,-93.529936169999999,44.077845449999998,3,0
937,937,70.325000000000003,103.180000000000007,64.465000000000003,81.132513520000003,0.209790415000000,0.189360537000000,0.301311445000000,0.624781934000000,71.569999999999993,-0.019855444000000,-0.054330378000000,71.589855439999994,0.365611202000000,0.402685567000000,1.467188055000000,1.510318140000000,-93.529936169999999,44.077806449999997,1,0
938,938,72.350999999999999,105.349999999999994,65.055999999999997,82.796080500000002,0.210547332000000,0.185699574000000,0.292946868000000,0.617522544000000,73.293000000000006,-0.016718776000000,-0.058789654000000,73.309718779999997,0.359018630000000,0.404401014000000,1.456095977000000,1.508552202000000,-93.529936169999999,44.077767450000003,1,0
